사고ID,연월,연도,월,자치구,주야,사고내용,사고유형,사고유형_대분류,사고유형_소분류,법규위반,노면상태,기상상태,도로형태,도로형태_대분류,도로형태_소분류,사망자수,중상자수,경상자수,부상신고자수,총부상자수,총사상자수,중상이상자수,PM_가해여부,PM_피해여부,PM_역할,가해운전자_차종,가해운전자_성별,가해운전자_연령대,가해운전자_상해정도,피해운전자_차종,피해운전자_성별,피해운전자_연령대,피해운전자_상해정도,원본파일
2019005881,2019-01,2019,1,강남구,야간,중상사고,차대차 - 기타,차대차,기타,안전운전불이행,건조,맑음,기타 - 기타,기타,기타,0,1,0,0,1,1,1,N,Y,피해,승용,남,51-60세,기타불명,개인형이동수단(PM),남,13-20세,중상,2019.xlsx
2019010928,2019-01,2019,1,강동구,주간,경상사고,차대차 - 충돌,차대차,충돌,신호위반,건조,맑음,교차로 - 교차로횡단보도내,교차로,교차로횡단보도내,0,0,1,0,1,1,0,N,Y,피해,승용,여,31-40세,상해없음,개인형이동수단(PM),남,41-50세,경상,2019.xlsx
2019011531,2019-01,2019,1,금천구,주간,부상신고사고,차대차 - 기타,차대차,기타,안전운전불이행,건조,맑음,교차로 - 교차로부근,교차로,교차로부근,0,0,0,1,1,1,0,Y,N,가해,개인형이동수단(PM),남,21-30세,부상신고,이륜,남,41-50세,상해없음,2019.xlsx
2019015369,2019-01,2019,1,도봉구,야간,중상사고,차대차 - 기타,차대차,기타,안전운전불이행,건조,맑음,단일로 - 기타,단일로,기타,0,1,0,0,1,1,1,N,Y,피해,승용,남,31-40세,상해없음,개인형이동수단(PM),여,51-60세,중상,2019.xlsx
2019002058,2019-01,2019,1,동대문구,주간,경상사고,차대사람 - 기타,차대사람,기타,안전운전불이행,건조,맑음,단일로 - 기타,단일로,기타,0,0,1,0,1,1,0,Y,N,가해,개인형이동수단(PM),남,21-30세,상해없음,보행자,남,65세 이상,경상,2019.xlsx
2019014917,2019-01,2019,1,마포구,주간,경상사고,차대차 - 충돌,차대차,충돌,안전운전불이행,건조,맑음,교차로 - 교차로안,교차로,교차로안,0,0,1,0,1,1,0,N,Y,피해,승용,남,51-60세,상해없음,개인형이동수단(PM),남,31-40세,경상,2019.xlsx
2019007950,2019-01,2019,1,영등포구,야간,경상사고,차대차 - 기타,차대차,기타,안전운전불이행,건조,맑음,교차로 - 교차로안,교차로,교차로안,0,0,1,0,1,1,0,N,Y,피해,화물,남,21-30세,상해없음,개인형이동수단(PM),여,41-50세,경상,2019.xlsx
2019012674,2019-01,2019,1,은평구,주간,중상사고,차대사람 - 횡단중,차대사람,횡단중,신호위반,건조,맑음,교차로 - 교차로안,교차로,교차로안,0,1,0,0,1,1,1,Y,N,가해,개인형이동수단(PM),남,41-50세,상해없음,보행자,여,65세 이상,중상,2019.xlsx
2019022210,2019-02,2019,2,강남구,야간,중상사고,차대차 - 기타,차대차,기타,중앙선침범,건조,맑음,단일로 - 기타,단일로,기타,0,2,0,0,2,2,2,Y,N,가해,개인형이동수단(PM),남,21-30세,중상,이륜,남,31-40세,중상,2019.xlsx
2019020826,2019-02,2019,2,강서구,야간,경상사고,차대차 - 충돌,차대차,충돌,안전운전불이행,건조,맑음,교차로 - 교차로부근,교차로,교차로부근,0,0,1,0,1,1,0,N,Y,피해,승용,남,51-60세,상해없음,개인형이동수단(PM),남,31-40세,경상,2019.xlsx
2019029535,2019-02,2019,2,구로구,야간,경상사고,차대차 - 기타,차대차,기타,중앙선침범,건조,맑음,교차로 - 교차로부근,교차로,교차로부근,0,0,1,0,1,1,0,N,Y,피해,승용,여,31-40세,상해없음,개인형이동수단(PM),남,51-60세,경상,2019.xlsx
2019017621,2019-02,2019,2,도봉구,주간,경상사고,차대사람 - 횡단중,차대사람,횡단중,안전운전불이행,기타,맑음,단일로 - 기타,단일로,기타,0,0,1,0,1,1,0,Y,N,가해,개인형이동수단(PM),남,21-30세,상해없음,보행자,여,12세 이하,경상,2019.xlsx
2019029734,2019-02,2019,2,마포구,주간,경상사고,차대차 - 충돌,차대차,충돌,신호위반,건조,맑음,기타 - 기타,기타,기타,0,0,1,0,1,1,0,N,Y,피해,승용,남,65세 이상,상해없음,개인형이동수단(PM),남,31-40세,경상,2019.xlsx
2019039502,2019-03,2019,3,강북구,주간,중상사고,차대차 - 충돌,차대차,충돌,신호위반,건조,맑음,단일로 - 기타,단일로,기타,0,1,0,0,1,1,1,N,Y,피해,이륜,남,51-60세,상해없음,개인형이동수단(PM),남,41-50세,중상,2019.xlsx
2019043084,2019-03,2019,3,구로구,주간,중상사고,차량단독 - 기타,차량단독,기타,안전운전불이행,건조,맑음,단일로 - 기타,단일로,기타,0,1,0,0,1,1,1,Y,N,가해,개인형이동수단(PM),남,51-60세,중상,,,,,2019.xlsx
2019038062,2019-03,2019,3,서초구,주간,중상사고,차대차 - 충돌,차대차,충돌,안전운전불이행,건조,맑음,단일로 - 기타,단일로,기타,0,1,1,0,2,2,1,Y,N,가해,개인형이동수단(PM),남,21-30세,경상,이륜,남,21-30세,중상,2019.xlsx
2019032110,2019-03,2019,3,영등포구,야간,경상사고,차대차 - 기타,차대차,기타,안전운전불이행,건조,맑음,기타 - 기타,기타,기타,0,0,1,0,1,1,0,N,Y,피해,승용,남,51-60세,상해없음,개인형이동수단(PM),남,31-40세,경상,2019.xlsx
2019054538,2019-04,2019,4,강동구,야간,경상사고,차대차 - 충돌,차대차,충돌,안전운전불이행,젖음/습기,비,단일로 - 기타,단일로,기타,0,0,1,0,1,1,0,N,Y,피해,이륜,남,20세 이하,상해없음,개인형이동수단(PM),남,51-60세,경상,2019.xlsx
2019063364,2019-04,2019,4,도봉구,야간,경상사고,차대차 - 기타,차대차,기타,기타,건조,맑음,교차로 - 교차로안,교차로,교차로안,0,0,1,0,1,1,0,N,Y,피해,승용,남,61-64세,상해없음,개인형이동수단(PM),남,51-60세,경상,2019.xlsx
2019055933,2019-04,2019,4,동작구,주간,부상신고사고,차대사람 - 보도통행중,차대사람,보도통행중,안전운전불이행,건조,맑음,기타 - 기타,기타,기타,0,0,0,1,1,1,0,Y,N,가해,개인형이동수단(PM),남,21-30세,상해없음,보행자,여,65세 이상,부상신고,2019.xlsx
2019066651,2019-04,2019,4,성동구,야간,부상신고사고,차대사람 - 보도통행중,차대사람,보도통행중,기타,건조,맑음,교차로 - 교차로부근,교차로,교차로부근,0,0,0,1,1,1,0,Y,N,가해,개인형이동수단(PM),남,21-30세,상해없음,보행자,남,12세 이하,부상신고,2019.xlsx
2019053264,2019-04,2019,4,송파구,야간,경상사고,차대차 - 충돌,차대차,충돌,안전운전불이행,젖음/습기,흐림,교차로 - 교차로횡단보도내,교차로,교차로횡단보도내,0,0,1,0,1,1,0,N,Y,피해,기타불명,기타불명,기타불명,기타불명,개인형이동수단(PM),여,21-30세,경상,2019.xlsx
2019052641,2019-04,2019,4,은평구,야간,경상사고,차대차 - 충돌,차대차,충돌,신호위반,건조,맑음,교차로 - 교차로안,교차로,교차로안,0,0,1,0,1,1,0,N,Y,피해,승용,남,41-50세,상해없음,개인형이동수단(PM),남,31-40세,경상,2019.xlsx
2019066975,2019-04,2019,4,중구,주간,경상사고,차대차 - 기타,차대차,기타,안전운전불이행,건조,맑음,단일로 - 기타,단일로,기타,0,0,1,0,1,1,0,Y,N,가해,개인형이동수단(PM),남,31-40세,경상,승용,남,21-30세,상해없음,2019.xlsx
2019077878,2019-05,2019,5,강남구,주간,경상사고,차대차 - 기타,차대차,기타,안전거리미확보,건조,맑음,단일로 - 기타,단일로,기타,0,0,1,0,1,1,0,N,Y,피해,승용,여,51-60세,상해없음,개인형이동수단(PM),남,31-40세,경상,2019.xlsx
2019082649,2019-05,2019,5,강남구,주간,경상사고,차대차 - 기타,차대차,기타,안전운전불이행,건조,맑음,교차로 - 교차로횡단보도내,교차로,교차로횡단보도내,0,0,1,0,1,1,0,N,Y,피해,화물,남,31-40세,상해없음,개인형이동수단(PM),여,21-30세,경상,2019.xlsx
2019082952,2019-05,2019,5,강남구,야간,경상사고,차대사람 - 횡단중,차대사람,횡단중,보행자보호의무위반,건조,맑음,단일로 - 기타,단일로,기타,0,0,1,0,1,1,0,Y,N,가해,개인형이동수단(PM),여,20세 이하,상해없음,보행자,남,31-40세,경상,2019.xlsx
2019084127,2019-05,2019,5,강남구,주간,중상사고,차대차 - 기타,차대차,기타,신호위반,건조,맑음,교차로 - 교차로횡단보도내,교차로,교차로횡단보도내,0,1,0,0,1,1,1,N,Y,피해,승용,남,31-40세,상해없음,개인형이동수단(PM),남,31-40세,중상,2019.xlsx
2019084421,2019-05,2019,5,강남구,야간,경상사고,차대사람 - 보도통행중,차대사람,보도통행중,기타,건조,맑음,단일로 - 기타,단일로,기타,0,0,1,0,1,1,0,Y,N,가해,개인형이동수단(PM),남,21-30세,상해없음,보행자,남,12세 이하,경상,2019.xlsx
2019087301,2019-05,2019,5,강동구,주간,중상사고,차대차 - 충돌,차대차,충돌,교차로운행방법위반,건조,맑음,교차로 - 교차로안,교차로,교차로안,0,1,0,0,1,1,1,N,Y,피해,화물,남,51-60세,상해없음,개인형이동수단(PM),남,31-40세,중상,2019.xlsx
2019085396,2019-05,2019,5,강북구,주간,중상사고,차대차 - 추돌,차대차,추돌,기타,건조,맑음,단일로 - 기타,단일로,기타,0,1,0,0,1,1,1,N,Y,피해,승용,남,41-50세,상해없음,개인형이동수단(PM),여,21-30세,중상,2019.xlsx
2019071598,2019-05,2019,5,강서구,주간,중상사고,차대차 - 충돌,차대차,충돌,안전운전불이행,기타,맑음,교차로 - 교차로횡단보도내,교차로,교차로횡단보도내,0,1,0,0,1,1,1,N,Y,피해,화물,남,41-50세,상해없음,개인형이동수단(PM),남,21-30세,중상,2019.xlsx
2019076507,2019-05,2019,5,구로구,주간,경상사고,차대차 - 추돌,차대차,추돌,기타,건조,맑음,교차로 - 교차로부근,교차로,교차로부근,0,0,1,0,1,1,0,N,Y,피해,승용,남,65세 이상,상해없음,개인형이동수단(PM),여,31-40세,경상,2019.xlsx
2019079563,2019-05,2019,5,구로구,야간,경상사고,차대차 - 충돌,차대차,충돌,신호위반,건조,맑음,교차로 - 교차로안,교차로,교차로안,0,0,1,0,1,1,0,N,Y,피해,승용,남,41-50세,상해없음,개인형이동수단(PM),남,61-64세,경상,2019.xlsx
2019085220,2019-05,2019,5,구로구,야간,경상사고,차대차 - 기타,차대차,기타,안전거리미확보,건조,맑음,교차로 - 교차로안,교차로,교차로안,0,0,1,0,1,1,0,N,Y,피해,이륜,남,21-30세,경상,개인형이동수단(PM),남,51-60세,상해없음,2019.xlsx
2019087955,2019-05,2019,5,구로구,야간,경상사고,차대차 - 기타,차대차,기타,안전운전불이행,건조,맑음,단일로 - 기타,단일로,기타,0,0,1,0,1,1,0,N,Y,피해,승용,남,31-40세,상해없음,개인형이동수단(PM),남,31-40세,경상,2019.xlsx
2019082221,2019-05,2019,5,금천구,야간,경상사고,차대차 - 충돌,차대차,충돌,안전운전불이행,건조,맑음,교차로 - 교차로부근,교차로,교차로부근,0,0,1,0,1,1,0,N,Y,피해,화물,남,41-50세,상해없음,개인형이동수단(PM),남,21-30세,경상,2019.xlsx
2019081293,2019-05,2019,5,동대문구,주간,경상사고,차대사람 - 기타,차대사람,기타,신호위반,건조,맑음,교차로 - 교차로횡단보도내,교차로,교차로횡단보도내,0,0,1,0,1,1,0,Y,N,가해,개인형이동수단(PM),남,21-30세,상해없음,보행자,여,61-64세,경상,2019.xlsx
2019070673,2019-05,2019,5,마포구,주간,경상사고,차대차 - 추돌,차대차,추돌,안전거리미확보,건조,맑음,단일로 - 기타,단일로,기타,0,0,1,0,1,1,0,N,Y,피해,승용,남,51-60세,상해없음,개인형이동수단(PM),남,41-50세,경상,2019.xlsx
2019068598,2019-05,2019,5,서대문구,야간,경상사고,차대차 - 기타,차대차,기타,신호위반,건조,맑음,교차로 - 교차로안,교차로,교차로안,0,0,1,0,1,1,0,N,Y,피해,승합,남,41-50세,상해없음,개인형이동수단(PM),남,41-50세,경상,2019.xlsx
2019072374,2019-05,2019,5,서초구,야간,경상사고,차대차 - 기타,차대차,기타,신호위반,건조,맑음,단일로 - 기타,단일로,기타,0,0,1,0,1,1,0,N,Y,피해,승용,여,31-40세,상해없음,개인형이동수단(PM),남,21-30세,경상,2019.xlsx
2019072667,2019-05,2019,5,송파구,주간,중상사고,차대차 - 기타,차대차,기타,안전운전불이행,건조,맑음,교차로 - 교차로부근,교차로,교차로부근,0,1,0,0,1,1,1,N,Y,피해,승용,남,31-40세,상해없음,개인형이동수단(PM),여,41-50세,중상,2019.xlsx
2019072921,2019-05,2019,5,송파구,야간,중상사고,차대차 - 기타,차대차,기타,신호위반,건조,맑음,교차로 - 교차로안,교차로,교차로안,0,1,0,0,1,1,1,N,Y,피해,승용,여,51-60세,상해없음,개인형이동수단(PM),여,21-30세,중상,2019.xlsx
2019078599,2019-05,2019,5,양천구,주간,부상신고사고,차대차 - 기타,차대차,기타,안전거리미확보,건조,맑음,교차로 - 교차로부근,교차로,교차로부근,0,0,0,1,1,1,0,Y,N,가해,개인형이동수단(PM),여,20세 이하,부상신고,화물,남,51-60세,상해없음,2019.xlsx
2019073462,2019-05,2019,5,영등포구,주간,중상사고,차대차 - 충돌,차대차,충돌,안전운전불이행,건조,맑음,교차로 - 교차로안,교차로,교차로안,0,1,0,0,1,1,1,Y,N,가해,개인형이동수단(PM),남,21-30세,상해없음,이륜,남,65세 이상,중상,2019.xlsx
2019081692,2019-05,2019,5,은평구,야간,중상사고,차대사람 - 횡단중,차대사람,횡단중,안전운전불이행,건조,맑음,단일로 - 기타,단일로,기타,0,1,0,0,1,1,1,Y,N,가해,개인형이동수단(PM),남,21-30세,상해없음,보행자,남,51-60세,중상,2019.xlsx
2019087180,2019-05,2019,5,중구,야간,경상사고,차대차 - 충돌,차대차,충돌,안전거리미확보,건조,맑음,단일로 - 기타,단일로,기타,0,0,1,0,1,1,0,N,Y,피해,화물,남,41-50세,상해없음,개인형이동수단(PM),남,31-40세,경상,2019.xlsx
2019073925,2019-05,2019,5,중랑구,주간,경상사고,차대차 - 추돌,차대차,추돌,안전운전불이행,건조,맑음,단일로 - 기타,단일로,기타,0,0,1,0,1,1,0,Y,N,가해,개인형이동수단(PM),남,65세 이상,경상,승용,남,41-50세,상해없음,2019.xlsx
2019095547,2019-06,2019,6,강남구,주간,경상사고,차대차 - 충돌,차대차,충돌,교차로운행방법위반,건조,맑음,교차로 - 교차로안,교차로,교차로안,0,0,1,0,1,1,0,N,Y,피해,승용,여,21-30세,상해없음,개인형이동수단(PM),여,21-30세,경상,2019.xlsx
2019096537,2019-06,2019,6,강남구,야간,경상사고,차대차 - 기타,차대차,기타,기타,건조,맑음,단일로 - 기타,단일로,기타,0,0,1,0,1,1,0,Y,N,가해,개인형이동수단(PM),남,21-30세,경상,승용,남,65세 이상,상해없음,2019.xlsx
2019096849,2019-06,2019,6,강남구,주간,중상사고,차대차 - 충돌,차대차,충돌,안전운전불이행,건조,맑음,단일로 - 기타,단일로,기타,0,1,0,0,1,1,1,N,Y,피해,승용,여,51-60세,기타불명,개인형이동수단(PM),여,21-30세,중상,2019.xlsx
2019096876,2019-06,2019,6,강남구,주간,부상신고사고,차대차 - 충돌,차대차,충돌,안전운전불이행,건조,맑음,기타 - 기타,기타,기타,0,0,0,1,1,1,0,Y,N,가해,개인형이동수단(PM),여,21-30세,부상신고,승용,남,31-40세,상해없음,2019.xlsx
2019099535,2019-06,2019,6,강남구,주간,경상사고,차대사람 - 보도통행중,차대사람,보도통행중,기타,건조,맑음,단일로 - 기타,단일로,기타,0,0,1,0,1,1,0,Y,N,가해,개인형이동수단(PM),남,21-30세,상해없음,보행자,남,65세 이상,경상,2019.xlsx
2019098494,2019-06,2019,6,강서구,야간,경상사고,차대차 - 충돌,차대차,충돌,안전운전불이행,건조,맑음,교차로 - 교차로안,교차로,교차로안,0,0,1,0,1,1,0,Y,N,가해,개인형이동수단(PM),여,21-30세,경상,승용,남,41-50세,상해없음,2019.xlsx
2019092787,2019-06,2019,6,광진구,주간,경상사고,차대사람 - 횡단중,차대사람,횡단중,안전운전불이행,젖음/습기,비,단일로 - 기타,단일로,기타,0,0,1,0,1,1,0,Y,N,가해,개인형이동수단(PM),남,21-30세,상해없음,보행자,남,12세 이하,경상,2019.xlsx
2019099271,2019-06,2019,6,동대문구,주간,중상사고,차대차 - 기타,차대차,기타,신호위반,건조,맑음,교차로 - 교차로횡단보도내,교차로,교차로횡단보도내,0,1,0,0,1,1,1,N,Y,피해,승용,남,31-40세,상해없음,개인형이동수단(PM),남,61-64세,중상,2019.xlsx
2019103503,2019-06,2019,6,마포구,주간,경상사고,차대사람 - 기타,차대사람,기타,안전운전불이행,건조,맑음,교차로 - 교차로안,교차로,교차로안,0,0,1,0,1,1,0,Y,N,가해,개인형이동수단(PM),남,21-30세,상해없음,보행자,여,51-60세,경상,2019.xlsx
2019105631,2019-06,2019,6,서초구,주간,경상사고,차대사람 - 횡단중,차대사람,횡단중,안전운전불이행,건조,맑음,단일로 - 기타,단일로,기타,0,0,1,0,1,1,0,Y,N,가해,개인형이동수단(PM),기타불명,기타불명,기타불명,보행자,남,51-60세,경상,2019.xlsx
2019089481,2019-06,2019,6,성동구,주간,경상사고,차대차 - 기타,차대차,기타,신호위반,건조,맑음,단일로 - 기타,단일로,기타,0,0,1,0,1,1,0,Y,N,가해,개인형이동수단(PM),여,21-30세,경상,승용,남,65세 이상,상해없음,2019.xlsx
2019093523,2019-06,2019,6,송파구,야간,경상사고,차대차 - 충돌,차대차,충돌,안전운전불이행,건조,맑음,교차로 - 교차로안,교차로,교차로안,0,0,2,0,2,2,0,N,Y,피해,승합,남,51-60세,상해없음,개인형이동수단(PM),남,41-50세,경상,2019.xlsx
2019103587,2019-06,2019,6,송파구,주간,경상사고,차대차 - 충돌,차대차,충돌,안전운전불이행,젖음/습기,비,교차로 - 교차로안,교차로,교차로안,0,0,1,0,1,1,0,Y,N,가해,개인형이동수단(PM),남,21-30세,상해없음,승용,남,21-30세,상해없음,2019.xlsx
2019099276,2019-06,2019,6,양천구,주간,경상사고,차대차 - 기타,차대차,기타,안전운전불이행,건조,맑음,교차로 - 교차로안,교차로,교차로안,0,0,1,0,1,1,0,N,Y,피해,승용,여,31-40세,상해없음,개인형이동수단(PM),남,41-50세,경상,2019.xlsx
2019102540,2019-06,2019,6,중구,야간,중상사고,차대차 - 충돌,차대차,충돌,안전운전불이행,건조,맑음,교차로 - 교차로안,교차로,교차로안,0,1,0,0,1,1,1,Y,N,가해,개인형이동수단(PM),여,21-30세,중상,화물,남,31-40세,상해없음,2019.xlsx
2019108578,2019-07,2019,7,강남구,주간,경상사고,차대차 - 충돌,차대차,충돌,교차로운행방법위반,건조,맑음,교차로 - 교차로안,교차로,교차로안,0,0,1,0,1,1,0,Y,N,가해,개인형이동수단(PM),여,20세 이하,경상,승용,여,31-40세,상해없음,2019.xlsx
2019114982,2019-07,2019,7,강남구,주간,경상사고,차대사람 - 기타,차대사람,기타,안전운전불이행,건조,맑음,기타 - 기타,기타,기타,0,0,1,0,1,1,0,Y,N,가해,개인형이동수단(PM),남,21-30세,상해없음,보행자,여,51-60세,경상,2019.xlsx
2019116789,2019-07,2019,7,강남구,주간,경상사고,차대사람 - 기타,차대사람,기타,안전운전불이행,건조,맑음,단일로 - 기타,단일로,기타,0,0,1,0,1,1,0,Y,N,가해,개인형이동수단(PM),남,20세 이하,상해없음,보행자,남,51-60세,경상,2019.xlsx
2019118114,2019-07,2019,7,강남구,야간,경상사고,차대차 - 기타,차대차,기타,안전운전불이행,건조,맑음,교차로 - 교차로부근,교차로,교차로부근,0,0,1,0,1,1,0,N,Y,피해,승용,남,51-60세,상해없음,개인형이동수단(PM),남,31-40세,경상,2019.xlsx
2019118642,2019-07,2019,7,강남구,야간,부상신고사고,차대사람 - 기타,차대사람,기타,안전운전불이행,건조,맑음,단일로 - 기타,단일로,기타,0,0,0,1,1,1,0,Y,N,가해,개인형이동수단(PM),남,31-40세,상해없음,보행자,여,21-30세,부상신고,2019.xlsx
2019120151,2019-07,2019,7,강남구,야간,중상사고,차대차 - 충돌,차대차,충돌,안전운전불이행,건조,맑음,교차로 - 교차로부근,교차로,교차로부근,0,1,0,0,1,1,1,N,Y,피해,승용,남,31-40세,상해없음,개인형이동수단(PM),여,21-30세,중상,2019.xlsx
2019123519,2019-07,2019,7,강남구,주간,중상사고,차대차 - 기타,차대차,기타,기타,젖음/습기,비,교차로 - 교차로안,교차로,교차로안,0,1,0,0,1,1,1,N,Y,피해,승용,남,65세 이상,상해없음,개인형이동수단(PM),남,31-40세,중상,2019.xlsx
2019126268,2019-07,2019,7,강남구,주간,경상사고,차대차 - 기타,차대차,기타,안전운전불이행,건조,맑음,교차로 - 교차로안,교차로,교차로안,0,0,1,0,1,1,0,N,Y,피해,승용,남,51-60세,상해없음,개인형이동수단(PM),여,21-30세,경상,2019.xlsx
2019113832,2019-07,2019,7,금천구,야간,중상사고,차대차 - 기타,차대차,기타,안전운전불이행,건조,맑음,단일로 - 기타,단일로,기타,0,1,0,0,1,1,1,Y,N,가해,개인형이동수단(PM),남,51-60세,중상,자전거,남,13-20세,상해없음,2019.xlsx
2019122041,2019-07,2019,7,동대문구,주간,중상사고,차대사람 - 횡단중,차대사람,횡단중,안전운전불이행,건조,맑음,단일로 - 기타,단일로,기타,0,1,0,0,1,1,1,Y,N,가해,개인형이동수단(PM),남,21-30세,상해없음,보행자,여,51-60세,중상,2019.xlsx
2019121910,2019-07,2019,7,마포구,야간,경상사고,차대차 - 충돌,차대차,충돌,신호위반,건조,맑음,단일로 - 기타,단일로,기타,0,0,1,0,1,1,0,N,Y,피해,승용,여,51-60세,상해없음,개인형이동수단(PM),남,41-50세,경상,2019.xlsx
2019113858,2019-07,2019,7,서초구,야간,경상사고,차대차 - 충돌,차대차,충돌,안전운전불이행,건조,맑음,교차로 - 교차로부근,교차로,교차로부근,0,0,1,0,1,1,0,Y,N,가해,개인형이동수단(PM),남,31-40세,경상,승용,남,21-30세,상해없음,2019.xlsx
2019115586,2019-07,2019,7,서초구,주간,경상사고,차대차 - 기타,차대차,기타,안전운전불이행,건조,맑음,단일로 - 기타,단일로,기타,0,0,1,0,1,1,0,Y,N,가해,개인형이동수단(PM),여,21-30세,경상,승용,남,41-50세,상해없음,2019.xlsx
2019124861,2019-07,2019,7,서초구,주간,경상사고,차대차 - 기타,차대차,기타,안전운전불이행,건조,맑음,교차로 - 교차로안,교차로,교차로안,0,0,1,0,1,1,0,N,Y,피해,승용,남,31-40세,상해없음,개인형이동수단(PM),남,41-50세,경상,2019.xlsx
2019110758,2019-07,2019,7,성동구,야간,경상사고,차대차 - 기타,차대차,기타,교차로운행방법위반,건조,맑음,교차로 - 교차로부근,교차로,교차로부근,0,0,1,0,1,1,0,N,Y,피해,승용,남,51-60세,상해없음,개인형이동수단(PM),남,41-50세,경상,2019.xlsx
2019126928,2019-07,2019,7,송파구,주간,중상사고,차대차 - 충돌,차대차,충돌,기타,젖음/습기,비,단일로 - 기타,단일로,기타,0,1,0,0,1,1,1,Y,N,가해,개인형이동수단(PM),남,21-30세,상해없음,자전거,남,65세 이상,중상,2019.xlsx
2019119455,2019-07,2019,7,양천구,야간,부상신고사고,차대차 - 기타,차대차,기타,안전운전불이행,건조,맑음,단일로 - 기타,단일로,기타,0,0,0,1,1,1,0,N,Y,피해,기타불명,기타불명,기타불명,기타불명,개인형이동수단(PM),남,21-30세,부상신고,2019.xlsx
2019116728,2019-07,2019,7,영등포구,주간,중상사고,차대사람 - 보도통행중,차대사람,보도통행중,신호위반,건조,맑음,교차로 - 교차로안,교차로,교차로안,0,1,0,0,1,1,1,Y,N,가해,개인형이동수단(PM),남,51-60세,상해없음,보행자,남,61-64세,중상,2019.xlsx
2019113662,2019-07,2019,7,은평구,주간,부상신고사고,차대차 - 충돌,차대차,충돌,안전거리미확보,건조,맑음,단일로 - 기타,단일로,기타,0,0,0,1,1,1,0,N,Y,피해,이륜,남,20세 이하,상해없음,개인형이동수단(PM),남,21-30세,부상신고,2019.xlsx
2019129716,2019-08,2019,8,강남구,주간,부상신고사고,차대차 - 기타,차대차,기타,안전운전불이행,건조,맑음,단일로 - 기타,단일로,기타,0,0,0,1,1,1,0,N,Y,피해,승용,남,51-60세,상해없음,개인형이동수단(PM),남,31-40세,부상신고,2019.xlsx
2019130481,2019-08,2019,8,강남구,야간,중상사고,차대차 - 충돌,차대차,충돌,기타,건조,맑음,단일로 - 교량,단일로,교량,0,1,0,0,1,1,1,Y,N,가해,개인형이동수단(PM),남,21-30세,상해없음,이륜,남,21-30세,중상,2019.xlsx
2019132480,2019-08,2019,8,강남구,야간,중상사고,차대차 - 충돌,차대차,충돌,신호위반,건조,맑음,단일로 - 기타,단일로,기타,0,1,0,0,1,1,1,N,Y,피해,승용,남,51-60세,상해없음,개인형이동수단(PM),남,51-60세,중상,2019.xlsx
2019135237,2019-08,2019,8,강남구,주간,경상사고,차대차 - 충돌,차대차,충돌,안전운전불이행,건조,맑음,교차로 - 교차로횡단보도내,교차로,교차로횡단보도내,0,0,1,0,1,1,0,Y,N,가해,개인형이동수단(PM),여,21-30세,경상,승용,남,61-64세,상해없음,2019.xlsx
2019138593,2019-08,2019,8,강남구,주간,중상사고,차대사람 - 기타,차대사람,기타,안전운전불이행,건조,맑음,교차로 - 교차로안,교차로,교차로안,0,1,0,0,1,1,1,Y,N,가해,개인형이동수단(PM),남,21-30세,상해없음,보행자,여,65세 이상,중상,2019.xlsx
2019143271,2019-08,2019,8,강남구,야간,경상사고,차대차 - 충돌,차대차,충돌,기타,건조,맑음,교차로 - 교차로안,교차로,교차로안,0,0,1,0,1,1,0,Y,N,가해,개인형이동수단(PM),남,21-30세,상해없음,이륜,남,31-40세,경상,2019.xlsx
2019129536,2019-08,2019,8,강북구,주간,경상사고,차대차 - 기타,차대차,기타,안전운전불이행,건조,맑음,교차로 - 교차로안,교차로,교차로안,0,0,1,0,1,1,0,N,Y,피해,승용,남,31-40세,상해없음,개인형이동수단(PM),남,41-50세,경상,2019.xlsx
2019138147,2019-08,2019,8,강북구,주간,중상사고,차대사람 - 기타,차대사람,기타,기타,건조,맑음,교차로 - 교차로부근,교차로,교차로부근,0,1,0,0,1,1,1,Y,N,가해,개인형이동수단(PM),남,41-50세,상해없음,보행자,여,21-30세,중상,2019.xlsx
2019138377,2019-08,2019,8,관악구,야간,중상사고,차대차 - 충돌,차대차,충돌,교차로운행방법위반,건조,맑음,교차로 - 교차로부근,교차로,교차로부근,0,1,0,0,1,1,1,N,Y,피해,승용,남,51-60세,상해없음,개인형이동수단(PM),남,21-30세,중상,2019.xlsx
2019139616,2019-08,2019,8,관악구,주간,경상사고,차량단독 - 기타,차량단독,기타,안전운전불이행,건조,맑음,단일로 - 기타,단일로,기타,0,0,1,0,1,1,0,Y,N,가해,개인형이동수단(PM),남,31-40세,경상,,,,,2019.xlsx
2019131074,2019-08,2019,8,광진구,야간,중상사고,차대차 - 기타,차대차,기타,안전운전불이행,건조,맑음,단일로 - 기타,단일로,기타,0,1,0,0,1,1,1,Y,N,가해,개인형이동수단(PM),남,21-30세,상해없음,자전거,남,51-60세,중상,2019.xlsx
2019134565,2019-08,2019,8,광진구,주간,경상사고,차대사람 - 횡단중,차대사람,횡단중,안전운전불이행,젖음/습기,비,기타 - 기타,기타,기타,0,0,1,0,1,1,0,Y,N,가해,개인형이동수단(PM),남,51-60세,상해없음,보행자,남,41-50세,경상,2019.xlsx
2019137761,2019-08,2019,8,광진구,야간,경상사고,차대사람 - 기타,차대사람,기타,안전운전불이행,건조,맑음,단일로 - 기타,단일로,기타,0,0,2,0,2,2,0,Y,N,가해,개인형이동수단(PM),남,20세 이하,경상,보행자,여,13-20세,경상,2019.xlsx
2019138395,2019-08,2019,8,광진구,야간,경상사고,차량단독 - 기타,차량단독,기타,안전운전불이행,건조,맑음,단일로 - 기타,단일로,기타,0,0,1,0,1,1,0,Y,N,가해,개인형이동수단(PM),남,31-40세,경상,,,,,2019.xlsx
2019131241,2019-08,2019,8,구로구,야간,경상사고,차대차 - 충돌,차대차,충돌,신호위반,건조,맑음,교차로 - 교차로안,교차로,교차로안,0,0,1,0,1,1,0,Y,N,가해,개인형이동수단(PM),남,31-40세,경상,승용,남,65세 이상,상해없음,2019.xlsx
2019141295,2019-08,2019,8,노원구,야간,경상사고,차대사람 - 기타,차대사람,기타,신호위반,건조,맑음,교차로 - 교차로안,교차로,교차로안,0,0,1,0,1,1,0,Y,N,가해,개인형이동수단(PM),남,20세 이하,상해없음,보행자,여,65세 이상,경상,2019.xlsx
2019141202,2019-08,2019,8,동대문구,주간,경상사고,차대차 - 충돌,차대차,충돌,안전운전불이행,건조,맑음,교차로 - 교차로안,교차로,교차로안,0,0,1,0,1,1,0,N,Y,피해,승용,남,51-60세,상해없음,개인형이동수단(PM),여,21-30세,경상,2019.xlsx
2019138185,2019-08,2019,8,마포구,주간,경상사고,차량단독 - 기타,차량단독,기타,안전운전불이행,건조,맑음,단일로 - 기타,단일로,기타,0,0,1,0,1,1,0,Y,N,가해,개인형이동수단(PM),여,21-30세,경상,,,,,2019.xlsx
2019129741,2019-08,2019,8,서대문구,주간,경상사고,차대사람 - 보도통행중,차대사람,보도통행중,기타,젖음/습기,비,단일로 - 기타,단일로,기타,0,0,1,0,1,1,0,Y,N,가해,개인형이동수단(PM),남,21-30세,상해없음,보행자,여,31-40세,경상,2019.xlsx
2019141510,2019-08,2019,8,서대문구,야간,경상사고,차대사람 - 차도통행중,차대사람,차도통행중,안전운전불이행,건조,맑음,단일로 - 기타,단일로,기타,0,0,1,0,1,1,0,Y,N,가해,개인형이동수단(PM),여,31-40세,상해없음,보행자,남,21-30세,경상,2019.xlsx
2019141910,2019-08,2019,8,서대문구,주간,부상신고사고,차대사람 - 기타,차대사람,기타,안전운전불이행,건조,맑음,단일로 - 기타,단일로,기타,0,0,0,1,1,1,0,Y,N,가해,개인형이동수단(PM),여,21-30세,부상신고,보행자,남,31-40세,상해없음,2019.xlsx
2019132775,2019-08,2019,8,서초구,주간,경상사고,차대차 - 충돌,차대차,충돌,신호위반,건조,맑음,교차로 - 교차로부근,교차로,교차로부근,0,0,1,0,1,1,0,N,Y,피해,화물,남,41-50세,상해없음,개인형이동수단(PM),여,31-40세,경상,2019.xlsx
2019130150,2019-08,2019,8,성동구,주간,부상신고사고,차대사람 - 차도통행중,차대사람,차도통행중,안전운전불이행,건조,맑음,교차로 - 교차로안,교차로,교차로안,0,0,0,1,1,1,0,Y,N,가해,개인형이동수단(PM),남,31-40세,상해없음,보행자,여,61-64세,부상신고,2019.xlsx
2019134248,2019-08,2019,8,영등포구,야간,경상사고,차대차 - 기타,차대차,기타,안전운전불이행,건조,맑음,기타 - 기타,기타,기타,0,0,1,0,1,1,0,Y,N,가해,개인형이동수단(PM),남,31-40세,상해없음,이륜,남,31-40세,경상,2019.xlsx
2019144824,2019-08,2019,8,영등포구,주간,경상사고,차대차 - 기타,차대차,기타,신호위반,건조,맑음,기타 - 기타,기타,기타,0,0,1,0,1,1,0,Y,N,가해,개인형이동수단(PM),남,31-40세,경상,화물,남,41-50세,상해없음,2019.xlsx
2019133287,2019-08,2019,8,용산구,야간,중상사고,차대차 - 기타,차대차,기타,중앙선침범,건조,맑음,단일로 - 지하차도(도로)내,단일로,지하차도(도로)내,0,1,0,0,1,1,1,N,Y,피해,승용,남,65세 이상,기타불명,개인형이동수단(PM),남,21-30세,중상,2019.xlsx
2019129374,2019-08,2019,8,중랑구,야간,경상사고,차대차 - 기타,차대차,기타,교차로운행방법위반,건조,맑음,교차로 - 교차로안,교차로,교차로안,0,0,1,0,1,1,0,Y,N,가해,개인형이동수단(PM),여,41-50세,경상,승용,남,41-50세,상해없음,2019.xlsx
2019147715,2019-09,2019,9,강남구,주간,경상사고,차대사람 - 보도통행중,차대사람,보도통행중,기타,건조,맑음,단일로 - 기타,단일로,기타,0,0,1,0,1,1,0,Y,N,가해,개인형이동수단(PM),여,21-30세,상해없음,보행자,남,21-30세,경상,2019.xlsx
2019148957,2019-09,2019,9,강남구,주간,경상사고,차대차 - 충돌,차대차,충돌,안전운전불이행,건조,맑음,교차로 - 교차로안,교차로,교차로안,0,0,1,0,1,1,0,Y,N,가해,개인형이동수단(PM),남,20세 이하,경상,승용,여,41-50세,상해없음,2019.xlsx
2019150760,2019-09,2019,9,강남구,야간,경상사고,차대차 - 기타,차대차,기타,안전운전불이행,젖음/습기,흐림,단일로 - 기타,단일로,기타,0,0,1,0,1,1,0,N,Y,피해,승용,남,21-30세,상해없음,개인형이동수단(PM),남,13-20세,경상,2019.xlsx
2019152674,2019-09,2019,9,강남구,주간,경상사고,차대사람 - 보도통행중,차대사람,보도통행중,기타,건조,맑음,기타 - 기타,기타,기타,0,0,1,0,1,1,0,Y,N,가해,개인형이동수단(PM),남,21-30세,상해없음,보행자,여,31-40세,경상,2019.xlsx
2019153449,2019-09,2019,9,강남구,주간,경상사고,차대사람 - 보도통행중,차대사람,보도통행중,기타,건조,맑음,기타 - 기타,기타,기타,0,0,1,1,2,2,0,Y,N,가해,개인형이동수단(PM),여,20세 이하,부상신고,보행자,여,41-50세,경상,2019.xlsx
2019161812,2019-09,2019,9,강남구,야간,부상신고사고,차대사람 - 보도통행중,차대사람,보도통행중,기타,건조,맑음,기타 - 기타,기타,기타,0,0,0,1,1,1,0,Y,N,가해,개인형이동수단(PM),남,21-30세,상해없음,보행자,여,12세 이하,부상신고,2019.xlsx
2019164952,2019-09,2019,9,강남구,주간,중상사고,차대차 - 충돌,차대차,충돌,안전운전불이행,건조,맑음,교차로 - 교차로횡단보도내,교차로,교차로횡단보도내,0,1,0,0,1,1,1,N,Y,피해,승합,남,51-60세,상해없음,개인형이동수단(PM),남,31-40세,중상,2019.xlsx
2019165832,2019-09,2019,9,강남구,주간,중상사고,차대차 - 충돌,차대차,충돌,기타,건조,맑음,교차로 - 교차로안,교차로,교차로안,0,1,0,0,1,1,1,N,Y,피해,승용,여,41-50세,상해없음,개인형이동수단(PM),남,31-40세,중상,2019.xlsx
2019156298,2019-09,2019,9,관악구,야간,경상사고,차대차 - 충돌,차대차,충돌,교차로운행방법위반,건조,맑음,교차로 - 교차로안,교차로,교차로안,0,0,1,0,1,1,0,N,Y,피해,승용,남,61-64세,상해없음,개인형이동수단(PM),남,41-50세,경상,2019.xlsx
2019159375,2019-09,2019,9,광진구,야간,경상사고,차대사람 - 보도통행중,차대사람,보도통행중,기타,건조,맑음,기타 - 기타,기타,기타,0,0,1,0,1,1,0,Y,N,가해,개인형이동수단(PM),여,20세 이하,상해없음,보행자,여,41-50세,경상,2019.xlsx
2019163025,2019-09,2019,9,광진구,주간,중상사고,차대차 - 충돌,차대차,충돌,신호위반,건조,맑음,교차로 - 교차로안,교차로,교차로안,0,1,0,0,1,1,1,Y,N,가해,개인형이동수단(PM),남,51-60세,상해없음,이륜,남,51-60세,중상,2019.xlsx
2019148624,2019-09,2019,9,구로구,야간,경상사고,차대사람 - 보도통행중,차대사람,보도통행중,기타,건조,맑음,기타 - 기타,기타,기타,0,0,1,0,1,1,0,Y,N,가해,개인형이동수단(PM),남,31-40세,상해없음,보행자,여,51-60세,경상,2019.xlsx
2019153288,2019-09,2019,9,구로구,야간,경상사고,차대차 - 기타,차대차,기타,기타,건조,흐림,단일로 - 기타,단일로,기타,0,0,1,0,1,1,0,N,Y,피해,승용,남,41-50세,상해없음,개인형이동수단(PM),남,21-30세,경상,2019.xlsx
2019160093,2019-09,2019,9,노원구,야간,경상사고,차대차 - 기타,차대차,기타,중앙선침범,기타,맑음,단일로 - 기타,단일로,기타,0,0,1,0,1,1,0,Y,N,가해,개인형이동수단(PM),남,41-50세,경상,승용,남,31-40세,상해없음,2019.xlsx
2019166093,2019-09,2019,9,마포구,야간,사망사고,차량단독 - 기타,차량단독,기타,안전운전불이행,건조,맑음,단일로 - 기타,단일로,기타,1,0,0,0,0,1,1,Y,N,가해,개인형이동수단(PM),남,61-64세,사망,,,,,2019.xlsx
2019162154,2019-09,2019,9,서대문구,주간,부상신고사고,차대차 - 추돌,차대차,추돌,교차로운행방법위반,건조,맑음,교차로 - 교차로안,교차로,교차로안,0,0,0,1,1,1,0,Y,N,가해,개인형이동수단(PM),남,20세 이하,부상신고,승용,여,51-60세,상해없음,2019.xlsx
2019148435,2019-09,2019,9,서초구,주간,중상사고,차대차 - 기타,차대차,기타,안전운전불이행,건조,맑음,교차로 - 교차로부근,교차로,교차로부근,0,1,1,0,2,2,1,Y,N,가해,개인형이동수단(PM),남,20세 이하,경상,승용,남,61-64세,상해없음,2019.xlsx
2019155988,2019-09,2019,9,서초구,주간,중상사고,차대차 - 기타,차대차,기타,안전운전불이행,건조,맑음,교차로 - 교차로부근,교차로,교차로부근,0,1,0,0,1,1,1,Y,N,가해,개인형이동수단(PM),남,21-30세,중상,승용,여,51-60세,상해없음,2019.xlsx
2019160061,2019-09,2019,9,서초구,야간,부상신고사고,차대차 - 충돌,차대차,충돌,신호위반,건조,맑음,교차로 - 교차로부근,교차로,교차로부근,0,0,0,1,1,1,0,N,Y,피해,승용,남,51-60세,상해없음,개인형이동수단(PM),남,21-30세,부상신고,2019.xlsx
2019161692,2019-09,2019,9,서초구,주간,경상사고,차대차 - 충돌,차대차,충돌,교차로운행방법위반,건조,맑음,단일로 - 기타,단일로,기타,0,0,1,0,1,1,0,Y,N,가해,개인형이동수단(PM),남,31-40세,경상,승용,남,31-40세,상해없음,2019.xlsx
2019150289,2019-09,2019,9,성동구,주간,중상사고,차대차 - 기타,차대차,기타,안전운전불이행,건조,맑음,기타 - 기타,기타,기타,0,1,0,2,3,3,1,N,Y,피해,승용,남,31-40세,상해없음,개인형이동수단(PM),여,31-40세,중상,2019.xlsx
2019165296,2019-09,2019,9,송파구,주간,중상사고,차대사람 - 차도통행중,차대사람,차도통행중,기타,건조,맑음,단일로 - 기타,단일로,기타,0,1,1,0,2,2,1,Y,N,가해,개인형이동수단(PM),남,20세 이하,상해없음,보행자,여,21-30세,중상,2019.xlsx
2019148854,2019-09,2019,9,영등포구,주간,경상사고,차대차 - 충돌,차대차,충돌,안전운전불이행,건조,맑음,단일로 - 기타,단일로,기타,0,0,1,0,1,1,0,Y,N,가해,개인형이동수단(PM),남,31-40세,경상,승용,남,41-50세,상해없음,2019.xlsx
2019159549,2019-09,2019,9,용산구,주간,중상사고,차대차 - 기타,차대차,기타,안전운전불이행,건조,맑음,기타 - 기타,기타,기타,0,1,0,0,1,1,1,Y,N,가해,개인형이동수단(PM),남,31-40세,상해없음,자전거,여,31-40세,중상,2019.xlsx
2019148989,2019-09,2019,9,은평구,주간,경상사고,차대차 - 충돌,차대차,충돌,기타,건조,맑음,교차로 - 교차로안,교차로,교차로안,0,0,1,0,1,1,0,N,Y,피해,승용,여,61-64세,상해없음,개인형이동수단(PM),여,41-50세,경상,2019.xlsx
2019159146,2019-09,2019,9,은평구,주간,경상사고,차대차 - 기타,차대차,기타,안전운전불이행,건조,맑음,단일로 - 기타,단일로,기타,0,0,1,0,1,1,0,Y,N,가해,개인형이동수단(PM),여,31-40세,경상,승용,여,41-50세,상해없음,2019.xlsx
2019148062,2019-09,2019,9,중랑구,주간,경상사고,차대사람 - 기타,차대사람,기타,기타,건조,맑음,기타 - 기타,기타,기타,0,0,1,0,1,1,0,Y,N,가해,개인형이동수단(PM),여,31-40세,상해없음,보행자,남,13-20세,경상,2019.xlsx
2019166988,2019-10,2019,10,강남구,주간,경상사고,차대차 - 기타,차대차,기타,안전운전불이행,건조,맑음,교차로 - 교차로횡단보도내,교차로,교차로횡단보도내,0,0,1,0,1,1,0,Y,N,가해,개인형이동수단(PM),남,41-50세,경상,승용,여,21-30세,상해없음,2019.xlsx
2019169568,2019-10,2019,10,강남구,야간,부상신고사고,차대사람 - 보도통행중,차대사람,보도통행중,안전운전불이행,건조,맑음,기타 - 기타,기타,기타,0,0,0,1,1,1,0,Y,N,가해,개인형이동수단(PM),여,20세 이하,상해없음,보행자,여,31-40세,부상신고,2019.xlsx
2019170083,2019-10,2019,10,강남구,주간,중상사고,차대차 - 기타,차대차,기타,안전운전불이행,건조,맑음,교차로 - 교차로횡단보도내,교차로,교차로횡단보도내,0,1,0,0,1,1,1,Y,N,가해,개인형이동수단(PM),남,31-40세,중상,승용,남,51-60세,상해없음,2019.xlsx
2019171603,2019-10,2019,10,강남구,야간,부상신고사고,차대사람 - 횡단중,차대사람,횡단중,신호위반,건조,맑음,단일로 - 기타,단일로,기타,0,0,0,1,1,1,0,Y,N,가해,개인형이동수단(PM),남,21-30세,상해없음,보행자,여,21-30세,부상신고,2019.xlsx
2019176450,2019-10,2019,10,강남구,야간,경상사고,차대차 - 충돌,차대차,충돌,안전운전불이행,건조,맑음,단일로 - 기타,단일로,기타,0,0,1,0,1,1,0,N,Y,피해,승용,남,51-60세,상해없음,개인형이동수단(PM),남,31-40세,경상,2019.xlsx
2019176991,2019-10,2019,10,강남구,주간,중상사고,차대차 - 충돌,차대차,충돌,안전운전불이행,건조,맑음,기타 - 기타,기타,기타,0,1,0,0,1,1,1,Y,N,가해,개인형이동수단(PM),여,21-30세,중상,승용,남,21-30세,상해없음,2019.xlsx
2019177444,2019-10,2019,10,강남구,주간,경상사고,차대사람 - 보도통행중,차대사람,보도통행중,기타,건조,맑음,기타 - 기타,기타,기타,0,0,1,0,1,1,0,Y,N,가해,개인형이동수단(PM),남,21-30세,상해없음,보행자,남,21-30세,경상,2019.xlsx
2019180046,2019-10,2019,10,강남구,야간,경상사고,차량단독 - 기타,차량단독,기타,안전운전불이행,건조,맑음,교차로 - 교차로횡단보도내,교차로,교차로횡단보도내,0,0,1,0,1,1,0,Y,N,가해,개인형이동수단(PM),남,21-30세,경상,,,,,2019.xlsx
2019183263,2019-10,2019,10,강남구,야간,경상사고,차대차 - 기타,차대차,기타,안전운전불이행,건조,맑음,교차로 - 교차로횡단보도내,교차로,교차로횡단보도내,0,0,1,0,1,1,0,N,Y,피해,승용,남,41-50세,상해없음,개인형이동수단(PM),남,31-40세,경상,2019.xlsx
2019188219,2019-10,2019,10,강남구,주간,부상신고사고,차대차 - 충돌,차대차,충돌,안전운전불이행,건조,맑음,교차로 - 교차로안,교차로,교차로안,0,0,0,1,1,1,0,Y,N,가해,개인형이동수단(PM),남,21-30세,부상신고,승용,남,51-60세,상해없음,2019.xlsx
2019179809,2019-10,2019,10,강동구,주간,경상사고,차대차 - 충돌,차대차,충돌,안전운전불이행,건조,맑음,교차로 - 교차로안,교차로,교차로안,0,0,1,0,1,1,0,Y,N,가해,개인형이동수단(PM),남,20세 이하,경상,승용,남,21-30세,상해없음,2019.xlsx
2019184346,2019-10,2019,10,강동구,야간,경상사고,차대차 - 충돌,차대차,충돌,안전거리미확보,건조,맑음,교차로 - 교차로부근,교차로,교차로부근,0,0,1,0,1,1,0,N,Y,피해,승용,남,65세 이상,상해없음,개인형이동수단(PM),남,41-50세,경상,2019.xlsx
2019185982,2019-10,2019,10,강동구,주간,경상사고,차대차 - 기타,차대차,기타,안전운전불이행,건조,맑음,단일로 - 기타,단일로,기타,0,0,1,0,1,1,0,Y,N,가해,개인형이동수단(PM),여,31-40세,경상,승용,여,41-50세,상해없음,2019.xlsx
2019184229,2019-10,2019,10,강북구,야간,중상사고,차대차 - 추돌,차대차,추돌,신호위반,건조,맑음,교차로 - 교차로안,교차로,교차로안,0,1,0,0,1,1,1,N,Y,피해,이륜,남,41-50세,기타불명,개인형이동수단(PM),남,21-30세,중상,2019.xlsx
2019178798,2019-10,2019,10,강서구,주간,부상신고사고,차대사람 - 기타,차대사람,기타,안전운전불이행,건조,맑음,교차로 - 교차로부근,교차로,교차로부근,0,0,0,1,1,1,0,Y,N,가해,개인형이동수단(PM),여,65세 이상,상해없음,보행자,남,41-50세,부상신고,2019.xlsx
2019182052,2019-10,2019,10,강서구,야간,중상사고,차대차 - 충돌,차대차,충돌,신호위반,건조,맑음,교차로 - 교차로안,교차로,교차로안,0,1,0,0,1,1,1,Y,N,가해,개인형이동수단(PM),남,31-40세,중상,화물,남,31-40세,상해없음,2019.xlsx
2019167259,2019-10,2019,10,구로구,주간,경상사고,차대차 - 기타,차대차,기타,안전거리미확보,건조,맑음,단일로 - 기타,단일로,기타,0,0,1,0,1,1,0,N,Y,피해,승용,남,65세 이상,상해없음,개인형이동수단(PM),남,31-40세,경상,2019.xlsx
2019172862,2019-10,2019,10,금천구,야간,경상사고,차대사람 - 기타,차대사람,기타,안전운전불이행,건조,맑음,단일로 - 기타,단일로,기타,0,0,1,0,1,1,0,Y,N,가해,개인형이동수단(PM),남,41-50세,상해없음,보행자,여,21-30세,경상,2019.xlsx
2019177351,2019-10,2019,10,도봉구,주간,부상신고사고,차대사람 - 보도통행중,차대사람,보도통행중,안전운전불이행,건조,맑음,단일로 - 교량,단일로,교량,0,0,0,1,1,1,0,Y,N,가해,개인형이동수단(PM),여,41-50세,상해없음,보행자,여,21-30세,부상신고,2019.xlsx
2019180821,2019-10,2019,10,동대문구,주간,경상사고,차대차 - 충돌,차대차,충돌,안전운전불이행,건조,맑음,단일로 - 기타,단일로,기타,0,0,1,0,1,1,0,N,Y,피해,승용,남,51-60세,상해없음,개인형이동수단(PM),여,41-50세,경상,2019.xlsx
2019173684,2019-10,2019,10,마포구,야간,경상사고,차대차 - 충돌,차대차,충돌,중앙선침범,건조,맑음,단일로 - 기타,단일로,기타,0,0,1,0,1,1,0,N,Y,피해,승용,남,31-40세,상해없음,개인형이동수단(PM),남,21-30세,경상,2019.xlsx
2019183430,2019-10,2019,10,마포구,야간,중상사고,차대차 - 충돌,차대차,충돌,안전운전불이행,건조,맑음,기타 - 기타,기타,기타,0,1,0,0,1,1,1,N,Y,피해,승용,남,51-60세,상해없음,개인형이동수단(PM),남,41-50세,중상,2019.xlsx
2019169263,2019-10,2019,10,서초구,주간,경상사고,차대차 - 충돌,차대차,충돌,안전운전불이행,건조,맑음,교차로 - 교차로부근,교차로,교차로부근,0,0,1,0,1,1,0,N,Y,피해,승용,남,61-64세,상해없음,개인형이동수단(PM),여,21-30세,경상,2019.xlsx
2019170327,2019-10,2019,10,서초구,야간,경상사고,차대차 - 충돌,차대차,충돌,교차로운행방법위반,건조,맑음,교차로 - 교차로안,교차로,교차로안,0,0,1,1,2,2,0,N,Y,피해,승용,남,51-60세,상해없음,개인형이동수단(PM),여,13-20세,부상신고,2019.xlsx
2019175406,2019-10,2019,10,서초구,주간,경상사고,차대사람 - 기타,차대사람,기타,기타,건조,맑음,단일로 - 기타,단일로,기타,0,0,1,0,1,1,0,Y,N,가해,개인형이동수단(PM),남,20세 이하,상해없음,보행자,여,61-64세,경상,2019.xlsx
2019186403,2019-10,2019,10,서초구,주간,중상사고,차대차 - 충돌,차대차,충돌,중앙선침범,건조,맑음,단일로 - 기타,단일로,기타,0,1,0,0,1,1,1,Y,N,가해,개인형이동수단(PM),남,31-40세,중상,승용,여,31-40세,상해없음,2019.xlsx
2019176990,2019-10,2019,10,성동구,주간,중상사고,차대차 - 충돌,차대차,충돌,기타,건조,맑음,교차로 - 교차로안,교차로,교차로안,0,1,0,0,1,1,1,Y,N,가해,개인형이동수단(PM),남,21-30세,중상,화물,남,61-64세,상해없음,2019.xlsx
2019171928,2019-10,2019,10,성북구,주간,경상사고,차대차 - 기타,차대차,기타,안전운전불이행,건조,맑음,단일로 - 기타,단일로,기타,0,0,1,0,1,1,0,N,Y,피해,승용,여,41-50세,상해없음,개인형이동수단(PM),남,21-30세,경상,2019.xlsx
2019172355,2019-10,2019,10,송파구,야간,경상사고,차대차 - 기타,차대차,기타,안전운전불이행,건조,맑음,단일로 - 기타,단일로,기타,0,0,1,0,1,1,0,N,Y,피해,승용,남,51-60세,상해없음,개인형이동수단(PM),남,21-30세,경상,2019.xlsx
2019173328,2019-10,2019,10,송파구,주간,중상사고,차대사람 - 횡단중,차대사람,횡단중,안전운전불이행,건조,맑음,단일로 - 기타,단일로,기타,0,1,0,0,1,1,1,Y,N,가해,개인형이동수단(PM),여,20세 이하,상해없음,보행자,여,31-40세,중상,2019.xlsx
2019175907,2019-10,2019,10,송파구,주간,부상신고사고,차대차 - 기타,차대차,기타,안전운전불이행,건조,맑음,교차로 - 교차로안,교차로,교차로안,0,0,0,1,1,1,0,Y,N,가해,개인형이동수단(PM),여,31-40세,부상신고,승용,남,51-60세,상해없음,2019.xlsx
2019179164,2019-10,2019,10,송파구,야간,경상사고,차대차 - 충돌,차대차,충돌,신호위반,건조,맑음,교차로 - 교차로부근,교차로,교차로부근,0,0,1,0,1,1,0,N,Y,피해,승용,여,51-60세,상해없음,개인형이동수단(PM),남,21-30세,경상,2019.xlsx
2019181844,2019-10,2019,10,송파구,주간,경상사고,차대사람 - 기타,차대사람,기타,안전운전불이행,건조,맑음,단일로 - 기타,단일로,기타,0,0,1,0,1,1,0,Y,N,가해,개인형이동수단(PM),남,20세 이하,상해없음,보행자,남,41-50세,경상,2019.xlsx
2019180560,2019-10,2019,10,영등포구,야간,부상신고사고,차대차 - 기타,차대차,기타,신호위반,건조,맑음,교차로 - 교차로안,교차로,교차로안,0,0,0,1,1,1,0,N,Y,피해,기타불명,기타불명,기타불명,기타불명,개인형이동수단(PM),여,21-30세,부상신고,2019.xlsx
2019169081,2019-10,2019,10,용산구,야간,경상사고,차대차 - 기타,차대차,기타,안전운전불이행,건조,맑음,교차로 - 교차로안,교차로,교차로안,0,0,1,0,1,1,0,N,Y,피해,승용,남,21-30세,기타불명,개인형이동수단(PM),남,31-40세,경상,2019.xlsx
2019178984,2019-10,2019,10,은평구,주간,경상사고,차대차 - 충돌,차대차,충돌,안전운전불이행,건조,맑음,기타 - 기타,기타,기타,0,0,1,0,1,1,0,Y,N,가해,개인형이동수단(PM),여,21-30세,상해없음,자전거,여,41-50세,경상,2019.xlsx
2019169950,2019-10,2019,10,중랑구,주간,경상사고,차대차 - 충돌,차대차,충돌,안전운전불이행,건조,맑음,교차로 - 교차로안,교차로,교차로안,0,0,1,0,1,1,0,N,Y,피해,승용,남,61-64세,상해없음,개인형이동수단(PM),남,31-40세,경상,2019.xlsx
2019195927,2019-11,2019,11,강남구,주간,경상사고,차대차 - 기타,차대차,기타,안전운전불이행,건조,맑음,교차로 - 교차로안,교차로,교차로안,0,0,1,0,1,1,0,N,Y,피해,승용,남,41-50세,상해없음,개인형이동수단(PM),남,41-50세,경상,2019.xlsx
2019196006,2019-11,2019,11,강남구,주간,중상사고,차대차 - 충돌,차대차,충돌,신호위반,건조,맑음,단일로 - 기타,단일로,기타,0,1,0,0,1,1,1,N,Y,피해,승용,남,31-40세,상해없음,개인형이동수단(PM),남,21-30세,중상,2019.xlsx
2019196326,2019-11,2019,11,강남구,야간,중상사고,차대차 - 기타,차대차,기타,신호위반,건조,맑음,단일로 - 기타,단일로,기타,0,1,0,0,1,1,1,N,Y,피해,승용,남,51-60세,상해없음,개인형이동수단(PM),남,51-60세,중상,2019.xlsx
2019197742,2019-11,2019,11,강남구,야간,중상사고,차대차 - 충돌,차대차,충돌,안전거리미확보,건조,맑음,단일로 - 기타,단일로,기타,0,1,0,0,1,1,1,Y,N,가해,개인형이동수단(PM),남,51-60세,중상,승용,남,21-30세,상해없음,2019.xlsx
2019199324,2019-11,2019,11,강남구,야간,경상사고,차대차 - 기타,차대차,기타,안전운전불이행,젖음/습기,비,단일로 - 기타,단일로,기타,0,0,1,0,1,1,0,Y,N,가해,개인형이동수단(PM),여,20세 이하,경상,승용,남,41-50세,상해없음,2019.xlsx
2019199595,2019-11,2019,11,강남구,주간,경상사고,차대차 - 기타,차대차,기타,안전운전불이행,건조,맑음,단일로 - 기타,단일로,기타,0,0,1,0,1,1,0,N,Y,피해,승용,남,21-30세,상해없음,개인형이동수단(PM),남,21-30세,경상,2019.xlsx
2019202502,2019-11,2019,11,강남구,주간,경상사고,차대차 - 기타,차대차,기타,안전운전불이행,건조,맑음,교차로 - 교차로부근,교차로,교차로부근,0,0,1,0,1,1,0,N,Y,피해,승용,남,65세 이상,상해없음,개인형이동수단(PM),남,65세 이상,경상,2019.xlsx
2019203838,2019-11,2019,11,강남구,주간,경상사고,차대차 - 충돌,차대차,충돌,기타,건조,맑음,교차로 - 교차로안,교차로,교차로안,0,0,1,0,1,1,0,N,Y,피해,승용,여,21-30세,상해없음,개인형이동수단(PM),여,21-30세,경상,2019.xlsx
2019203901,2019-11,2019,11,강남구,주간,부상신고사고,차대차 - 기타,차대차,기타,안전운전불이행,건조,맑음,단일로 - 기타,단일로,기타,0,0,0,1,1,1,0,Y,N,가해,개인형이동수단(PM),남,31-40세,부상신고,승용,여,31-40세,상해없음,2019.xlsx
2019204600,2019-11,2019,11,강남구,야간,중상사고,차대차 - 기타,차대차,기타,안전운전불이행,건조,맑음,단일로 - 기타,단일로,기타,0,1,0,0,1,1,1,Y,N,가해,개인형이동수단(PM),남,31-40세,중상,승용,남,61-64세,상해없음,2019.xlsx
2019209222,2019-11,2019,11,강남구,야간,경상사고,차대사람 - 보도통행중,차대사람,보도통행중,기타,건조,맑음,단일로 - 기타,단일로,기타,0,0,1,0,1,1,0,Y,N,가해,개인형이동수단(PM),여,21-30세,상해없음,보행자,여,31-40세,경상,2019.xlsx
2019191402,2019-11,2019,11,강북구,주간,중상사고,차대차 - 충돌,차대차,충돌,안전거리미확보,건조,맑음,단일로 - 기타,단일로,기타,0,1,0,0,1,1,1,N,Y,피해,승합,남,31-40세,상해없음,개인형이동수단(PM),남,21-30세,중상,2019.xlsx
2019201714,2019-11,2019,11,강서구,주간,중상사고,차대차 - 충돌,차대차,충돌,안전운전불이행,기타,맑음,교차로 - 교차로횡단보도내,교차로,교차로횡단보도내,0,1,0,0,1,1,1,N,Y,피해,승용,남,61-64세,상해없음,개인형이동수단(PM),남,21-30세,중상,2019.xlsx
2019202383,2019-11,2019,11,관악구,주간,중상사고,차대차 - 기타,차대차,기타,안전운전불이행,건조,맑음,교차로 - 교차로횡단보도내,교차로,교차로횡단보도내,0,1,0,0,1,1,1,Y,N,가해,개인형이동수단(PM),여,21-30세,중상,화물,남,51-60세,상해없음,2019.xlsx
2019194287,2019-11,2019,11,광진구,야간,경상사고,차대사람 - 기타,차대사람,기타,기타,건조,맑음,단일로 - 기타,단일로,기타,0,0,1,0,1,1,0,Y,N,가해,개인형이동수단(PM),남,21-30세,기타불명,보행자,여,21-30세,경상,2019.xlsx
2019196759,2019-11,2019,11,구로구,주간,중상사고,차대차 - 기타,차대차,기타,안전운전불이행,건조,맑음,교차로 - 교차로안,교차로,교차로안,0,1,0,0,1,1,1,N,Y,피해,승용,남,41-50세,상해없음,개인형이동수단(PM),남,31-40세,중상,2019.xlsx
2019191451,2019-11,2019,11,금천구,주간,중상사고,차대사람 - 기타,차대사람,기타,기타,건조,맑음,단일로 - 기타,단일로,기타,0,1,0,0,1,1,1,Y,N,가해,개인형이동수단(PM),남,21-30세,상해없음,보행자,여,31-40세,중상,2019.xlsx
2019192007,2019-11,2019,11,금천구,야간,중상사고,차대차 - 기타,차대차,기타,안전운전불이행,건조,맑음,단일로 - 기타,단일로,기타,0,1,0,0,1,1,1,N,Y,피해,승합,남,65세 이상,상해없음,개인형이동수단(PM),남,41-50세,중상,2019.xlsx
2019193182,2019-11,2019,11,금천구,주간,중상사고,차대차 - 기타,차대차,기타,중앙선침범,건조,맑음,단일로 - 기타,단일로,기타,0,1,0,0,1,1,1,Y,N,가해,개인형이동수단(PM),남,65세 이상,중상,승합,남,51-60세,상해없음,2019.xlsx
2019209858,2019-11,2019,11,노원구,야간,경상사고,차대차 - 기타,차대차,기타,안전운전불이행,건조,맑음,단일로 - 기타,단일로,기타,0,0,1,0,1,1,0,Y,N,가해,개인형이동수단(PM),남,21-30세,경상,승용,남,41-50세,상해없음,2019.xlsx
2019191555,2019-11,2019,11,도봉구,주간,중상사고,차대사람 - 기타,차대사람,기타,안전운전불이행,기타,맑음,단일로 - 기타,단일로,기타,0,1,0,0,1,1,1,Y,N,가해,개인형이동수단(PM),여,21-30세,상해없음,보행자,여,65세 이상,중상,2019.xlsx
2019188760,2019-11,2019,11,마포구,주간,부상신고사고,차대차 - 충돌,차대차,충돌,안전운전불이행,건조,맑음,기타 - 기타,기타,기타,0,0,0,1,1,1,0,Y,N,가해,개인형이동수단(PM),여,51-60세,부상신고,화물,남,41-50세,상해없음,2019.xlsx
2019188659,2019-11,2019,11,서초구,주간,경상사고,차대차 - 기타,차대차,기타,안전운전불이행,건조,맑음,교차로 - 교차로부근,교차로,교차로부근,0,0,1,0,1,1,0,N,Y,피해,승용,여,41-50세,상해없음,개인형이동수단(PM),여,31-40세,경상,2019.xlsx
2019190288,2019-11,2019,11,서초구,주간,부상신고사고,차대차 - 기타,차대차,기타,안전운전불이행,건조,맑음,교차로 - 교차로안,교차로,교차로안,0,0,0,1,1,1,0,Y,N,가해,개인형이동수단(PM),남,21-30세,부상신고,이륜,남,21-30세,상해없음,2019.xlsx
2019190430,2019-11,2019,11,서초구,야간,경상사고,차대차 - 기타,차대차,기타,안전운전불이행,건조,맑음,교차로 - 교차로부근,교차로,교차로부근,0,0,1,0,1,1,0,N,Y,피해,승용,남,65세 이상,상해없음,개인형이동수단(PM),남,13-20세,경상,2019.xlsx
2019190894,2019-11,2019,11,서초구,주간,경상사고,차대차 - 추돌,차대차,추돌,중앙선침범,건조,맑음,단일로 - 기타,단일로,기타,0,0,1,0,1,1,0,N,Y,피해,이륜,남,51-60세,상해없음,개인형이동수단(PM),남,21-30세,경상,2019.xlsx
2019193327,2019-11,2019,11,서초구,야간,경상사고,차대차 - 충돌,차대차,충돌,중앙선침범,건조,맑음,단일로 - 기타,단일로,기타,0,0,1,0,1,1,0,Y,N,가해,개인형이동수단(PM),남,21-30세,경상,승용,남,61-64세,상해없음,2019.xlsx
2019203841,2019-11,2019,11,서초구,주간,경상사고,차대차 - 기타,차대차,기타,안전운전불이행,건조,맑음,단일로 - 기타,단일로,기타,0,0,1,0,1,1,0,N,Y,피해,승용,남,41-50세,상해없음,개인형이동수단(PM),여,31-40세,경상,2019.xlsx
2019206334,2019-11,2019,11,서초구,야간,경상사고,차대사람 - 길가장자리구역통행중,차대사람,길가장자리구역통행중,안전운전불이행,건조,맑음,기타 - 기타,기타,기타,0,0,1,0,1,1,0,Y,N,가해,개인형이동수단(PM),남,20세 이하,상해없음,보행자,여,41-50세,경상,2019.xlsx
2019207015,2019-11,2019,11,서초구,야간,부상신고사고,차대사람 - 횡단중,차대사람,횡단중,보행자보호의무위반,건조,맑음,기타 - 기타,기타,기타,0,0,0,1,1,1,0,Y,N,가해,개인형이동수단(PM),남,20세 이하,상해없음,보행자,남,51-60세,부상신고,2019.xlsx
2019206199,2019-11,2019,11,성동구,주간,경상사고,차대차 - 기타,차대차,기타,안전운전불이행,건조,맑음,기타 - 기타,기타,기타,0,0,1,0,1,1,0,N,Y,피해,승용,여,51-60세,상해없음,개인형이동수단(PM),남,41-50세,경상,2019.xlsx
2019208304,2019-11,2019,11,성동구,야간,중상사고,차대사람 - 기타,차대사람,기타,기타,기타,맑음,기타 - 기타,기타,기타,0,1,0,0,1,1,1,Y,N,가해,개인형이동수단(PM),남,21-30세,상해없음,보행자,여,51-60세,중상,2019.xlsx
2019189218,2019-11,2019,11,성북구,야간,경상사고,차대차 - 기타,차대차,기타,안전운전불이행,건조,맑음,기타 - 기타,기타,기타,0,0,1,0,1,1,0,Y,N,가해,개인형이동수단(PM),남,21-30세,상해없음,승합,남,31-40세,상해없음,2019.xlsx
2019197899,2019-11,2019,11,성북구,주간,부상신고사고,차대차 - 추돌,차대차,추돌,안전거리미확보,건조,맑음,단일로 - 기타,단일로,기타,0,0,0,1,1,1,0,Y,N,가해,개인형이동수단(PM),여,51-60세,부상신고,이륜,남,31-40세,상해없음,2019.xlsx
2019209646,2019-11,2019,11,성북구,주간,중상사고,차대차 - 충돌,차대차,충돌,안전운전불이행,건조,흐림,단일로 - 기타,단일로,기타,0,1,0,0,1,1,1,N,Y,피해,원동기,남,21-30세,상해없음,개인형이동수단(PM),남,65세 이상,중상,2019.xlsx
2019202072,2019-11,2019,11,송파구,야간,경상사고,차대사람 - 기타,차대사람,기타,기타,건조,맑음,단일로 - 기타,단일로,기타,0,0,1,0,1,1,0,Y,N,가해,개인형이동수단(PM),남,21-30세,상해없음,보행자,남,41-50세,경상,2019.xlsx
2019198609,2019-11,2019,11,양천구,야간,경상사고,차대차 - 기타,차대차,기타,신호위반,건조,맑음,교차로 - 교차로안,교차로,교차로안,0,0,1,0,1,1,0,N,Y,피해,화물,남,31-40세,상해없음,개인형이동수단(PM),남,65세 이상,경상,2019.xlsx
2019203730,2019-11,2019,11,은평구,야간,경상사고,차대차 - 충돌,차대차,충돌,신호위반,건조,맑음,교차로 - 교차로횡단보도내,교차로,교차로횡단보도내,0,0,1,0,1,1,0,N,Y,피해,이륜,남,20세 이하,상해없음,개인형이동수단(PM),여,21-30세,경상,2019.xlsx
2019207374,2019-11,2019,11,종로구,주간,경상사고,차대사람 - 기타,차대사람,기타,기타,건조,맑음,기타 - 기타,기타,기타,0,0,1,0,1,1,0,Y,N,가해,개인형이동수단(PM),남,21-30세,상해없음,보행자,여,61-64세,경상,2019.xlsx
2019195839,2019-11,2019,11,중랑구,주간,중상사고,차대차 - 충돌,차대차,충돌,안전운전불이행,건조,맑음,교차로 - 교차로안,교차로,교차로안,0,1,0,0,1,1,1,N,Y,피해,화물,남,51-60세,상해없음,개인형이동수단(PM),남,41-50세,중상,2019.xlsx
2019205683,2019-11,2019,11,중랑구,야간,경상사고,차대차 - 기타,차대차,기타,안전운전불이행,젖음/습기,흐림,교차로 - 교차로안,교차로,교차로안,0,0,1,0,1,1,0,Y,N,가해,개인형이동수단(PM),남,21-30세,상해없음,이륜,남,51-60세,경상,2019.xlsx
2019207859,2019-11,2019,11,중랑구,야간,경상사고,차대차 - 충돌,차대차,충돌,안전운전불이행,건조,맑음,단일로 - 기타,단일로,기타,0,0,1,0,1,1,0,Y,N,가해,개인형이동수단(PM),남,41-50세,경상,승용,남,65세 이상,상해없음,2019.xlsx
2019211253,2019-12,2019,12,강남구,야간,부상신고사고,차대차 - 기타,차대차,기타,기타,건조,맑음,교차로 - 교차로안,교차로,교차로안,0,0,0,1,1,1,0,Y,N,가해,개인형이동수단(PM),남,21-30세,부상신고,승용,남,21-30세,상해없음,2019.xlsx
2019225418,2019-12,2019,12,강남구,야간,부상신고사고,차대사람 - 보도통행중,차대사람,보도통행중,기타,기타,맑음,단일로 - 기타,단일로,기타,0,0,0,1,1,1,0,Y,N,가해,개인형이동수단(PM),여,21-30세,상해없음,보행자,여,21-30세,부상신고,2019.xlsx
2019225419,2019-12,2019,12,강남구,야간,경상사고,차대차 - 충돌,차대차,충돌,기타,기타,맑음,교차로 - 교차로횡단보도내,교차로,교차로횡단보도내,0,0,1,0,1,1,0,Y,N,가해,개인형이동수단(PM),남,21-30세,경상,승용,남,31-40세,상해없음,2019.xlsx
2019227267,2019-12,2019,12,강남구,야간,경상사고,차대차 - 기타,차대차,기타,안전운전불이행,건조,맑음,단일로 - 기타,단일로,기타,0,0,1,0,1,1,0,Y,N,가해,개인형이동수단(PM),남,20세 이하,상해없음,승합,남,41-50세,상해없음,2019.xlsx
2019229152,2019-12,2019,12,강동구,주간,중상사고,차대차 - 기타,차대차,기타,안전운전불이행,건조,맑음,교차로 - 교차로안,교차로,교차로안,0,1,0,0,1,1,1,N,Y,피해,원동기,남,51-60세,중상,개인형이동수단(PM),여,65세 이상,상해없음,2019.xlsx
2019223388,2019-12,2019,12,강서구,주간,중상사고,차대차 - 충돌,차대차,충돌,안전운전불이행,건조,흐림,단일로 - 기타,단일로,기타,0,1,0,0,1,1,1,N,Y,피해,승용,남,31-40세,상해없음,개인형이동수단(PM),남,31-40세,중상,2019.xlsx
2019224613,2019-12,2019,12,강서구,주간,중상사고,차대사람 - 횡단중,차대사람,횡단중,보행자보호의무위반,건조,맑음,단일로 - 기타,단일로,기타,0,1,0,0,1,1,1,Y,N,가해,개인형이동수단(PM),남,51-60세,상해없음,보행자,여,61-64세,중상,2019.xlsx
2019223292,2019-12,2019,12,광진구,주간,중상사고,차대차 - 기타,차대차,기타,신호위반,건조,맑음,기타 - 기타,기타,기타,0,1,0,0,1,1,1,Y,N,가해,개인형이동수단(PM),남,31-40세,상해없음,자전거,여,61-64세,중상,2019.xlsx
2019212988,2019-12,2019,12,서초구,주간,경상사고,차대차 - 충돌,차대차,충돌,안전운전불이행,건조,맑음,기타 - 기타,기타,기타,0,0,1,0,1,1,0,Y,N,가해,개인형이동수단(PM),남,21-30세,상해없음,이륜,남,51-60세,경상,2019.xlsx
2019222559,2019-12,2019,12,서초구,주간,부상신고사고,차대차 - 충돌,차대차,충돌,안전운전불이행,건조,맑음,기타 - 기타,기타,기타,0,0,0,1,1,1,0,Y,N,가해,개인형이동수단(PM),남,21-30세,부상신고,승용,남,61-64세,상해없음,2019.xlsx
2019228995,2019-12,2019,12,서초구,야간,경상사고,차대사람 - 보도통행중,차대사람,보도통행중,기타,건조,기타,기타 - 기타,기타,기타,0,0,1,0,1,1,0,Y,N,가해,개인형이동수단(PM),남,31-40세,상해없음,보행자,남,31-40세,경상,2019.xlsx
2019226618,2019-12,2019,12,양천구,야간,중상사고,차대사람 - 횡단중,차대사람,횡단중,안전운전불이행,건조,맑음,교차로 - 교차로부근,교차로,교차로부근,0,1,0,0,1,1,1,Y,N,가해,개인형이동수단(PM),남,41-50세,상해없음,보행자,남,13-20세,중상,2019.xlsx
2019210811,2019-12,2019,12,영등포구,주간,경상사고,차대사람 - 기타,차대사람,기타,기타,건조,맑음,기타 - 기타,기타,기타,0,0,1,0,1,1,0,Y,N,가해,개인형이동수단(PM),여,65세 이상,상해없음,보행자,남,31-40세,경상,2019.xlsx
2019213266,2019-12,2019,12,영등포구,야간,경상사고,차대차 - 충돌,차대차,충돌,안전운전불이행,건조,맑음,단일로 - 교량,단일로,교량,0,0,1,0,1,1,0,N,Y,피해,승용,남,61-64세,상해없음,개인형이동수단(PM),남,31-40세,경상,2019.xlsx
2019221760,2019-12,2019,12,영등포구,야간,경상사고,차대차 - 충돌,차대차,충돌,안전운전불이행,건조,맑음,단일로 - 기타,단일로,기타,0,0,1,0,1,1,0,N,Y,피해,승합,남,61-64세,상해없음,개인형이동수단(PM),남,51-60세,경상,2019.xlsx
2019225145,2019-12,2019,12,영등포구,주간,중상사고,차대차 - 기타,차대차,기타,안전운전불이행,건조,맑음,기타 - 기타,기타,기타,0,1,0,0,1,1,1,N,Y,피해,기타불명,기타불명,기타불명,기타불명,개인형이동수단(PM),남,31-40세,중상,2019.xlsx
2019215368,2019-12,2019,12,은평구,주간,중상사고,차대차 - 충돌,차대차,충돌,교차로운행방법위반,건조,맑음,단일로 - 기타,단일로,기타,0,1,0,0,1,1,1,Y,N,가해,개인형이동수단(PM),남,20세 이하,중상,승용,남,65세 이상,상해없음,2019.xlsx
2019218843,2019-12,2019,12,은평구,주간,경상사고,차대사람 - 횡단중,차대사람,횡단중,안전운전불이행,건조,맑음,교차로 - 교차로부근,교차로,교차로부근,0,0,1,0,1,1,0,Y,N,가해,개인형이동수단(PM),남,41-50세,상해없음,보행자,여,65세 이상,경상,2019.xlsx
2019226985,2019-12,2019,12,은평구,주간,경상사고,차대차 - 기타,차대차,기타,교차로운행방법위반,건조,맑음,교차로 - 교차로안,교차로,교차로안,0,0,1,0,1,1,0,Y,N,가해,개인형이동수단(PM),남,31-40세,경상,승용,남,61-64세,상해없음,2019.xlsx
2019214065,2019-12,2019,12,중구,야간,경상사고,차대차 - 충돌,차대차,충돌,안전운전불이행,건조,맑음,단일로 - 기타,단일로,기타,0,0,1,0,1,1,0,N,Y,피해,화물,남,31-40세,상해없음,개인형이동수단(PM),남,41-50세,경상,2019.xlsx
2019225209,2019-12,2019,12,중랑구,주간,부상신고사고,차대차 - 충돌,차대차,충돌,안전운전불이행,건조,맑음,단일로 - 기타,단일로,기타,0,0,0,1,1,1,0,N,Y,피해,화물,남,65세 이상,상해없음,개인형이동수단(PM),남,31-40세,부상신고,2019.xlsx
2020005325,2020-01,2020,1,강남구,야간,부상신고사고,차대차 - 기타,차대차,기타,안전운전불이행,건조,맑음,교차로 - 교차로안,교차로,교차로안,0,0,0,1,1,1,0,N,Y,피해,승용,남,65세 이상,상해없음,개인형이동수단(PM),여,21-30세,부상신고,2020.xlsx
2020008740,2020-01,2020,1,강남구,야간,경상사고,차대사람 - 보도통행중,차대사람,보도통행중,안전운전불이행,건조,맑음,단일로 - 기타,단일로,기타,0,0,1,0,1,1,0,Y,N,가해,개인형이동수단(PM),남,20세 이하,상해없음,보행자,여,51-60세,경상,2020.xlsx
2020012607,2020-01,2020,1,강남구,야간,중상사고,차량단독 - 기타,차량단독,기타,안전운전불이행,건조,맑음,기타 - 기타,기타,기타,0,1,0,0,1,1,1,Y,N,가해,개인형이동수단(PM),남,31-40세,중상,,,,,2020.xlsx
2020013304,2020-01,2020,1,강남구,야간,경상사고,차대차 - 기타,차대차,기타,안전운전불이행,건조,맑음,단일로 - 기타,단일로,기타,0,0,2,0,2,2,0,Y,N,가해,개인형이동수단(PM),남,41-50세,경상,승용,남,21-30세,상해없음,2020.xlsx
2020015612,2020-01,2020,1,강남구,주간,경상사고,차대사람 - 횡단중,차대사람,횡단중,보행자보호의무위반,건조,기타,단일로 - 기타,단일로,기타,0,0,1,0,1,1,0,Y,N,가해,개인형이동수단(PM),남,51-60세,상해없음,보행자,남,41-50세,경상,2020.xlsx
2020016847,2020-01,2020,1,강서구,야간,경상사고,차대차 - 충돌,차대차,충돌,안전운전불이행,건조,맑음,단일로 - 기타,단일로,기타,0,0,2,0,2,2,0,Y,N,가해,개인형이동수단(PM),남,65세 이상,경상,이륜,남,31-40세,경상,2020.xlsx
2020008796,2020-01,2020,1,관악구,야간,경상사고,차대차 - 기타,차대차,기타,신호위반,건조,기타,교차로 - 교차로부근,교차로,교차로부근,0,0,1,0,1,1,0,N,Y,피해,승용,남,61-64세,상해없음,개인형이동수단(PM),남,21-30세,경상,2020.xlsx
2020009983,2020-01,2020,1,구로구,야간,부상신고사고,차대차 - 기타,차대차,기타,안전운전불이행,건조,맑음,교차로 - 교차로부근,교차로,교차로부근,0,0,0,1,1,1,0,N,Y,피해,승용,남,21-30세,상해없음,개인형이동수단(PM),남,41-50세,부상신고,2020.xlsx
2020002484,2020-01,2020,1,금천구,주간,중상사고,차대차 - 충돌,차대차,충돌,안전운전불이행,건조,맑음,교차로 - 교차로부근,교차로,교차로부근,0,1,0,0,1,1,1,N,Y,피해,승용,여,41-50세,상해없음,개인형이동수단(PM),남,31-40세,중상,2020.xlsx
2020010950,2020-01,2020,1,금천구,야간,경상사고,차대사람 - 기타,차대사람,기타,안전운전불이행,건조,맑음,단일로 - 기타,단일로,기타,0,0,2,0,2,2,0,Y,N,가해,개인형이동수단(PM),남,21-30세,상해없음,보행자,남,65세 이상,경상,2020.xlsx
2020002416,2020-01,2020,1,동대문구,야간,중상사고,차대차 - 충돌,차대차,충돌,기타,건조,맑음,교차로 - 교차로안,교차로,교차로안,0,1,0,0,1,1,1,N,Y,피해,승용,남,51-60세,상해없음,개인형이동수단(PM),남,21-30세,중상,2020.xlsx
2020008208,2020-01,2020,1,동대문구,야간,부상신고사고,차량단독 - 기타,차량단독,기타,안전운전불이행,건조,맑음,단일로 - 기타,단일로,기타,0,0,0,1,1,1,0,Y,N,가해,개인형이동수단(PM),여,51-60세,부상신고,,,,,2020.xlsx
2020011659,2020-01,2020,1,마포구,야간,중상사고,차대차 - 기타,차대차,기타,안전운전불이행,건조,맑음,교차로 - 교차로안,교차로,교차로안,0,1,0,0,1,1,1,Y,N,가해,개인형이동수단(PM),여,21-30세,중상,승용,남,21-30세,상해없음,2020.xlsx
2020009105,2020-01,2020,1,서초구,주간,경상사고,차대사람 - 길가장자리구역통행중,차대사람,길가장자리구역통행중,안전운전불이행,건조,맑음,단일로 - 지하차도(도로)내,단일로,지하차도(도로)내,0,0,1,0,1,1,0,Y,N,가해,개인형이동수단(PM),여,21-30세,상해없음,보행자,여,51-60세,경상,2020.xlsx
2020016099,2020-01,2020,1,서초구,주간,경상사고,차대차 - 충돌,차대차,충돌,기타,건조,기타,단일로 - 기타,단일로,기타,0,0,1,0,1,1,0,N,Y,피해,이륜,남,41-50세,경상,개인형이동수단(PM),남,31-40세,기타불명,2020.xlsx
2020000560,2020-01,2020,1,양천구,주간,중상사고,차대차 - 충돌,차대차,충돌,안전운전불이행,건조,흐림,단일로 - 기타,단일로,기타,0,1,0,0,1,1,1,Y,N,가해,개인형이동수단(PM),남,20세 이하,중상,화물,남,65세 이상,상해없음,2020.xlsx
2020011005,2020-01,2020,1,영등포구,야간,중상사고,차대차 - 기타,차대차,기타,신호위반,건조,맑음,단일로 - 기타,단일로,기타,0,1,0,0,1,1,1,Y,N,가해,개인형이동수단(PM),남,41-50세,상해없음,자전거,여,61-64세,중상,2020.xlsx
2020003418,2020-01,2020,1,용산구,주간,중상사고,차대사람 - 기타,차대사람,기타,안전운전불이행,젖음/습기,비,단일로 - 기타,단일로,기타,0,1,0,0,1,1,1,Y,N,가해,개인형이동수단(PM),남,31-40세,상해없음,보행자,여,65세 이상,중상,2020.xlsx
2020008011,2020-01,2020,1,중랑구,야간,중상사고,차대차 - 충돌,차대차,충돌,신호위반,건조,흐림,단일로 - 지하차도(도로)내,단일로,지하차도(도로)내,0,1,0,0,1,1,1,N,Y,피해,승용,여,41-50세,상해없음,개인형이동수단(PM),남,41-50세,중상,2020.xlsx
2020017190,2020-02,2020,2,강남구,주간,경상사고,차대차 - 기타,차대차,기타,안전운전불이행,건조,맑음,교차로 - 교차로횡단보도내,교차로,교차로횡단보도내,0,0,1,0,1,1,0,N,Y,피해,화물,남,21-30세,상해없음,개인형이동수단(PM),여,21-30세,경상,2020.xlsx
2020017886,2020-02,2020,2,강남구,주간,부상신고사고,차대차 - 기타,차대차,기타,안전운전불이행,건조,맑음,교차로 - 교차로안,교차로,교차로안,0,0,0,1,1,1,0,Y,N,가해,개인형이동수단(PM),남,41-50세,부상신고,승용,남,41-50세,상해없음,2020.xlsx
2020017982,2020-02,2020,2,강남구,주간,경상사고,차대차 - 기타,차대차,기타,신호위반,건조,맑음,단일로 - 기타,단일로,기타,0,0,1,0,1,1,0,N,Y,피해,승용,남,31-40세,상해없음,개인형이동수단(PM),남,31-40세,경상,2020.xlsx
2020018378,2020-02,2020,2,강남구,야간,부상신고사고,차대차 - 기타,차대차,기타,교차로운행방법위반,건조,맑음,교차로 - 교차로부근,교차로,교차로부근,0,0,0,1,1,1,0,Y,N,가해,개인형이동수단(PM),여,21-30세,부상신고,승용,남,31-40세,상해없음,2020.xlsx
2020020043,2020-02,2020,2,강남구,주간,경상사고,차대사람 - 보도통행중,차대사람,보도통행중,기타,건조,맑음,단일로 - 기타,단일로,기타,0,0,1,0,1,1,0,Y,N,가해,개인형이동수단(PM),남,20세 이하,상해없음,보행자,여,31-40세,경상,2020.xlsx
2020020306,2020-02,2020,2,강남구,야간,경상사고,차대차 - 기타,차대차,기타,안전운전불이행,건조,맑음,교차로 - 교차로안,교차로,교차로안,0,0,1,0,1,1,0,N,Y,피해,승용,남,65세 이상,상해없음,개인형이동수단(PM),남,13-20세,경상,2020.xlsx
2020020832,2020-02,2020,2,강남구,야간,부상신고사고,차대차 - 충돌,차대차,충돌,안전운전불이행,건조,맑음,교차로 - 교차로부근,교차로,교차로부근,0,0,0,1,1,1,0,Y,N,가해,개인형이동수단(PM),남,21-30세,부상신고,승용,남,51-60세,상해없음,2020.xlsx
2020023892,2020-02,2020,2,강남구,야간,부상신고사고,차대차 - 기타,차대차,기타,안전운전불이행,젖음/습기,비,교차로 - 교차로안,교차로,교차로안,0,0,0,1,1,1,0,Y,N,가해,개인형이동수단(PM),남,21-30세,부상신고,승용,남,65세 이상,상해없음,2020.xlsx
2020025724,2020-02,2020,2,강남구,야간,부상신고사고,차량단독 - 기타,차량단독,기타,신호위반,젖음/습기,비,기타 - 기타,기타,기타,0,0,0,1,1,1,0,Y,N,가해,개인형이동수단(PM),여,21-30세,부상신고,,,,,2020.xlsx
2020025749,2020-02,2020,2,강남구,야간,부상신고사고,차량단독 - 기타,차량단독,기타,안전운전불이행,젖음/습기,눈,단일로 - 기타,단일로,기타,0,0,0,1,1,1,0,Y,N,가해,개인형이동수단(PM),남,21-30세,부상신고,,,,,2020.xlsx
2020028188,2020-02,2020,2,강남구,야간,경상사고,차대사람 - 기타,차대사람,기타,안전운전불이행,건조,맑음,단일로 - 기타,단일로,기타,0,0,1,0,1,1,0,Y,N,가해,개인형이동수단(PM),남,21-30세,상해없음,보행자,여,31-40세,경상,2020.xlsx
2020030148,2020-02,2020,2,강남구,야간,중상사고,차대차 - 기타,차대차,기타,교차로운행방법위반,건조,맑음,교차로 - 교차로안,교차로,교차로안,0,1,0,0,1,1,1,N,Y,피해,승합,남,61-64세,상해없음,개인형이동수단(PM),남,31-40세,중상,2020.xlsx
2020030935,2020-02,2020,2,강남구,야간,경상사고,차대사람 - 기타,차대사람,기타,기타,건조,맑음,단일로 - 기타,단일로,기타,0,0,1,0,1,1,0,Y,N,가해,개인형이동수단(PM),여,21-30세,상해없음,보행자,여,31-40세,경상,2020.xlsx
2020032324,2020-02,2020,2,강남구,야간,경상사고,차대사람 - 기타,차대사람,기타,기타,건조,맑음,기타 - 기타,기타,기타,0,0,1,0,1,1,0,Y,N,가해,개인형이동수단(PM),여,31-40세,상해없음,보행자,여,21-30세,경상,2020.xlsx
2020018978,2020-02,2020,2,강북구,야간,경상사고,차대차 - 기타,차대차,기타,신호위반,젖음/습기,흐림,교차로 - 교차로안,교차로,교차로안,0,0,1,0,1,1,0,Y,N,가해,개인형이동수단(PM),남,31-40세,경상,승용,남,31-40세,상해없음,2020.xlsx
2020021243,2020-02,2020,2,강서구,주간,경상사고,차대차 - 기타,차대차,기타,안전운전불이행,건조,맑음,교차로 - 교차로안,교차로,교차로안,0,0,1,0,1,1,0,N,Y,피해,승용,남,65세 이상,상해없음,개인형이동수단(PM),남,31-40세,경상,2020.xlsx
2020021080,2020-02,2020,2,광진구,야간,경상사고,차대사람 - 기타,차대사람,기타,기타,건조,맑음,기타 - 기타,기타,기타,0,0,1,0,1,1,0,Y,N,가해,개인형이동수단(PM),남,41-50세,상해없음,보행자,남,21-30세,경상,2020.xlsx
2020019159,2020-02,2020,2,구로구,주간,경상사고,차대차 - 충돌,차대차,충돌,안전운전불이행,건조,맑음,교차로 - 교차로안,교차로,교차로안,0,0,1,0,1,1,0,N,Y,피해,화물,남,51-60세,상해없음,개인형이동수단(PM),남,21-30세,경상,2020.xlsx
2020022131,2020-02,2020,2,구로구,주간,중상사고,차대차 - 충돌,차대차,충돌,안전거리미확보,건조,맑음,교차로 - 교차로부근,교차로,교차로부근,0,1,0,0,1,1,1,Y,N,가해,개인형이동수단(PM),여,51-60세,중상,승용,남,31-40세,상해없음,2020.xlsx
2020018519,2020-02,2020,2,노원구,주간,부상신고사고,차대차 - 충돌,차대차,충돌,안전운전불이행,건조,맑음,단일로 - 기타,단일로,기타,0,0,0,1,1,1,0,Y,N,가해,개인형이동수단(PM),여,51-60세,부상신고,승용,여,31-40세,기타불명,2020.xlsx
2020028516,2020-02,2020,2,노원구,주간,경상사고,차대차 - 충돌,차대차,충돌,안전운전불이행,건조,맑음,교차로 - 교차로안,교차로,교차로안,0,0,1,0,1,1,0,N,Y,피해,승용,남,65세 이상,상해없음,개인형이동수단(PM),남,21-30세,경상,2020.xlsx
2020021066,2020-02,2020,2,동작구,야간,중상사고,차대차 - 기타,차대차,기타,안전운전불이행,건조,맑음,교차로 - 교차로부근,교차로,교차로부근,0,1,0,0,1,1,1,N,Y,피해,승용,남,61-64세,상해없음,개인형이동수단(PM),남,65세 이상,중상,2020.xlsx
2020021361,2020-02,2020,2,마포구,주간,경상사고,차대사람 - 기타,차대사람,기타,안전운전불이행,건조,맑음,단일로 - 기타,단일로,기타,0,0,1,0,1,1,0,Y,N,가해,개인형이동수단(PM),남,31-40세,상해없음,보행자,남,41-50세,경상,2020.xlsx
2020026789,2020-02,2020,2,서초구,야간,중상사고,차대차 - 충돌,차대차,충돌,안전운전불이행,건조,맑음,단일로 - 기타,단일로,기타,0,1,0,0,1,1,1,N,Y,피해,승용,여,31-40세,상해없음,개인형이동수단(PM),남,21-30세,중상,2020.xlsx
2020024212,2020-02,2020,2,송파구,주간,부상신고사고,차대차 - 충돌,차대차,충돌,안전운전불이행,건조,맑음,교차로 - 교차로횡단보도내,교차로,교차로횡단보도내,0,0,0,1,1,1,0,Y,N,가해,개인형이동수단(PM),여,21-30세,부상신고,승용,남,41-50세,상해없음,2020.xlsx
2020027008,2020-02,2020,2,송파구,주간,부상신고사고,차대차 - 충돌,차대차,충돌,안전운전불이행,건조,맑음,교차로 - 교차로안,교차로,교차로안,0,0,0,1,1,1,0,N,Y,피해,승용,남,65세 이상,상해없음,개인형이동수단(PM),남,31-40세,부상신고,2020.xlsx
2020017185,2020-02,2020,2,종로구,주간,중상사고,차대차 - 기타,차대차,기타,기타,건조,맑음,단일로 - 기타,단일로,기타,0,1,0,0,1,1,1,N,Y,피해,승용,남,61-64세,상해없음,개인형이동수단(PM),여,31-40세,중상,2020.xlsx
2020024493,2020-02,2020,2,종로구,야간,중상사고,차대차 - 충돌,차대차,충돌,안전운전불이행,건조,맑음,교차로 - 교차로부근,교차로,교차로부근,0,1,0,0,1,1,1,Y,N,가해,개인형이동수단(PM),남,41-50세,중상,승용,남,61-64세,상해없음,2020.xlsx
2020029153,2020-02,2020,2,종로구,주간,경상사고,차대사람 - 기타,차대사람,기타,안전운전불이행,건조,맑음,교차로 - 교차로안,교차로,교차로안,0,0,1,0,1,1,0,Y,N,가해,개인형이동수단(PM),남,21-30세,상해없음,보행자,남,51-60세,경상,2020.xlsx
2020028385,2020-02,2020,2,중구,야간,경상사고,차대차 - 기타,차대차,기타,안전운전불이행,건조,맑음,교차로 - 교차로안,교차로,교차로안,0,0,1,0,1,1,0,Y,N,가해,개인형이동수단(PM),여,31-40세,상해없음,원동기,남,41-50세,경상,2020.xlsx
2020017759,2020-02,2020,2,중랑구,야간,경상사고,차대차 - 기타,차대차,기타,안전운전불이행,건조,맑음,교차로 - 교차로부근,교차로,교차로부근,0,0,1,0,1,1,0,N,Y,피해,승용,남,31-40세,상해없음,개인형이동수단(PM),남,51-60세,경상,2020.xlsx
2020034439,2020-03,2020,3,강남구,주간,경상사고,차대차 - 기타,차대차,기타,안전운전불이행,건조,맑음,교차로 - 교차로안,교차로,교차로안,0,0,1,0,1,1,0,N,Y,피해,승용,남,61-64세,상해없음,개인형이동수단(PM),남,21-30세,경상,2020.xlsx
2020037552,2020-03,2020,3,강남구,야간,중상사고,차대차 - 충돌,차대차,충돌,교차로운행방법위반,젖음/습기,흐림,교차로 - 교차로안,교차로,교차로안,0,1,0,0,1,1,1,N,Y,피해,승용,여,61-64세,상해없음,개인형이동수단(PM),남,51-60세,중상,2020.xlsx
2020040116,2020-03,2020,3,구로구,주간,경상사고,차대차 - 충돌,차대차,충돌,교차로운행방법위반,건조,맑음,교차로 - 교차로안,교차로,교차로안,0,0,1,0,1,1,0,N,Y,피해,승용,남,31-40세,상해없음,개인형이동수단(PM),여,61-64세,경상,2020.xlsx
2020044028,2020-03,2020,3,금천구,야간,경상사고,차대차 - 추돌,차대차,추돌,안전운전불이행,건조,맑음,교차로 - 교차로안,교차로,교차로안,0,0,1,0,1,1,0,Y,N,가해,개인형이동수단(PM),남,61-64세,상해없음,이륜,남,31-40세,경상,2020.xlsx
2020034137,2020-03,2020,3,서초구,주간,중상사고,차대차 - 충돌,차대차,충돌,안전운전불이행,건조,맑음,교차로 - 교차로횡단보도내,교차로,교차로횡단보도내,0,1,0,0,1,1,1,N,Y,피해,이륜,남,31-40세,상해없음,개인형이동수단(PM),남,21-30세,중상,2020.xlsx
2020036878,2020-03,2020,3,서초구,주간,중상사고,차대차 - 충돌,차대차,충돌,안전운전불이행,건조,맑음,교차로 - 교차로안,교차로,교차로안,0,1,0,0,1,1,1,N,Y,피해,승용,남,31-40세,상해없음,개인형이동수단(PM),여,13-20세,중상,2020.xlsx
2020038673,2020-03,2020,3,서초구,야간,경상사고,차대차 - 기타,차대차,기타,안전운전불이행,건조,맑음,단일로 - 교량,단일로,교량,0,0,1,0,1,1,0,Y,Y,가해+피해,개인형이동수단(PM),남,31-40세,상해없음,개인형이동수단(PM),남,41-50세,경상,2020.xlsx
2020042096,2020-03,2020,3,서초구,주간,중상사고,차대차 - 기타,차대차,기타,안전거리미확보,건조,맑음,단일로 - 기타,단일로,기타,0,1,0,0,1,1,1,N,Y,피해,승용,남,51-60세,상해없음,개인형이동수단(PM),남,21-30세,중상,2020.xlsx
2020044962,2020-03,2020,3,성동구,주간,경상사고,차대차 - 충돌,차대차,충돌,교차로운행방법위반,건조,맑음,교차로 - 교차로안,교차로,교차로안,0,0,1,0,1,1,0,Y,N,가해,개인형이동수단(PM),여,21-30세,경상,승용,남,31-40세,상해없음,2020.xlsx
2020034597,2020-03,2020,3,송파구,주간,경상사고,차대차 - 충돌,차대차,충돌,안전운전불이행,건조,맑음,교차로 - 교차로횡단보도내,교차로,교차로횡단보도내,0,0,2,0,2,2,0,Y,N,가해,개인형이동수단(PM),남,21-30세,경상,승용,여,51-60세,경상,2020.xlsx
2020039903,2020-03,2020,3,송파구,주간,중상사고,차대차 - 충돌,차대차,충돌,신호위반,건조,맑음,교차로 - 교차로안,교차로,교차로안,0,1,0,0,1,1,1,N,Y,피해,이륜,남,21-30세,상해없음,개인형이동수단(PM),여,21-30세,중상,2020.xlsx
2020040358,2020-03,2020,3,송파구,주간,경상사고,차대차 - 기타,차대차,기타,안전운전불이행,건조,맑음,단일로 - 기타,단일로,기타,0,0,1,0,1,1,0,Y,N,가해,개인형이동수단(PM),남,21-30세,상해없음,자전거,남,41-50세,경상,2020.xlsx
2020046946,2020-03,2020,3,송파구,주간,경상사고,차대차 - 충돌,차대차,충돌,안전운전불이행,건조,맑음,단일로 - 기타,단일로,기타,0,0,1,0,1,1,0,N,Y,피해,승용,남,61-64세,상해없음,개인형이동수단(PM),여,21-30세,경상,2020.xlsx
2020041820,2020-03,2020,3,은평구,주간,중상사고,차대차 - 기타,차대차,기타,신호위반,건조,맑음,교차로 - 교차로횡단보도내,교차로,교차로횡단보도내,0,1,0,0,1,1,1,N,Y,피해,승합,남,51-60세,상해없음,개인형이동수단(PM),남,21-30세,중상,2020.xlsx
2020042857,2020-03,2020,3,은평구,주간,중상사고,차대차 - 기타,차대차,기타,안전운전불이행,기타,맑음,단일로 - 기타,단일로,기타,0,1,0,0,1,1,1,N,Y,피해,승용,남,41-50세,상해없음,개인형이동수단(PM),남,31-40세,중상,2020.xlsx
2020041854,2020-03,2020,3,종로구,야간,중상사고,차대사람 - 보도통행중,차대사람,보도통행중,기타,건조,맑음,단일로 - 기타,단일로,기타,0,1,0,0,1,1,1,Y,N,가해,개인형이동수단(PM),남,41-50세,상해없음,보행자,여,13-20세,중상,2020.xlsx
2020047872,2020-03,2020,3,중구,주간,사망사고,차대차 - 충돌,차대차,충돌,안전운전불이행,건조,맑음,단일로 - 기타,단일로,기타,1,0,0,0,0,1,1,N,Y,피해,승용,남,51-60세,상해없음,개인형이동수단(PM),남,51-60세,사망,2020.xlsx
2020048686,2020-04,2020,4,강남구,야간,중상사고,차대차 - 기타,차대차,기타,기타,건조,맑음,교차로 - 교차로안,교차로,교차로안,0,1,0,0,1,1,1,N,Y,피해,이륜,남,31-40세,상해없음,개인형이동수단(PM),남,21-30세,중상,2020.xlsx
2020051838,2020-04,2020,4,강남구,야간,경상사고,차대차 - 기타,차대차,기타,안전운전불이행,건조,맑음,교차로 - 교차로부근,교차로,교차로부근,0,0,2,1,3,3,0,Y,N,가해,개인형이동수단(PM),여,65세 이상,부상신고,승용,남,61-64세,경상,2020.xlsx
2020051958,2020-04,2020,4,강남구,야간,경상사고,차대차 - 기타,차대차,기타,기타,건조,맑음,교차로 - 교차로안,교차로,교차로안,0,0,1,0,1,1,0,N,Y,피해,기타불명,기타불명,기타불명,기타불명,개인형이동수단(PM),여,31-40세,경상,2020.xlsx
2020052507,2020-04,2020,4,강남구,야간,중상사고,차대차 - 기타,차대차,기타,신호위반,건조,기타,단일로 - 기타,단일로,기타,0,1,0,0,1,1,1,N,Y,피해,승용,남,61-64세,상해없음,개인형이동수단(PM),남,31-40세,중상,2020.xlsx
2020053004,2020-04,2020,4,강남구,야간,경상사고,차대차 - 충돌,차대차,충돌,중앙선침범,건조,맑음,교차로 - 교차로부근,교차로,교차로부근,0,0,1,0,1,1,0,Y,N,가해,개인형이동수단(PM),남,21-30세,경상,승용,남,51-60세,상해없음,2020.xlsx
2020053313,2020-04,2020,4,강남구,주간,경상사고,차대차 - 충돌,차대차,충돌,안전운전불이행,건조,맑음,교차로 - 교차로부근,교차로,교차로부근,0,0,1,0,1,1,0,Y,N,가해,개인형이동수단(PM),남,20세 이하,경상,화물,남,51-60세,상해없음,2020.xlsx
2020054090,2020-04,2020,4,강남구,야간,중상사고,차대차 - 기타,차대차,기타,중앙선침범,건조,맑음,단일로 - 기타,단일로,기타,0,1,0,0,1,1,1,Y,N,가해,개인형이동수단(PM),여,20세 이하,중상,승용,남,51-60세,상해없음,2020.xlsx
2020054682,2020-04,2020,4,강남구,주간,부상신고사고,차대차 - 기타,차대차,기타,중앙선침범,건조,맑음,단일로 - 기타,단일로,기타,0,0,0,1,1,1,0,Y,N,가해,개인형이동수단(PM),여,21-30세,부상신고,이륜,남,51-60세,상해없음,2020.xlsx
2020054713,2020-04,2020,4,강남구,주간,부상신고사고,차대차 - 기타,차대차,기타,안전운전불이행,건조,맑음,단일로 - 기타,단일로,기타,0,0,0,1,1,1,0,Y,N,가해,개인형이동수단(PM),남,21-30세,부상신고,화물,남,65세 이상,상해없음,2020.xlsx
2020055026,2020-04,2020,4,강남구,야간,경상사고,차대사람 - 기타,차대사람,기타,기타,건조,맑음,기타 - 기타,기타,기타,0,0,1,0,1,1,0,Y,N,가해,개인형이동수단(PM),남,31-40세,상해없음,보행자,여,21-30세,경상,2020.xlsx
2020055105,2020-04,2020,4,강남구,야간,중상사고,차대사람 - 횡단중,차대사람,횡단중,중앙선침범,건조,맑음,교차로 - 교차로부근,교차로,교차로부근,0,1,0,0,1,1,1,Y,N,가해,개인형이동수단(PM),남,21-30세,상해없음,보행자,여,41-50세,중상,2020.xlsx
2020055376,2020-04,2020,4,강남구,주간,부상신고사고,차대차 - 기타,차대차,기타,기타,건조,맑음,기타 - 기타,기타,기타,0,0,0,1,1,1,0,Y,N,가해,개인형이동수단(PM),남,21-30세,부상신고,승용,남,41-50세,상해없음,2020.xlsx
2020059296,2020-04,2020,4,강남구,주간,경상사고,차대차 - 기타,차대차,기타,안전운전불이행,건조,맑음,교차로 - 교차로부근,교차로,교차로부근,0,0,1,0,1,1,0,N,Y,피해,승용,남,21-30세,상해없음,개인형이동수단(PM),남,31-40세,경상,2020.xlsx
2020061722,2020-04,2020,4,강남구,주간,부상신고사고,차대차 - 기타,차대차,기타,안전운전불이행,건조,맑음,단일로 - 기타,단일로,기타,0,0,0,1,1,1,0,Y,N,가해,개인형이동수단(PM),남,21-30세,부상신고,승용,여,31-40세,상해없음,2020.xlsx
2020062475,2020-04,2020,4,강남구,야간,부상신고사고,차대차 - 기타,차대차,기타,기타,건조,맑음,교차로 - 교차로안,교차로,교차로안,0,0,0,1,1,1,0,N,Y,피해,승용,남,65세 이상,상해없음,개인형이동수단(PM),여,13-20세,부상신고,2020.xlsx
2020059875,2020-04,2020,4,강북구,주간,경상사고,차대차 - 기타,차대차,기타,기타,건조,맑음,교차로 - 교차로안,교차로,교차로안,0,0,1,0,1,1,0,Y,N,가해,개인형이동수단(PM),남,21-30세,경상,승용,남,65세 이상,상해없음,2020.xlsx
2020054353,2020-04,2020,4,관악구,주간,경상사고,차대차 - 기타,차대차,기타,안전운전불이행,기타,맑음,단일로 - 기타,단일로,기타,0,0,1,0,1,1,0,N,Y,피해,승용,남,31-40세,상해없음,개인형이동수단(PM),남,31-40세,경상,2020.xlsx
2020053800,2020-04,2020,4,광진구,주간,중상사고,차대사람 - 기타,차대사람,기타,기타,건조,맑음,단일로 - 기타,단일로,기타,0,1,0,0,1,1,1,Y,N,가해,개인형이동수단(PM),남,41-50세,상해없음,보행자,여,51-60세,중상,2020.xlsx
2020059648,2020-04,2020,4,광진구,야간,중상사고,차대사람 - 보도통행중,차대사람,보도통행중,기타,건조,맑음,기타 - 기타,기타,기타,0,1,0,0,1,1,1,Y,N,가해,개인형이동수단(PM),남,21-30세,상해없음,보행자,여,31-40세,중상,2020.xlsx
2020062527,2020-04,2020,4,광진구,야간,중상사고,차대사람 - 횡단중,차대사람,횡단중,안전운전불이행,건조,맑음,단일로 - 기타,단일로,기타,0,1,0,0,1,1,1,Y,N,가해,개인형이동수단(PM),남,21-30세,상해없음,보행자,여,21-30세,중상,2020.xlsx
2020055555,2020-04,2020,4,구로구,야간,경상사고,차대차 - 기타,차대차,기타,안전운전불이행,건조,맑음,단일로 - 기타,단일로,기타,0,0,1,0,1,1,0,N,Y,피해,승용,남,31-40세,상해없음,개인형이동수단(PM),남,31-40세,경상,2020.xlsx
2020055849,2020-04,2020,4,구로구,주간,부상신고사고,차대차 - 충돌,차대차,충돌,안전운전불이행,건조,맑음,단일로 - 기타,단일로,기타,0,0,0,1,1,1,0,Y,N,가해,개인형이동수단(PM),남,31-40세,부상신고,승용,남,51-60세,상해없음,2020.xlsx
2020049532,2020-04,2020,4,동작구,주간,경상사고,차대차 - 충돌,차대차,충돌,기타,건조,맑음,교차로 - 교차로안,교차로,교차로안,0,0,1,0,1,1,0,N,Y,피해,화물,남,31-40세,상해없음,개인형이동수단(PM),남,31-40세,경상,2020.xlsx
2020056263,2020-04,2020,4,동작구,주간,경상사고,차대차 - 충돌,차대차,충돌,교차로운행방법위반,건조,맑음,교차로 - 교차로안,교차로,교차로안,0,0,1,0,1,1,0,N,Y,피해,승용,남,41-50세,상해없음,개인형이동수단(PM),남,31-40세,경상,2020.xlsx
2020059876,2020-04,2020,4,마포구,주간,경상사고,차대차 - 기타,차대차,기타,안전운전불이행,건조,맑음,교차로 - 교차로안,교차로,교차로안,0,0,2,0,2,2,0,N,Y,피해,화물,여,41-50세,상해없음,개인형이동수단(PM),남,31-40세,경상,2020.xlsx
2020061756,2020-04,2020,4,마포구,주간,부상신고사고,차대차 - 기타,차대차,기타,안전운전불이행,건조,맑음,단일로 - 기타,단일로,기타,0,0,0,1,1,1,0,Y,N,가해,개인형이동수단(PM),남,21-30세,부상신고,승용,여,21-30세,상해없음,2020.xlsx
2020062253,2020-04,2020,4,마포구,주간,부상신고사고,차대차 - 충돌,차대차,충돌,신호위반,건조,맑음,교차로 - 교차로안,교차로,교차로안,0,0,0,1,1,1,0,Y,N,가해,개인형이동수단(PM),여,21-30세,상해없음,자전거,여,21-30세,부상신고,2020.xlsx
2020063838,2020-04,2020,4,서초구,야간,경상사고,차대사람 - 차도통행중,차대사람,차도통행중,안전운전불이행,건조,맑음,단일로 - 기타,단일로,기타,0,0,1,0,1,1,0,Y,N,가해,개인형이동수단(PM),남,31-40세,상해없음,보행자,남,21-30세,경상,2020.xlsx
2020051521,2020-04,2020,4,성동구,주간,경상사고,차대차 - 기타,차대차,기타,교차로운행방법위반,건조,맑음,교차로 - 교차로안,교차로,교차로안,0,0,1,0,1,1,0,Y,N,가해,개인형이동수단(PM),여,31-40세,경상,승용,남,51-60세,상해없음,2020.xlsx
2020053308,2020-04,2020,4,성동구,주간,중상사고,차대사람 - 횡단중,차대사람,횡단중,안전운전불이행,건조,맑음,단일로 - 기타,단일로,기타,0,1,0,0,1,1,1,Y,N,가해,개인형이동수단(PM),여,21-30세,기타불명,보행자,여,31-40세,중상,2020.xlsx
2020052125,2020-04,2020,4,송파구,주간,부상신고사고,차대차 - 추돌,차대차,추돌,안전운전불이행,건조,맑음,단일로 - 기타,단일로,기타,0,0,0,1,1,1,0,Y,N,가해,개인형이동수단(PM),남,20세 이하,부상신고,이륜,남,31-40세,기타불명,2020.xlsx
2020060381,2020-04,2020,4,송파구,주간,경상사고,차대사람 - 보도통행중,차대사람,보도통행중,기타,건조,맑음,기타 - 기타,기타,기타,0,0,1,0,1,1,0,Y,N,가해,개인형이동수단(PM),여,41-50세,상해없음,보행자,여,41-50세,경상,2020.xlsx
2020061899,2020-04,2020,4,송파구,야간,경상사고,차대차 - 충돌,차대차,충돌,안전운전불이행,건조,맑음,교차로 - 교차로안,교차로,교차로안,0,0,1,0,1,1,0,N,Y,피해,승용,남,41-50세,상해없음,개인형이동수단(PM),남,31-40세,경상,2020.xlsx
2020064357,2020-04,2020,4,송파구,야간,경상사고,차대차 - 충돌,차대차,충돌,안전운전불이행,건조,맑음,단일로 - 기타,단일로,기타,0,0,1,0,1,1,0,N,Y,피해,이륜,남,41-50세,상해없음,개인형이동수단(PM),여,21-30세,경상,2020.xlsx
2020050491,2020-04,2020,4,중랑구,야간,중상사고,차대차 - 기타,차대차,기타,신호위반,건조,기타,교차로 - 교차로안,교차로,교차로안,0,1,0,0,1,1,1,Y,N,가해,개인형이동수단(PM),남,31-40세,중상,승합,남,41-50세,상해없음,2020.xlsx
2020059591,2020-04,2020,4,중랑구,야간,경상사고,차대차 - 기타,차대차,기타,기타,건조,맑음,단일로 - 기타,단일로,기타,0,0,2,0,2,2,0,N,Y,피해,승용,남,51-60세,상해없음,개인형이동수단(PM),여,21-30세,경상,2020.xlsx
2020064946,2020-05,2020,5,강남구,야간,경상사고,차대사람 - 기타,차대사람,기타,안전운전불이행,건조,맑음,단일로 - 기타,단일로,기타,0,0,1,0,1,1,0,Y,N,가해,개인형이동수단(PM),남,21-30세,상해없음,보행자,여,31-40세,경상,2020.xlsx
2020067016,2020-05,2020,5,강남구,야간,경상사고,차대차 - 기타,차대차,기타,안전운전불이행,건조,흐림,기타 - 기타,기타,기타,0,0,3,0,3,3,0,Y,N,가해,개인형이동수단(PM),남,21-30세,경상,승용,남,21-30세,경상,2020.xlsx
2020069402,2020-05,2020,5,강남구,주간,경상사고,차대사람 - 보도통행중,차대사람,보도통행중,기타,젖음/습기,비,단일로 - 기타,단일로,기타,0,0,1,0,1,1,0,Y,N,가해,개인형이동수단(PM),여,21-30세,상해없음,보행자,여,51-60세,경상,2020.xlsx
2020070032,2020-05,2020,5,강남구,야간,중상사고,차대차 - 충돌,차대차,충돌,신호위반,건조,맑음,단일로 - 기타,단일로,기타,0,1,0,0,1,1,1,N,Y,피해,승용,남,65세 이상,상해없음,개인형이동수단(PM),남,21-30세,중상,2020.xlsx
2020071286,2020-05,2020,5,강남구,야간,중상사고,차대차 - 충돌,차대차,충돌,안전운전불이행,건조,맑음,단일로 - 기타,단일로,기타,0,1,0,0,1,1,1,Y,N,가해,개인형이동수단(PM),여,21-30세,중상,승용,남,21-30세,상해없음,2020.xlsx
2020071795,2020-05,2020,5,강남구,야간,중상사고,차대차 - 기타,차대차,기타,안전운전불이행,건조,맑음,교차로 - 교차로횡단보도내,교차로,교차로횡단보도내,0,1,0,0,1,1,1,N,Y,피해,승용,여,65세 이상,상해없음,개인형이동수단(PM),남,31-40세,중상,2020.xlsx
2020074256,2020-05,2020,5,강남구,주간,경상사고,차대차 - 충돌,차대차,충돌,기타,건조,맑음,단일로 - 기타,단일로,기타,0,0,1,0,1,1,0,N,Y,피해,승용,남,65세 이상,상해없음,개인형이동수단(PM),남,21-30세,경상,2020.xlsx
2020077163,2020-05,2020,5,강남구,야간,경상사고,차량단독 - 기타,차량단독,기타,안전운전불이행,건조,맑음,기타 - 기타,기타,기타,0,0,1,0,1,1,0,Y,N,가해,개인형이동수단(PM),여,21-30세,상해없음,,,,,2020.xlsx
2020077950,2020-05,2020,5,강남구,주간,부상신고사고,차대차 - 충돌,차대차,충돌,안전운전불이행,건조,맑음,교차로 - 교차로부근,교차로,교차로부근,0,0,0,1,1,1,0,Y,N,가해,개인형이동수단(PM),남,20세 이하,부상신고,승용,남,51-60세,상해없음,2020.xlsx
2020079324,2020-05,2020,5,강남구,야간,경상사고,차대차 - 기타,차대차,기타,안전운전불이행,건조,맑음,단일로 - 기타,단일로,기타,0,0,1,0,1,1,0,N,Y,피해,승용,여,31-40세,상해없음,개인형이동수단(PM),남,41-50세,경상,2020.xlsx
2020080295,2020-05,2020,5,강남구,주간,경상사고,차대차 - 기타,차대차,기타,안전운전불이행,건조,맑음,교차로 - 교차로횡단보도내,교차로,교차로횡단보도내,0,0,1,0,1,1,0,N,Y,피해,승용,남,61-64세,상해없음,개인형이동수단(PM),여,21-30세,경상,2020.xlsx
2020080616,2020-05,2020,5,강남구,야간,중상사고,차대차 - 기타,차대차,기타,안전운전불이행,건조,맑음,단일로 - 기타,단일로,기타,0,1,0,0,1,1,1,N,Y,피해,승용,남,31-40세,상해없음,개인형이동수단(PM),남,31-40세,중상,2020.xlsx
2020078634,2020-05,2020,5,강동구,주간,중상사고,차대차 - 충돌,차대차,충돌,안전운전불이행,건조,맑음,단일로 - 기타,단일로,기타,0,1,1,0,2,2,1,Y,N,가해,개인형이동수단(PM),남,21-30세,중상,승용,남,51-60세,경상,2020.xlsx
2020070823,2020-05,2020,5,강북구,주간,중상사고,차대차 - 기타,차대차,기타,안전운전불이행,건조,맑음,교차로 - 교차로횡단보도내,교차로,교차로횡단보도내,0,1,0,0,1,1,1,N,Y,피해,승용,남,65세 이상,상해없음,개인형이동수단(PM),남,31-40세,중상,2020.xlsx
2020073848,2020-05,2020,5,강북구,주간,경상사고,차대사람 - 횡단중,차대사람,횡단중,보행자보호의무위반,건조,맑음,교차로 - 교차로횡단보도내,교차로,교차로횡단보도내,0,0,1,0,1,1,0,Y,N,가해,개인형이동수단(PM),남,41-50세,상해없음,보행자,여,61-64세,경상,2020.xlsx
2020071271,2020-05,2020,5,관악구,야간,경상사고,차대차 - 기타,차대차,기타,안전운전불이행,건조,기타,교차로 - 교차로부근,교차로,교차로부근,0,0,1,0,1,1,0,Y,N,가해,개인형이동수단(PM),남,21-30세,경상,승용,남,51-60세,상해없음,2020.xlsx
2020072948,2020-05,2020,5,관악구,야간,경상사고,차대차 - 추돌,차대차,추돌,안전운전불이행,젖음/습기,비,교차로 - 교차로부근,교차로,교차로부근,0,0,1,0,1,1,0,Y,N,가해,개인형이동수단(PM),남,20세 이하,상해없음,이륜,남,41-50세,경상,2020.xlsx
2020065850,2020-05,2020,5,광진구,야간,중상사고,차대사람 - 보도통행중,차대사람,보도통행중,안전운전불이행,건조,맑음,기타 - 기타,기타,기타,0,1,0,0,1,1,1,Y,N,가해,개인형이동수단(PM),남,21-30세,상해없음,보행자,남,51-60세,중상,2020.xlsx
2020074042,2020-05,2020,5,광진구,야간,경상사고,차대차 - 기타,차대차,기타,안전운전불이행,건조,맑음,단일로 - 기타,단일로,기타,0,0,1,0,1,1,0,Y,N,가해,개인형이동수단(PM),여,20세 이하,경상,자전거,남,65세 이상,상해없음,2020.xlsx
2020073752,2020-05,2020,5,구로구,주간,부상신고사고,차대차 - 충돌,차대차,충돌,안전운전불이행,건조,맑음,단일로 - 기타,단일로,기타,0,0,0,1,1,1,0,Y,N,가해,개인형이동수단(PM),남,21-30세,부상신고,승합,남,51-60세,상해없음,2020.xlsx
2020075187,2020-05,2020,5,구로구,야간,경상사고,차대차 - 기타,차대차,기타,안전운전불이행,건조,맑음,교차로 - 교차로부근,교차로,교차로부근,0,0,1,0,1,1,0,N,Y,피해,승합,남,61-64세,상해없음,개인형이동수단(PM),남,51-60세,경상,2020.xlsx
2020077166,2020-05,2020,5,구로구,야간,중상사고,차대차 - 충돌,차대차,충돌,신호위반,건조,맑음,교차로 - 교차로부근,교차로,교차로부근,0,1,0,0,1,1,1,N,Y,피해,승용,여,61-64세,상해없음,개인형이동수단(PM),남,51-60세,중상,2020.xlsx
2020068087,2020-05,2020,5,도봉구,주간,경상사고,차대차 - 기타,차대차,기타,기타,건조,맑음,단일로 - 기타,단일로,기타,0,0,1,0,1,1,0,Y,N,가해,개인형이동수단(PM),남,21-30세,경상,승용,남,65세 이상,상해없음,2020.xlsx
2020079981,2020-05,2020,5,동작구,야간,경상사고,차대차 - 충돌,차대차,충돌,신호위반,건조,맑음,단일로 - 기타,단일로,기타,0,0,1,0,1,1,0,Y,N,가해,개인형이동수단(PM),남,31-40세,상해없음,자전거,남,21-30세,경상,2020.xlsx
2020073701,2020-05,2020,5,마포구,야간,경상사고,차대차 - 충돌,차대차,충돌,안전운전불이행,건조,흐림,교차로 - 교차로안,교차로,교차로안,0,0,1,0,1,1,0,Y,N,가해,개인형이동수단(PM),남,21-30세,경상,승용,남,65세 이상,상해없음,2020.xlsx
2020079779,2020-05,2020,5,마포구,주간,경상사고,차대차 - 기타,차대차,기타,안전운전불이행,건조,맑음,기타 - 기타,기타,기타,0,0,1,0,1,1,0,N,Y,피해,승용,남,31-40세,상해없음,개인형이동수단(PM),여,21-30세,경상,2020.xlsx
2020067471,2020-05,2020,5,서초구,야간,중상사고,차대사람 - 차도통행중,차대사람,차도통행중,안전운전불이행,건조,맑음,단일로 - 지하차도(도로)내,단일로,지하차도(도로)내,0,1,0,0,1,1,1,Y,N,가해,개인형이동수단(PM),남,21-30세,상해없음,보행자,여,51-60세,중상,2020.xlsx
2020067636,2020-05,2020,5,서초구,야간,부상신고사고,차대차 - 기타,차대차,기타,기타,건조,맑음,단일로 - 기타,단일로,기타,0,0,0,1,1,1,0,N,Y,피해,화물,남,61-64세,상해없음,개인형이동수단(PM),여,13-20세,부상신고,2020.xlsx
2020075675,2020-05,2020,5,서초구,주간,부상신고사고,차대차 - 기타,차대차,기타,안전운전불이행,건조,흐림,교차로 - 교차로안,교차로,교차로안,0,0,0,1,1,1,0,Y,N,가해,개인형이동수단(PM),남,31-40세,부상신고,승용,여,65세 이상,기타불명,2020.xlsx
2020075237,2020-05,2020,5,성동구,야간,중상사고,차대사람 - 보도통행중,차대사람,보도통행중,기타,건조,맑음,기타 - 기타,기타,기타,0,1,0,0,1,1,1,Y,N,가해,개인형이동수단(PM),남,31-40세,상해없음,보행자,여,51-60세,중상,2020.xlsx
2020076470,2020-05,2020,5,성동구,야간,중상사고,차대사람 - 기타,차대사람,기타,신호위반,건조,맑음,교차로 - 교차로횡단보도내,교차로,교차로횡단보도내,0,1,0,0,1,1,1,Y,N,가해,개인형이동수단(PM),여,41-50세,상해없음,보행자,여,61-64세,중상,2020.xlsx
2020072165,2020-05,2020,5,성북구,주간,경상사고,차대차 - 기타,차대차,기타,안전운전불이행,건조,맑음,단일로 - 기타,단일로,기타,0,0,1,0,1,1,0,N,Y,피해,이륜,남,21-30세,상해없음,개인형이동수단(PM),남,31-40세,경상,2020.xlsx
2020080699,2020-05,2020,5,성북구,야간,중상사고,차대차 - 충돌,차대차,충돌,신호위반,건조,맑음,교차로 - 교차로안,교차로,교차로안,0,1,0,0,1,1,1,Y,N,가해,개인형이동수단(PM),남,31-40세,중상,승용,남,31-40세,상해없음,2020.xlsx
2020071712,2020-05,2020,5,송파구,야간,중상사고,차대사람 - 보도통행중,차대사람,보도통행중,기타,건조,맑음,단일로 - 기타,단일로,기타,0,1,0,0,1,1,1,Y,N,가해,개인형이동수단(PM),남,20세 이하,상해없음,보행자,여,31-40세,중상,2020.xlsx
2020071793,2020-05,2020,5,송파구,야간,경상사고,차대차 - 기타,차대차,기타,기타,건조,맑음,단일로 - 기타,단일로,기타,0,0,1,0,1,1,0,N,Y,피해,승용,남,21-30세,상해없음,개인형이동수단(PM),남,21-30세,경상,2020.xlsx
2020075317,2020-05,2020,5,송파구,야간,부상신고사고,차대차 - 충돌,차대차,충돌,기타,건조,맑음,교차로 - 교차로부근,교차로,교차로부근,0,0,0,1,1,1,0,Y,N,가해,개인형이동수단(PM),남,20세 이하,부상신고,승용,남,51-60세,상해없음,2020.xlsx
2020076363,2020-05,2020,5,송파구,주간,경상사고,차대차 - 충돌,차대차,충돌,교차로운행방법위반,건조,맑음,교차로 - 교차로안,교차로,교차로안,0,0,1,0,1,1,0,N,Y,피해,승용,여,31-40세,상해없음,개인형이동수단(PM),여,41-50세,경상,2020.xlsx
2020076364,2020-05,2020,5,송파구,주간,부상신고사고,차대차 - 충돌,차대차,충돌,안전운전불이행,건조,맑음,단일로 - 기타,단일로,기타,0,0,0,1,1,1,0,Y,N,가해,개인형이동수단(PM),여,20세 이하,부상신고,승용,남,61-64세,상해없음,2020.xlsx
2020080540,2020-05,2020,5,송파구,주간,부상신고사고,차대차 - 충돌,차대차,충돌,안전운전불이행,건조,맑음,단일로 - 기타,단일로,기타,0,0,0,2,2,2,0,Y,N,가해,개인형이동수단(PM),남,31-40세,상해없음,승용,여,21-30세,부상신고,2020.xlsx
2020065149,2020-05,2020,5,양천구,주간,경상사고,차대사람 - 기타,차대사람,기타,안전운전불이행,건조,맑음,단일로 - 기타,단일로,기타,0,0,1,0,1,1,0,Y,N,가해,개인형이동수단(PM),남,51-60세,상해없음,보행자,남,65세 이상,경상,2020.xlsx
2020065469,2020-05,2020,5,영등포구,야간,중상사고,차대차 - 충돌,차대차,충돌,안전운전불이행,건조,맑음,단일로 - 기타,단일로,기타,0,1,1,0,2,2,1,Y,N,가해,개인형이동수단(PM),남,20세 이하,중상,승용,여,41-50세,상해없음,2020.xlsx
2020064421,2020-05,2020,5,은평구,야간,경상사고,차대차 - 기타,차대차,기타,신호위반,건조,맑음,교차로 - 교차로안,교차로,교차로안,0,0,1,0,1,1,0,N,Y,피해,승용,남,61-64세,상해없음,개인형이동수단(PM),남,41-50세,경상,2020.xlsx
2020080104,2020-05,2020,5,은평구,야간,중상사고,차대차 - 충돌,차대차,충돌,안전운전불이행,건조,맑음,교차로 - 교차로안,교차로,교차로안,0,1,0,0,1,1,1,N,Y,피해,승용,남,65세 이상,상해없음,개인형이동수단(PM),남,41-50세,중상,2020.xlsx
2020067518,2020-05,2020,5,종로구,야간,경상사고,차대사람 - 길가장자리구역통행중,차대사람,길가장자리구역통행중,안전운전불이행,건조,맑음,단일로 - 기타,단일로,기타,0,0,2,0,2,2,0,Y,N,가해,개인형이동수단(PM),남,31-40세,경상,보행자,여,21-30세,경상,2020.xlsx
2020067025,2020-05,2020,5,중구,주간,경상사고,차대사람 - 횡단중,차대사람,횡단중,보행자보호의무위반,건조,맑음,단일로 - 기타,단일로,기타,0,0,1,1,2,2,0,Y,N,가해,개인형이동수단(PM),여,21-30세,부상신고,보행자,남,65세 이상,경상,2020.xlsx
2020068293,2020-05,2020,5,중구,야간,경상사고,차대사람 - 기타,차대사람,기타,안전운전불이행,건조,맑음,단일로 - 기타,단일로,기타,0,0,1,0,1,1,0,Y,N,가해,개인형이동수단(PM),남,21-30세,기타불명,보행자,남,61-64세,경상,2020.xlsx
2020076417,2020-05,2020,5,중구,야간,경상사고,차대차 - 충돌,차대차,충돌,안전운전불이행,건조,맑음,단일로 - 기타,단일로,기타,0,0,1,0,1,1,0,N,Y,피해,이륜,기타불명,기타불명,기타불명,개인형이동수단(PM),남,21-30세,경상,2020.xlsx
2020078321,2020-05,2020,5,중구,야간,중상사고,차대차 - 추돌,차대차,추돌,안전운전불이행,건조,맑음,교차로 - 교차로안,교차로,교차로안,0,1,0,0,1,1,1,N,Y,피해,승합,남,21-30세,상해없음,개인형이동수단(PM),남,31-40세,중상,2020.xlsx
2020080163,2020-05,2020,5,중랑구,야간,경상사고,차대차 - 충돌,차대차,충돌,안전운전불이행,건조,맑음,단일로 - 기타,단일로,기타,0,0,1,0,1,1,0,N,Y,피해,승용,남,41-50세,상해없음,개인형이동수단(PM),남,31-40세,경상,2020.xlsx
2020081192,2020-05,2020,5,중랑구,주간,경상사고,차대차 - 충돌,차대차,충돌,안전운전불이행,건조,맑음,교차로 - 교차로안,교차로,교차로안,0,0,1,0,1,1,0,Y,N,가해,개인형이동수단(PM),남,51-60세,경상,화물,남,51-60세,상해없음,2020.xlsx
2020087203,2020-06,2020,6,강남구,주간,경상사고,차대차 - 기타,차대차,기타,안전운전불이행,건조,맑음,교차로 - 교차로안,교차로,교차로안,0,0,1,0,1,1,0,N,Y,피해,승용,남,51-60세,상해없음,개인형이동수단(PM),남,31-40세,경상,2020.xlsx
2020087961,2020-06,2020,6,강남구,주간,경상사고,차대사람 - 기타,차대사람,기타,기타,건조,맑음,기타 - 기타,기타,기타,0,0,1,0,1,1,0,Y,N,가해,개인형이동수단(PM),여,21-30세,상해없음,보행자,남,31-40세,경상,2020.xlsx
2020088211,2020-06,2020,6,강남구,야간,부상신고사고,차대차 - 기타,차대차,기타,안전운전불이행,건조,맑음,단일로 - 기타,단일로,기타,0,0,0,1,1,1,0,N,Y,피해,승용,남,21-30세,상해없음,개인형이동수단(PM),남,21-30세,부상신고,2020.xlsx
2020091491,2020-06,2020,6,강남구,야간,중상사고,차량단독 - 기타,차량단독,기타,안전운전불이행,건조,맑음,단일로 - 기타,단일로,기타,0,1,0,0,1,1,1,Y,N,가해,개인형이동수단(PM),남,21-30세,중상,,,,,2020.xlsx
2020093654,2020-06,2020,6,강남구,주간,중상사고,차대차 - 기타,차대차,기타,기타,건조,맑음,단일로 - 기타,단일로,기타,0,1,0,0,1,1,1,N,Y,피해,승용,남,41-50세,상해없음,개인형이동수단(PM),남,21-30세,중상,2020.xlsx
2020095348,2020-06,2020,6,강남구,야간,경상사고,차대사람 - 기타,차대사람,기타,안전운전불이행,건조,맑음,단일로 - 기타,단일로,기타,0,0,1,0,1,1,0,Y,N,가해,개인형이동수단(PM),여,20세 이하,상해없음,보행자,여,51-60세,경상,2020.xlsx
2020096651,2020-06,2020,6,강남구,야간,중상사고,차대차 - 충돌,차대차,충돌,교차로운행방법위반,건조,맑음,교차로 - 교차로안,교차로,교차로안,0,1,0,0,1,1,1,N,Y,피해,이륜,남,41-50세,상해없음,개인형이동수단(PM),남,31-40세,중상,2020.xlsx
2020096659,2020-06,2020,6,강남구,주간,경상사고,차대차 - 기타,차대차,기타,신호위반,건조,맑음,교차로 - 교차로부근,교차로,교차로부근,0,0,1,0,1,1,0,N,Y,피해,화물,남,61-64세,상해없음,개인형이동수단(PM),여,21-30세,경상,2020.xlsx
2020097052,2020-06,2020,6,강남구,주간,부상신고사고,차대차 - 충돌,차대차,충돌,안전운전불이행,건조,맑음,단일로 - 기타,단일로,기타,0,0,0,1,1,1,0,Y,N,가해,개인형이동수단(PM),여,21-30세,부상신고,승용,남,41-50세,상해없음,2020.xlsx
2020099782,2020-06,2020,6,강남구,야간,중상사고,차대차 - 기타,차대차,기타,안전운전불이행,건조,맑음,교차로 - 교차로안,교차로,교차로안,0,1,0,0,1,1,1,N,Y,피해,승용,여,31-40세,상해없음,개인형이동수단(PM),남,21-30세,중상,2020.xlsx
2020099908,2020-06,2020,6,강남구,야간,경상사고,차대차 - 기타,차대차,기타,안전운전불이행,건조,맑음,교차로 - 교차로안,교차로,교차로안,0,0,2,0,2,2,0,N,Y,피해,승용,남,21-30세,상해없음,개인형이동수단(PM),여,21-30세,경상,2020.xlsx
2020096971,2020-06,2020,6,강동구,주간,경상사고,차대차 - 충돌,차대차,충돌,안전운전불이행,건조,맑음,교차로 - 교차로안,교차로,교차로안,0,0,1,0,1,1,0,N,Y,피해,승용,여,51-60세,상해없음,개인형이동수단(PM),남,21-30세,경상,2020.xlsx
2020095891,2020-06,2020,6,관악구,야간,경상사고,차대차 - 충돌,차대차,충돌,기타,건조,맑음,단일로 - 지하차도(도로)내,단일로,지하차도(도로)내,0,0,2,0,2,2,0,Y,N,가해,개인형이동수단(PM),남,21-30세,상해없음,이륜,남,21-30세,경상,2020.xlsx
2020088250,2020-06,2020,6,광진구,야간,경상사고,차대사람 - 기타,차대사람,기타,안전운전불이행,건조,맑음,기타 - 기타,기타,기타,0,0,1,0,1,1,0,Y,N,가해,개인형이동수단(PM),여,21-30세,상해없음,보행자,여,51-60세,경상,2020.xlsx
2020089663,2020-06,2020,6,광진구,주간,부상신고사고,차대차 - 충돌,차대차,충돌,안전운전불이행,건조,맑음,교차로 - 교차로안,교차로,교차로안,0,0,0,1,1,1,0,Y,N,가해,개인형이동수단(PM),여,20세 이하,부상신고,승용,남,51-60세,상해없음,2020.xlsx
2020096544,2020-06,2020,6,광진구,야간,부상신고사고,차량단독 - 기타,차량단독,기타,안전운전불이행,건조,맑음,단일로 - 기타,단일로,기타,0,0,0,1,1,1,0,Y,N,가해,개인형이동수단(PM),남,31-40세,부상신고,,,,,2020.xlsx
2020096614,2020-06,2020,6,광진구,야간,경상사고,차량단독 - 기타,차량단독,기타,안전운전불이행,건조,맑음,단일로 - 기타,단일로,기타,0,0,1,0,1,1,0,Y,N,가해,개인형이동수단(PM),남,31-40세,경상,,,,,2020.xlsx
2020100662,2020-06,2020,6,광진구,주간,경상사고,차대차 - 충돌,차대차,충돌,안전운전불이행,건조,맑음,단일로 - 기타,단일로,기타,0,0,4,0,4,4,0,N,Y,피해,승용,남,51-60세,상해없음,개인형이동수단(PM),남,21-30세,기타불명,2020.xlsx
2020097000,2020-06,2020,6,구로구,주간,경상사고,차대사람 - 보도통행중,차대사람,보도통행중,중앙선침범,건조,맑음,단일로 - 기타,단일로,기타,0,0,1,0,1,1,0,Y,N,가해,개인형이동수단(PM),남,20세 이하,상해없음,보행자,여,21-30세,경상,2020.xlsx
2020097001,2020-06,2020,6,구로구,주간,경상사고,차대차 - 기타,차대차,기타,안전운전불이행,건조,맑음,교차로 - 교차로횡단보도내,교차로,교차로횡단보도내,0,0,1,0,1,1,0,Y,N,가해,개인형이동수단(PM),여,21-30세,경상,승용,남,21-30세,상해없음,2020.xlsx
2020092173,2020-06,2020,6,금천구,야간,중상사고,차량단독 - 기타,차량단독,기타,안전운전불이행,건조,맑음,단일로 - 기타,단일로,기타,0,1,0,0,1,1,1,Y,N,가해,개인형이동수단(PM),남,41-50세,중상,,,,,2020.xlsx
2020094105,2020-06,2020,6,도봉구,주간,경상사고,차대차 - 충돌,차대차,충돌,안전운전불이행,젖음/습기,흐림,교차로 - 교차로안,교차로,교차로안,0,0,1,0,1,1,0,Y,N,가해,개인형이동수단(PM),남,31-40세,경상,승용,남,51-60세,상해없음,2020.xlsx
2020095992,2020-06,2020,6,도봉구,주간,경상사고,차대차 - 기타,차대차,기타,안전운전불이행,건조,맑음,교차로 - 교차로안,교차로,교차로안,0,0,1,0,1,1,0,N,Y,피해,승용,여,61-64세,상해없음,개인형이동수단(PM),남,41-50세,경상,2020.xlsx
2020083090,2020-06,2020,6,동대문구,야간,부상신고사고,차대차 - 추돌,차대차,추돌,안전운전불이행,건조,맑음,단일로 - 기타,단일로,기타,0,0,0,1,1,1,0,Y,N,가해,개인형이동수단(PM),여,21-30세,부상신고,승용,남,65세 이상,상해없음,2020.xlsx
2020090902,2020-06,2020,6,동작구,야간,경상사고,차대차 - 기타,차대차,기타,기타,건조,맑음,교차로 - 교차로안,교차로,교차로안,0,0,1,0,1,1,0,Y,N,가해,개인형이동수단(PM),남,21-30세,경상,승용,여,41-50세,상해없음,2020.xlsx
2020093374,2020-06,2020,6,동작구,야간,경상사고,차대사람 - 차도통행중,차대사람,차도통행중,안전운전불이행,건조,맑음,단일로 - 기타,단일로,기타,0,0,1,0,1,1,0,Y,N,가해,개인형이동수단(PM),남,21-30세,상해없음,보행자,여,21-30세,경상,2020.xlsx
2020094391,2020-06,2020,6,동작구,주간,경상사고,차대차 - 충돌,차대차,충돌,신호위반,건조,맑음,교차로 - 교차로안,교차로,교차로안,0,0,1,0,1,1,0,Y,N,가해,개인형이동수단(PM),여,21-30세,상해없음,승용,남,61-64세,상해없음,2020.xlsx
2020097093,2020-06,2020,6,동작구,야간,부상신고사고,차대차 - 충돌,차대차,충돌,교차로운행방법위반,건조,맑음,교차로 - 교차로안,교차로,교차로안,0,0,0,1,1,1,0,Y,N,가해,개인형이동수단(PM),남,21-30세,부상신고,이륜,남,31-40세,상해없음,2020.xlsx
2020092895,2020-06,2020,6,마포구,주간,부상신고사고,차대차 - 기타,차대차,기타,안전운전불이행,건조,맑음,단일로 - 기타,단일로,기타,0,0,0,1,1,1,0,Y,N,가해,개인형이동수단(PM),여,31-40세,부상신고,승용,여,31-40세,상해없음,2020.xlsx
2020098599,2020-06,2020,6,마포구,야간,경상사고,차대차 - 기타,차대차,기타,안전운전불이행,건조,맑음,교차로 - 교차로안,교차로,교차로안,0,0,1,0,1,1,0,Y,N,가해,개인형이동수단(PM),남,31-40세,경상,승용,남,51-60세,상해없음,2020.xlsx
2020100333,2020-06,2020,6,마포구,야간,부상신고사고,차대차 - 충돌,차대차,충돌,중앙선침범,건조,맑음,교차로 - 교차로횡단보도내,교차로,교차로횡단보도내,0,0,0,1,1,1,0,Y,N,가해,개인형이동수단(PM),여,31-40세,부상신고,승용,여,21-30세,상해없음,2020.xlsx
2020095233,2020-06,2020,6,서대문구,야간,경상사고,차대차 - 충돌,차대차,충돌,안전운전불이행,건조,맑음,단일로 - 기타,단일로,기타,0,0,1,0,1,1,0,Y,N,가해,개인형이동수단(PM),남,31-40세,상해없음,이륜,남,21-30세,경상,2020.xlsx
2020083690,2020-06,2020,6,서초구,주간,경상사고,차대차 - 기타,차대차,기타,기타,건조,맑음,단일로 - 기타,단일로,기타,0,0,1,0,1,1,0,Y,N,가해,개인형이동수단(PM),남,41-50세,경상,승용,여,51-60세,상해없음,2020.xlsx
2020083928,2020-06,2020,6,서초구,주간,중상사고,차대차 - 충돌,차대차,충돌,안전운전불이행,건조,맑음,교차로 - 교차로안,교차로,교차로안,0,1,0,0,1,1,1,N,Y,피해,승용,남,41-50세,상해없음,개인형이동수단(PM),여,21-30세,중상,2020.xlsx
2020087121,2020-06,2020,6,서초구,주간,경상사고,차대차 - 기타,차대차,기타,안전운전불이행,건조,맑음,단일로 - 기타,단일로,기타,0,0,1,0,1,1,0,N,Y,피해,승용,남,51-60세,상해없음,개인형이동수단(PM),남,21-30세,경상,2020.xlsx
2020087699,2020-06,2020,6,서초구,주간,부상신고사고,차대차 - 기타,차대차,기타,기타,건조,맑음,교차로 - 교차로부근,교차로,교차로부근,0,0,0,1,1,1,0,Y,N,가해,개인형이동수단(PM),남,21-30세,부상신고,승용,여,51-60세,상해없음,2020.xlsx
2020090617,2020-06,2020,6,서초구,주간,중상사고,차대차 - 기타,차대차,기타,안전운전불이행,건조,맑음,교차로 - 교차로안,교차로,교차로안,0,1,0,0,1,1,1,N,Y,피해,승용,여,31-40세,상해없음,개인형이동수단(PM),남,13-20세,중상,2020.xlsx
2020091030,2020-06,2020,6,서초구,야간,중상사고,차대차 - 추돌,차대차,추돌,안전운전불이행,젖음/습기,비,단일로 - 기타,단일로,기타,0,1,0,1,2,2,1,N,Y,피해,승용,남,51-60세,상해없음,개인형이동수단(PM),여,21-30세,중상,2020.xlsx
2020095162,2020-06,2020,6,서초구,주간,경상사고,차대사람 - 보도통행중,차대사람,보도통행중,기타,건조,맑음,기타 - 기타,기타,기타,0,0,1,0,1,1,0,Y,N,가해,개인형이동수단(PM),남,20세 이하,상해없음,보행자,남,51-60세,경상,2020.xlsx
2020098889,2020-06,2020,6,서초구,주간,경상사고,차대사람 - 기타,차대사람,기타,안전운전불이행,건조,맑음,단일로 - 기타,단일로,기타,0,0,1,0,1,1,0,Y,N,가해,개인형이동수단(PM),남,41-50세,상해없음,보행자,남,51-60세,경상,2020.xlsx
2020084411,2020-06,2020,6,송파구,야간,경상사고,차대차 - 기타,차대차,기타,안전운전불이행,건조,맑음,교차로 - 교차로안,교차로,교차로안,0,0,1,0,1,1,0,N,Y,피해,기타불명,기타불명,기타불명,기타불명,개인형이동수단(PM),여,31-40세,경상,2020.xlsx
2020085805,2020-06,2020,6,송파구,야간,경상사고,차대사람 - 기타,차대사람,기타,안전운전불이행,건조,맑음,단일로 - 기타,단일로,기타,0,0,1,0,1,1,0,Y,N,가해,개인형이동수단(PM),남,21-30세,상해없음,보행자,여,31-40세,경상,2020.xlsx
2020099653,2020-06,2020,6,송파구,주간,경상사고,차대사람 - 보도통행중,차대사람,보도통행중,기타,건조,맑음,단일로 - 기타,단일로,기타,0,0,1,0,1,1,0,Y,N,가해,개인형이동수단(PM),남,65세 이상,기타불명,보행자,여,31-40세,경상,2020.xlsx
2020086794,2020-06,2020,6,양천구,야간,경상사고,차대사람 - 기타,차대사람,기타,안전운전불이행,건조,맑음,교차로 - 교차로부근,교차로,교차로부근,0,0,1,0,1,1,0,Y,N,가해,개인형이동수단(PM),남,21-30세,상해없음,보행자,남,21-30세,경상,2020.xlsx
2020083399,2020-06,2020,6,영등포구,주간,중상사고,차대사람 - 보도통행중,차대사람,보도통행중,기타,건조,맑음,단일로 - 기타,단일로,기타,0,1,0,0,1,1,1,Y,N,가해,개인형이동수단(PM),여,65세 이상,상해없음,보행자,여,21-30세,중상,2020.xlsx
2020084778,2020-06,2020,6,영등포구,주간,경상사고,차대차 - 기타,차대차,기타,기타,건조,맑음,단일로 - 기타,단일로,기타,0,0,1,0,1,1,0,N,Y,피해,승용,남,21-30세,상해없음,개인형이동수단(PM),여,21-30세,경상,2020.xlsx
2020095890,2020-06,2020,6,영등포구,야간,중상사고,차대차 - 충돌,차대차,충돌,안전운전불이행,건조,맑음,단일로 - 기타,단일로,기타,0,1,0,1,2,2,1,Y,N,가해,개인형이동수단(PM),남,41-50세,부상신고,자전거,남,21-30세,중상,2020.xlsx
2020085880,2020-06,2020,6,종로구,주간,경상사고,차대사람 - 보도통행중,차대사람,보도통행중,기타,건조,맑음,기타 - 기타,기타,기타,0,0,1,0,1,1,0,Y,N,가해,개인형이동수단(PM),남,31-40세,상해없음,보행자,여,21-30세,경상,2020.xlsx
2020085895,2020-06,2020,6,중랑구,주간,경상사고,차대사람 - 횡단중,차대사람,횡단중,신호위반,건조,맑음,교차로 - 교차로횡단보도내,교차로,교차로횡단보도내,0,0,1,0,1,1,0,Y,N,가해,개인형이동수단(PM),여,41-50세,상해없음,보행자,여,65세 이상,경상,2020.xlsx
2020101980,2020-07,2020,7,강남구,야간,경상사고,차대사람 - 기타,차대사람,기타,안전운전불이행,건조,맑음,단일로 - 기타,단일로,기타,0,0,1,0,1,1,0,Y,N,가해,개인형이동수단(PM),남,21-30세,상해없음,보행자,여,65세 이상,경상,2020.xlsx
2020102404,2020-07,2020,7,강남구,주간,경상사고,차대차 - 충돌,차대차,충돌,안전운전불이행,기타,맑음,단일로 - 기타,단일로,기타,0,0,1,0,1,1,0,Y,N,가해,개인형이동수단(PM),여,20세 이하,경상,승용,여,65세 이상,상해없음,2020.xlsx
2020102555,2020-07,2020,7,강남구,주간,중상사고,차대차 - 충돌,차대차,충돌,신호위반,기타,맑음,단일로 - 기타,단일로,기타,0,1,1,0,2,2,1,N,Y,피해,승용,남,65세 이상,상해없음,개인형이동수단(PM),남,31-40세,중상,2020.xlsx
2020103728,2020-07,2020,7,강남구,주간,중상사고,차대차 - 기타,차대차,기타,안전운전불이행,건조,맑음,교차로 - 교차로안,교차로,교차로안,0,1,0,0,1,1,1,N,Y,피해,승용,남,51-60세,상해없음,개인형이동수단(PM),남,13-20세,중상,2020.xlsx
2020103798,2020-07,2020,7,강남구,주간,중상사고,차대차 - 기타,차대차,기타,안전운전불이행,건조,맑음,단일로 - 기타,단일로,기타,0,1,0,0,1,1,1,Y,N,가해,개인형이동수단(PM),여,31-40세,상해없음,자전거,남,21-30세,중상,2020.xlsx
2020107945,2020-07,2020,7,강남구,주간,부상신고사고,차대차 - 기타,차대차,기타,신호위반,건조,맑음,단일로 - 기타,단일로,기타,0,0,0,1,1,1,0,Y,N,가해,개인형이동수단(PM),남,41-50세,부상신고,이륜,남,51-60세,상해없음,2020.xlsx
2020108132,2020-07,2020,7,강남구,야간,경상사고,차대사람 - 기타,차대사람,기타,안전운전불이행,건조,맑음,단일로 - 기타,단일로,기타,0,0,1,0,1,1,0,Y,N,가해,개인형이동수단(PM),여,21-30세,상해없음,보행자,여,51-60세,경상,2020.xlsx
2020109604,2020-07,2020,7,강남구,주간,경상사고,차대차 - 충돌,차대차,충돌,안전운전불이행,건조,맑음,교차로 - 교차로횡단보도내,교차로,교차로횡단보도내,0,0,1,0,1,1,0,N,Y,피해,이륜,남,51-60세,상해없음,개인형이동수단(PM),여,21-30세,경상,2020.xlsx
2020110064,2020-07,2020,7,강남구,주간,경상사고,차대차 - 기타,차대차,기타,중앙선침범,건조,맑음,단일로 - 기타,단일로,기타,0,0,1,0,1,1,0,Y,N,가해,개인형이동수단(PM),여,20세 이하,경상,승용,남,31-40세,상해없음,2020.xlsx
2020110694,2020-07,2020,7,강남구,주간,경상사고,차대차 - 기타,차대차,기타,안전운전불이행,건조,맑음,단일로 - 기타,단일로,기타,0,0,1,0,1,1,0,Y,N,가해,개인형이동수단(PM),남,21-30세,경상,승용,남,51-60세,상해없음,2020.xlsx
2020111078,2020-07,2020,7,강남구,야간,경상사고,차량단독 - 기타,차량단독,기타,안전운전불이행,건조,맑음,교차로 - 교차로부근,교차로,교차로부근,0,0,1,0,1,1,0,Y,N,가해,개인형이동수단(PM),남,21-30세,경상,,,,,2020.xlsx
2020112381,2020-07,2020,7,강남구,야간,부상신고사고,차대사람 - 차도통행중,차대사람,차도통행중,안전운전불이행,건조,맑음,단일로 - 기타,단일로,기타,0,0,0,1,1,1,0,Y,N,가해,개인형이동수단(PM),남,21-30세,상해없음,보행자,여,21-30세,부상신고,2020.xlsx
2020113751,2020-07,2020,7,강남구,야간,중상사고,차대차 - 기타,차대차,기타,교차로운행방법위반,건조,맑음,교차로 - 교차로안,교차로,교차로안,0,1,0,0,1,1,1,N,Y,피해,승용,남,41-50세,상해없음,개인형이동수단(PM),남,21-30세,중상,2020.xlsx
2020113947,2020-07,2020,7,강남구,야간,경상사고,차대차 - 기타,차대차,기타,안전운전불이행,건조,흐림,교차로 - 교차로부근,교차로,교차로부근,0,0,1,0,1,1,0,Y,N,가해,개인형이동수단(PM),남,31-40세,경상,승용,남,41-50세,상해없음,2020.xlsx
2020115576,2020-07,2020,7,강남구,주간,경상사고,차대사람 - 보도통행중,차대사람,보도통행중,기타,건조,맑음,단일로 - 기타,단일로,기타,0,0,1,0,1,1,0,Y,N,가해,개인형이동수단(PM),남,31-40세,상해없음,보행자,여,21-30세,경상,2020.xlsx
2020115828,2020-07,2020,7,강남구,야간,경상사고,차대차 - 기타,차대차,기타,안전운전불이행,건조,맑음,교차로 - 교차로부근,교차로,교차로부근,0,0,1,0,1,1,0,N,Y,피해,승용,남,20세 이하,상해없음,개인형이동수단(PM),남,41-50세,경상,2020.xlsx
2020115946,2020-07,2020,7,강남구,야간,경상사고,차대사람 - 기타,차대사람,기타,안전운전불이행,건조,맑음,단일로 - 기타,단일로,기타,0,0,1,0,1,1,0,Y,N,가해,개인형이동수단(PM),남,21-30세,상해없음,보행자,여,31-40세,경상,2020.xlsx
2020117342,2020-07,2020,7,강남구,주간,경상사고,차대사람 - 기타,차대사람,기타,보행자보호의무위반,건조,맑음,단일로 - 기타,단일로,기타,0,0,1,0,1,1,0,Y,N,가해,개인형이동수단(PM),여,20세 이하,상해없음,보행자,남,41-50세,경상,2020.xlsx
2020118070,2020-07,2020,7,강남구,야간,경상사고,차대차 - 기타,차대차,기타,기타,건조,기타,교차로 - 교차로안,교차로,교차로안,0,0,2,0,2,2,0,N,Y,피해,승용,남,41-50세,경상,개인형이동수단(PM),남,21-30세,경상,2020.xlsx
2020119268,2020-07,2020,7,강남구,야간,중상사고,차대사람 - 기타,차대사람,기타,안전운전불이행,건조,맑음,주차장 - 주차장,주차장,주차장,0,1,0,0,1,1,1,Y,N,가해,개인형이동수단(PM),여,20세 이하,상해없음,보행자,여,51-60세,중상,2020.xlsx
2020119448,2020-07,2020,7,강남구,주간,부상신고사고,차대차 - 기타,차대차,기타,안전운전불이행,건조,맑음,교차로 - 교차로부근,교차로,교차로부근,0,0,0,1,1,1,0,Y,N,가해,개인형이동수단(PM),남,41-50세,부상신고,건설기계,남,31-40세,상해없음,2020.xlsx
2020119747,2020-07,2020,7,강남구,야간,경상사고,차대차 - 충돌,차대차,충돌,안전운전불이행,건조,맑음,단일로 - 기타,단일로,기타,0,0,1,0,1,1,0,Y,N,가해,개인형이동수단(PM),남,31-40세,경상,승용,여,21-30세,상해없음,2020.xlsx
2020110341,2020-07,2020,7,강동구,야간,중상사고,차대차 - 기타,차대차,기타,안전운전불이행,건조,맑음,교차로 - 교차로안,교차로,교차로안,0,1,0,0,1,1,1,N,Y,피해,승용,남,21-30세,상해없음,개인형이동수단(PM),남,51-60세,중상,2020.xlsx
2020113141,2020-07,2020,7,강동구,주간,경상사고,차대사람 - 차도통행중,차대사람,차도통행중,안전운전불이행,건조,맑음,단일로 - 기타,단일로,기타,0,0,1,0,1,1,0,Y,N,가해,개인형이동수단(PM),남,20세 이하,상해없음,보행자,여,65세 이상,경상,2020.xlsx
2020118942,2020-07,2020,7,강동구,주간,경상사고,차대차 - 충돌,차대차,충돌,신호위반,건조,맑음,교차로 - 교차로안,교차로,교차로안,0,0,1,0,1,1,0,N,Y,피해,화물,남,31-40세,상해없음,개인형이동수단(PM),여,13-20세,경상,2020.xlsx
2020106447,2020-07,2020,7,관악구,주간,경상사고,차대차 - 기타,차대차,기타,안전운전불이행,건조,맑음,교차로 - 교차로안,교차로,교차로안,0,0,1,0,1,1,0,N,Y,피해,승용,여,21-30세,상해없음,개인형이동수단(PM),남,21-30세,경상,2020.xlsx
2020108207,2020-07,2020,7,관악구,야간,부상신고사고,차대차 - 기타,차대차,기타,안전거리미확보,건조,맑음,단일로 - 기타,단일로,기타,0,0,0,1,1,1,0,N,Y,피해,승용,남,51-60세,상해없음,개인형이동수단(PM),남,31-40세,부상신고,2020.xlsx
2020112144,2020-07,2020,7,관악구,주간,경상사고,차대사람 - 기타,차대사람,기타,안전운전불이행,건조,맑음,단일로 - 기타,단일로,기타,0,0,1,0,1,1,0,Y,N,가해,개인형이동수단(PM),남,20세 이하,상해없음,보행자,여,65세 이상,경상,2020.xlsx
2020119194,2020-07,2020,7,관악구,야간,경상사고,차대사람 - 차도통행중,차대사람,차도통행중,안전운전불이행,건조,기타,교차로 - 교차로부근,교차로,교차로부근,0,0,1,0,1,1,0,Y,N,가해,개인형이동수단(PM),남,20세 이하,상해없음,보행자,여,51-60세,경상,2020.xlsx
2020119349,2020-07,2020,7,관악구,주간,경상사고,차대차 - 기타,차대차,기타,안전운전불이행,건조,맑음,교차로 - 교차로횡단보도내,교차로,교차로횡단보도내,0,0,1,0,1,1,0,Y,N,가해,개인형이동수단(PM),여,20세 이하,경상,승용,여,61-64세,상해없음,2020.xlsx
2020115897,2020-07,2020,7,광진구,야간,중상사고,차대차 - 충돌,차대차,충돌,안전운전불이행,건조,흐림,단일로 - 기타,단일로,기타,0,1,0,0,1,1,1,Y,N,가해,개인형이동수단(PM),남,21-30세,중상,승용,남,51-60세,기타불명,2020.xlsx
2020103987,2020-07,2020,7,구로구,야간,경상사고,차대사람 - 보도통행중,차대사람,보도통행중,기타,건조,맑음,기타 - 기타,기타,기타,0,0,1,0,1,1,0,Y,N,가해,개인형이동수단(PM),여,20세 이하,상해없음,보행자,여,21-30세,경상,2020.xlsx
2020110867,2020-07,2020,7,구로구,주간,경상사고,차대차 - 충돌,차대차,충돌,안전운전불이행,건조,맑음,교차로 - 교차로부근,교차로,교차로부근,0,0,1,0,1,1,0,N,Y,피해,승용,남,65세 이상,상해없음,개인형이동수단(PM),여,41-50세,경상,2020.xlsx
2020111415,2020-07,2020,7,구로구,주간,사망사고,차대차 - 기타,차대차,기타,안전운전불이행,건조,맑음,교차로 - 교차로안,교차로,교차로안,1,0,0,0,0,1,1,N,Y,피해,건설기계,남,65세 이상,상해없음,개인형이동수단(PM),남,65세 이상,사망,2020.xlsx
2020116268,2020-07,2020,7,구로구,주간,경상사고,차대차 - 기타,차대차,기타,중앙선침범,건조,맑음,교차로 - 교차로부근,교차로,교차로부근,0,0,1,0,1,1,0,Y,N,가해,개인형이동수단(PM),남,20세 이하,경상,승용,남,41-50세,상해없음,2020.xlsx
2020118874,2020-07,2020,7,구로구,주간,경상사고,차대차 - 충돌,차대차,충돌,중앙선침범,젖음/습기,흐림,교차로 - 교차로안,교차로,교차로안,0,0,1,0,1,1,0,Y,N,가해,개인형이동수단(PM),남,21-30세,경상,화물,남,41-50세,상해없음,2020.xlsx
2020105089,2020-07,2020,7,금천구,주간,부상신고사고,차대차 - 충돌,차대차,충돌,안전운전불이행,건조,맑음,교차로 - 교차로안,교차로,교차로안,0,0,0,1,1,1,0,Y,N,가해,개인형이동수단(PM),남,21-30세,부상신고,승용,남,51-60세,상해없음,2020.xlsx
2020105486,2020-07,2020,7,도봉구,야간,경상사고,차대사람 - 횡단중,차대사람,횡단중,안전운전불이행,건조,맑음,교차로 - 교차로안,교차로,교차로안,0,0,1,0,1,1,0,Y,N,가해,개인형이동수단(PM),남,21-30세,상해없음,보행자,남,12세 이하,경상,2020.xlsx
2020113144,2020-07,2020,7,도봉구,주간,경상사고,차대사람 - 기타,차대사람,기타,안전운전불이행,건조,맑음,단일로 - 기타,단일로,기타,0,0,1,0,1,1,0,Y,N,가해,개인형이동수단(PM),남,41-50세,상해없음,보행자,여,12세 이하,경상,2020.xlsx
2020102878,2020-07,2020,7,동대문구,주간,경상사고,차대차 - 충돌,차대차,충돌,안전운전불이행,건조,맑음,교차로 - 교차로부근,교차로,교차로부근,0,0,1,0,1,1,0,Y,N,가해,개인형이동수단(PM),여,21-30세,경상,승용,여,31-40세,상해없음,2020.xlsx
2020105114,2020-07,2020,7,동대문구,주간,중상사고,차대차 - 충돌,차대차,충돌,신호위반,건조,흐림,교차로 - 교차로안,교차로,교차로안,0,1,0,0,1,1,1,N,Y,피해,승용,남,51-60세,상해없음,개인형이동수단(PM),남,31-40세,중상,2020.xlsx
2020118185,2020-07,2020,7,동대문구,주간,경상사고,차대차 - 충돌,차대차,충돌,기타,젖음/습기,흐림,교차로 - 교차로안,교차로,교차로안,0,0,1,0,1,1,0,Y,N,가해,개인형이동수단(PM),남,20세 이하,경상,화물,남,21-30세,상해없음,2020.xlsx
2020108563,2020-07,2020,7,동작구,야간,경상사고,차대차 - 기타,차대차,기타,안전운전불이행,젖음/습기,비,교차로 - 교차로횡단보도내,교차로,교차로횡단보도내,0,0,1,0,1,1,0,N,Y,피해,승용,남,41-50세,상해없음,개인형이동수단(PM),남,31-40세,경상,2020.xlsx
2020113748,2020-07,2020,7,마포구,야간,부상신고사고,차대사람 - 기타,차대사람,기타,안전운전불이행,건조,맑음,단일로 - 기타,단일로,기타,0,0,0,1,1,1,0,Y,N,가해,개인형이동수단(PM),남,31-40세,상해없음,보행자,여,21-30세,부상신고,2020.xlsx
2020115372,2020-07,2020,7,마포구,주간,중상사고,차대차 - 기타,차대차,기타,안전운전불이행,건조,맑음,교차로 - 교차로안,교차로,교차로안,0,1,0,0,1,1,1,N,Y,피해,승용,남,65세 이상,상해없음,개인형이동수단(PM),여,21-30세,중상,2020.xlsx
2020117901,2020-07,2020,7,마포구,야간,부상신고사고,차대사람 - 기타,차대사람,기타,안전운전불이행,건조,맑음,단일로 - 기타,단일로,기타,0,0,0,1,1,1,0,Y,N,가해,개인형이동수단(PM),여,21-30세,상해없음,보행자,여,21-30세,부상신고,2020.xlsx
2020119037,2020-07,2020,7,마포구,주간,중상사고,차대차 - 기타,차대차,기타,안전운전불이행,건조,맑음,기타 - 기타,기타,기타,0,1,0,0,1,1,1,N,Y,피해,자전거,남,51-60세,중상,개인형이동수단(PM),여,21-30세,상해없음,2020.xlsx
2020101911,2020-07,2020,7,서대문구,주간,중상사고,차대차 - 기타,차대차,기타,안전운전불이행,건조,맑음,단일로 - 기타,단일로,기타,0,1,0,0,1,1,1,Y,N,가해,개인형이동수단(PM),여,21-30세,중상,승용,여,61-64세,상해없음,2020.xlsx
2020113286,2020-07,2020,7,서대문구,야간,경상사고,차대사람 - 차도통행중,차대사람,차도통행중,신호위반,건조,맑음,교차로 - 교차로안,교차로,교차로안,0,0,1,0,1,1,0,Y,N,가해,개인형이동수단(PM),여,20세 이하,상해없음,보행자,여,31-40세,경상,2020.xlsx
2020101833,2020-07,2020,7,서초구,주간,경상사고,차대차 - 충돌,차대차,충돌,중앙선침범,건조,맑음,단일로 - 기타,단일로,기타,0,0,1,0,1,1,0,N,Y,피해,승용,남,31-40세,상해없음,개인형이동수단(PM),남,31-40세,경상,2020.xlsx
2020103336,2020-07,2020,7,서초구,야간,중상사고,차량단독 - 기타,차량단독,기타,안전운전불이행,젖음/습기,흐림,교차로 - 교차로안,교차로,교차로안,0,1,0,0,1,1,1,Y,N,가해,개인형이동수단(PM),남,21-30세,상해없음,,,,,2020.xlsx
2020105660,2020-07,2020,7,서초구,주간,중상사고,차대사람 - 기타,차대사람,기타,안전운전불이행,건조,맑음,교차로 - 교차로안,교차로,교차로안,0,1,1,0,2,2,1,Y,N,가해,개인형이동수단(PM),여,21-30세,중상,보행자,여,31-40세,경상,2020.xlsx
2020106606,2020-07,2020,7,서초구,주간,경상사고,차대사람 - 보도통행중,차대사람,보도통행중,기타,건조,맑음,기타 - 기타,기타,기타,0,0,1,0,1,1,0,Y,N,가해,개인형이동수단(PM),여,21-30세,상해없음,보행자,남,13-20세,경상,2020.xlsx
2020112410,2020-07,2020,7,서초구,야간,경상사고,차량단독 - 충돌,차량단독,충돌,안전운전불이행,건조,맑음,단일로 - 기타,단일로,기타,0,0,1,0,1,1,0,Y,N,가해,개인형이동수단(PM),남,20세 이하,경상,,,,,2020.xlsx
2020117655,2020-07,2020,7,서초구,주간,경상사고,차대차 - 충돌,차대차,충돌,안전운전불이행,건조,맑음,교차로 - 교차로안,교차로,교차로안,0,0,1,0,1,1,0,N,Y,피해,승용,남,65세 이상,상해없음,개인형이동수단(PM),여,21-30세,경상,2020.xlsx
2020102755,2020-07,2020,7,성동구,야간,경상사고,차대차 - 기타,차대차,기타,안전운전불이행,건조,맑음,단일로 - 기타,단일로,기타,0,0,1,0,1,1,0,Y,N,가해,개인형이동수단(PM),남,31-40세,상해없음,승용,남,61-64세,상해없음,2020.xlsx
2020104886,2020-07,2020,7,성동구,야간,경상사고,차대차 - 기타,차대차,기타,안전거리미확보,건조,맑음,단일로 - 기타,단일로,기타,0,0,1,0,1,1,0,N,Y,피해,승용,남,31-40세,상해없음,개인형이동수단(PM),남,21-30세,경상,2020.xlsx
2020106189,2020-07,2020,7,성동구,야간,경상사고,차대차 - 기타,차대차,기타,안전운전불이행,건조,맑음,단일로 - 기타,단일로,기타,0,0,1,0,1,1,0,N,Y,피해,승용,여,31-40세,상해없음,개인형이동수단(PM),남,21-30세,경상,2020.xlsx
2020112382,2020-07,2020,7,성북구,야간,경상사고,차량단독 - 전도전복,차량단독,전도전복,안전운전불이행,건조,맑음,단일로 - 기타,단일로,기타,0,0,1,0,1,1,0,Y,N,가해,개인형이동수단(PM),남,31-40세,상해없음,,,,,2020.xlsx
2020102836,2020-07,2020,7,송파구,주간,부상신고사고,차량단독 - 기타,차량단독,기타,안전운전불이행,건조,맑음,단일로 - 기타,단일로,기타,0,0,0,1,1,1,0,Y,N,가해,개인형이동수단(PM),여,31-40세,부상신고,,,,,2020.xlsx
2020105689,2020-07,2020,7,송파구,주간,중상사고,차대차 - 충돌,차대차,충돌,기타,건조,맑음,교차로 - 교차로부근,교차로,교차로부근,0,1,0,0,1,1,1,Y,N,가해,개인형이동수단(PM),여,31-40세,중상,승용,남,31-40세,상해없음,2020.xlsx
2020107473,2020-07,2020,7,송파구,야간,경상사고,차대차 - 충돌,차대차,충돌,신호위반,건조,맑음,교차로 - 교차로안,교차로,교차로안,0,0,2,0,2,2,0,N,Y,피해,자전거,남,65세 이상,경상,개인형이동수단(PM),남,13-20세,경상,2020.xlsx
2020114709,2020-07,2020,7,송파구,주간,경상사고,차대사람 - 기타,차대사람,기타,안전운전불이행,젖음/습기,비,단일로 - 기타,단일로,기타,0,0,1,0,1,1,0,Y,N,가해,개인형이동수단(PM),남,21-30세,상해없음,보행자,여,31-40세,경상,2020.xlsx
2020110919,2020-07,2020,7,영등포구,야간,중상사고,차대차 - 충돌,차대차,충돌,중앙선침범,건조,맑음,단일로 - 기타,단일로,기타,0,1,0,0,1,1,1,Y,N,가해,개인형이동수단(PM),여,21-30세,상해없음,이륜,남,21-30세,중상,2020.xlsx
2020118112,2020-07,2020,7,용산구,야간,중상사고,차대사람 - 보도통행중,차대사람,보도통행중,기타,젖음/습기,비,단일로 - 기타,단일로,기타,0,1,0,0,1,1,1,Y,N,가해,개인형이동수단(PM),남,20세 이하,상해없음,보행자,남,21-30세,중상,2020.xlsx
2020117195,2020-07,2020,7,은평구,주간,경상사고,차대차 - 충돌,차대차,충돌,교차로운행방법위반,건조,맑음,교차로 - 교차로안,교차로,교차로안,0,0,1,0,1,1,0,Y,N,가해,개인형이동수단(PM),남,20세 이하,경상,승용,여,41-50세,상해없음,2020.xlsx
2020115920,2020-07,2020,7,종로구,야간,경상사고,차대차 - 기타,차대차,기타,교차로운행방법위반,건조,맑음,단일로 - 기타,단일로,기타,0,0,1,0,1,1,0,N,Y,피해,승용,남,31-40세,상해없음,개인형이동수단(PM),여,21-30세,경상,2020.xlsx
2020113048,2020-07,2020,7,중구,주간,경상사고,차대사람 - 보도통행중,차대사람,보도통행중,신호위반,젖음/습기,흐림,단일로 - 기타,단일로,기타,0,0,1,0,1,1,0,Y,N,가해,개인형이동수단(PM),남,21-30세,상해없음,보행자,여,61-64세,경상,2020.xlsx
2020124091,2020-08,2020,8,강남구,주간,경상사고,차대사람 - 보도통행중,차대사람,보도통행중,보행자보호의무위반,건조,맑음,교차로 - 교차로횡단보도내,교차로,교차로횡단보도내,0,0,1,0,1,1,0,Y,N,가해,개인형이동수단(PM),남,31-40세,상해없음,보행자,여,21-30세,경상,2020.xlsx
2020126964,2020-08,2020,8,강남구,야간,경상사고,차대사람 - 기타,차대사람,기타,기타,기타,맑음,기타 - 기타,기타,기타,0,0,1,0,1,1,0,Y,N,가해,개인형이동수단(PM),남,31-40세,상해없음,보행자,남,51-60세,경상,2020.xlsx
2020127080,2020-08,2020,8,강남구,야간,경상사고,차대사람 - 횡단중,차대사람,횡단중,안전운전불이행,건조,맑음,기타 - 기타,기타,기타,0,0,1,0,1,1,0,Y,N,가해,개인형이동수단(PM),남,21-30세,기타불명,보행자,여,21-30세,경상,2020.xlsx
2020128744,2020-08,2020,8,강남구,야간,중상사고,차대차 - 기타,차대차,기타,안전거리미확보,건조,기타,단일로 - 기타,단일로,기타,0,1,0,0,1,1,1,N,Y,피해,승합,남,31-40세,상해없음,개인형이동수단(PM),남,41-50세,중상,2020.xlsx
2020129337,2020-08,2020,8,강남구,야간,부상신고사고,차대차 - 충돌,차대차,충돌,안전운전불이행,건조,맑음,교차로 - 교차로안,교차로,교차로안,0,0,0,1,1,1,0,Y,N,가해,개인형이동수단(PM),남,21-30세,상해없음,승용,남,21-30세,상해없음,2020.xlsx
2020129381,2020-08,2020,8,강남구,야간,경상사고,차대차 - 충돌,차대차,충돌,신호위반,건조,맑음,교차로 - 교차로안,교차로,교차로안,0,0,1,0,1,1,0,N,Y,피해,승용,여,31-40세,상해없음,개인형이동수단(PM),여,31-40세,경상,2020.xlsx
2020129431,2020-08,2020,8,강남구,야간,부상신고사고,차량단독 - 기타,차량단독,기타,기타,건조,흐림,기타 - 기타,기타,기타,0,0,0,1,1,1,0,Y,N,가해,개인형이동수단(PM),남,31-40세,부상신고,,,,,2020.xlsx
2020130707,2020-08,2020,8,강남구,야간,중상사고,차대사람 - 보도통행중,차대사람,보도통행중,기타,건조,맑음,단일로 - 기타,단일로,기타,0,1,0,0,1,1,1,Y,N,가해,개인형이동수단(PM),여,20세 이하,상해없음,보행자,여,41-50세,중상,2020.xlsx
2020131253,2020-08,2020,8,강남구,야간,경상사고,차대사람 - 기타,차대사람,기타,기타,젖음/습기,맑음,단일로 - 기타,단일로,기타,0,0,1,0,1,1,0,Y,N,가해,개인형이동수단(PM),남,31-40세,상해없음,보행자,남,21-30세,경상,2020.xlsx
2020131911,2020-08,2020,8,강남구,야간,경상사고,차대차 - 기타,차대차,기타,기타,건조,맑음,단일로 - 기타,단일로,기타,0,0,1,0,1,1,0,Y,N,가해,개인형이동수단(PM),여,20세 이하,경상,승용,여,21-30세,상해없음,2020.xlsx
2020131971,2020-08,2020,8,강남구,야간,중상사고,차대차 - 기타,차대차,기타,안전운전불이행,건조,기타,교차로 - 교차로횡단보도내,교차로,교차로횡단보도내,0,1,0,0,1,1,1,N,Y,피해,승용,남,21-30세,상해없음,개인형이동수단(PM),여,21-30세,중상,2020.xlsx
2020132074,2020-08,2020,8,강남구,주간,부상신고사고,차대차 - 기타,차대차,기타,안전운전불이행,건조,맑음,단일로 - 기타,단일로,기타,0,0,0,1,1,1,0,Y,N,가해,개인형이동수단(PM),남,41-50세,부상신고,승용,여,51-60세,상해없음,2020.xlsx
2020132828,2020-08,2020,8,강남구,야간,경상사고,차대차 - 기타,차대차,기타,신호위반,건조,맑음,기타 - 기타,기타,기타,0,0,1,0,1,1,0,N,Y,피해,승용,여,21-30세,상해없음,개인형이동수단(PM),여,21-30세,경상,2020.xlsx
2020135936,2020-08,2020,8,강남구,야간,부상신고사고,차량단독 - 전도전복,차량단독,전도전복,안전운전불이행,기타,맑음,단일로 - 기타,단일로,기타,0,0,0,1,1,1,0,Y,N,가해,개인형이동수단(PM),남,31-40세,부상신고,,,,,2020.xlsx
2020136079,2020-08,2020,8,강남구,주간,부상신고사고,차대차 - 기타,차대차,기타,안전운전불이행,건조,맑음,단일로 - 기타,단일로,기타,0,0,0,1,1,1,0,Y,N,가해,개인형이동수단(PM),남,21-30세,부상신고,화물,남,65세 이상,상해없음,2020.xlsx
2020120867,2020-08,2020,8,강동구,야간,부상신고사고,차대차 - 충돌,차대차,충돌,교차로운행방법위반,건조,맑음,교차로 - 교차로안,교차로,교차로안,0,0,0,1,1,1,0,N,Y,피해,이륜,남,51-60세,부상신고,개인형이동수단(PM),남,21-30세,상해없음,2020.xlsx
2020127384,2020-08,2020,8,강동구,주간,중상사고,차대차 - 충돌,차대차,충돌,신호위반,건조,맑음,교차로 - 교차로안,교차로,교차로안,0,1,0,0,1,1,1,Y,N,가해,개인형이동수단(PM),여,41-50세,상해없음,자전거,여,61-64세,중상,2020.xlsx
2020134195,2020-08,2020,8,강북구,야간,경상사고,차대차 - 충돌,차대차,충돌,안전거리미확보,건조,맑음,단일로 - 기타,단일로,기타,0,0,1,0,1,1,0,N,Y,피해,승용,남,51-60세,상해없음,개인형이동수단(PM),남,31-40세,경상,2020.xlsx
2020130015,2020-08,2020,8,강서구,야간,경상사고,차대사람 - 보도통행중,차대사람,보도통행중,기타,건조,맑음,단일로 - 기타,단일로,기타,0,0,1,0,1,1,0,Y,N,가해,개인형이동수단(PM),여,41-50세,기타불명,보행자,여,21-30세,경상,2020.xlsx
2020133338,2020-08,2020,8,강서구,주간,중상사고,차대차 - 기타,차대차,기타,안전운전불이행,건조,맑음,단일로 - 기타,단일로,기타,0,1,0,0,1,1,1,N,Y,피해,승용,남,51-60세,상해없음,개인형이동수단(PM),남,51-60세,중상,2020.xlsx
2020124920,2020-08,2020,8,관악구,주간,경상사고,차대차 - 기타,차대차,기타,안전운전불이행,젖음/습기,흐림,단일로 - 기타,단일로,기타,0,0,1,0,1,1,0,N,Y,피해,승용,남,51-60세,상해없음,개인형이동수단(PM),남,41-50세,경상,2020.xlsx
2020125772,2020-08,2020,8,관악구,야간,중상사고,차대사람 - 차도통행중,차대사람,차도통행중,안전운전불이행,건조,맑음,단일로 - 기타,단일로,기타,0,1,1,0,2,2,1,Y,N,가해,개인형이동수단(PM),남,21-30세,경상,보행자,남,65세 이상,중상,2020.xlsx
2020126842,2020-08,2020,8,관악구,주간,중상사고,차대차 - 기타,차대차,기타,교차로운행방법위반,건조,맑음,교차로 - 교차로부근,교차로,교차로부근,0,1,0,0,1,1,1,N,Y,피해,화물,남,51-60세,상해없음,개인형이동수단(PM),남,31-40세,중상,2020.xlsx
2020131411,2020-08,2020,8,관악구,주간,경상사고,차대사람 - 보도통행중,차대사람,보도통행중,기타,건조,흐림,기타 - 기타,기타,기타,0,0,1,0,1,1,0,Y,N,가해,개인형이동수단(PM),남,21-30세,상해없음,보행자,남,41-50세,경상,2020.xlsx
2020131473,2020-08,2020,8,관악구,주간,경상사고,차대차 - 충돌,차대차,충돌,안전운전불이행,건조,맑음,교차로 - 교차로안,교차로,교차로안,0,0,1,0,1,1,0,Y,N,가해,개인형이동수단(PM),남,21-30세,경상,화물,남,65세 이상,상해없음,2020.xlsx
2020134051,2020-08,2020,8,관악구,야간,경상사고,차대사람 - 기타,차대사람,기타,안전운전불이행,건조,맑음,단일로 - 기타,단일로,기타,0,0,1,0,1,1,0,Y,N,가해,개인형이동수단(PM),남,20세 이하,상해없음,보행자,남,61-64세,경상,2020.xlsx
2020126256,2020-08,2020,8,광진구,주간,경상사고,차대차 - 충돌,차대차,충돌,신호위반,건조,맑음,교차로 - 교차로안,교차로,교차로안,0,0,1,0,1,1,0,N,Y,피해,이륜,남,20세 이하,상해없음,개인형이동수단(PM),여,21-30세,경상,2020.xlsx
2020127136,2020-08,2020,8,광진구,야간,경상사고,차대차 - 기타,차대차,기타,신호위반,기타,맑음,교차로 - 교차로안,교차로,교차로안,0,0,1,0,1,1,0,Y,N,가해,개인형이동수단(PM),여,21-30세,상해없음,이륜,남,31-40세,경상,2020.xlsx
2020131410,2020-08,2020,8,광진구,주간,경상사고,차대사람 - 기타,차대사람,기타,안전운전불이행,건조,맑음,단일로 - 기타,단일로,기타,0,0,1,0,1,1,0,Y,N,가해,개인형이동수단(PM),여,21-30세,상해없음,보행자,여,65세 이상,경상,2020.xlsx
2020132754,2020-08,2020,8,금천구,주간,경상사고,차대차 - 기타,차대차,기타,신호위반,건조,맑음,교차로 - 교차로안,교차로,교차로안,0,0,3,0,3,3,0,Y,N,가해,개인형이동수단(PM),남,20세 이하,경상,승용,여,31-40세,경상,2020.xlsx
2020137429,2020-08,2020,8,금천구,야간,중상사고,차대차 - 기타,차대차,기타,안전거리미확보,건조,맑음,교차로 - 교차로부근,교차로,교차로부근,0,1,0,0,1,1,1,N,Y,피해,화물,남,31-40세,상해없음,개인형이동수단(PM),여,21-30세,중상,2020.xlsx
2020129259,2020-08,2020,8,노원구,야간,중상사고,차대차 - 충돌,차대차,충돌,중앙선침범,건조,맑음,교차로 - 교차로안,교차로,교차로안,0,1,0,0,1,1,1,Y,N,가해,개인형이동수단(PM),남,41-50세,중상,승용,여,41-50세,상해없음,2020.xlsx
2020130491,2020-08,2020,8,동대문구,주간,경상사고,차대차 - 충돌,차대차,충돌,안전운전불이행,건조,맑음,교차로 - 교차로안,교차로,교차로안,0,0,1,0,1,1,0,Y,N,가해,개인형이동수단(PM),남,31-40세,경상,이륜,남,41-50세,상해없음,2020.xlsx
2020131090,2020-08,2020,8,동대문구,주간,중상사고,차대차 - 충돌,차대차,충돌,안전거리미확보,건조,맑음,단일로 - 기타,단일로,기타,0,1,0,0,1,1,1,N,Y,피해,승용,남,65세 이상,상해없음,개인형이동수단(PM),남,21-30세,중상,2020.xlsx
2020136197,2020-08,2020,8,동대문구,주간,경상사고,차대차 - 충돌,차대차,충돌,신호위반,젖음/습기,비,교차로 - 교차로안,교차로,교차로안,0,0,1,0,1,1,0,Y,N,가해,개인형이동수단(PM),여,21-30세,경상,승용,남,31-40세,상해없음,2020.xlsx
2020120643,2020-08,2020,8,동작구,주간,경상사고,차대차 - 기타,차대차,기타,안전운전불이행,젖음/습기,흐림,교차로 - 교차로횡단보도내,교차로,교차로횡단보도내,0,0,1,0,1,1,0,Y,N,가해,개인형이동수단(PM),남,21-30세,경상,승용,여,65세 이상,상해없음,2020.xlsx
2020131920,2020-08,2020,8,동작구,야간,부상신고사고,차대차 - 충돌,차대차,충돌,기타,건조,맑음,단일로 - 기타,단일로,기타,0,0,0,1,1,1,0,Y,N,가해,개인형이동수단(PM),남,31-40세,부상신고,승용,남,51-60세,상해없음,2020.xlsx
2020123504,2020-08,2020,8,마포구,주간,경상사고,차대차 - 기타,차대차,기타,안전운전불이행,건조,맑음,단일로 - 기타,단일로,기타,0,0,1,0,1,1,0,Y,Y,가해+피해,개인형이동수단(PM),남,21-30세,기타불명,개인형이동수단(PM),남,13-20세,경상,2020.xlsx
2020124055,2020-08,2020,8,마포구,주간,경상사고,차대사람 - 기타,차대사람,기타,안전운전불이행,건조,흐림,기타 - 기타,기타,기타,0,0,1,0,1,1,0,Y,N,가해,개인형이동수단(PM),남,20세 이하,상해없음,보행자,여,21-30세,경상,2020.xlsx
2020126495,2020-08,2020,8,마포구,야간,중상사고,차대차 - 기타,차대차,기타,교차로운행방법위반,건조,맑음,교차로 - 교차로안,교차로,교차로안,0,1,0,0,1,1,1,N,Y,피해,승용,남,31-40세,상해없음,개인형이동수단(PM),여,21-30세,중상,2020.xlsx
2020128245,2020-08,2020,8,마포구,야간,중상사고,차량단독 - 기타,차량단독,기타,안전운전불이행,건조,맑음,교차로 - 교차로안,교차로,교차로안,0,1,0,0,1,1,1,Y,N,가해,개인형이동수단(PM),남,31-40세,중상,,,,,2020.xlsx
2020130747,2020-08,2020,8,마포구,야간,경상사고,차대사람 - 기타,차대사람,기타,안전운전불이행,건조,맑음,기타 - 기타,기타,기타,0,0,1,0,1,1,0,Y,N,가해,개인형이동수단(PM),남,20세 이하,상해없음,보행자,남,13-20세,경상,2020.xlsx
2020133965,2020-08,2020,8,마포구,주간,중상사고,차대사람 - 기타,차대사람,기타,안전운전불이행,기타,맑음,기타 - 기타,기타,기타,0,1,0,0,1,1,1,Y,N,가해,개인형이동수단(PM),여,21-30세,상해없음,보행자,여,65세 이상,중상,2020.xlsx
2020124357,2020-08,2020,8,서초구,야간,부상신고사고,차량단독 - 기타,차량단독,기타,안전운전불이행,젖음/습기,흐림,교차로 - 교차로부근,교차로,교차로부근,0,0,0,1,1,1,0,Y,N,가해,개인형이동수단(PM),남,21-30세,부상신고,,,,,2020.xlsx
2020127022,2020-08,2020,8,서초구,야간,경상사고,차대사람 - 보도통행중,차대사람,보도통행중,기타,건조,맑음,기타 - 기타,기타,기타,0,0,1,0,1,1,0,Y,N,가해,개인형이동수단(PM),남,21-30세,상해없음,보행자,여,31-40세,경상,2020.xlsx
2020128276,2020-08,2020,8,서초구,야간,경상사고,차대차 - 기타,차대차,기타,신호위반,젖음/습기,흐림,단일로 - 기타,단일로,기타,0,0,1,0,1,1,0,N,Y,피해,승용,남,21-30세,상해없음,개인형이동수단(PM),남,31-40세,경상,2020.xlsx
2020137469,2020-08,2020,8,서초구,야간,중상사고,차대차 - 기타,차대차,기타,안전운전불이행,건조,맑음,단일로 - 기타,단일로,기타,0,1,0,0,1,1,1,Y,N,가해,개인형이동수단(PM),남,65세 이상,중상,승합,여,51-60세,상해없음,2020.xlsx
2020121349,2020-08,2020,8,성북구,야간,경상사고,차대차 - 기타,차대차,기타,기타,젖음/습기,비,교차로 - 교차로횡단보도내,교차로,교차로횡단보도내,0,0,1,0,1,1,0,Y,N,가해,개인형이동수단(PM),여,41-50세,경상,화물,남,51-60세,상해없음,2020.xlsx
2020126293,2020-08,2020,8,성북구,주간,중상사고,차대사람 - 보도통행중,차대사람,보도통행중,기타,건조,맑음,단일로 - 기타,단일로,기타,0,1,0,0,1,1,1,Y,N,가해,개인형이동수단(PM),남,20세 이하,상해없음,보행자,남,41-50세,중상,2020.xlsx
2020126065,2020-08,2020,8,송파구,주간,부상신고사고,차대사람 - 횡단중,차대사람,횡단중,기타,건조,맑음,기타 - 기타,기타,기타,0,0,0,1,1,1,0,Y,N,가해,개인형이동수단(PM),남,21-30세,상해없음,보행자,여,12세 이하,부상신고,2020.xlsx
2020129832,2020-08,2020,8,송파구,주간,경상사고,차대차 - 충돌,차대차,충돌,기타,건조,맑음,교차로 - 교차로안,교차로,교차로안,0,0,1,0,1,1,0,N,Y,피해,승용,남,61-64세,상해없음,개인형이동수단(PM),여,13-20세,경상,2020.xlsx
2020130704,2020-08,2020,8,송파구,야간,경상사고,차량단독 - 기타,차량단독,기타,안전운전불이행,건조,맑음,단일로 - 기타,단일로,기타,0,0,1,0,1,1,0,Y,N,가해,개인형이동수단(PM),남,21-30세,경상,,,,,2020.xlsx
2020135371,2020-08,2020,8,송파구,야간,중상사고,차대차 - 충돌,차대차,충돌,안전운전불이행,건조,맑음,교차로 - 교차로안,교차로,교차로안,0,1,0,0,1,1,1,N,Y,피해,승용,남,31-40세,상해없음,개인형이동수단(PM),여,21-30세,중상,2020.xlsx
2020137467,2020-08,2020,8,송파구,야간,경상사고,차대차 - 기타,차대차,기타,안전운전불이행,건조,맑음,교차로 - 교차로횡단보도내,교차로,교차로횡단보도내,0,0,1,0,1,1,0,N,Y,피해,기타불명,기타불명,기타불명,기타불명,개인형이동수단(PM),남,21-30세,경상,2020.xlsx
2020123069,2020-08,2020,8,영등포구,야간,경상사고,차대차 - 충돌,차대차,충돌,안전운전불이행,건조,맑음,교차로 - 교차로횡단보도내,교차로,교차로횡단보도내,0,0,1,0,1,1,0,N,Y,피해,승용,남,61-64세,상해없음,개인형이동수단(PM),남,31-40세,경상,2020.xlsx
2020127752,2020-08,2020,8,영등포구,야간,경상사고,차대사람 - 보도통행중,차대사람,보도통행중,기타,건조,맑음,기타 - 기타,기타,기타,0,0,1,0,1,1,0,Y,N,가해,개인형이동수단(PM),남,21-30세,상해없음,보행자,남,41-50세,경상,2020.xlsx
2020129890,2020-08,2020,8,영등포구,야간,경상사고,차대차 - 기타,차대차,기타,안전운전불이행,건조,맑음,단일로 - 기타,단일로,기타,0,0,1,1,2,2,0,Y,N,가해,개인형이동수단(PM),남,21-30세,부상신고,자전거,여,21-30세,경상,2020.xlsx
2020130063,2020-08,2020,8,영등포구,야간,경상사고,차대사람 - 기타,차대사람,기타,기타,건조,맑음,기타 - 기타,기타,기타,0,0,1,0,1,1,0,Y,N,가해,개인형이동수단(PM),남,21-30세,상해없음,보행자,여,41-50세,경상,2020.xlsx
2020136236,2020-08,2020,8,은평구,주간,중상사고,차대사람 - 기타,차대사람,기타,신호위반,건조,맑음,교차로 - 교차로부근,교차로,교차로부근,0,1,0,0,1,1,1,Y,N,가해,개인형이동수단(PM),남,21-30세,상해없음,보행자,남,65세 이상,중상,2020.xlsx
2020129132,2020-08,2020,8,중랑구,주간,경상사고,차대차 - 기타,차대차,기타,안전운전불이행,건조,맑음,교차로 - 교차로안,교차로,교차로안,0,0,1,0,1,1,0,N,Y,피해,승용,남,51-60세,상해없음,개인형이동수단(PM),여,41-50세,경상,2020.xlsx
2020135202,2020-08,2020,8,중랑구,야간,경상사고,차대차 - 기타,차대차,기타,안전운전불이행,건조,기타,단일로 - 기타,단일로,기타,0,0,1,0,1,1,0,N,Y,피해,승용,남,31-40세,상해없음,개인형이동수단(PM),남,41-50세,경상,2020.xlsx
2020139487,2020-09,2020,9,강남구,주간,경상사고,차대차 - 충돌,차대차,충돌,안전운전불이행,건조,맑음,교차로 - 교차로횡단보도내,교차로,교차로횡단보도내,0,0,1,0,1,1,0,N,Y,피해,승용,남,61-64세,상해없음,개인형이동수단(PM),남,13-20세,경상,2020.xlsx
2020142709,2020-09,2020,9,강남구,주간,중상사고,차대사람 - 보도통행중,차대사람,보도통행중,기타,건조,맑음,기타 - 기타,기타,기타,0,1,0,0,1,1,1,Y,N,가해,개인형이동수단(PM),여,31-40세,상해없음,보행자,남,65세 이상,중상,2020.xlsx
2020142766,2020-09,2020,9,강남구,야간,부상신고사고,차대사람 - 기타,차대사람,기타,기타,건조,맑음,단일로 - 기타,단일로,기타,0,0,0,1,1,1,0,Y,N,가해,개인형이동수단(PM),여,20세 이하,상해없음,보행자,여,21-30세,부상신고,2020.xlsx
2020143453,2020-09,2020,9,강남구,야간,중상사고,차대차 - 기타,차대차,기타,안전운전불이행,젖음/습기,비,교차로 - 교차로횡단보도내,교차로,교차로횡단보도내,0,1,1,0,2,2,1,Y,N,가해,개인형이동수단(PM),남,20세 이하,경상,자전거,여,41-50세,중상,2020.xlsx
2020145297,2020-09,2020,9,강남구,야간,중상사고,차대차 - 충돌,차대차,충돌,안전운전불이행,건조,기타,교차로 - 교차로안,교차로,교차로안,0,1,0,0,1,1,1,Y,N,가해,개인형이동수단(PM),여,21-30세,상해없음,이륜,남,21-30세,중상,2020.xlsx
2020147240,2020-09,2020,9,강남구,주간,중상사고,차대차 - 기타,차대차,기타,안전운전불이행,건조,맑음,단일로 - 기타,단일로,기타,0,1,1,0,2,2,1,N,Y,피해,자전거,남,20세 이하,중상,개인형이동수단(PM),여,31-40세,경상,2020.xlsx
2020147783,2020-09,2020,9,강남구,주간,경상사고,차대차 - 기타,차대차,기타,안전운전불이행,건조,맑음,단일로 - 기타,단일로,기타,0,0,1,0,1,1,0,N,Y,피해,건설기계,남,51-60세,상해없음,개인형이동수단(PM),남,21-30세,경상,2020.xlsx
2020147992,2020-09,2020,9,강남구,주간,경상사고,차대차 - 기타,차대차,기타,기타,건조,맑음,교차로 - 교차로횡단보도내,교차로,교차로횡단보도내,0,0,1,0,1,1,0,Y,N,가해,개인형이동수단(PM),남,41-50세,경상,승용,여,41-50세,상해없음,2020.xlsx
2020148215,2020-09,2020,9,강남구,야간,경상사고,차대차 - 충돌,차대차,충돌,안전운전불이행,건조,맑음,기타 - 기타,기타,기타,0,0,1,0,1,1,0,N,Y,피해,승용,남,51-60세,상해없음,개인형이동수단(PM),여,21-30세,경상,2020.xlsx
2020148356,2020-09,2020,9,강남구,야간,경상사고,차대사람 - 길가장자리구역통행중,차대사람,길가장자리구역통행중,기타,건조,흐림,단일로 - 기타,단일로,기타,0,0,1,0,1,1,0,Y,N,가해,개인형이동수단(PM),남,21-30세,상해없음,보행자,남,21-30세,경상,2020.xlsx
2020148730,2020-09,2020,9,강남구,주간,경상사고,차대차 - 기타,차대차,기타,안전운전불이행,건조,맑음,단일로 - 기타,단일로,기타,0,0,1,0,1,1,0,Y,N,가해,개인형이동수단(PM),남,20세 이하,경상,승용,남,31-40세,상해없음,2020.xlsx
2020149991,2020-09,2020,9,강남구,주간,경상사고,차대사람 - 기타,차대사람,기타,기타,건조,맑음,단일로 - 기타,단일로,기타,0,0,1,0,1,1,0,Y,N,가해,개인형이동수단(PM),남,21-30세,상해없음,보행자,남,65세 이상,경상,2020.xlsx
2020150169,2020-09,2020,9,강남구,야간,부상신고사고,차대차 - 기타,차대차,기타,안전운전불이행,건조,맑음,단일로 - 기타,단일로,기타,0,0,0,1,1,1,0,N,Y,피해,자전거,여,20세 이하,부상신고,개인형이동수단(PM),남,31-40세,상해없음,2020.xlsx
2020150333,2020-09,2020,9,강남구,주간,중상사고,차량단독 - 기타,차량단독,기타,안전운전불이행,건조,맑음,단일로 - 기타,단일로,기타,0,1,0,0,1,1,1,Y,N,가해,개인형이동수단(PM),여,21-30세,중상,,,,,2020.xlsx
2020151142,2020-09,2020,9,강남구,주간,경상사고,차대차 - 기타,차대차,기타,안전운전불이행,건조,맑음,교차로 - 교차로안,교차로,교차로안,0,0,1,0,1,1,0,N,Y,피해,승용,남,51-60세,상해없음,개인형이동수단(PM),여,21-30세,경상,2020.xlsx
2020154345,2020-09,2020,9,강남구,야간,경상사고,차대차 - 기타,차대차,기타,교차로운행방법위반,건조,맑음,교차로 - 교차로횡단보도내,교차로,교차로횡단보도내,0,0,2,0,2,2,0,Y,N,가해,개인형이동수단(PM),남,41-50세,경상,이륜,남,41-50세,경상,2020.xlsx
2020154450,2020-09,2020,9,강남구,주간,중상사고,차대차 - 추돌,차대차,추돌,안전운전불이행,건조,맑음,기타 - 기타,기타,기타,0,1,0,0,1,1,1,Y,N,가해,개인형이동수단(PM),남,21-30세,중상,승용,남,51-60세,상해없음,2020.xlsx
2020139734,2020-09,2020,9,강동구,야간,중상사고,차대차 - 충돌,차대차,충돌,안전운전불이행,건조,맑음,단일로 - 기타,단일로,기타,0,1,0,0,1,1,1,Y,N,가해,개인형이동수단(PM),남,21-30세,상해없음,승용,남,21-30세,상해없음,2020.xlsx
2020146422,2020-09,2020,9,강동구,야간,중상사고,차대차 - 충돌,차대차,충돌,안전운전불이행,건조,맑음,교차로 - 교차로안,교차로,교차로안,0,1,0,0,1,1,1,N,Y,피해,승용,여,41-50세,상해없음,개인형이동수단(PM),남,41-50세,중상,2020.xlsx
2020148208,2020-09,2020,9,강북구,야간,경상사고,차대차 - 기타,차대차,기타,기타,건조,맑음,교차로 - 교차로안,교차로,교차로안,0,0,1,0,1,1,0,N,Y,피해,자전거,남,65세 이상,경상,개인형이동수단(PM),남,21-30세,상해없음,2020.xlsx
2020144189,2020-09,2020,9,관악구,야간,경상사고,차대사람 - 보도통행중,차대사람,보도통행중,기타,건조,맑음,단일로 - 기타,단일로,기타,0,0,1,0,1,1,0,Y,N,가해,개인형이동수단(PM),여,21-30세,상해없음,보행자,남,21-30세,경상,2020.xlsx
2020144689,2020-09,2020,9,관악구,야간,경상사고,차대차 - 충돌,차대차,충돌,중앙선침범,건조,기타,기타 - 기타,기타,기타,0,0,1,0,1,1,0,Y,N,가해,개인형이동수단(PM),남,21-30세,기타불명,이륜,남,21-30세,경상,2020.xlsx
2020149570,2020-09,2020,9,관악구,야간,경상사고,차대사람 - 보도통행중,차대사람,보도통행중,기타,건조,기타,기타 - 기타,기타,기타,0,0,1,0,1,1,0,Y,N,가해,개인형이동수단(PM),남,21-30세,상해없음,보행자,남,21-30세,경상,2020.xlsx
2020151603,2020-09,2020,9,관악구,야간,경상사고,차대차 - 충돌,차대차,충돌,안전운전불이행,건조,맑음,교차로 - 교차로부근,교차로,교차로부근,0,0,1,0,1,1,0,Y,N,가해,개인형이동수단(PM),남,21-30세,경상,승용,여,21-30세,기타불명,2020.xlsx
2020141834,2020-09,2020,9,광진구,야간,중상사고,차량단독 - 전도전복,차량단독,전도전복,안전운전불이행,건조,맑음,단일로 - 기타,단일로,기타,0,1,0,0,1,1,1,Y,N,가해,개인형이동수단(PM),남,20세 이하,중상,,,,,2020.xlsx
2020145991,2020-09,2020,9,광진구,주간,중상사고,차대차 - 충돌,차대차,충돌,기타,건조,맑음,교차로 - 교차로안,교차로,교차로안,0,1,0,0,1,1,1,Y,N,가해,개인형이동수단(PM),남,31-40세,중상,승용,남,31-40세,상해없음,2020.xlsx
2020150343,2020-09,2020,9,광진구,주간,경상사고,차대사람 - 횡단중,차대사람,횡단중,안전운전불이행,건조,맑음,단일로 - 기타,단일로,기타,0,0,1,0,1,1,0,Y,N,가해,개인형이동수단(PM),남,21-30세,상해없음,보행자,여,51-60세,경상,2020.xlsx
2020153078,2020-09,2020,9,광진구,주간,경상사고,차대사람 - 횡단중,차대사람,횡단중,안전운전불이행,건조,맑음,교차로 - 교차로안,교차로,교차로안,0,0,1,0,1,1,0,Y,N,가해,개인형이동수단(PM),남,21-30세,상해없음,보행자,여,21-30세,경상,2020.xlsx
2020150731,2020-09,2020,9,구로구,야간,경상사고,차대사람 - 기타,차대사람,기타,안전운전불이행,건조,맑음,기타 - 기타,기타,기타,0,0,1,0,1,1,0,Y,N,가해,개인형이동수단(PM),여,21-30세,상해없음,보행자,여,21-30세,경상,2020.xlsx
2020142945,2020-09,2020,9,노원구,야간,부상신고사고,차대차 - 충돌,차대차,충돌,안전운전불이행,건조,맑음,단일로 - 기타,단일로,기타,0,0,0,1,1,1,0,N,Y,피해,자전거,남,51-60세,부상신고,개인형이동수단(PM),남,31-40세,상해없음,2020.xlsx
2020150211,2020-09,2020,9,노원구,야간,중상사고,차대차 - 기타,차대차,기타,안전운전불이행,건조,맑음,단일로 - 기타,단일로,기타,0,1,0,0,1,1,1,Y,N,가해,개인형이동수단(PM),남,41-50세,중상,자전거,남,51-60세,상해없음,2020.xlsx
2020140194,2020-09,2020,9,동대문구,야간,경상사고,차대차 - 기타,차대차,기타,신호위반,건조,맑음,단일로 - 기타,단일로,기타,0,0,1,0,1,1,0,N,Y,피해,이륜,남,20세 이하,상해없음,개인형이동수단(PM),남,21-30세,경상,2020.xlsx
2020142507,2020-09,2020,9,동대문구,주간,경상사고,차대차 - 충돌,차대차,충돌,안전거리미확보,건조,맑음,교차로 - 교차로부근,교차로,교차로부근,0,0,1,0,1,1,0,Y,N,가해,개인형이동수단(PM),남,65세 이상,경상,화물,남,31-40세,상해없음,2020.xlsx
2020154326,2020-09,2020,9,동대문구,야간,경상사고,차대차 - 충돌,차대차,충돌,기타,건조,흐림,단일로 - 기타,단일로,기타,0,0,1,0,1,1,0,N,Y,피해,승용,남,21-30세,상해없음,개인형이동수단(PM),남,41-50세,경상,2020.xlsx
2020155134,2020-09,2020,9,동대문구,야간,중상사고,차대차 - 기타,차대차,기타,안전운전불이행,건조,맑음,기타 - 기타,기타,기타,0,1,0,0,1,1,1,N,Y,피해,이륜,남,31-40세,상해없음,개인형이동수단(PM),남,21-30세,중상,2020.xlsx
2020143121,2020-09,2020,9,동작구,주간,경상사고,차대사람 - 횡단중,차대사람,횡단중,안전운전불이행,건조,맑음,기타 - 기타,기타,기타,0,0,1,0,1,1,0,Y,N,가해,개인형이동수단(PM),남,21-30세,상해없음,보행자,남,21-30세,경상,2020.xlsx
2020152227,2020-09,2020,9,동작구,야간,경상사고,차대사람 - 보도통행중,차대사람,보도통행중,기타,건조,맑음,기타 - 기타,기타,기타,0,0,1,0,1,1,0,Y,N,가해,개인형이동수단(PM),남,20세 이하,상해없음,보행자,여,65세 이상,경상,2020.xlsx
2020152286,2020-09,2020,9,동작구,야간,경상사고,차대차 - 충돌,차대차,충돌,중앙선침범,건조,맑음,교차로 - 교차로안,교차로,교차로안,0,0,1,0,1,1,0,Y,N,가해,개인형이동수단(PM),남,21-30세,경상,승합,남,31-40세,상해없음,2020.xlsx
2020139714,2020-09,2020,9,마포구,야간,경상사고,차대차 - 충돌,차대차,충돌,신호위반,건조,맑음,교차로 - 교차로안,교차로,교차로안,0,0,2,0,2,2,0,N,Y,피해,이륜,남,21-30세,상해없음,개인형이동수단(PM),남,31-40세,경상,2020.xlsx
2020140027,2020-09,2020,9,마포구,주간,부상신고사고,차대사람 - 횡단중,차대사람,횡단중,보행자보호의무위반,건조,맑음,교차로 - 교차로횡단보도내,교차로,교차로횡단보도내,0,0,0,1,1,1,0,Y,N,가해,개인형이동수단(PM),남,21-30세,상해없음,보행자,여,21-30세,부상신고,2020.xlsx
2020141805,2020-09,2020,9,마포구,야간,중상사고,차대차 - 충돌,차대차,충돌,안전운전불이행,건조,맑음,기타 - 기타,기타,기타,0,1,1,0,2,2,1,N,Y,피해,이륜,남,31-40세,경상,개인형이동수단(PM),여,21-30세,중상,2020.xlsx
2020141855,2020-09,2020,9,마포구,야간,중상사고,차대차 - 기타,차대차,기타,신호위반,젖음/습기,비,교차로 - 교차로안,교차로,교차로안,0,1,0,0,1,1,1,N,Y,피해,화물,남,41-50세,상해없음,개인형이동수단(PM),남,21-30세,중상,2020.xlsx
2020141934,2020-09,2020,9,마포구,주간,경상사고,차대차 - 충돌,차대차,충돌,기타,건조,맑음,기타 - 기타,기타,기타,0,0,2,0,2,2,0,Y,N,가해,개인형이동수단(PM),남,21-30세,경상,이륜,남,21-30세,경상,2020.xlsx
2020145204,2020-09,2020,9,마포구,야간,경상사고,차대차 - 충돌,차대차,충돌,교차로운행방법위반,건조,맑음,교차로 - 교차로안,교차로,교차로안,0,0,1,0,1,1,0,N,Y,피해,승용,남,51-60세,상해없음,개인형이동수단(PM),남,31-40세,경상,2020.xlsx
2020145478,2020-09,2020,9,마포구,주간,중상사고,차대차 - 충돌,차대차,충돌,기타,건조,맑음,단일로 - 기타,단일로,기타,0,1,0,0,1,1,1,N,Y,피해,승용,남,31-40세,상해없음,개인형이동수단(PM),남,31-40세,중상,2020.xlsx
2020146388,2020-09,2020,9,마포구,야간,중상사고,차대사람 - 기타,차대사람,기타,안전운전불이행,건조,맑음,교차로 - 교차로부근,교차로,교차로부근,0,1,0,0,1,1,1,Y,N,가해,개인형이동수단(PM),남,21-30세,상해없음,보행자,여,13-20세,중상,2020.xlsx
2020148341,2020-09,2020,9,마포구,야간,경상사고,차대사람 - 보도통행중,차대사람,보도통행중,안전운전불이행,기타,맑음,단일로 - 기타,단일로,기타,0,0,1,0,1,1,0,Y,N,가해,개인형이동수단(PM),남,21-30세,상해없음,보행자,남,51-60세,경상,2020.xlsx
2020150161,2020-09,2020,9,마포구,야간,경상사고,차대사람 - 기타,차대사람,기타,안전운전불이행,건조,맑음,단일로 - 기타,단일로,기타,0,0,1,0,1,1,0,Y,N,가해,개인형이동수단(PM),남,21-30세,상해없음,보행자,여,65세 이상,경상,2020.xlsx
2020151278,2020-09,2020,9,마포구,주간,중상사고,차대차 - 기타,차대차,기타,안전운전불이행,건조,맑음,교차로 - 교차로안,교차로,교차로안,0,1,0,0,1,1,1,N,Y,피해,승용,여,41-50세,기타불명,개인형이동수단(PM),남,41-50세,중상,2020.xlsx
2020153566,2020-09,2020,9,마포구,주간,중상사고,차대사람 - 기타,차대사람,기타,기타,건조,맑음,단일로 - 기타,단일로,기타,0,1,0,0,1,1,1,Y,N,가해,개인형이동수단(PM),남,21-30세,상해없음,보행자,여,31-40세,중상,2020.xlsx
2020155136,2020-09,2020,9,마포구,야간,중상사고,차대사람 - 기타,차대사람,기타,신호위반,건조,맑음,단일로 - 기타,단일로,기타,0,1,0,0,1,1,1,Y,N,가해,개인형이동수단(PM),남,31-40세,상해없음,보행자,여,41-50세,중상,2020.xlsx
2020142213,2020-09,2020,9,서대문구,야간,경상사고,차대사람 - 기타,차대사람,기타,기타,건조,맑음,단일로 - 기타,단일로,기타,0,0,1,0,1,1,0,Y,N,가해,개인형이동수단(PM),여,20세 이하,상해없음,보행자,남,21-30세,경상,2020.xlsx
2020145518,2020-09,2020,9,서초구,주간,경상사고,차대사람 - 보도통행중,차대사람,보도통행중,기타,건조,맑음,단일로 - 기타,단일로,기타,0,0,1,0,1,1,0,Y,N,가해,개인형이동수단(PM),여,20세 이하,상해없음,보행자,여,65세 이상,경상,2020.xlsx
2020146467,2020-09,2020,9,서초구,주간,경상사고,차대사람 - 보도통행중,차대사람,보도통행중,기타,건조,맑음,기타 - 기타,기타,기타,0,0,1,0,1,1,0,Y,N,가해,개인형이동수단(PM),여,21-30세,상해없음,보행자,여,41-50세,경상,2020.xlsx
2020151371,2020-09,2020,9,서초구,야간,경상사고,차대사람 - 기타,차대사람,기타,안전운전불이행,건조,맑음,단일로 - 기타,단일로,기타,0,0,1,0,1,1,0,Y,N,가해,개인형이동수단(PM),남,21-30세,상해없음,보행자,남,31-40세,경상,2020.xlsx
2020152827,2020-09,2020,9,서초구,야간,경상사고,차대사람 - 기타,차대사람,기타,안전운전불이행,건조,맑음,교차로 - 교차로횡단보도내,교차로,교차로횡단보도내,0,0,1,0,1,1,0,Y,N,가해,개인형이동수단(PM),남,51-60세,상해없음,보행자,여,41-50세,경상,2020.xlsx
2020153066,2020-09,2020,9,서초구,야간,중상사고,차량단독 - 전도전복,차량단독,전도전복,안전운전불이행,건조,맑음,단일로 - 기타,단일로,기타,0,1,0,0,1,1,1,Y,N,가해,개인형이동수단(PM),남,21-30세,중상,,,,,2020.xlsx
2020153067,2020-09,2020,9,서초구,야간,중상사고,차대사람 - 기타,차대사람,기타,안전운전불이행,건조,맑음,기타 - 기타,기타,기타,0,1,0,0,1,1,1,Y,N,가해,개인형이동수단(PM),남,21-30세,중상,보행자,남,21-30세,상해없음,2020.xlsx
2020137839,2020-09,2020,9,성동구,주간,부상신고사고,차대사람 - 보도통행중,차대사람,보도통행중,기타,건조,맑음,단일로 - 기타,단일로,기타,0,0,0,1,1,1,0,Y,N,가해,개인형이동수단(PM),기타불명,기타불명,기타불명,보행자,남,31-40세,부상신고,2020.xlsx
2020147645,2020-09,2020,9,성동구,야간,경상사고,차대차 - 충돌,차대차,충돌,기타,건조,맑음,단일로 - 기타,단일로,기타,0,0,1,0,1,1,0,Y,N,가해,개인형이동수단(PM),여,21-30세,경상,승용,남,41-50세,상해없음,2020.xlsx
2020148042,2020-09,2020,9,성동구,주간,경상사고,차대사람 - 보도통행중,차대사람,보도통행중,기타,건조,맑음,단일로 - 기타,단일로,기타,0,0,1,0,1,1,0,Y,N,가해,개인형이동수단(PM),남,21-30세,상해없음,보행자,남,21-30세,경상,2020.xlsx
2020150163,2020-09,2020,9,성동구,야간,경상사고,차대차 - 충돌,차대차,충돌,교차로운행방법위반,건조,맑음,교차로 - 교차로안,교차로,교차로안,0,0,1,0,1,1,0,N,Y,피해,화물,남,51-60세,상해없음,개인형이동수단(PM),남,13-20세,경상,2020.xlsx
2020145588,2020-09,2020,9,성북구,주간,경상사고,차대차 - 충돌,차대차,충돌,안전운전불이행,건조,맑음,단일로 - 기타,단일로,기타,0,0,1,0,1,1,0,N,Y,피해,승용,남,31-40세,상해없음,개인형이동수단(PM),남,31-40세,경상,2020.xlsx
2020145480,2020-09,2020,9,송파구,주간,경상사고,차대차 - 충돌,차대차,충돌,안전운전불이행,건조,맑음,교차로 - 교차로안,교차로,교차로안,0,0,1,0,1,1,0,N,Y,피해,승용,남,41-50세,상해없음,개인형이동수단(PM),여,31-40세,경상,2020.xlsx
2020145897,2020-09,2020,9,송파구,주간,부상신고사고,차대차 - 충돌,차대차,충돌,안전운전불이행,건조,맑음,교차로 - 교차로안,교차로,교차로안,0,0,0,1,1,1,0,Y,N,가해,개인형이동수단(PM),남,21-30세,부상신고,승용,여,41-50세,상해없음,2020.xlsx
2020146936,2020-09,2020,9,양천구,야간,중상사고,차대차 - 기타,차대차,기타,안전운전불이행,건조,맑음,기타 - 기타,기타,기타,0,1,0,0,1,1,1,N,Y,피해,승용,남,61-64세,상해없음,개인형이동수단(PM),여,21-30세,중상,2020.xlsx
2020152007,2020-09,2020,9,양천구,주간,경상사고,차대사람 - 기타,차대사람,기타,안전운전불이행,건조,맑음,단일로 - 기타,단일로,기타,0,0,1,0,1,1,0,Y,N,가해,개인형이동수단(PM),남,21-30세,상해없음,보행자,남,41-50세,경상,2020.xlsx
2020154043,2020-09,2020,9,양천구,주간,경상사고,차대차 - 기타,차대차,기타,안전운전불이행,건조,맑음,기타 - 기타,기타,기타,0,0,1,0,1,1,0,Y,N,가해,개인형이동수단(PM),여,65세 이상,경상,승용,남,31-40세,상해없음,2020.xlsx
2020138876,2020-09,2020,9,영등포구,주간,중상사고,차대차 - 기타,차대차,기타,안전운전불이행,건조,맑음,단일로 - 기타,단일로,기타,0,1,0,0,1,1,1,N,Y,피해,승용,남,21-30세,상해없음,개인형이동수단(PM),남,31-40세,중상,2020.xlsx
2020151915,2020-09,2020,9,중랑구,주간,경상사고,차대차 - 충돌,차대차,충돌,기타,건조,맑음,교차로 - 교차로안,교차로,교차로안,0,0,1,0,1,1,0,N,Y,피해,승용,남,51-60세,상해없음,개인형이동수단(PM),남,31-40세,경상,2020.xlsx
2020158952,2020-10,2020,10,강남구,야간,중상사고,차대차 - 기타,차대차,기타,안전운전불이행,건조,맑음,교차로 - 교차로횡단보도내,교차로,교차로횡단보도내,0,1,0,0,1,1,1,N,Y,피해,승용,남,51-60세,상해없음,개인형이동수단(PM),남,31-40세,중상,2020.xlsx
2020159091,2020-10,2020,10,강남구,야간,경상사고,차대사람 - 기타,차대사람,기타,안전운전불이행,건조,맑음,단일로 - 기타,단일로,기타,0,0,1,0,1,1,0,Y,N,가해,개인형이동수단(PM),남,21-30세,기타불명,보행자,여,21-30세,경상,2020.xlsx
2020159108,2020-10,2020,10,강남구,야간,경상사고,차대사람 - 기타,차대사람,기타,안전운전불이행,건조,맑음,단일로 - 기타,단일로,기타,0,0,2,0,2,2,0,Y,N,가해,개인형이동수단(PM),여,31-40세,상해없음,보행자,여,21-30세,경상,2020.xlsx
2020159583,2020-10,2020,10,강남구,야간,경상사고,차대차 - 충돌,차대차,충돌,안전운전불이행,건조,맑음,단일로 - 기타,단일로,기타,0,0,1,0,1,1,0,Y,N,가해,개인형이동수단(PM),남,31-40세,경상,승용,남,51-60세,상해없음,2020.xlsx
2020159841,2020-10,2020,10,강남구,야간,중상사고,차대차 - 추돌,차대차,추돌,과속,건조,맑음,단일로 - 기타,단일로,기타,0,1,1,0,2,2,1,N,Y,피해,승용,남,51-60세,상해없음,개인형이동수단(PM),남,21-30세,중상,2020.xlsx
2020160267,2020-10,2020,10,강남구,야간,중상사고,차대차 - 기타,차대차,기타,신호위반,건조,맑음,단일로 - 기타,단일로,기타,0,1,0,0,1,1,1,N,Y,피해,승용,남,21-30세,상해없음,개인형이동수단(PM),남,31-40세,중상,2020.xlsx
2020160473,2020-10,2020,10,강남구,주간,경상사고,차대차 - 기타,차대차,기타,안전운전불이행,건조,맑음,단일로 - 기타,단일로,기타,0,0,1,0,1,1,0,Y,N,가해,개인형이동수단(PM),남,21-30세,상해없음,이륜,남,31-40세,경상,2020.xlsx
2020161984,2020-10,2020,10,강남구,야간,중상사고,차대차 - 기타,차대차,기타,안전운전불이행,건조,맑음,교차로 - 교차로부근,교차로,교차로부근,0,1,0,0,1,1,1,N,Y,피해,이륜,남,21-30세,상해없음,개인형이동수단(PM),남,41-50세,중상,2020.xlsx
2020164527,2020-10,2020,10,강남구,야간,경상사고,차대차 - 기타,차대차,기타,기타,건조,맑음,단일로 - 기타,단일로,기타,0,0,1,0,1,1,0,Y,N,가해,개인형이동수단(PM),남,21-30세,경상,승용,남,51-60세,상해없음,2020.xlsx
2020166032,2020-10,2020,10,강남구,주간,경상사고,차대차 - 기타,차대차,기타,안전운전불이행,건조,맑음,기타 - 기타,기타,기타,0,0,1,0,1,1,0,Y,N,가해,개인형이동수단(PM),여,61-64세,상해없음,자전거,남,13-20세,경상,2020.xlsx
2020167485,2020-10,2020,10,강남구,주간,경상사고,차대차 - 추돌,차대차,추돌,안전거리미확보,건조,맑음,기타 - 기타,기타,기타,0,0,1,1,2,2,0,Y,N,가해,개인형이동수단(PM),남,21-30세,부상신고,자전거,남,31-40세,경상,2020.xlsx
2020168886,2020-10,2020,10,강남구,주간,중상사고,차대사람 - 길가장자리구역통행중,차대사람,길가장자리구역통행중,안전운전불이행,건조,맑음,단일로 - 기타,단일로,기타,0,1,0,0,1,1,1,Y,N,가해,개인형이동수단(PM),남,41-50세,상해없음,보행자,남,41-50세,중상,2020.xlsx
2020171307,2020-10,2020,10,강남구,야간,경상사고,차대차 - 기타,차대차,기타,기타,건조,맑음,단일로 - 기타,단일로,기타,0,0,1,0,1,1,0,N,Y,피해,화물,남,41-50세,상해없음,개인형이동수단(PM),남,41-50세,경상,2020.xlsx
2020172357,2020-10,2020,10,강남구,주간,경상사고,차대차 - 기타,차대차,기타,신호위반,건조,맑음,교차로 - 교차로횡단보도내,교차로,교차로횡단보도내,0,0,1,0,1,1,0,N,Y,피해,이륜,남,41-50세,상해없음,개인형이동수단(PM),여,21-30세,경상,2020.xlsx
2020172741,2020-10,2020,10,강남구,야간,경상사고,차량단독 - 기타,차량단독,기타,안전운전불이행,건조,맑음,단일로 - 기타,단일로,기타,0,0,1,0,1,1,0,Y,N,가해,개인형이동수단(PM),여,21-30세,경상,,,,,2020.xlsx
2020174562,2020-10,2020,10,강남구,주간,경상사고,차대사람 - 보도통행중,차대사람,보도통행중,기타,건조,맑음,기타 - 기타,기타,기타,0,0,1,0,1,1,0,Y,N,가해,개인형이동수단(PM),남,31-40세,상해없음,보행자,여,12세 이하,경상,2020.xlsx
2020158421,2020-10,2020,10,강동구,야간,경상사고,차대차 - 충돌,차대차,충돌,안전운전불이행,건조,맑음,단일로 - 기타,단일로,기타,0,0,1,0,1,1,0,Y,N,가해,개인형이동수단(PM),남,20세 이하,상해없음,이륜,남,13-20세,경상,2020.xlsx
2020160945,2020-10,2020,10,강동구,야간,중상사고,차대차 - 충돌,차대차,충돌,신호위반,건조,맑음,교차로 - 교차로안,교차로,교차로안,0,1,0,0,1,1,1,N,Y,피해,승용,남,51-60세,상해없음,개인형이동수단(PM),남,21-30세,중상,2020.xlsx
2020161229,2020-10,2020,10,강동구,주간,경상사고,차대사람 - 기타,차대사람,기타,안전운전불이행,건조,맑음,단일로 - 기타,단일로,기타,0,0,1,0,1,1,0,Y,N,가해,개인형이동수단(PM),남,31-40세,상해없음,보행자,남,21-30세,경상,2020.xlsx
2020172421,2020-10,2020,10,강동구,주간,경상사고,차대사람 - 보도통행중,차대사람,보도통행중,기타,건조,맑음,단일로 - 기타,단일로,기타,0,0,1,0,1,1,0,Y,N,가해,개인형이동수단(PM),여,21-30세,상해없음,보행자,남,31-40세,경상,2020.xlsx
2020163965,2020-10,2020,10,강북구,야간,중상사고,차대차 - 기타,차대차,기타,안전운전불이행,건조,맑음,교차로 - 교차로부근,교차로,교차로부근,0,1,0,0,1,1,1,N,Y,피해,승용,남,51-60세,상해없음,개인형이동수단(PM),남,51-60세,중상,2020.xlsx
2020162696,2020-10,2020,10,강서구,야간,경상사고,차대차 - 충돌,차대차,충돌,안전운전불이행,건조,맑음,단일로 - 기타,단일로,기타,0,0,1,0,1,1,0,Y,N,가해,개인형이동수단(PM),남,31-40세,경상,승용,남,31-40세,상해없음,2020.xlsx
2020171379,2020-10,2020,10,강서구,야간,경상사고,차대차 - 충돌,차대차,충돌,안전운전불이행,건조,맑음,교차로 - 교차로안,교차로,교차로안,0,0,1,0,1,1,0,Y,N,가해,개인형이동수단(PM),남,31-40세,경상,승용,남,65세 이상,상해없음,2020.xlsx
2020172420,2020-10,2020,10,강서구,주간,중상사고,차대사람 - 횡단중,차대사람,횡단중,보행자보호의무위반,건조,맑음,교차로 - 교차로안,교차로,교차로안,0,1,0,0,1,1,1,Y,N,가해,개인형이동수단(PM),남,21-30세,상해없음,보행자,여,65세 이상,중상,2020.xlsx
2020156794,2020-10,2020,10,관악구,야간,경상사고,차대사람 - 보도통행중,차대사람,보도통행중,기타,건조,기타,기타 - 기타,기타,기타,0,0,2,0,2,2,0,Y,N,가해,개인형이동수단(PM),여,21-30세,경상,보행자,여,65세 이상,경상,2020.xlsx
2020158996,2020-10,2020,10,관악구,야간,경상사고,차대사람 - 기타,차대사람,기타,기타,기타,기타,기타 - 기타,기타,기타,0,0,1,0,1,1,0,Y,N,가해,개인형이동수단(PM),남,20세 이하,상해없음,보행자,여,21-30세,경상,2020.xlsx
2020162644,2020-10,2020,10,관악구,야간,경상사고,차대차 - 충돌,차대차,충돌,교차로운행방법위반,건조,흐림,교차로 - 교차로부근,교차로,교차로부근,0,0,1,0,1,1,0,N,Y,피해,승용,남,21-30세,상해없음,개인형이동수단(PM),여,41-50세,경상,2020.xlsx
2020165479,2020-10,2020,10,관악구,주간,경상사고,차대차 - 기타,차대차,기타,교차로운행방법위반,건조,맑음,교차로 - 교차로안,교차로,교차로안,0,0,1,0,1,1,0,Y,N,가해,개인형이동수단(PM),남,21-30세,경상,승용,남,61-64세,상해없음,2020.xlsx
2020168121,2020-10,2020,10,관악구,주간,경상사고,차대사람 - 횡단중,차대사람,횡단중,신호위반,건조,맑음,교차로 - 교차로횡단보도내,교차로,교차로횡단보도내,0,0,1,0,1,1,0,Y,N,가해,개인형이동수단(PM),남,21-30세,상해없음,보행자,남,12세 이하,경상,2020.xlsx
2020169607,2020-10,2020,10,관악구,주간,중상사고,차대차 - 충돌,차대차,충돌,교차로운행방법위반,건조,맑음,교차로 - 교차로안,교차로,교차로안,0,1,0,0,1,1,1,N,Y,피해,승용,남,65세 이상,상해없음,개인형이동수단(PM),남,21-30세,중상,2020.xlsx
2020171327,2020-10,2020,10,관악구,야간,경상사고,차대차 - 기타,차대차,기타,신호위반,건조,맑음,교차로 - 교차로횡단보도내,교차로,교차로횡단보도내,0,0,1,0,1,1,0,N,Y,피해,승용,남,51-60세,기타불명,개인형이동수단(PM),남,21-30세,경상,2020.xlsx
2020174322,2020-10,2020,10,관악구,주간,경상사고,차대차 - 기타,차대차,기타,신호위반,건조,맑음,교차로 - 교차로안,교차로,교차로안,0,0,1,0,1,1,0,Y,N,가해,개인형이동수단(PM),남,21-30세,경상,화물,남,41-50세,상해없음,2020.xlsx
2020155806,2020-10,2020,10,광진구,주간,중상사고,차대차 - 충돌,차대차,충돌,기타,건조,맑음,기타 - 기타,기타,기타,0,1,0,0,1,1,1,Y,N,가해,개인형이동수단(PM),남,20세 이하,상해없음,자전거,여,65세 이상,중상,2020.xlsx
2020158893,2020-10,2020,10,광진구,야간,경상사고,차대사람 - 기타,차대사람,기타,안전운전불이행,건조,맑음,교차로 - 교차로부근,교차로,교차로부근,0,0,1,0,1,1,0,Y,N,가해,개인형이동수단(PM),여,21-30세,상해없음,보행자,여,61-64세,경상,2020.xlsx
2020160261,2020-10,2020,10,광진구,야간,경상사고,차대차 - 기타,차대차,기타,안전운전불이행,건조,맑음,단일로 - 기타,단일로,기타,0,0,1,0,1,1,0,Y,N,가해,개인형이동수단(PM),남,31-40세,상해없음,자전거,여,65세 이상,경상,2020.xlsx
2020160364,2020-10,2020,10,광진구,야간,경상사고,차대차 - 기타,차대차,기타,신호위반,건조,맑음,단일로 - 기타,단일로,기타,0,0,1,0,1,1,0,N,Y,피해,승용,여,21-30세,상해없음,개인형이동수단(PM),여,21-30세,경상,2020.xlsx
2020160380,2020-10,2020,10,광진구,야간,중상사고,차대차 - 기타,차대차,기타,안전운전불이행,기타,맑음,단일로 - 기타,단일로,기타,0,1,1,0,2,2,1,Y,Y,가해+피해,개인형이동수단(PM),여,20세 이하,상해없음,개인형이동수단(PM),남,21-30세,경상,2020.xlsx
2020169481,2020-10,2020,10,광진구,야간,중상사고,차대차 - 충돌,차대차,충돌,기타,건조,맑음,교차로 - 교차로안,교차로,교차로안,0,1,0,0,1,1,1,Y,N,가해,개인형이동수단(PM),여,20세 이하,상해없음,승용,남,51-60세,상해없음,2020.xlsx
2020172571,2020-10,2020,10,광진구,야간,경상사고,차대차 - 충돌,차대차,충돌,안전운전불이행,건조,맑음,교차로 - 교차로안,교차로,교차로안,0,0,2,0,2,2,0,N,Y,피해,이륜,남,20세 이하,상해없음,개인형이동수단(PM),남,13-20세,경상,2020.xlsx
2020172808,2020-10,2020,10,금천구,주간,중상사고,차대차 - 기타,차대차,기타,안전운전불이행,건조,맑음,단일로 - 기타,단일로,기타,0,1,0,0,1,1,1,N,Y,피해,자전거,여,41-50세,중상,개인형이동수단(PM),남,31-40세,상해없음,2020.xlsx
2020157479,2020-10,2020,10,노원구,주간,경상사고,차대차 - 충돌,차대차,충돌,안전운전불이행,건조,맑음,교차로 - 교차로안,교차로,교차로안,0,0,1,0,1,1,0,N,Y,피해,승용,여,51-60세,상해없음,개인형이동수단(PM),남,65세 이상,경상,2020.xlsx
2020168247,2020-10,2020,10,노원구,주간,경상사고,차대사람 - 횡단중,차대사람,횡단중,안전운전불이행,건조,맑음,기타 - 기타,기타,기타,0,0,1,0,1,1,0,Y,N,가해,개인형이동수단(PM),남,65세 이상,상해없음,보행자,남,12세 이하,경상,2020.xlsx
2020171975,2020-10,2020,10,노원구,야간,경상사고,차대차 - 충돌,차대차,충돌,기타,건조,맑음,단일로 - 기타,단일로,기타,0,0,1,1,2,2,0,Y,N,가해,개인형이동수단(PM),여,21-30세,부상신고,이륜,남,21-30세,경상,2020.xlsx
2020172960,2020-10,2020,10,노원구,주간,부상신고사고,차대차 - 추돌,차대차,추돌,중앙선침범,건조,맑음,교차로 - 교차로부근,교차로,교차로부근,0,0,0,1,1,1,0,Y,N,가해,개인형이동수단(PM),남,21-30세,부상신고,승용,남,61-64세,상해없음,2020.xlsx
2020174530,2020-10,2020,10,노원구,주간,경상사고,차대사람 - 기타,차대사람,기타,안전운전불이행,건조,흐림,교차로 - 교차로부근,교차로,교차로부근,0,0,1,0,1,1,0,Y,N,가해,개인형이동수단(PM),남,21-30세,상해없음,보행자,남,12세 이하,경상,2020.xlsx
2020161233,2020-10,2020,10,도봉구,주간,부상신고사고,차대차 - 충돌,차대차,충돌,중앙선침범,건조,맑음,단일로 - 기타,단일로,기타,0,0,0,1,1,1,0,Y,N,가해,개인형이동수단(PM),남,31-40세,부상신고,승용,남,65세 이상,상해없음,2020.xlsx
2020170866,2020-10,2020,10,도봉구,주간,부상신고사고,차대차 - 충돌,차대차,충돌,안전운전불이행,건조,맑음,단일로 - 기타,단일로,기타,0,0,0,1,1,1,0,Y,N,가해,개인형이동수단(PM),남,21-30세,부상신고,승용,남,65세 이상,상해없음,2020.xlsx
2020160748,2020-10,2020,10,동대문구,주간,중상사고,차대차 - 충돌,차대차,충돌,안전운전불이행,건조,맑음,교차로 - 교차로안,교차로,교차로안,0,1,0,0,1,1,1,N,Y,피해,승용,여,51-60세,상해없음,개인형이동수단(PM),여,65세 이상,중상,2020.xlsx
2020167281,2020-10,2020,10,동대문구,야간,경상사고,차대차 - 충돌,차대차,충돌,신호위반,건조,맑음,교차로 - 교차로안,교차로,교차로안,0,0,1,0,1,1,0,Y,N,가해,개인형이동수단(PM),남,20세 이하,경상,승용,여,51-60세,상해없음,2020.xlsx
2020167525,2020-10,2020,10,동대문구,주간,부상신고사고,차대사람 - 횡단중,차대사람,횡단중,안전운전불이행,건조,맑음,단일로 - 기타,단일로,기타,0,0,0,1,1,1,0,Y,N,가해,개인형이동수단(PM),남,41-50세,상해없음,보행자,남,65세 이상,부상신고,2020.xlsx
2020168381,2020-10,2020,10,동대문구,주간,경상사고,차대차 - 기타,차대차,기타,안전운전불이행,건조,맑음,교차로 - 교차로안,교차로,교차로안,0,0,1,0,1,1,0,Y,N,가해,개인형이동수단(PM),남,31-40세,경상,승용,여,31-40세,상해없음,2020.xlsx
2020170419,2020-10,2020,10,동대문구,주간,사망사고,차량단독 - 기타,차량단독,기타,안전운전불이행,건조,맑음,단일로 - 기타,단일로,기타,1,0,0,0,0,1,1,Y,N,가해,개인형이동수단(PM),남,65세 이상,사망,,,,,2020.xlsx
2020160416,2020-10,2020,10,마포구,야간,경상사고,차대사람 - 기타,차대사람,기타,안전운전불이행,건조,맑음,기타 - 기타,기타,기타,0,0,1,0,1,1,0,Y,N,가해,개인형이동수단(PM),여,21-30세,상해없음,보행자,남,21-30세,경상,2020.xlsx
2020162746,2020-10,2020,10,마포구,야간,부상신고사고,차대차 - 기타,차대차,기타,안전운전불이행,기타,맑음,단일로 - 기타,단일로,기타,0,0,0,1,1,1,0,Y,N,가해,개인형이동수단(PM),남,20세 이하,상해없음,이륜,남,31-40세,부상신고,2020.xlsx
2020163315,2020-10,2020,10,마포구,야간,부상신고사고,차대차 - 기타,차대차,기타,안전운전불이행,건조,맑음,기타 - 기타,기타,기타,0,0,0,1,1,1,0,N,Y,피해,이륜,남,31-40세,부상신고,개인형이동수단(PM),남,13-20세,상해없음,2020.xlsx
2020163967,2020-10,2020,10,마포구,야간,경상사고,차대사람 - 보도통행중,차대사람,보도통행중,기타,건조,맑음,단일로 - 기타,단일로,기타,0,0,1,0,1,1,0,Y,N,가해,개인형이동수단(PM),남,31-40세,기타불명,보행자,남,31-40세,경상,2020.xlsx
2020164686,2020-10,2020,10,마포구,야간,경상사고,차대차 - 충돌,차대차,충돌,신호위반,건조,맑음,교차로 - 교차로횡단보도내,교차로,교차로횡단보도내,0,0,1,0,1,1,0,N,Y,피해,승용,남,51-60세,상해없음,개인형이동수단(PM),남,21-30세,경상,2020.xlsx
2020164717,2020-10,2020,10,마포구,야간,경상사고,차대차 - 기타,차대차,기타,안전운전불이행,건조,맑음,단일로 - 기타,단일로,기타,0,0,1,0,1,1,0,Y,N,가해,개인형이동수단(PM),남,41-50세,상해없음,이륜,남,21-30세,경상,2020.xlsx
2020168525,2020-10,2020,10,마포구,야간,경상사고,차대차 - 충돌,차대차,충돌,기타,건조,맑음,교차로 - 교차로안,교차로,교차로안,0,0,1,0,1,1,0,N,Y,피해,승용,남,61-64세,상해없음,개인형이동수단(PM),여,21-30세,경상,2020.xlsx
2020173717,2020-10,2020,10,마포구,주간,경상사고,차대사람 - 기타,차대사람,기타,안전운전불이행,건조,맑음,단일로 - 기타,단일로,기타,0,0,1,0,1,1,0,Y,N,가해,개인형이동수단(PM),여,20세 이하,상해없음,보행자,여,31-40세,경상,2020.xlsx
2020167444,2020-10,2020,10,서대문구,주간,경상사고,차대차 - 충돌,차대차,충돌,안전운전불이행,건조,흐림,단일로 - 기타,단일로,기타,0,0,1,0,1,1,0,Y,Y,가해+피해,개인형이동수단(PM),여,31-40세,상해없음,개인형이동수단(PM),남,21-30세,경상,2020.xlsx
2020157875,2020-10,2020,10,서초구,주간,경상사고,차대차 - 기타,차대차,기타,안전운전불이행,건조,맑음,교차로 - 교차로부근,교차로,교차로부근,0,0,1,0,1,1,0,Y,N,가해,개인형이동수단(PM),여,41-50세,경상,화물,남,41-50세,상해없음,2020.xlsx
2020170660,2020-10,2020,10,서초구,야간,중상사고,차대차 - 기타,차대차,기타,안전운전불이행,건조,맑음,교차로 - 교차로부근,교차로,교차로부근,0,1,0,0,1,1,1,N,Y,피해,이륜,남,21-30세,상해없음,개인형이동수단(PM),남,13-20세,중상,2020.xlsx
2020171065,2020-10,2020,10,서초구,주간,경상사고,차대차 - 기타,차대차,기타,기타,건조,맑음,교차로 - 교차로안,교차로,교차로안,0,0,1,0,1,1,0,N,Y,피해,승용,남,21-30세,상해없음,개인형이동수단(PM),남,31-40세,경상,2020.xlsx
2020172714,2020-10,2020,10,서초구,야간,경상사고,차량단독 - 기타,차량단독,기타,기타,건조,맑음,단일로 - 기타,단일로,기타,0,0,1,0,1,1,0,Y,N,가해,개인형이동수단(PM),남,31-40세,경상,,,,,2020.xlsx
2020159803,2020-10,2020,10,성동구,야간,중상사고,차량단독 - 기타,차량단독,기타,안전운전불이행,건조,맑음,단일로 - 기타,단일로,기타,0,1,0,0,1,1,1,Y,N,가해,개인형이동수단(PM),남,31-40세,중상,,,,,2020.xlsx
2020160680,2020-10,2020,10,성동구,주간,경상사고,차대사람 - 횡단중,차대사람,횡단중,안전운전불이행,건조,맑음,단일로 - 기타,단일로,기타,0,0,1,0,1,1,0,Y,N,가해,개인형이동수단(PM),남,20세 이하,상해없음,보행자,여,21-30세,경상,2020.xlsx
2020161456,2020-10,2020,10,성동구,야간,경상사고,차량단독 - 기타,차량단독,기타,안전운전불이행,건조,맑음,단일로 - 기타,단일로,기타,0,0,1,0,1,1,0,Y,N,가해,개인형이동수단(PM),남,61-64세,경상,,,,,2020.xlsx
2020169486,2020-10,2020,10,성동구,야간,경상사고,차대차 - 충돌,차대차,충돌,안전운전불이행,건조,맑음,교차로 - 교차로횡단보도내,교차로,교차로횡단보도내,0,0,1,0,1,1,0,Y,N,가해,개인형이동수단(PM),남,20세 이하,경상,승용,남,51-60세,상해없음,2020.xlsx
2020159775,2020-10,2020,10,송파구,야간,경상사고,차대차 - 기타,차대차,기타,교차로운행방법위반,건조,맑음,교차로 - 교차로안,교차로,교차로안,0,0,2,0,2,2,0,N,Y,피해,이륜,남,51-60세,경상,개인형이동수단(PM),남,51-60세,경상,2020.xlsx
2020160120,2020-10,2020,10,송파구,주간,중상사고,차대사람 - 보도통행중,차대사람,보도통행중,기타,건조,맑음,단일로 - 교량,단일로,교량,0,1,0,0,1,1,1,Y,N,가해,개인형이동수단(PM),여,20세 이하,기타불명,보행자,여,65세 이상,중상,2020.xlsx
2020162094,2020-10,2020,10,송파구,야간,중상사고,차대차 - 기타,차대차,기타,안전운전불이행,건조,맑음,단일로 - 기타,단일로,기타,0,1,0,0,1,1,1,N,Y,피해,자전거,남,20세 이하,중상,개인형이동수단(PM),남,21-30세,상해없음,2020.xlsx
2020162492,2020-10,2020,10,송파구,주간,경상사고,차대차 - 충돌,차대차,충돌,안전운전불이행,건조,맑음,단일로 - 기타,단일로,기타,0,0,1,0,1,1,0,N,Y,피해,승용,남,41-50세,상해없음,개인형이동수단(PM),여,21-30세,경상,2020.xlsx
2020164025,2020-10,2020,10,송파구,야간,부상신고사고,차대차 - 충돌,차대차,충돌,안전거리미확보,건조,맑음,단일로 - 기타,단일로,기타,0,0,0,1,1,1,0,Y,N,가해,개인형이동수단(PM),남,31-40세,부상신고,승용,남,65세 이상,상해없음,2020.xlsx
2020169400,2020-10,2020,10,송파구,야간,경상사고,차대사람 - 보도통행중,차대사람,보도통행중,기타,건조,맑음,단일로 - 기타,단일로,기타,0,0,1,0,1,1,0,Y,N,가해,개인형이동수단(PM),남,31-40세,상해없음,보행자,남,31-40세,경상,2020.xlsx
2020170225,2020-10,2020,10,송파구,주간,부상신고사고,차대차 - 충돌,차대차,충돌,안전운전불이행,건조,맑음,교차로 - 교차로안,교차로,교차로안,0,0,0,1,1,1,0,N,Y,피해,이륜,남,51-60세,상해없음,개인형이동수단(PM),남,21-30세,부상신고,2020.xlsx
2020171205,2020-10,2020,10,송파구,야간,부상신고사고,차대차 - 충돌,차대차,충돌,안전운전불이행,건조,맑음,교차로 - 교차로부근,교차로,교차로부근,0,0,0,1,1,1,0,Y,N,가해,개인형이동수단(PM),남,21-30세,부상신고,승용,남,21-30세,상해없음,2020.xlsx
2020172574,2020-10,2020,10,송파구,야간,경상사고,차대차 - 충돌,차대차,충돌,안전운전불이행,건조,맑음,단일로 - 기타,단일로,기타,0,0,2,0,2,2,0,Y,N,가해,개인형이동수단(PM),여,20세 이하,경상,자전거,여,51-60세,경상,2020.xlsx
2020174023,2020-10,2020,10,송파구,야간,중상사고,차대차 - 기타,차대차,기타,안전운전불이행,건조,맑음,단일로 - 기타,단일로,기타,0,1,0,0,1,1,1,N,Y,피해,승용,여,41-50세,상해없음,개인형이동수단(PM),남,31-40세,중상,2020.xlsx
2020174868,2020-10,2020,10,송파구,야간,부상신고사고,차대차 - 충돌,차대차,충돌,안전운전불이행,건조,맑음,교차로 - 교차로부근,교차로,교차로부근,0,0,0,1,1,1,0,Y,N,가해,개인형이동수단(PM),여,20세 이하,부상신고,화물,남,51-60세,상해없음,2020.xlsx
2020158301,2020-10,2020,10,양천구,야간,경상사고,차대사람 - 기타,차대사람,기타,안전운전불이행,건조,맑음,기타 - 기타,기타,기타,0,0,1,0,1,1,0,Y,N,가해,개인형이동수단(PM),여,20세 이하,상해없음,보행자,남,41-50세,경상,2020.xlsx
2020163968,2020-10,2020,10,양천구,야간,경상사고,차대사람 - 기타,차대사람,기타,안전운전불이행,건조,맑음,기타 - 기타,기타,기타,0,0,1,0,1,1,0,Y,N,가해,개인형이동수단(PM),남,31-40세,상해없음,보행자,남,41-50세,경상,2020.xlsx
2020158220,2020-10,2020,10,영등포구,주간,부상신고사고,차대차 - 충돌,차대차,충돌,안전운전불이행,건조,맑음,교차로 - 교차로안,교차로,교차로안,0,0,0,1,1,1,0,Y,N,가해,개인형이동수단(PM),남,51-60세,부상신고,화물,남,41-50세,상해없음,2020.xlsx
2020159580,2020-10,2020,10,영등포구,야간,경상사고,차대차 - 기타,차대차,기타,안전운전불이행,건조,맑음,교차로 - 교차로안,교차로,교차로안,0,0,1,0,1,1,0,Y,N,가해,개인형이동수단(PM),남,31-40세,경상,승용,여,51-60세,상해없음,2020.xlsx
2020163580,2020-10,2020,10,영등포구,주간,중상사고,차대사람 - 횡단중,차대사람,횡단중,신호위반,건조,맑음,교차로 - 교차로횡단보도내,교차로,교차로횡단보도내,0,1,1,0,2,2,1,Y,N,가해,개인형이동수단(PM),여,20세 이하,중상,보행자,여,41-50세,경상,2020.xlsx
2020165400,2020-10,2020,10,영등포구,야간,경상사고,차대차 - 기타,차대차,기타,신호위반,건조,맑음,교차로 - 교차로안,교차로,교차로안,0,0,1,1,2,2,0,Y,N,가해,개인형이동수단(PM),남,20세 이하,부상신고,승용,남,51-60세,상해없음,2020.xlsx
2020160337,2020-10,2020,10,용산구,야간,중상사고,차대사람 - 보도통행중,차대사람,보도통행중,기타,건조,맑음,단일로 - 교량,단일로,교량,0,1,0,0,1,1,1,Y,N,가해,개인형이동수단(PM),남,31-40세,상해없음,보행자,여,31-40세,중상,2020.xlsx
2020166320,2020-10,2020,10,용산구,주간,중상사고,차대차 - 충돌,차대차,충돌,신호위반,건조,맑음,교차로 - 교차로부근,교차로,교차로부근,0,1,0,0,1,1,1,N,Y,피해,승용,남,61-64세,상해없음,개인형이동수단(PM),여,21-30세,중상,2020.xlsx
2020167764,2020-10,2020,10,용산구,야간,경상사고,차대차 - 기타,차대차,기타,안전운전불이행,건조,맑음,기타 - 기타,기타,기타,0,0,1,0,1,1,0,Y,N,가해,개인형이동수단(PM),남,21-30세,상해없음,승용,여,31-40세,경상,2020.xlsx
2020166941,2020-10,2020,10,종로구,주간,경상사고,차대사람 - 기타,차대사람,기타,기타,건조,맑음,기타 - 기타,기타,기타,0,0,1,0,1,1,0,Y,N,가해,개인형이동수단(PM),남,41-50세,상해없음,보행자,여,61-64세,경상,2020.xlsx
2020157817,2020-10,2020,10,중구,야간,중상사고,차대사람 - 횡단중,차대사람,횡단중,안전운전불이행,건조,맑음,단일로 - 기타,단일로,기타,0,1,0,0,1,1,1,Y,N,가해,개인형이동수단(PM),남,20세 이하,상해없음,보행자,여,51-60세,중상,2020.xlsx
2020164281,2020-10,2020,10,중구,주간,경상사고,차대차 - 충돌,차대차,충돌,안전운전불이행,건조,맑음,교차로 - 교차로안,교차로,교차로안,0,0,1,0,1,1,0,N,Y,피해,승용,남,51-60세,상해없음,개인형이동수단(PM),여,21-30세,경상,2020.xlsx
2020169299,2020-10,2020,10,중구,야간,경상사고,차대차 - 기타,차대차,기타,기타,건조,맑음,교차로 - 교차로안,교차로,교차로안,0,0,1,0,1,1,0,N,Y,피해,승용,남,61-64세,상해없음,개인형이동수단(PM),남,21-30세,경상,2020.xlsx
2020176994,2020-11,2020,11,강남구,주간,경상사고,차대차 - 충돌,차대차,충돌,안전운전불이행,건조,맑음,단일로 - 기타,단일로,기타,0,0,1,0,1,1,0,Y,N,가해,개인형이동수단(PM),남,21-30세,상해없음,자전거,여,51-60세,경상,2020.xlsx
2020179472,2020-11,2020,11,강남구,주간,경상사고,차대차 - 충돌,차대차,충돌,안전운전불이행,건조,맑음,교차로 - 교차로안,교차로,교차로안,0,0,1,0,1,1,0,Y,N,가해,개인형이동수단(PM),남,51-60세,경상,승용,여,41-50세,상해없음,2020.xlsx
2020181256,2020-11,2020,11,강남구,야간,중상사고,차량단독 - 전도전복,차량단독,전도전복,안전운전불이행,건조,맑음,단일로 - 기타,단일로,기타,0,1,0,0,1,1,1,Y,N,가해,개인형이동수단(PM),남,31-40세,중상,,,,,2020.xlsx
2020182713,2020-11,2020,11,강남구,주간,경상사고,차대차 - 추돌,차대차,추돌,안전운전불이행,건조,맑음,기타 - 기타,기타,기타,0,0,1,0,1,1,0,Y,N,가해,개인형이동수단(PM),남,41-50세,경상,승용,남,65세 이상,상해없음,2020.xlsx
2020185581,2020-11,2020,11,강남구,야간,경상사고,차대차 - 충돌,차대차,충돌,중앙선침범,건조,맑음,단일로 - 기타,단일로,기타,0,0,2,0,2,2,0,Y,N,가해,개인형이동수단(PM),여,20세 이하,경상,승용,남,51-60세,경상,2020.xlsx
2020186969,2020-11,2020,11,강남구,야간,경상사고,차대사람 - 기타,차대사람,기타,기타,건조,맑음,단일로 - 기타,단일로,기타,0,0,1,0,1,1,0,Y,N,가해,개인형이동수단(PM),남,31-40세,상해없음,보행자,남,41-50세,경상,2020.xlsx
2020190277,2020-11,2020,11,강남구,주간,경상사고,차대사람 - 기타,차대사람,기타,신호위반,건조,맑음,기타 - 기타,기타,기타,0,0,1,0,1,1,0,Y,N,가해,개인형이동수단(PM),남,21-30세,상해없음,보행자,여,65세 이상,경상,2020.xlsx
2020177442,2020-11,2020,11,강동구,야간,경상사고,차대차 - 기타,차대차,기타,안전운전불이행,건조,맑음,단일로 - 기타,단일로,기타,0,0,1,0,1,1,0,Y,N,가해,개인형이동수단(PM),남,21-30세,경상,화물,남,41-50세,상해없음,2020.xlsx
2020181279,2020-11,2020,11,강동구,야간,중상사고,차대차 - 기타,차대차,기타,안전운전불이행,건조,맑음,교차로 - 교차로안,교차로,교차로안,0,1,0,0,1,1,1,N,Y,피해,화물,남,41-50세,상해없음,개인형이동수단(PM),남,41-50세,중상,2020.xlsx
2020181510,2020-11,2020,11,강동구,주간,경상사고,차대사람 - 횡단중,차대사람,횡단중,보행자보호의무위반,건조,맑음,교차로 - 교차로부근,교차로,교차로부근,0,0,1,0,1,1,0,Y,N,가해,개인형이동수단(PM),남,65세 이상,상해없음,보행자,남,65세 이상,경상,2020.xlsx
2020186781,2020-11,2020,11,강동구,주간,중상사고,차대사람 - 횡단중,차대사람,횡단중,신호위반,건조,맑음,교차로 - 교차로횡단보도내,교차로,교차로횡단보도내,0,1,0,0,1,1,1,Y,N,가해,개인형이동수단(PM),남,21-30세,상해없음,보행자,여,13-20세,중상,2020.xlsx
2020188158,2020-11,2020,11,강동구,야간,경상사고,차대차 - 충돌,차대차,충돌,교차로운행방법위반,건조,맑음,교차로 - 교차로안,교차로,교차로안,0,0,1,0,1,1,0,N,Y,피해,승용,여,65세 이상,상해없음,개인형이동수단(PM),남,61-64세,경상,2020.xlsx
2020181947,2020-11,2020,11,강서구,야간,중상사고,차대차 - 충돌,차대차,충돌,안전운전불이행,건조,맑음,단일로 - 기타,단일로,기타,0,1,1,0,2,2,1,Y,N,가해,개인형이동수단(PM),남,20세 이하,경상,자전거,여,21-30세,중상,2020.xlsx
2020183237,2020-11,2020,11,강서구,야간,경상사고,차대차 - 기타,차대차,기타,안전운전불이행,건조,맑음,단일로 - 기타,단일로,기타,0,0,1,0,1,1,0,Y,N,가해,개인형이동수단(PM),남,21-30세,경상,승용,남,31-40세,상해없음,2020.xlsx
2020190197,2020-11,2020,11,강서구,주간,부상신고사고,차대차 - 충돌,차대차,충돌,안전운전불이행,건조,맑음,단일로 - 기타,단일로,기타,0,0,0,1,1,1,0,Y,N,가해,개인형이동수단(PM),남,20세 이하,부상신고,승용,남,51-60세,상해없음,2020.xlsx
2020175663,2020-11,2020,11,관악구,주간,경상사고,차대차 - 충돌,차대차,충돌,안전운전불이행,건조,맑음,교차로 - 교차로안,교차로,교차로안,0,0,2,0,2,2,0,Y,N,가해,개인형이동수단(PM),남,21-30세,경상,이륜,남,41-50세,경상,2020.xlsx
2020183081,2020-11,2020,11,관악구,야간,중상사고,차대사람 - 기타,차대사람,기타,기타,건조,맑음,단일로 - 기타,단일로,기타,0,1,0,0,1,1,1,Y,N,가해,개인형이동수단(PM),여,20세 이하,상해없음,보행자,여,51-60세,중상,2020.xlsx
2020184249,2020-11,2020,11,관악구,야간,경상사고,차대차 - 기타,차대차,기타,기타,건조,맑음,단일로 - 기타,단일로,기타,0,0,1,0,1,1,0,N,Y,피해,승용,여,31-40세,상해없음,개인형이동수단(PM),남,51-60세,경상,2020.xlsx
2020180112,2020-11,2020,11,광진구,주간,중상사고,차대사람 - 기타,차대사람,기타,안전운전불이행,건조,맑음,교차로 - 교차로부근,교차로,교차로부근,0,1,0,0,1,1,1,Y,N,가해,개인형이동수단(PM),남,51-60세,상해없음,보행자,여,65세 이상,중상,2020.xlsx
2020185223,2020-11,2020,11,광진구,주간,경상사고,차대차 - 기타,차대차,기타,안전운전불이행,기타,맑음,단일로 - 기타,단일로,기타,0,0,1,0,1,1,0,Y,N,가해,개인형이동수단(PM),여,21-30세,상해없음,자전거,남,65세 이상,경상,2020.xlsx
2020179238,2020-11,2020,11,구로구,야간,중상사고,차대차 - 기타,차대차,기타,기타,건조,맑음,단일로 - 기타,단일로,기타,0,1,0,0,1,1,1,N,Y,피해,승용,남,31-40세,기타불명,개인형이동수단(PM),여,21-30세,중상,2020.xlsx
2020187759,2020-11,2020,11,구로구,야간,경상사고,차대차 - 충돌,차대차,충돌,중앙선침범,건조,맑음,단일로 - 기타,단일로,기타,0,0,1,0,1,1,0,Y,N,가해,개인형이동수단(PM),남,21-30세,경상,승용,남,31-40세,상해없음,2020.xlsx
2020189046,2020-11,2020,11,구로구,주간,중상사고,차대차 - 충돌,차대차,충돌,안전운전불이행,건조,맑음,교차로 - 교차로안,교차로,교차로안,0,1,0,0,1,1,1,Y,N,가해,개인형이동수단(PM),남,31-40세,중상,승용,남,31-40세,상해없음,2020.xlsx
2020182391,2020-11,2020,11,금천구,주간,경상사고,차대차 - 충돌,차대차,충돌,안전운전불이행,건조,맑음,교차로 - 교차로안,교차로,교차로안,0,0,1,0,1,1,0,N,Y,피해,승용,여,51-60세,상해없음,개인형이동수단(PM),남,41-50세,경상,2020.xlsx
2020185636,2020-11,2020,11,금천구,야간,경상사고,차대사람 - 보도통행중,차대사람,보도통행중,기타,젖음/습기,맑음,단일로 - 기타,단일로,기타,0,0,1,0,1,1,0,Y,N,가해,개인형이동수단(PM),여,21-30세,기타불명,보행자,남,21-30세,경상,2020.xlsx
2020187677,2020-11,2020,11,금천구,야간,중상사고,차대차 - 충돌,차대차,충돌,기타,건조,맑음,교차로 - 교차로안,교차로,교차로안,0,1,0,0,1,1,1,Y,N,가해,개인형이동수단(PM),남,41-50세,중상,승용,남,51-60세,상해없음,2020.xlsx
2020189480,2020-11,2020,11,동작구,주간,중상사고,차대사람 - 횡단중,차대사람,횡단중,안전운전불이행,건조,맑음,교차로 - 교차로안,교차로,교차로안,0,1,0,0,1,1,1,Y,N,가해,개인형이동수단(PM),여,21-30세,상해없음,보행자,여,65세 이상,중상,2020.xlsx
2020184665,2020-11,2020,11,마포구,주간,부상신고사고,차대차 - 기타,차대차,기타,안전운전불이행,건조,맑음,단일로 - 기타,단일로,기타,0,0,0,1,1,1,0,Y,N,가해,개인형이동수단(PM),남,41-50세,부상신고,이륜,남,31-40세,상해없음,2020.xlsx
2020185462,2020-11,2020,11,마포구,야간,경상사고,차대차 - 기타,차대차,기타,기타,젖음/습기,흐림,교차로 - 교차로안,교차로,교차로안,0,0,1,0,1,1,0,Y,N,가해,개인형이동수단(PM),남,21-30세,기타불명,이륜,남,21-30세,경상,2020.xlsx
2020186380,2020-11,2020,11,마포구,야간,중상사고,차대차 - 충돌,차대차,충돌,안전운전불이행,젖음/습기,비,교차로 - 교차로부근,교차로,교차로부근,0,1,0,0,1,1,1,Y,N,가해,개인형이동수단(PM),남,21-30세,중상,승용,남,51-60세,상해없음,2020.xlsx
2020181329,2020-11,2020,11,서대문구,주간,경상사고,차대사람 - 보도통행중,차대사람,보도통행중,기타,건조,맑음,단일로 - 기타,단일로,기타,0,0,1,0,1,1,0,Y,N,가해,개인형이동수단(PM),여,21-30세,상해없음,보행자,여,31-40세,경상,2020.xlsx
2020181763,2020-11,2020,11,서초구,야간,경상사고,차대사람 - 보도통행중,차대사람,보도통행중,기타,건조,맑음,단일로 - 기타,단일로,기타,0,0,1,0,1,1,0,Y,N,가해,개인형이동수단(PM),남,31-40세,상해없음,보행자,남,21-30세,경상,2020.xlsx
2020184485,2020-11,2020,11,서초구,주간,경상사고,차대사람 - 횡단중,차대사람,횡단중,보행자보호의무위반,건조,흐림,교차로 - 교차로횡단보도내,교차로,교차로횡단보도내,0,0,1,0,1,1,0,Y,N,가해,개인형이동수단(PM),여,20세 이하,상해없음,보행자,여,31-40세,경상,2020.xlsx
2020188117,2020-11,2020,11,서초구,야간,경상사고,차대사람 - 기타,차대사람,기타,기타,건조,맑음,교차로 - 교차로안,교차로,교차로안,0,0,1,0,1,1,0,Y,N,가해,개인형이동수단(PM),여,20세 이하,상해없음,보행자,남,13-20세,경상,2020.xlsx
2020191009,2020-11,2020,11,서초구,야간,경상사고,차대차 - 기타,차대차,기타,신호위반,건조,맑음,교차로 - 교차로부근,교차로,교차로부근,0,0,1,0,1,1,0,Y,N,가해,개인형이동수단(PM),남,41-50세,경상,승용,여,41-50세,상해없음,2020.xlsx
2020193218,2020-11,2020,11,서초구,야간,경상사고,차대사람 - 보도통행중,차대사람,보도통행중,기타,건조,맑음,단일로 - 기타,단일로,기타,0,0,1,0,1,1,0,Y,N,가해,개인형이동수단(PM),남,21-30세,상해없음,보행자,여,21-30세,경상,2020.xlsx
2020180158,2020-11,2020,11,성동구,주간,경상사고,차대차 - 기타,차대차,기타,교차로운행방법위반,건조,맑음,교차로 - 교차로안,교차로,교차로안,0,0,1,0,1,1,0,N,Y,피해,승용,여,31-40세,상해없음,개인형이동수단(PM),남,21-30세,경상,2020.xlsx
2020185371,2020-11,2020,11,성동구,주간,경상사고,차대사람 - 보도통행중,차대사람,보도통행중,기타,젖음/습기,맑음,단일로 - 기타,단일로,기타,0,0,1,0,1,1,0,Y,N,가해,개인형이동수단(PM),남,21-30세,상해없음,보행자,여,31-40세,경상,2020.xlsx
2020189479,2020-11,2020,11,성동구,주간,중상사고,차대차 - 충돌,차대차,충돌,안전운전불이행,건조,맑음,단일로 - 기타,단일로,기타,0,1,0,0,1,1,1,Y,N,가해,개인형이동수단(PM),남,21-30세,상해없음,자전거,남,65세 이상,중상,2020.xlsx
2020175606,2020-11,2020,11,송파구,주간,경상사고,차대차 - 기타,차대차,기타,안전운전불이행,건조,맑음,단일로 - 기타,단일로,기타,0,0,1,0,1,1,0,N,Y,피해,승용,남,65세 이상,상해없음,개인형이동수단(PM),남,51-60세,경상,2020.xlsx
2020176707,2020-11,2020,11,송파구,야간,부상신고사고,차량단독 - 전도전복,차량단독,전도전복,안전운전불이행,건조,맑음,교차로 - 교차로부근,교차로,교차로부근,0,0,0,1,1,1,0,Y,N,가해,개인형이동수단(PM),여,21-30세,부상신고,,,,,2020.xlsx
2020177694,2020-11,2020,11,송파구,주간,경상사고,차대사람 - 횡단중,차대사람,횡단중,안전운전불이행,건조,맑음,단일로 - 기타,단일로,기타,0,0,1,0,1,1,0,Y,N,가해,개인형이동수단(PM),여,20세 이하,상해없음,보행자,여,21-30세,경상,2020.xlsx
2020188711,2020-11,2020,11,송파구,야간,부상신고사고,차대차 - 충돌,차대차,충돌,신호위반,건조,맑음,교차로 - 교차로안,교차로,교차로안,0,0,0,1,1,1,0,Y,N,가해,개인형이동수단(PM),남,21-30세,부상신고,승용,남,51-60세,상해없음,2020.xlsx
2020190587,2020-11,2020,11,송파구,주간,중상사고,차대차 - 충돌,차대차,충돌,중앙선침범,건조,맑음,단일로 - 기타,단일로,기타,0,1,0,0,1,1,1,Y,Y,가해+피해,개인형이동수단(PM),남,31-40세,상해없음,개인형이동수단(PM),여,31-40세,중상,2020.xlsx
2020192610,2020-11,2020,11,송파구,야간,경상사고,차대사람 - 보도통행중,차대사람,보도통행중,기타,건조,맑음,단일로 - 기타,단일로,기타,0,0,1,0,1,1,0,Y,N,가해,개인형이동수단(PM),여,21-30세,상해없음,보행자,여,61-64세,경상,2020.xlsx
2020193105,2020-11,2020,11,송파구,주간,경상사고,차대사람 - 기타,차대사람,기타,보행자보호의무위반,건조,맑음,교차로 - 교차로횡단보도내,교차로,교차로횡단보도내,0,0,1,0,1,1,0,Y,N,가해,개인형이동수단(PM),여,21-30세,상해없음,보행자,여,41-50세,경상,2020.xlsx
2020175929,2020-11,2020,11,양천구,야간,경상사고,차대차 - 충돌,차대차,충돌,신호위반,건조,맑음,교차로 - 교차로안,교차로,교차로안,0,0,1,0,1,1,0,Y,N,가해,개인형이동수단(PM),남,21-30세,경상,승용,여,51-60세,상해없음,2020.xlsx
2020179293,2020-11,2020,11,영등포구,야간,경상사고,차대사람 - 보도통행중,차대사람,보도통행중,기타,건조,맑음,단일로 - 기타,단일로,기타,0,0,1,0,1,1,0,Y,N,가해,개인형이동수단(PM),남,21-30세,상해없음,보행자,여,31-40세,경상,2020.xlsx
2020179645,2020-11,2020,11,영등포구,주간,중상사고,차대차 - 기타,차대차,기타,안전운전불이행,건조,맑음,주차장 - 주차장,주차장,주차장,0,1,0,0,1,1,1,N,Y,피해,승용,남,31-40세,상해없음,개인형이동수단(PM),남,41-50세,중상,2020.xlsx
2020192660,2020-11,2020,11,영등포구,야간,부상신고사고,차대차 - 충돌,차대차,충돌,기타,건조,맑음,교차로 - 교차로안,교차로,교차로안,0,0,0,1,1,1,0,N,Y,피해,이륜,남,21-30세,부상신고,개인형이동수단(PM),남,21-30세,상해없음,2020.xlsx
2020192881,2020-11,2020,11,영등포구,주간,경상사고,차대차 - 기타,차대차,기타,안전운전불이행,건조,맑음,단일로 - 기타,단일로,기타,0,0,1,0,1,1,0,N,Y,피해,화물,남,31-40세,상해없음,개인형이동수단(PM),남,21-30세,경상,2020.xlsx
2020180273,2020-11,2020,11,은평구,주간,중상사고,차대차 - 충돌,차대차,충돌,신호위반,건조,맑음,단일로 - 기타,단일로,기타,0,1,0,0,1,1,1,N,Y,피해,화물,남,65세 이상,상해없음,개인형이동수단(PM),여,51-60세,중상,2020.xlsx
2020190690,2020-11,2020,11,은평구,주간,중상사고,차대사람 - 횡단중,차대사람,횡단중,신호위반,건조,맑음,단일로 - 기타,단일로,기타,0,1,0,0,1,1,1,Y,N,가해,개인형이동수단(PM),남,65세 이상,상해없음,보행자,여,65세 이상,중상,2020.xlsx
2020191097,2020-11,2020,11,종로구,야간,중상사고,차대차 - 추돌,차대차,추돌,안전운전불이행,건조,맑음,단일로 - 기타,단일로,기타,0,1,0,0,1,1,1,Y,N,가해,개인형이동수단(PM),남,21-30세,중상,승합,남,51-60세,기타불명,2020.xlsx
2020178038,2020-11,2020,11,중구,야간,부상신고사고,차대차 - 충돌,차대차,충돌,안전운전불이행,건조,맑음,기타 - 기타,기타,기타,0,0,0,1,1,1,0,Y,N,가해,개인형이동수단(PM),남,21-30세,상해없음,승합,남,51-60세,상해없음,2020.xlsx
2020178730,2020-11,2020,11,중구,야간,부상신고사고,차대차 - 기타,차대차,기타,안전운전불이행,건조,맑음,단일로 - 기타,단일로,기타,0,0,0,1,1,1,0,Y,N,가해,개인형이동수단(PM),남,41-50세,부상신고,화물,남,21-30세,상해없음,2020.xlsx
2020192912,2020-11,2020,11,중구,주간,경상사고,차대사람 - 횡단중,차대사람,횡단중,신호위반,건조,맑음,교차로 - 교차로횡단보도내,교차로,교차로횡단보도내,0,0,1,0,1,1,0,Y,N,가해,개인형이동수단(PM),여,51-60세,상해없음,보행자,여,41-50세,경상,2020.xlsx
2020179445,2020-11,2020,11,중랑구,주간,중상사고,차대차 - 기타,차대차,기타,안전운전불이행,건조,맑음,단일로 - 기타,단일로,기타,0,1,0,0,1,1,1,Y,N,가해,개인형이동수단(PM),여,65세 이상,중상,승용,남,51-60세,기타불명,2020.xlsx
2020181670,2020-11,2020,11,중랑구,주간,부상신고사고,차대차 - 추돌,차대차,추돌,안전거리미확보,건조,맑음,단일로 - 기타,단일로,기타,0,0,0,1,1,1,0,Y,N,가해,개인형이동수단(PM),남,31-40세,부상신고,화물,남,51-60세,상해없음,2020.xlsx
2020194562,2020-12,2020,12,강남구,주간,중상사고,차대사람 - 기타,차대사람,기타,기타,건조,기타,단일로 - 기타,단일로,기타,0,1,0,0,1,1,1,Y,N,가해,개인형이동수단(PM),여,31-40세,상해없음,보행자,남,31-40세,중상,2020.xlsx
2020196781,2020-12,2020,12,강남구,주간,경상사고,차대차 - 기타,차대차,기타,안전운전불이행,건조,기타,단일로 - 기타,단일로,기타,0,0,1,0,1,1,0,Y,N,가해,개인형이동수단(PM),남,20세 이하,상해없음,이륜,남,21-30세,경상,2020.xlsx
2020198776,2020-12,2020,12,강남구,야간,경상사고,차대사람 - 보도통행중,차대사람,보도통행중,기타,건조,맑음,기타 - 기타,기타,기타,0,0,1,0,1,1,0,Y,N,가해,개인형이동수단(PM),남,31-40세,상해없음,보행자,남,21-30세,경상,2020.xlsx
2020198900,2020-12,2020,12,강남구,주간,경상사고,차대사람 - 기타,차대사람,기타,기타,건조,기타,기타 - 기타,기타,기타,0,0,1,0,1,1,0,Y,N,가해,개인형이동수단(PM),여,21-30세,상해없음,보행자,여,31-40세,경상,2020.xlsx
2020198959,2020-12,2020,12,강남구,주간,중상사고,차대차 - 기타,차대차,기타,안전운전불이행,건조,맑음,교차로 - 교차로안,교차로,교차로안,0,1,0,0,1,1,1,Y,N,가해,개인형이동수단(PM),여,21-30세,중상,이륜,남,31-40세,상해없음,2020.xlsx
2020203984,2020-12,2020,12,강북구,야간,경상사고,차대차 - 기타,차대차,기타,안전운전불이행,건조,맑음,교차로 - 교차로부근,교차로,교차로부근,0,0,1,0,1,1,0,N,Y,피해,승용,남,41-50세,상해없음,개인형이동수단(PM),남,21-30세,경상,2020.xlsx
2020201170,2020-12,2020,12,강서구,야간,경상사고,차대사람 - 기타,차대사람,기타,안전운전불이행,건조,맑음,단일로 - 기타,단일로,기타,0,0,1,0,1,1,0,Y,N,가해,개인형이동수단(PM),남,31-40세,상해없음,보행자,남,31-40세,경상,2020.xlsx
2020208700,2020-12,2020,12,강서구,주간,부상신고사고,차대차 - 기타,차대차,기타,안전운전불이행,건조,맑음,단일로 - 기타,단일로,기타,0,0,0,1,1,1,0,Y,N,가해,개인형이동수단(PM),남,21-30세,부상신고,승용,남,31-40세,상해없음,2020.xlsx
2020209111,2020-12,2020,12,관악구,주간,경상사고,차대차 - 충돌,차대차,충돌,안전운전불이행,건조,흐림,교차로 - 교차로안,교차로,교차로안,0,0,1,0,1,1,0,N,Y,피해,승용,남,65세 이상,상해없음,개인형이동수단(PM),남,21-30세,경상,2020.xlsx
2020193535,2020-12,2020,12,구로구,주간,경상사고,차대사람 - 보도통행중,차대사람,보도통행중,기타,건조,맑음,기타 - 기타,기타,기타,0,0,1,0,1,1,0,Y,N,가해,개인형이동수단(PM),남,20세 이하,상해없음,보행자,여,51-60세,경상,2020.xlsx
2020194168,2020-12,2020,12,구로구,주간,사망사고,차대차 - 충돌,차대차,충돌,과속,건조,맑음,단일로 - 기타,단일로,기타,1,0,1,0,1,2,1,N,Y,피해,이륜,남,31-40세,경상,개인형이동수단(PM),남,31-40세,사망,2020.xlsx
2020199199,2020-12,2020,12,동대문구,야간,경상사고,차대차 - 충돌,차대차,충돌,기타,건조,맑음,교차로 - 교차로안,교차로,교차로안,0,0,1,0,1,1,0,Y,N,가해,개인형이동수단(PM),남,41-50세,경상,승용,남,65세 이상,상해없음,2020.xlsx
2020196541,2020-12,2020,12,마포구,야간,부상신고사고,차량단독 - 기타,차량단독,기타,안전운전불이행,건조,맑음,기타 - 기타,기타,기타,0,0,0,1,1,1,0,Y,N,가해,개인형이동수단(PM),남,21-30세,부상신고,,,,,2020.xlsx
2020199857,2020-12,2020,12,마포구,야간,경상사고,차대사람 - 차도통행중,차대사람,차도통행중,안전운전불이행,건조,흐림,단일로 - 기타,단일로,기타,0,0,1,0,1,1,0,Y,N,가해,개인형이동수단(PM),남,20세 이하,상해없음,보행자,여,12세 이하,경상,2020.xlsx
2020206310,2020-12,2020,12,서대문구,야간,경상사고,차대사람 - 기타,차대사람,기타,안전운전불이행,건조,맑음,단일로 - 기타,단일로,기타,0,0,1,0,1,1,0,Y,N,가해,개인형이동수단(PM),남,41-50세,상해없음,보행자,남,41-50세,경상,2020.xlsx
2020207176,2020-12,2020,12,서초구,야간,경상사고,차대사람 - 보도통행중,차대사람,보도통행중,기타,건조,맑음,단일로 - 지하차도(도로)내,단일로,지하차도(도로)내,0,0,1,0,1,1,0,Y,N,가해,개인형이동수단(PM),남,20세 이하,상해없음,보행자,남,51-60세,경상,2020.xlsx
2020207199,2020-12,2020,12,서초구,야간,중상사고,차대사람 - 보도통행중,차대사람,보도통행중,기타,건조,맑음,기타 - 기타,기타,기타,0,1,0,0,1,1,1,Y,N,가해,개인형이동수단(PM),남,20세 이하,상해없음,보행자,여,41-50세,중상,2020.xlsx
2020194314,2020-12,2020,12,송파구,야간,경상사고,차량단독 - 기타,차량단독,기타,안전운전불이행,건조,맑음,교차로 - 교차로안,교차로,교차로안,0,0,1,0,1,1,0,Y,N,가해,개인형이동수단(PM),남,31-40세,경상,,,,,2020.xlsx
2020202788,2020-12,2020,12,송파구,주간,경상사고,차대차 - 기타,차대차,기타,안전거리미확보,건조,맑음,단일로 - 기타,단일로,기타,0,0,1,0,1,1,0,N,Y,피해,승용,남,41-50세,상해없음,개인형이동수단(PM),남,31-40세,경상,2020.xlsx
2020202965,2020-12,2020,12,송파구,야간,경상사고,차대사람 - 기타,차대사람,기타,안전운전불이행,건조,맑음,단일로 - 기타,단일로,기타,0,0,1,0,1,1,0,Y,N,가해,개인형이동수단(PM),남,21-30세,기타불명,보행자,여,65세 이상,경상,2020.xlsx
2020204394,2020-12,2020,12,송파구,주간,경상사고,차대차 - 충돌,차대차,충돌,안전운전불이행,건조,맑음,단일로 - 기타,단일로,기타,0,0,1,0,1,1,0,Y,N,가해,개인형이동수단(PM),남,20세 이하,경상,승용,남,65세 이상,상해없음,2020.xlsx
2020202381,2020-12,2020,12,영등포구,야간,경상사고,차대차 - 충돌,차대차,충돌,중앙선침범,건조,맑음,교차로 - 교차로부근,교차로,교차로부근,0,0,1,0,1,1,0,Y,N,가해,개인형이동수단(PM),남,41-50세,상해없음,이륜,남,21-30세,경상,2020.xlsx
2021007398,2021-01,2021,1,강남구,야간,경상사고,차대사람 - 보도통행중,차대사람,보도통행중,안전운전불이행,건조,맑음,기타 - 기타,기타,기타,0,0,1,0,1,1,0,Y,N,가해,개인형이동수단(PM),남,31-40세,상해없음,보행자,여,41-50세,경상,2021.xlsx
2021009330,2021-01,2021,1,강남구,주간,경상사고,차대사람 - 기타,차대사람,기타,안전운전불이행,건조,맑음,단일로 - 기타,단일로,기타,0,0,1,0,1,1,0,Y,N,가해,개인형이동수단(PM),여,21-30세,상해없음,보행자,여,31-40세,경상,2021.xlsx
2021011132,2021-01,2021,1,강남구,야간,경상사고,차대차 - 기타,차대차,기타,안전운전불이행,건조,맑음,단일로 - 기타,단일로,기타,0,0,1,0,1,1,0,Y,N,가해,개인형이동수단(PM),남,31-40세,경상,승용,남,21-30세,상해없음,2021.xlsx
2021011220,2021-01,2021,1,강남구,야간,경상사고,차대차 - 기타,차대차,기타,안전운전불이행,건조,맑음,교차로 - 교차로횡단보도내,교차로,교차로횡단보도내,0,0,1,0,1,1,0,Y,N,가해,개인형이동수단(PM),남,20세 이하,상해없음,이륜,여,51-60세,경상,2021.xlsx
2021009675,2021-01,2021,1,강동구,야간,중상사고,차대차 - 충돌,차대차,충돌,중앙선침범,젖음/습기,비,단일로 - 기타,단일로,기타,0,1,0,0,1,1,1,N,Y,피해,이륜,남,21-30세,상해없음,개인형이동수단(PM),남,21-30세,중상,2021.xlsx
2021012097,2021-01,2021,1,강동구,주간,경상사고,차대차 - 충돌,차대차,충돌,안전운전불이행,건조,맑음,단일로 - 기타,단일로,기타,0,0,1,0,1,1,0,Y,N,가해,개인형이동수단(PM),여,21-30세,상해없음,이륜,남,31-40세,경상,2021.xlsx
2021012828,2021-01,2021,1,강서구,야간,경상사고,차대차 - 추돌,차대차,추돌,안전운전불이행,건조,맑음,기타 - 기타,기타,기타,0,0,1,0,1,1,0,Y,N,가해,개인형이동수단(PM),남,21-30세,상해없음,자전거,남,31-40세,경상,2021.xlsx
2021009672,2021-01,2021,1,관악구,야간,중상사고,차대차 - 기타,차대차,기타,안전운전불이행,젖음/습기,비,교차로 - 교차로부근,교차로,교차로부근,0,1,0,0,1,1,1,N,Y,피해,승용,남,31-40세,상해없음,개인형이동수단(PM),남,51-60세,중상,2021.xlsx
2021014125,2021-01,2021,1,도봉구,주간,경상사고,차대차 - 충돌,차대차,충돌,안전운전불이행,건조,맑음,교차로 - 교차로부근,교차로,교차로부근,0,0,2,0,2,2,0,N,Y,피해,이륜,남,51-60세,경상,개인형이동수단(PM),남,21-30세,경상,2021.xlsx
2021000309,2021-01,2021,1,마포구,주간,중상사고,차대차 - 충돌,차대차,충돌,안전운전불이행,건조,맑음,단일로 - 기타,단일로,기타,0,1,0,0,1,1,1,Y,N,가해,개인형이동수단(PM),남,21-30세,상해없음,이륜,남,41-50세,중상,2021.xlsx
2021007471,2021-01,2021,1,마포구,야간,경상사고,차대사람 - 기타,차대사람,기타,안전운전불이행,기타,맑음,단일로 - 기타,단일로,기타,0,0,1,0,1,1,0,Y,N,가해,개인형이동수단(PM),남,20세 이하,상해없음,보행자,여,13-20세,경상,2021.xlsx
2021013509,2021-01,2021,1,마포구,주간,경상사고,차대사람 - 차도통행중,차대사람,차도통행중,안전운전불이행,건조,맑음,교차로 - 교차로안,교차로,교차로안,0,0,1,0,1,1,0,Y,N,가해,개인형이동수단(PM),여,21-30세,상해없음,보행자,여,21-30세,경상,2021.xlsx
2021013685,2021-01,2021,1,마포구,주간,중상사고,차대사람 - 기타,차대사람,기타,안전운전불이행,건조,맑음,교차로 - 교차로부근,교차로,교차로부근,0,1,1,0,2,2,1,Y,N,가해,개인형이동수단(PM),여,21-30세,상해없음,보행자,여,21-30세,경상,2021.xlsx
2021010435,2021-01,2021,1,서대문구,야간,부상신고사고,차대차 - 충돌,차대차,충돌,교차로운행방법위반,건조,맑음,교차로 - 교차로안,교차로,교차로안,0,0,0,1,1,1,0,Y,N,가해,개인형이동수단(PM),남,21-30세,상해없음,승용,남,65세 이상,상해없음,2021.xlsx
2021003872,2021-01,2021,1,서초구,주간,경상사고,차대차 - 충돌,차대차,충돌,기타,건조,맑음,교차로 - 교차로부근,교차로,교차로부근,0,0,1,0,1,1,0,Y,N,가해,개인형이동수단(PM),남,21-30세,경상,승용,남,41-50세,상해없음,2021.xlsx
2021005675,2021-01,2021,1,서초구,주간,부상신고사고,차대차 - 기타,차대차,기타,안전운전불이행,건조,맑음,교차로 - 교차로부근,교차로,교차로부근,0,0,0,1,1,1,0,Y,N,가해,개인형이동수단(PM),여,21-30세,부상신고,승용,여,31-40세,상해없음,2021.xlsx
2021011703,2021-01,2021,1,서초구,야간,경상사고,차대사람 - 횡단중,차대사람,횡단중,보행자보호의무위반,건조,맑음,교차로 - 교차로횡단보도내,교차로,교차로횡단보도내,0,0,1,0,1,1,0,Y,N,가해,개인형이동수단(PM),남,31-40세,기타불명,보행자,여,21-30세,경상,2021.xlsx
2021014784,2021-01,2021,1,성동구,야간,경상사고,차대차 - 기타,차대차,기타,안전운전불이행,건조,맑음,단일로 - 기타,단일로,기타,0,0,1,0,1,1,0,Y,N,가해,개인형이동수단(PM),여,21-30세,경상,승용,남,51-60세,상해없음,2021.xlsx
2021004384,2021-01,2021,1,송파구,야간,부상신고사고,차대차 - 기타,차대차,기타,안전거리미확보,젖음/습기,흐림,교차로 - 교차로안,교차로,교차로안,0,0,0,1,1,1,0,N,Y,피해,기타불명,기타불명,기타불명,기타불명,개인형이동수단(PM),남,31-40세,부상신고,2021.xlsx
2021006684,2021-01,2021,1,송파구,야간,경상사고,차대사람 - 보도통행중,차대사람,보도통행중,안전운전불이행,건조,맑음,단일로 - 기타,단일로,기타,0,0,1,0,1,1,0,Y,N,가해,개인형이동수단(PM),남,21-30세,상해없음,보행자,여,21-30세,경상,2021.xlsx
2021013471,2021-01,2021,1,송파구,주간,경상사고,차대차 - 충돌,차대차,충돌,안전운전불이행,건조,맑음,교차로 - 교차로안,교차로,교차로안,0,0,1,0,1,1,0,Y,N,가해,개인형이동수단(PM),남,31-40세,경상,승용,남,41-50세,상해없음,2021.xlsx
2021014383,2021-01,2021,1,송파구,야간,경상사고,차대차 - 기타,차대차,기타,안전운전불이행,건조,맑음,단일로 - 기타,단일로,기타,0,0,1,0,1,1,0,Y,N,가해,개인형이동수단(PM),남,31-40세,경상,기타불명,기타불명,기타불명,기타불명,2021.xlsx
2021009302,2021-01,2021,1,양천구,주간,경상사고,차대사람 - 기타,차대사람,기타,기타,건조,맑음,기타 - 기타,기타,기타,0,0,1,0,1,1,0,Y,N,가해,개인형이동수단(PM),여,21-30세,상해없음,보행자,여,41-50세,경상,2021.xlsx
2021009123,2021-01,2021,1,영등포구,야간,경상사고,차대차 - 기타,차대차,기타,안전운전불이행,건조,맑음,교차로 - 교차로안,교차로,교차로안,0,0,1,0,1,1,0,N,Y,피해,승용,남,65세 이상,상해없음,개인형이동수단(PM),남,41-50세,경상,2021.xlsx
2021008216,2021-01,2021,1,중구,주간,경상사고,차대차 - 충돌,차대차,충돌,안전운전불이행,건조,맑음,단일로 - 기타,단일로,기타,0,0,1,0,1,1,0,N,Y,피해,이륜,남,51-60세,상해없음,개인형이동수단(PM),여,21-30세,경상,2021.xlsx
2021010812,2021-01,2021,1,중구,야간,중상사고,차대차 - 충돌,차대차,충돌,안전거리미확보,건조,맑음,교차로 - 교차로부근,교차로,교차로부근,0,1,0,0,1,1,1,N,Y,피해,승용,남,31-40세,상해없음,개인형이동수단(PM),남,41-50세,중상,2021.xlsx
2021003278,2021-01,2021,1,중랑구,주간,중상사고,차대차 - 충돌,차대차,충돌,신호위반,서리/결빙,맑음,단일로 - 기타,단일로,기타,0,1,0,0,1,1,1,N,Y,피해,승용,남,31-40세,상해없음,개인형이동수단(PM),여,21-30세,중상,2021.xlsx
2021007711,2021-01,2021,1,중랑구,주간,경상사고,차대사람 - 기타,차대사람,기타,신호위반,건조,맑음,교차로 - 교차로부근,교차로,교차로부근,0,0,1,0,1,1,0,Y,N,가해,개인형이동수단(PM),여,41-50세,상해없음,보행자,여,65세 이상,경상,2021.xlsx
2021015772,2021-02,2021,2,강남구,야간,경상사고,차대차 - 기타,차대차,기타,안전운전불이행,건조,맑음,단일로 - 기타,단일로,기타,0,0,1,0,1,1,0,Y,N,가해,개인형이동수단(PM),남,21-30세,상해없음,이륜,남,21-30세,경상,2021.xlsx
2021021577,2021-02,2021,2,강남구,야간,경상사고,차대사람 - 길가장자리구역통행중,차대사람,길가장자리구역통행중,안전운전불이행,건조,맑음,단일로 - 기타,단일로,기타,0,0,1,0,1,1,0,Y,N,가해,개인형이동수단(PM),남,20세 이하,상해없음,보행자,여,21-30세,경상,2021.xlsx
2021024799,2021-02,2021,2,강남구,야간,경상사고,차대차 - 기타,차대차,기타,안전운전불이행,건조,흐림,교차로 - 교차로안,교차로,교차로안,0,0,1,0,1,1,0,N,Y,피해,승용,남,31-40세,상해없음,개인형이동수단(PM),남,21-30세,경상,2021.xlsx
2021025702,2021-02,2021,2,강남구,야간,경상사고,차대차 - 기타,차대차,기타,안전운전불이행,건조,기타,단일로 - 지하차도(도로)내,단일로,지하차도(도로)내,0,0,1,0,1,1,0,Y,N,가해,개인형이동수단(PM),여,41-50세,경상,승용,남,31-40세,상해없음,2021.xlsx
2021025770,2021-02,2021,2,강동구,야간,중상사고,차대차 - 기타,차대차,기타,안전운전불이행,건조,맑음,교차로 - 교차로안,교차로,교차로안,0,1,0,0,1,1,1,N,Y,피해,화물,남,51-60세,상해없음,개인형이동수단(PM),남,31-40세,중상,2021.xlsx
2021026047,2021-02,2021,2,강서구,주간,경상사고,차대차 - 기타,차대차,기타,안전운전불이행,건조,맑음,교차로 - 교차로안,교차로,교차로안,0,0,1,0,1,1,0,N,Y,피해,화물,남,65세 이상,상해없음,개인형이동수단(PM),남,31-40세,경상,2021.xlsx
2021029291,2021-02,2021,2,강서구,야간,경상사고,차대차 - 기타,차대차,기타,안전운전불이행,건조,맑음,기타 - 기타,기타,기타,0,0,1,0,1,1,0,N,Y,피해,이륜,남,41-50세,상해없음,개인형이동수단(PM),남,13-20세,경상,2021.xlsx
2021021986,2021-02,2021,2,관악구,야간,중상사고,차대차 - 기타,차대차,기타,기타,건조,맑음,단일로 - 기타,단일로,기타,0,1,0,0,1,1,1,N,Y,피해,승용,남,51-60세,상해없음,개인형이동수단(PM),남,21-30세,중상,2021.xlsx
2021026697,2021-02,2021,2,관악구,주간,경상사고,차대차 - 충돌,차대차,충돌,안전운전불이행,건조,맑음,단일로 - 기타,단일로,기타,0,0,1,0,1,1,0,N,Y,피해,승용,남,61-64세,상해없음,개인형이동수단(PM),남,31-40세,경상,2021.xlsx
2021026902,2021-02,2021,2,관악구,야간,경상사고,차대차 - 충돌,차대차,충돌,신호위반,건조,맑음,교차로 - 교차로부근,교차로,교차로부근,0,0,1,0,1,1,0,N,Y,피해,승용,남,61-64세,상해없음,개인형이동수단(PM),남,31-40세,경상,2021.xlsx
2021019768,2021-02,2021,2,광진구,야간,경상사고,차대차 - 충돌,차대차,충돌,안전운전불이행,건조,맑음,교차로 - 교차로횡단보도내,교차로,교차로횡단보도내,0,0,1,0,1,1,0,N,Y,피해,승용,남,31-40세,상해없음,개인형이동수단(PM),남,31-40세,경상,2021.xlsx
2021021694,2021-02,2021,2,광진구,야간,경상사고,차대사람 - 보도통행중,차대사람,보도통행중,기타,건조,맑음,단일로 - 기타,단일로,기타,0,0,1,0,1,1,0,Y,N,가해,개인형이동수단(PM),남,21-30세,상해없음,보행자,남,12세 이하,경상,2021.xlsx
2021022244,2021-02,2021,2,광진구,주간,경상사고,차대사람 - 길가장자리구역통행중,차대사람,길가장자리구역통행중,안전운전불이행,건조,맑음,기타 - 기타,기타,기타,0,0,1,0,1,1,0,Y,N,가해,개인형이동수단(PM),남,41-50세,상해없음,보행자,여,31-40세,경상,2021.xlsx
2021024352,2021-02,2021,2,광진구,주간,중상사고,차량단독 - 전도전복,차량단독,전도전복,안전운전불이행,건조,맑음,단일로 - 기타,단일로,기타,0,1,0,0,1,1,1,Y,N,가해,개인형이동수단(PM),남,21-30세,중상,,,,,2021.xlsx
2021028545,2021-02,2021,2,광진구,야간,경상사고,차대차 - 충돌,차대차,충돌,중앙선침범,건조,맑음,단일로 - 기타,단일로,기타,0,0,1,0,1,1,0,N,Y,피해,승용,남,51-60세,상해없음,개인형이동수단(PM),남,31-40세,경상,2021.xlsx
2021029122,2021-02,2021,2,광진구,주간,중상사고,차대차 - 충돌,차대차,충돌,기타,건조,맑음,교차로 - 교차로부근,교차로,교차로부근,0,1,0,0,1,1,1,N,Y,피해,화물,남,41-50세,상해없음,개인형이동수단(PM),남,51-60세,중상,2021.xlsx
2021018943,2021-02,2021,2,구로구,주간,부상신고사고,차대차 - 충돌,차대차,충돌,기타,건조,맑음,기타 - 기타,기타,기타,0,0,0,1,1,1,0,Y,N,가해,개인형이동수단(PM),여,51-60세,부상신고,승용,남,51-60세,상해없음,2021.xlsx
2021023020,2021-02,2021,2,구로구,야간,중상사고,차대차 - 충돌,차대차,충돌,안전운전불이행,건조,맑음,교차로 - 교차로안,교차로,교차로안,0,1,0,0,1,1,1,N,Y,피해,승합,남,51-60세,상해없음,개인형이동수단(PM),남,31-40세,중상,2021.xlsx
2021015770,2021-02,2021,2,금천구,야간,중상사고,차대차 - 충돌,차대차,충돌,신호위반,건조,맑음,단일로 - 기타,단일로,기타,0,1,1,0,2,2,1,N,Y,피해,이륜,남,31-40세,중상,개인형이동수단(PM),남,31-40세,경상,2021.xlsx
2021027632,2021-02,2021,2,동대문구,주간,부상신고사고,차대차 - 기타,차대차,기타,안전운전불이행,건조,맑음,단일로 - 기타,단일로,기타,0,0,0,1,1,1,0,Y,N,가해,개인형이동수단(PM),남,51-60세,부상신고,승용,남,65세 이상,상해없음,2021.xlsx
2021027731,2021-02,2021,2,동대문구,야간,경상사고,차대차 - 기타,차대차,기타,안전운전불이행,건조,맑음,단일로 - 기타,단일로,기타,0,0,1,0,1,1,0,Y,N,가해,개인형이동수단(PM),남,21-30세,경상,승합,남,51-60세,상해없음,2021.xlsx
2021018867,2021-02,2021,2,동작구,주간,중상사고,차대차 - 기타,차대차,기타,중앙선침범,건조,맑음,단일로 - 기타,단일로,기타,0,1,0,0,1,1,1,N,Y,피해,승용,남,61-64세,상해없음,개인형이동수단(PM),남,21-30세,중상,2021.xlsx
2021015560,2021-02,2021,2,마포구,주간,경상사고,차대차 - 기타,차대차,기타,안전운전불이행,건조,맑음,단일로 - 기타,단일로,기타,0,0,1,0,1,1,0,N,Y,피해,승합,남,41-50세,상해없음,개인형이동수단(PM),남,21-30세,경상,2021.xlsx
2021015676,2021-02,2021,2,마포구,주간,부상신고사고,차대사람 - 길가장자리구역통행중,차대사람,길가장자리구역통행중,안전운전불이행,건조,맑음,단일로 - 기타,단일로,기타,0,0,0,1,1,1,0,Y,N,가해,개인형이동수단(PM),여,31-40세,기타불명,보행자,여,13-20세,부상신고,2021.xlsx
2021022813,2021-02,2021,2,마포구,주간,중상사고,차대차 - 충돌,차대차,충돌,신호위반,건조,맑음,교차로 - 교차로안,교차로,교차로안,0,1,0,0,1,1,1,N,Y,피해,승용,여,51-60세,상해없음,개인형이동수단(PM),여,31-40세,중상,2021.xlsx
2021018008,2021-02,2021,2,서대문구,주간,부상신고사고,차대차 - 충돌,차대차,충돌,신호위반,건조,흐림,교차로 - 교차로안,교차로,교차로안,0,0,0,1,1,1,0,Y,N,가해,개인형이동수단(PM),남,31-40세,부상신고,승용,남,41-50세,상해없음,2021.xlsx
2021018513,2021-02,2021,2,서초구,야간,경상사고,차대차 - 기타,차대차,기타,안전운전불이행,건조,맑음,단일로 - 기타,단일로,기타,0,0,2,0,2,2,0,Y,N,가해,개인형이동수단(PM),여,20세 이하,경상,승용,여,41-50세,상해없음,2021.xlsx
2021021799,2021-02,2021,2,서초구,주간,경상사고,차대차 - 기타,차대차,기타,안전운전불이행,건조,맑음,단일로 - 기타,단일로,기타,0,0,1,0,1,1,0,Y,N,가해,개인형이동수단(PM),남,21-30세,경상,승용,남,41-50세,상해없음,2021.xlsx
2021025891,2021-02,2021,2,성동구,주간,경상사고,차대차 - 충돌,차대차,충돌,안전운전불이행,건조,맑음,교차로 - 교차로안,교차로,교차로안,0,0,1,0,1,1,0,Y,N,가해,개인형이동수단(PM),남,20세 이하,상해없음,자전거,남,41-50세,경상,2021.xlsx
2021015185,2021-02,2021,2,송파구,주간,부상신고사고,차대사람 - 기타,차대사람,기타,안전운전불이행,건조,맑음,단일로 - 기타,단일로,기타,0,0,0,1,1,1,0,Y,N,가해,개인형이동수단(PM),남,20세 이하,상해없음,보행자,여,51-60세,부상신고,2021.xlsx
2021018090,2021-02,2021,2,송파구,야간,경상사고,차대차 - 충돌,차대차,충돌,안전운전불이행,건조,맑음,단일로 - 기타,단일로,기타,0,0,1,1,2,2,0,Y,N,가해,개인형이동수단(PM),남,21-30세,부상신고,자전거,여,21-30세,경상,2021.xlsx
2021018227,2021-02,2021,2,송파구,야간,부상신고사고,차대차 - 충돌,차대차,충돌,기타,건조,맑음,교차로 - 교차로안,교차로,교차로안,0,0,0,1,1,1,0,Y,N,가해,개인형이동수단(PM),남,21-30세,부상신고,승용,남,51-60세,상해없음,2021.xlsx
2021019146,2021-02,2021,2,송파구,야간,경상사고,차대차 - 추돌,차대차,추돌,안전운전불이행,건조,맑음,단일로 - 교량,단일로,교량,0,0,1,0,1,1,0,N,Y,피해,승용,여,21-30세,상해없음,개인형이동수단(PM),남,21-30세,경상,2021.xlsx
2021020654,2021-02,2021,2,송파구,야간,부상신고사고,차대차 - 충돌,차대차,충돌,안전운전불이행,건조,맑음,교차로 - 교차로안,교차로,교차로안,0,0,0,1,1,1,0,N,Y,피해,이륜,남,20세 이하,상해없음,개인형이동수단(PM),남,21-30세,상해없음,2021.xlsx
2021022273,2021-02,2021,2,송파구,주간,부상신고사고,차대차 - 충돌,차대차,충돌,안전운전불이행,건조,맑음,단일로 - 기타,단일로,기타,0,0,0,1,1,1,0,Y,N,가해,개인형이동수단(PM),남,41-50세,부상신고,화물,남,41-50세,상해없음,2021.xlsx
2021024079,2021-02,2021,2,영등포구,야간,부상신고사고,차대사람 - 기타,차대사람,기타,안전운전불이행,건조,맑음,교차로 - 교차로안,교차로,교차로안,0,0,0,1,1,1,0,Y,N,가해,개인형이동수단(PM),남,20세 이하,상해없음,보행자,여,31-40세,부상신고,2021.xlsx
2021029949,2021-03,2021,3,강남구,주간,경상사고,차대사람 - 보도통행중,차대사람,보도통행중,기타,건조,맑음,기타 - 기타,기타,기타,0,0,1,0,1,1,0,Y,N,가해,개인형이동수단(PM),여,21-30세,상해없음,보행자,여,21-30세,경상,2021.xlsx
2021032911,2021-03,2021,3,강남구,주간,중상사고,차대차 - 충돌,차대차,충돌,기타,건조,맑음,교차로 - 교차로안,교차로,교차로안,0,1,0,0,1,1,1,N,Y,피해,승용,여,51-60세,상해없음,개인형이동수단(PM),여,31-40세,중상,2021.xlsx
2021034803,2021-03,2021,3,강남구,주간,중상사고,차대차 - 기타,차대차,기타,안전운전불이행,건조,맑음,단일로 - 기타,단일로,기타,0,1,0,0,1,1,1,Y,N,가해,개인형이동수단(PM),여,21-30세,중상,승용,남,21-30세,상해없음,2021.xlsx
2021035004,2021-03,2021,3,강남구,야간,중상사고,차대차 - 충돌,차대차,충돌,기타,건조,맑음,교차로 - 교차로안,교차로,교차로안,0,1,0,0,1,1,1,Y,N,가해,개인형이동수단(PM),남,21-30세,중상,승합,남,31-40세,상해없음,2021.xlsx
2021039380,2021-03,2021,3,강남구,야간,경상사고,차량단독 - 기타,차량단독,기타,신호위반,건조,맑음,단일로 - 기타,단일로,기타,0,0,1,0,1,1,0,Y,N,가해,개인형이동수단(PM),남,31-40세,경상,,,,,2021.xlsx
2021041069,2021-03,2021,3,강남구,주간,경상사고,차대차 - 충돌,차대차,충돌,안전운전불이행,건조,맑음,교차로 - 교차로부근,교차로,교차로부근,0,0,1,0,1,1,0,Y,N,가해,개인형이동수단(PM),남,21-30세,상해없음,이륜,남,21-30세,경상,2021.xlsx
2021044714,2021-03,2021,3,강남구,야간,경상사고,차대사람 - 기타,차대사람,기타,기타,건조,맑음,기타 - 기타,기타,기타,0,0,1,0,1,1,0,Y,N,가해,개인형이동수단(PM),남,20세 이하,상해없음,보행자,여,31-40세,경상,2021.xlsx
2021036027,2021-03,2021,3,강동구,야간,중상사고,차대차 - 기타,차대차,기타,중앙선침범,건조,맑음,교차로 - 교차로부근,교차로,교차로부근,0,1,0,0,1,1,1,N,Y,피해,기타불명,기타불명,기타불명,기타불명,개인형이동수단(PM),남,41-50세,중상,2021.xlsx
2021039060,2021-03,2021,3,강동구,주간,경상사고,차대사람 - 기타,차대사람,기타,기타,건조,맑음,단일로 - 기타,단일로,기타,0,0,1,0,1,1,0,Y,N,가해,개인형이동수단(PM),여,20세 이하,기타불명,보행자,여,65세 이상,경상,2021.xlsx
2021034355,2021-03,2021,3,강북구,야간,경상사고,차대차 - 기타,차대차,기타,신호위반,건조,맑음,교차로 - 교차로부근,교차로,교차로부근,0,0,1,0,1,1,0,N,Y,피해,이륜,남,31-40세,상해없음,개인형이동수단(PM),남,13-20세,경상,2021.xlsx
2021032787,2021-03,2021,3,강서구,야간,경상사고,차대차 - 기타,차대차,기타,중앙선침범,건조,맑음,단일로 - 기타,단일로,기타,0,0,1,0,1,1,0,N,Y,피해,승용,남,41-50세,상해없음,개인형이동수단(PM),남,31-40세,경상,2021.xlsx
2021041932,2021-03,2021,3,강서구,야간,경상사고,차대사람 - 보도통행중,차대사람,보도통행중,기타,건조,맑음,기타 - 기타,기타,기타,0,0,1,0,1,1,0,Y,N,가해,개인형이동수단(PM),남,21-30세,기타불명,보행자,여,51-60세,경상,2021.xlsx
2021035752,2021-03,2021,3,관악구,주간,중상사고,차대차 - 기타,차대차,기타,중앙선침범,건조,맑음,단일로 - 기타,단일로,기타,0,1,0,0,1,1,1,N,Y,피해,승용,남,21-30세,상해없음,개인형이동수단(PM),남,21-30세,중상,2021.xlsx
2021030476,2021-03,2021,3,광진구,주간,중상사고,차대사람 - 기타,차대사람,기타,안전운전불이행,건조,맑음,단일로 - 기타,단일로,기타,0,1,0,0,1,1,1,Y,N,가해,개인형이동수단(PM),여,21-30세,상해없음,보행자,남,13-20세,중상,2021.xlsx
2021032909,2021-03,2021,3,광진구,주간,경상사고,차대사람 - 기타,차대사람,기타,안전운전불이행,건조,맑음,단일로 - 기타,단일로,기타,0,0,1,0,1,1,0,Y,N,가해,개인형이동수단(PM),남,21-30세,상해없음,보행자,남,51-60세,경상,2021.xlsx
2021044212,2021-03,2021,3,광진구,야간,경상사고,차대차 - 기타,차대차,기타,교차로운행방법위반,젖음/습기,비,교차로 - 교차로안,교차로,교차로안,0,0,1,0,1,1,0,N,Y,피해,승합,남,51-60세,상해없음,개인형이동수단(PM),여,31-40세,경상,2021.xlsx
2021033798,2021-03,2021,3,구로구,야간,부상신고사고,차대차 - 기타,차대차,기타,중앙선침범,건조,맑음,교차로 - 교차로안,교차로,교차로안,0,0,0,1,1,1,0,Y,N,가해,개인형이동수단(PM),남,31-40세,부상신고,승용,남,51-60세,기타불명,2021.xlsx
2021036872,2021-03,2021,3,노원구,주간,경상사고,차대차 - 충돌,차대차,충돌,안전운전불이행,건조,맑음,교차로 - 교차로부근,교차로,교차로부근,0,0,2,0,2,2,0,Y,N,가해,개인형이동수단(PM),남,31-40세,경상,승용,여,51-60세,경상,2021.xlsx
2021044515,2021-03,2021,3,노원구,주간,경상사고,차대차 - 충돌,차대차,충돌,안전운전불이행,건조,맑음,단일로 - 기타,단일로,기타,0,0,2,0,2,2,0,Y,N,가해,개인형이동수단(PM),여,20세 이하,경상,자전거,남,31-40세,경상,2021.xlsx
2021040300,2021-03,2021,3,동작구,야간,부상신고사고,차대차 - 기타,차대차,기타,기타,건조,맑음,교차로 - 교차로횡단보도내,교차로,교차로횡단보도내,0,0,0,1,1,1,0,Y,N,가해,개인형이동수단(PM),남,31-40세,부상신고,승용,남,65세 이상,상해없음,2021.xlsx
2021042215,2021-03,2021,3,동작구,주간,경상사고,차대차 - 기타,차대차,기타,안전운전불이행,건조,맑음,단일로 - 기타,단일로,기타,0,0,1,0,1,1,0,N,Y,피해,승용,남,41-50세,상해없음,개인형이동수단(PM),남,41-50세,경상,2021.xlsx
2021035897,2021-03,2021,3,마포구,주간,경상사고,차대사람 - 차도통행중,차대사람,차도통행중,안전운전불이행,건조,맑음,단일로 - 기타,단일로,기타,0,0,1,0,1,1,0,Y,N,가해,개인형이동수단(PM),남,21-30세,상해없음,보행자,여,31-40세,경상,2021.xlsx
2021036098,2021-03,2021,3,마포구,야간,경상사고,차대사람 - 횡단중,차대사람,횡단중,안전운전불이행,건조,맑음,교차로 - 교차로부근,교차로,교차로부근,0,0,1,0,1,1,0,Y,N,가해,개인형이동수단(PM),남,20세 이하,상해없음,보행자,남,21-30세,경상,2021.xlsx
2021036486,2021-03,2021,3,마포구,야간,경상사고,차대차 - 충돌,차대차,충돌,안전운전불이행,건조,흐림,교차로 - 교차로부근,교차로,교차로부근,0,0,1,0,1,1,0,Y,N,가해,개인형이동수단(PM),여,31-40세,경상,이륜,남,51-60세,상해없음,2021.xlsx
2021045424,2021-03,2021,3,서대문구,야간,경상사고,차대사람 - 기타,차대사람,기타,안전운전불이행,건조,맑음,교차로 - 교차로안,교차로,교차로안,0,0,1,0,1,1,0,Y,N,가해,개인형이동수단(PM),남,20세 이하,기타불명,보행자,여,13-20세,경상,2021.xlsx
2021035994,2021-03,2021,3,서초구,야간,중상사고,차대사람 - 기타,차대사람,기타,안전운전불이행,건조,맑음,교차로 - 교차로부근,교차로,교차로부근,0,1,0,0,1,1,1,Y,N,가해,개인형이동수단(PM),남,20세 이하,상해없음,보행자,여,61-64세,중상,2021.xlsx
2021042614,2021-03,2021,3,서초구,주간,중상사고,차대사람 - 차도통행중,차대사람,차도통행중,안전운전불이행,건조,맑음,단일로 - 기타,단일로,기타,0,1,0,1,2,2,1,Y,N,가해,개인형이동수단(PM),남,31-40세,부상신고,보행자,여,51-60세,중상,2021.xlsx
2021043335,2021-03,2021,3,서초구,주간,경상사고,차대차 - 충돌,차대차,충돌,기타,건조,맑음,교차로 - 교차로안,교차로,교차로안,0,0,1,0,1,1,0,N,Y,피해,이륜,남,31-40세,상해없음,개인형이동수단(PM),남,31-40세,경상,2021.xlsx
2021044216,2021-03,2021,3,서초구,야간,중상사고,차대차 - 충돌,차대차,충돌,안전운전불이행,젖음/습기,비,단일로 - 기타,단일로,기타,0,1,0,1,2,2,1,Y,N,가해,개인형이동수단(PM),여,20세 이하,중상,승용,남,31-40세,상해없음,2021.xlsx
2021044575,2021-03,2021,3,서초구,주간,부상신고사고,차대차 - 충돌,차대차,충돌,신호위반,건조,맑음,교차로 - 교차로안,교차로,교차로안,0,0,0,1,1,1,0,Y,N,가해,개인형이동수단(PM),남,20세 이하,부상신고,승용,여,31-40세,상해없음,2021.xlsx
2021045426,2021-03,2021,3,서초구,야간,중상사고,차대차 - 기타,차대차,기타,기타,건조,맑음,교차로 - 교차로횡단보도내,교차로,교차로횡단보도내,0,1,1,0,2,2,1,Y,N,가해,개인형이동수단(PM),남,31-40세,중상,승용,남,31-40세,상해없음,2021.xlsx
2021045014,2021-03,2021,3,성북구,주간,중상사고,차대차 - 추돌,차대차,추돌,안전운전불이행,건조,맑음,단일로 - 기타,단일로,기타,0,1,0,0,1,1,1,N,Y,피해,이륜,남,65세 이상,상해없음,개인형이동수단(PM),남,31-40세,중상,2021.xlsx
2021031615,2021-03,2021,3,송파구,주간,중상사고,차대사람 - 보도통행중,차대사람,보도통행중,안전운전불이행,건조,맑음,단일로 - 기타,단일로,기타,0,1,0,0,1,1,1,Y,N,가해,개인형이동수단(PM),남,41-50세,상해없음,보행자,남,13-20세,중상,2021.xlsx
2021032970,2021-03,2021,3,송파구,주간,부상신고사고,차대차 - 기타,차대차,기타,신호위반,건조,맑음,교차로 - 교차로안,교차로,교차로안,0,0,0,1,1,1,0,Y,N,가해,개인형이동수단(PM),여,21-30세,부상신고,승용,남,51-60세,상해없음,2021.xlsx
2021034502,2021-03,2021,3,송파구,야간,중상사고,차량단독 - 기타,차량단독,기타,안전운전불이행,건조,맑음,단일로 - 기타,단일로,기타,0,1,0,0,1,1,1,Y,N,가해,개인형이동수단(PM),여,21-30세,중상,,,,,2021.xlsx
2021040979,2021-03,2021,3,송파구,주간,중상사고,차대사람 - 길가장자리구역통행중,차대사람,길가장자리구역통행중,안전운전불이행,건조,맑음,단일로 - 기타,단일로,기타,0,1,0,0,1,1,1,Y,N,가해,개인형이동수단(PM),여,51-60세,상해없음,보행자,남,41-50세,중상,2021.xlsx
2021041038,2021-03,2021,3,송파구,주간,경상사고,차대차 - 충돌,차대차,충돌,교차로운행방법위반,건조,맑음,교차로 - 교차로안,교차로,교차로안,0,0,1,0,1,1,0,Y,N,가해,개인형이동수단(PM),남,20세 이하,경상,승용,남,41-50세,상해없음,2021.xlsx
2021041853,2021-03,2021,3,송파구,야간,경상사고,차대차 - 기타,차대차,기타,안전운전불이행,건조,맑음,교차로 - 교차로부근,교차로,교차로부근,0,0,1,0,1,1,0,Y,N,가해,개인형이동수단(PM),여,21-30세,상해없음,자전거,남,31-40세,경상,2021.xlsx
2021042512,2021-03,2021,3,송파구,야간,중상사고,차대차 - 충돌,차대차,충돌,중앙선침범,건조,맑음,단일로 - 기타,단일로,기타,0,1,0,0,1,1,1,Y,N,가해,개인형이동수단(PM),여,20세 이하,상해없음,자전거,남,31-40세,중상,2021.xlsx
2021042177,2021-03,2021,3,양천구,주간,경상사고,차대사람 - 기타,차대사람,기타,안전운전불이행,건조,맑음,교차로 - 교차로안,교차로,교차로안,0,0,1,0,1,1,0,Y,N,가해,개인형이동수단(PM),남,21-30세,상해없음,보행자,남,65세 이상,경상,2021.xlsx
2021044737,2021-03,2021,3,영등포구,야간,경상사고,차대차 - 기타,차대차,기타,신호위반,건조,맑음,단일로 - 기타,단일로,기타,0,0,1,0,1,1,0,Y,N,가해,개인형이동수단(PM),남,41-50세,경상,이륜,남,41-50세,상해없음,2021.xlsx
2021040098,2021-03,2021,3,은평구,주간,경상사고,차대차 - 기타,차대차,기타,중앙선침범,건조,맑음,단일로 - 기타,단일로,기타,0,0,1,0,1,1,0,N,Y,피해,승용,여,51-60세,상해없음,개인형이동수단(PM),남,31-40세,상해없음,2021.xlsx
2021036544,2021-03,2021,3,종로구,야간,경상사고,차대차 - 추돌,차대차,추돌,안전운전불이행,건조,맑음,단일로 - 기타,단일로,기타,0,0,1,0,1,1,0,N,Y,피해,승용,남,41-50세,상해없음,개인형이동수단(PM),남,65세 이상,경상,2021.xlsx
2021035002,2021-03,2021,3,중구,야간,중상사고,차대사람 - 횡단중,차대사람,횡단중,신호위반,건조,맑음,교차로 - 교차로횡단보도내,교차로,교차로횡단보도내,0,1,0,0,1,1,1,Y,N,가해,개인형이동수단(PM),남,31-40세,상해없음,보행자,여,51-60세,중상,2021.xlsx
2021041568,2021-03,2021,3,중구,주간,경상사고,차대차 - 기타,차대차,기타,안전운전불이행,건조,맑음,교차로 - 교차로안,교차로,교차로안,0,0,1,0,1,1,0,N,Y,피해,이륜,남,51-60세,상해없음,개인형이동수단(PM),여,31-40세,경상,2021.xlsx
2021034392,2021-03,2021,3,중랑구,야간,경상사고,차대차 - 충돌,차대차,충돌,안전운전불이행,건조,맑음,교차로 - 교차로안,교차로,교차로안,0,0,1,0,1,1,0,Y,N,가해,개인형이동수단(PM),남,41-50세,경상,화물,남,41-50세,상해없음,2021.xlsx
2021043065,2021-03,2021,3,중랑구,야간,부상신고사고,차대차 - 기타,차대차,기타,안전운전불이행,건조,맑음,교차로 - 교차로횡단보도내,교차로,교차로횡단보도내,0,0,0,1,1,1,0,Y,N,가해,개인형이동수단(PM),남,21-30세,부상신고,승용,남,65세 이상,상해없음,2021.xlsx
2021048575,2021-04,2021,4,강남구,주간,경상사고,차대사람 - 기타,차대사람,기타,안전운전불이행,건조,맑음,단일로 - 기타,단일로,기타,0,0,1,0,1,1,0,Y,N,가해,개인형이동수단(PM),남,20세 이하,상해없음,보행자,여,51-60세,경상,2021.xlsx
2021048897,2021-04,2021,4,강남구,야간,경상사고,차대사람 - 기타,차대사람,기타,안전운전불이행,건조,맑음,단일로 - 기타,단일로,기타,0,0,1,0,1,1,0,Y,N,가해,개인형이동수단(PM),남,20세 이하,상해없음,보행자,남,31-40세,경상,2021.xlsx
2021051238,2021-04,2021,4,강남구,야간,경상사고,차대사람 - 횡단중,차대사람,횡단중,신호위반,건조,맑음,단일로 - 기타,단일로,기타,0,0,1,0,1,1,0,Y,N,가해,개인형이동수단(PM),남,31-40세,상해없음,보행자,남,31-40세,경상,2021.xlsx
2021051239,2021-04,2021,4,강남구,야간,중상사고,차대차 - 기타,차대차,기타,안전운전불이행,기타,기타,교차로 - 교차로부근,교차로,교차로부근,0,1,0,0,1,1,1,Y,N,가해,개인형이동수단(PM),남,31-40세,중상,승용,남,41-50세,상해없음,2021.xlsx
2021051368,2021-04,2021,4,강남구,야간,경상사고,차대차 - 충돌,차대차,충돌,신호위반,기타,기타,교차로 - 교차로횡단보도내,교차로,교차로횡단보도내,0,0,1,0,1,1,0,N,Y,피해,승용,남,61-64세,상해없음,개인형이동수단(PM),남,21-30세,경상,2021.xlsx
2021053609,2021-04,2021,4,강남구,야간,경상사고,차대사람 - 기타,차대사람,기타,안전운전불이행,건조,맑음,단일로 - 기타,단일로,기타,0,0,1,0,1,1,0,Y,N,가해,개인형이동수단(PM),여,20세 이하,상해없음,보행자,여,13-20세,경상,2021.xlsx
2021054027,2021-04,2021,4,강남구,야간,경상사고,차대차 - 충돌,차대차,충돌,신호위반,건조,맑음,교차로 - 교차로횡단보도내,교차로,교차로횡단보도내,0,0,1,0,1,1,0,N,Y,피해,승용,남,41-50세,상해없음,개인형이동수단(PM),여,21-30세,경상,2021.xlsx
2021055108,2021-04,2021,4,강남구,주간,부상신고사고,차량단독 - 전도전복,차량단독,전도전복,안전운전불이행,건조,맑음,단일로 - 기타,단일로,기타,0,0,0,1,1,1,0,Y,N,가해,개인형이동수단(PM),남,21-30세,부상신고,,,,,2021.xlsx
2021057865,2021-04,2021,4,강남구,주간,경상사고,차대사람 - 차도통행중,차대사람,차도통행중,안전운전불이행,기타,맑음,단일로 - 기타,단일로,기타,0,0,1,0,1,1,0,Y,N,가해,개인형이동수단(PM),남,21-30세,상해없음,보행자,남,61-64세,경상,2021.xlsx
2021059132,2021-04,2021,4,강남구,야간,경상사고,차대차 - 기타,차대차,기타,안전운전불이행,건조,맑음,기타 - 기타,기타,기타,0,0,1,0,1,1,0,Y,N,가해,개인형이동수단(PM),남,21-30세,상해없음,자전거,남,31-40세,경상,2021.xlsx
2021059347,2021-04,2021,4,강남구,야간,경상사고,차대차 - 충돌,차대차,충돌,신호위반,건조,맑음,기타 - 기타,기타,기타,0,0,1,0,1,1,0,N,Y,피해,승합,남,41-50세,상해없음,개인형이동수단(PM),남,31-40세,경상,2021.xlsx
2021059352,2021-04,2021,4,강남구,야간,부상신고사고,차량단독 - 전도전복,차량단독,전도전복,기타,건조,흐림,단일로 - 기타,단일로,기타,0,0,0,1,1,1,0,Y,N,가해,개인형이동수단(PM),남,21-30세,부상신고,,,,,2021.xlsx
2021059580,2021-04,2021,4,강남구,주간,경상사고,차대차 - 기타,차대차,기타,안전운전불이행,건조,맑음,단일로 - 기타,단일로,기타,0,0,1,0,1,1,0,Y,N,가해,개인형이동수단(PM),남,31-40세,상해없음,이륜,남,13-20세,경상,2021.xlsx
2021059850,2021-04,2021,4,강남구,야간,경상사고,차대사람 - 기타,차대사람,기타,안전운전불이행,건조,맑음,단일로 - 기타,단일로,기타,0,0,2,0,2,2,0,Y,N,가해,개인형이동수단(PM),남,41-50세,기타불명,보행자,여,21-30세,경상,2021.xlsx
2021060358,2021-04,2021,4,강남구,야간,경상사고,차대차 - 기타,차대차,기타,안전운전불이행,건조,맑음,교차로 - 교차로안,교차로,교차로안,0,0,2,0,2,2,0,Y,N,가해,개인형이동수단(PM),여,21-30세,경상,승용,남,31-40세,경상,2021.xlsx
2021052564,2021-04,2021,4,강동구,주간,경상사고,차대차 - 충돌,차대차,충돌,교차로운행방법위반,건조,맑음,교차로 - 교차로안,교차로,교차로안,0,0,1,0,1,1,0,N,Y,피해,승용,남,51-60세,상해없음,개인형이동수단(PM),남,21-30세,경상,2021.xlsx
2021056526,2021-04,2021,4,강동구,주간,경상사고,차대차 - 충돌,차대차,충돌,안전운전불이행,건조,맑음,단일로 - 기타,단일로,기타,0,0,1,0,1,1,0,Y,N,가해,개인형이동수단(PM),남,31-40세,상해없음,자전거,여,31-40세,경상,2021.xlsx
2021056933,2021-04,2021,4,강동구,야간,중상사고,차량단독 - 기타,차량단독,기타,안전운전불이행,건조,맑음,교차로 - 교차로횡단보도내,교차로,교차로횡단보도내,0,1,0,0,1,1,1,Y,N,가해,개인형이동수단(PM),남,41-50세,중상,,,,,2021.xlsx
2021048077,2021-04,2021,4,강북구,주간,경상사고,차대사람 - 횡단중,차대사람,횡단중,안전운전불이행,건조,맑음,단일로 - 기타,단일로,기타,0,0,1,0,1,1,0,Y,N,가해,개인형이동수단(PM),남,21-30세,상해없음,보행자,여,61-64세,경상,2021.xlsx
2021049196,2021-04,2021,4,강북구,주간,중상사고,차대사람 - 기타,차대사람,기타,안전운전불이행,건조,맑음,단일로 - 기타,단일로,기타,0,1,0,0,1,1,1,Y,N,가해,개인형이동수단(PM),남,21-30세,상해없음,보행자,여,61-64세,중상,2021.xlsx
2021057591,2021-04,2021,4,강북구,주간,중상사고,차대차 - 기타,차대차,기타,기타,건조,맑음,단일로 - 기타,단일로,기타,0,1,0,0,1,1,1,N,Y,피해,승용,여,51-60세,상해없음,개인형이동수단(PM),남,21-30세,중상,2021.xlsx
2021058068,2021-04,2021,4,강북구,야간,경상사고,차대사람 - 기타,차대사람,기타,안전운전불이행,건조,맑음,기타 - 기타,기타,기타,0,0,1,0,1,1,0,Y,N,가해,개인형이동수단(PM),남,20세 이하,상해없음,보행자,여,31-40세,경상,2021.xlsx
2021058110,2021-04,2021,4,강북구,야간,경상사고,차대사람 - 기타,차대사람,기타,안전운전불이행,건조,맑음,교차로 - 교차로부근,교차로,교차로부근,0,0,1,0,1,1,0,Y,N,가해,개인형이동수단(PM),남,21-30세,상해없음,보행자,남,21-30세,경상,2021.xlsx
2021053274,2021-04,2021,4,강서구,주간,경상사고,차대차 - 기타,차대차,기타,신호위반,건조,맑음,교차로 - 교차로안,교차로,교차로안,0,0,1,0,1,1,0,Y,N,가해,개인형이동수단(PM),남,31-40세,경상,승용,남,31-40세,상해없음,2021.xlsx
2021059097,2021-04,2021,4,강서구,주간,경상사고,차대사람 - 길가장자리구역통행중,차대사람,길가장자리구역통행중,안전운전불이행,건조,맑음,단일로 - 기타,단일로,기타,0,0,1,0,1,1,0,Y,N,가해,개인형이동수단(PM),기타불명,기타불명,기타불명,보행자,여,21-30세,경상,2021.xlsx
2021046033,2021-04,2021,4,관악구,야간,중상사고,차대차 - 기타,차대차,기타,기타,건조,맑음,단일로 - 기타,단일로,기타,0,1,0,0,1,1,1,N,Y,피해,승용,남,51-60세,상해없음,개인형이동수단(PM),남,31-40세,중상,2021.xlsx
2021051053,2021-04,2021,4,관악구,주간,경상사고,차대사람 - 기타,차대사람,기타,안전운전불이행,건조,맑음,단일로 - 기타,단일로,기타,0,0,1,0,1,1,0,Y,N,가해,개인형이동수단(PM),남,20세 이하,상해없음,보행자,여,21-30세,경상,2021.xlsx
2021058037,2021-04,2021,4,관악구,야간,경상사고,차대차 - 충돌,차대차,충돌,안전운전불이행,건조,맑음,교차로 - 교차로부근,교차로,교차로부근,0,0,1,0,1,1,0,Y,N,가해,개인형이동수단(PM),남,31-40세,경상,화물,남,41-50세,상해없음,2021.xlsx
2021046412,2021-04,2021,4,광진구,주간,경상사고,차대사람 - 기타,차대사람,기타,보행자보호의무위반,건조,맑음,단일로 - 기타,단일로,기타,0,0,2,0,2,2,0,Y,N,가해,개인형이동수단(PM),남,21-30세,상해없음,보행자,여,21-30세,경상,2021.xlsx
2021053190,2021-04,2021,4,광진구,주간,경상사고,차대차 - 충돌,차대차,충돌,신호위반,건조,맑음,교차로 - 교차로횡단보도내,교차로,교차로횡단보도내,0,0,1,0,1,1,0,N,Y,피해,승용,남,65세 이상,상해없음,개인형이동수단(PM),남,21-30세,경상,2021.xlsx
2021055145,2021-04,2021,4,구로구,주간,경상사고,차대차 - 기타,차대차,기타,안전운전불이행,건조,맑음,교차로 - 교차로안,교차로,교차로안,0,0,1,0,1,1,0,N,Y,피해,자전거,남,20세 이하,상해없음,개인형이동수단(PM),여,41-50세,상해없음,2021.xlsx
2021061373,2021-04,2021,4,구로구,야간,부상신고사고,차대차 - 기타,차대차,기타,안전운전불이행,건조,맑음,단일로 - 기타,단일로,기타,0,0,0,1,1,1,0,N,Y,피해,기타불명,기타불명,기타불명,기타불명,개인형이동수단(PM),남,31-40세,부상신고,2021.xlsx
2021050377,2021-04,2021,4,도봉구,주간,부상신고사고,차대차 - 충돌,차대차,충돌,신호위반,건조,맑음,교차로 - 교차로안,교차로,교차로안,0,0,0,1,1,1,0,Y,N,가해,개인형이동수단(PM),여,20세 이하,부상신고,승용,남,65세 이상,상해없음,2021.xlsx
2021055324,2021-04,2021,4,동대문구,야간,경상사고,차대차 - 기타,차대차,기타,안전운전불이행,건조,맑음,기타 - 기타,기타,기타,0,0,1,0,1,1,0,N,Y,피해,이륜,남,21-30세,상해없음,개인형이동수단(PM),남,21-30세,경상,2021.xlsx
2021062587,2021-04,2021,4,동대문구,야간,경상사고,차대사람 - 횡단중,차대사람,횡단중,신호위반,건조,맑음,교차로 - 교차로안,교차로,교차로안,0,0,1,0,1,1,0,Y,N,가해,개인형이동수단(PM),남,21-30세,상해없음,보행자,여,51-60세,경상,2021.xlsx
2021049104,2021-04,2021,4,동작구,주간,중상사고,차대차 - 충돌,차대차,충돌,안전운전불이행,건조,맑음,교차로 - 교차로횡단보도내,교차로,교차로횡단보도내,0,1,0,0,1,1,1,Y,N,가해,개인형이동수단(PM),남,20세 이하,중상,승용,남,65세 이상,상해없음,2021.xlsx
2021053426,2021-04,2021,4,동작구,주간,경상사고,차대차 - 기타,차대차,기타,기타,건조,맑음,교차로 - 교차로부근,교차로,교차로부근,0,0,1,0,1,1,0,Y,N,가해,개인형이동수단(PM),남,20세 이하,경상,이륜,남,31-40세,상해없음,2021.xlsx
2021054695,2021-04,2021,4,마포구,야간,중상사고,차대차 - 충돌,차대차,충돌,기타,건조,맑음,단일로 - 기타,단일로,기타,0,1,0,0,1,1,1,Y,N,가해,개인형이동수단(PM),여,31-40세,중상,승용,남,61-64세,상해없음,2021.xlsx
2021058656,2021-04,2021,4,마포구,야간,경상사고,차대차 - 충돌,차대차,충돌,안전운전불이행,건조,맑음,기타 - 기타,기타,기타,0,0,1,0,1,1,0,Y,N,가해,개인형이동수단(PM),남,21-30세,상해없음,이륜,남,31-40세,경상,2021.xlsx
2021059768,2021-04,2021,4,마포구,야간,경상사고,차대사람 - 기타,차대사람,기타,안전운전불이행,건조,맑음,교차로 - 교차로안,교차로,교차로안,0,0,1,0,1,1,0,Y,N,가해,개인형이동수단(PM),남,20세 이하,상해없음,보행자,여,65세 이상,경상,2021.xlsx
2021061451,2021-04,2021,4,마포구,야간,경상사고,차대차 - 충돌,차대차,충돌,안전운전불이행,건조,맑음,단일로 - 기타,단일로,기타,0,0,1,0,1,1,0,Y,N,가해,개인형이동수단(PM),남,31-40세,상해없음,자전거,여,41-50세,경상,2021.xlsx
2021063397,2021-04,2021,4,마포구,야간,중상사고,차대사람 - 기타,차대사람,기타,안전운전불이행,건조,맑음,단일로 - 기타,단일로,기타,0,1,0,0,1,1,1,Y,N,가해,개인형이동수단(PM),남,21-30세,상해없음,보행자,남,31-40세,중상,2021.xlsx
2021046376,2021-04,2021,4,서대문구,주간,부상신고사고,차대사람 - 기타,차대사람,기타,안전운전불이행,건조,맑음,단일로 - 기타,단일로,기타,0,0,0,1,1,1,0,Y,N,가해,개인형이동수단(PM),여,20세 이하,상해없음,보행자,여,51-60세,부상신고,2021.xlsx
2021055329,2021-04,2021,4,서초구,야간,중상사고,차대차 - 충돌,차대차,충돌,기타,건조,맑음,교차로 - 교차로안,교차로,교차로안,0,1,0,0,1,1,1,Y,N,가해,개인형이동수단(PM),남,41-50세,중상,승용,여,61-64세,상해없음,2021.xlsx
2021055369,2021-04,2021,4,서초구,야간,중상사고,차대차 - 충돌,차대차,충돌,기타,건조,맑음,교차로 - 교차로안,교차로,교차로안,0,1,1,1,3,3,1,Y,N,가해,개인형이동수단(PM),남,51-60세,부상신고,승용,남,51-60세,상해없음,2021.xlsx
2021058457,2021-04,2021,4,서초구,주간,경상사고,차대차 - 추돌,차대차,추돌,안전운전불이행,건조,맑음,기타 - 기타,기타,기타,0,0,1,0,1,1,0,Y,N,가해,개인형이동수단(PM),남,21-30세,경상,화물,남,31-40세,상해없음,2021.xlsx
2021054326,2021-04,2021,4,성동구,주간,경상사고,차대차 - 기타,차대차,기타,안전운전불이행,건조,맑음,교차로 - 교차로횡단보도내,교차로,교차로횡단보도내,0,0,2,0,2,2,0,Y,N,가해,개인형이동수단(PM),여,31-40세,경상,자전거,여,65세 이상,경상,2021.xlsx
2021059178,2021-04,2021,4,성동구,야간,중상사고,차대차 - 충돌,차대차,충돌,안전운전불이행,건조,맑음,단일로 - 기타,단일로,기타,0,1,0,0,1,1,1,N,Y,피해,자전거,남,65세 이상,상해없음,개인형이동수단(PM),여,21-30세,중상,2021.xlsx
2021061627,2021-04,2021,4,성동구,주간,경상사고,차대사람 - 기타,차대사람,기타,안전운전불이행,건조,맑음,기타 - 기타,기타,기타,0,0,1,0,1,1,0,Y,N,가해,개인형이동수단(PM),여,31-40세,상해없음,보행자,남,21-30세,경상,2021.xlsx
2021053517,2021-04,2021,4,성북구,야간,부상신고사고,차대사람 - 보도통행중,차대사람,보도통행중,기타,건조,맑음,기타 - 기타,기타,기타,0,0,0,1,1,1,0,Y,N,가해,개인형이동수단(PM),기타불명,기타불명,기타불명,보행자,여,13-20세,부상신고,2021.xlsx
2021055601,2021-04,2021,4,성북구,주간,중상사고,차대사람 - 보도통행중,차대사람,보도통행중,기타,건조,맑음,단일로 - 기타,단일로,기타,0,1,0,0,1,1,1,Y,N,가해,개인형이동수단(PM),남,21-30세,상해없음,보행자,남,21-30세,중상,2021.xlsx
2021059653,2021-04,2021,4,성북구,주간,경상사고,차대사람 - 기타,차대사람,기타,안전운전불이행,건조,맑음,단일로 - 기타,단일로,기타,0,0,1,0,1,1,0,Y,N,가해,개인형이동수단(PM),남,20세 이하,상해없음,보행자,남,21-30세,경상,2021.xlsx
2021051301,2021-04,2021,4,송파구,야간,중상사고,차대차 - 충돌,차대차,충돌,안전운전불이행,건조,맑음,단일로 - 기타,단일로,기타,0,1,0,1,2,2,1,Y,N,가해,개인형이동수단(PM),여,20세 이하,부상신고,이륜,남,41-50세,중상,2021.xlsx
2021053430,2021-04,2021,4,송파구,주간,경상사고,차대차 - 기타,차대차,기타,신호위반,건조,맑음,교차로 - 교차로안,교차로,교차로안,0,0,1,0,1,1,0,Y,N,가해,개인형이동수단(PM),남,20세 이하,경상,승용,남,31-40세,상해없음,2021.xlsx
2021054844,2021-04,2021,4,송파구,주간,부상신고사고,차대차 - 충돌,차대차,충돌,안전운전불이행,건조,맑음,기타 - 기타,기타,기타,0,0,0,1,1,1,0,Y,N,가해,개인형이동수단(PM),여,20세 이하,부상신고,승용,여,31-40세,상해없음,2021.xlsx
2021057556,2021-04,2021,4,송파구,주간,경상사고,차대차 - 추돌,차대차,추돌,안전운전불이행,건조,맑음,교차로 - 교차로횡단보도내,교차로,교차로횡단보도내,0,0,1,0,1,1,0,N,Y,피해,승용,여,61-64세,상해없음,개인형이동수단(PM),남,31-40세,경상,2021.xlsx
2021059407,2021-04,2021,4,송파구,주간,중상사고,차대사람 - 보도통행중,차대사람,보도통행중,기타,건조,맑음,단일로 - 기타,단일로,기타,0,1,0,0,1,1,1,Y,N,가해,개인형이동수단(PM),여,31-40세,상해없음,보행자,남,31-40세,중상,2021.xlsx
2021059911,2021-04,2021,4,송파구,야간,부상신고사고,차대차 - 기타,차대차,기타,신호위반,건조,맑음,교차로 - 교차로안,교차로,교차로안,0,0,0,1,1,1,0,Y,N,가해,개인형이동수단(PM),여,20세 이하,상해없음,자전거,여,51-60세,부상신고,2021.xlsx
2021047068,2021-04,2021,4,양천구,야간,경상사고,차대차 - 충돌,차대차,충돌,안전운전불이행,건조,흐림,교차로 - 교차로부근,교차로,교차로부근,0,0,1,0,1,1,0,N,Y,피해,승용,남,65세 이상,상해없음,개인형이동수단(PM),여,13-20세,경상,2021.xlsx
2021046093,2021-04,2021,4,영등포구,주간,경상사고,차대사람 - 보도통행중,차대사람,보도통행중,기타,건조,맑음,기타 - 기타,기타,기타,0,0,1,0,1,1,0,Y,N,가해,개인형이동수단(PM),남,21-30세,상해없음,보행자,여,31-40세,경상,2021.xlsx
2021055925,2021-04,2021,4,영등포구,야간,경상사고,차대차 - 충돌,차대차,충돌,중앙선침범,건조,맑음,단일로 - 기타,단일로,기타,0,0,1,0,1,1,0,Y,N,가해,개인형이동수단(PM),남,20세 이하,경상,승용,남,31-40세,상해없음,2021.xlsx
2021058942,2021-04,2021,4,영등포구,주간,경상사고,차대차 - 기타,차대차,기타,신호위반,건조,맑음,단일로 - 기타,단일로,기타,0,0,1,0,1,1,0,N,Y,피해,승용,남,51-60세,상해없음,개인형이동수단(PM),남,31-40세,경상,2021.xlsx
2021046039,2021-04,2021,4,용산구,야간,경상사고,차대차 - 기타,차대차,기타,안전운전불이행,건조,맑음,기타 - 기타,기타,기타,0,0,1,0,1,1,0,Y,N,가해,개인형이동수단(PM),남,31-40세,기타불명,자전거,남,31-40세,경상,2021.xlsx
2021061370,2021-04,2021,4,용산구,야간,부상신고사고,차대차 - 기타,차대차,기타,중앙선침범,건조,맑음,교차로 - 교차로부근,교차로,교차로부근,0,0,0,1,1,1,0,Y,N,가해,개인형이동수단(PM),남,31-40세,부상신고,승용,남,41-50세,상해없음,2021.xlsx
2021050780,2021-04,2021,4,은평구,주간,경상사고,차대차 - 충돌,차대차,충돌,중앙선침범,건조,맑음,교차로 - 교차로안,교차로,교차로안,0,0,1,0,1,1,0,Y,N,가해,개인형이동수단(PM),여,21-30세,경상,승용,남,21-30세,상해없음,2021.xlsx
2021062113,2021-04,2021,4,은평구,야간,중상사고,차대사람 - 기타,차대사람,기타,안전운전불이행,건조,맑음,기타 - 기타,기타,기타,0,1,0,0,1,1,1,Y,N,가해,개인형이동수단(PM),남,31-40세,상해없음,보행자,여,51-60세,중상,2021.xlsx
2021058523,2021-04,2021,4,중구,야간,경상사고,차대차 - 기타,차대차,기타,안전운전불이행,건조,맑음,교차로 - 교차로부근,교차로,교차로부근,0,0,1,0,1,1,0,N,Y,피해,승용,여,31-40세,상해없음,개인형이동수단(PM),여,21-30세,경상,2021.xlsx
2021062263,2021-04,2021,4,중구,주간,부상신고사고,차대차 - 기타,차대차,기타,안전운전불이행,건조,맑음,교차로 - 교차로횡단보도내,교차로,교차로횡단보도내,0,0,0,1,1,1,0,Y,N,가해,개인형이동수단(PM),남,21-30세,부상신고,승용,여,65세 이상,상해없음,2021.xlsx
2021051535,2021-04,2021,4,중랑구,주간,경상사고,차대사람 - 기타,차대사람,기타,안전운전불이행,건조,맑음,교차로 - 교차로안,교차로,교차로안,0,0,1,0,1,1,0,Y,N,가해,개인형이동수단(PM),남,31-40세,상해없음,보행자,여,21-30세,경상,2021.xlsx
2021053884,2021-04,2021,4,중랑구,주간,경상사고,차대차 - 기타,차대차,기타,중앙선침범,건조,맑음,단일로 - 기타,단일로,기타,0,0,1,0,1,1,0,N,Y,피해,이륜,남,20세 이하,상해없음,개인형이동수단(PM),남,21-30세,경상,2021.xlsx
2021064974,2021-05,2021,5,강남구,야간,부상신고사고,차대차 - 기타,차대차,기타,안전운전불이행,건조,맑음,교차로 - 교차로횡단보도내,교차로,교차로횡단보도내,0,0,0,1,1,1,0,Y,N,가해,개인형이동수단(PM),여,21-30세,부상신고,승용,남,61-64세,상해없음,2021.xlsx
2021065658,2021-05,2021,5,강남구,야간,경상사고,차대차 - 기타,차대차,기타,안전운전불이행,침수,비,교차로 - 교차로부근,교차로,교차로부근,0,0,1,0,1,1,0,Y,N,가해,개인형이동수단(PM),남,21-30세,경상,승용,남,31-40세,상해없음,2021.xlsx
2021069758,2021-05,2021,5,강남구,주간,중상사고,차대사람 - 보도통행중,차대사람,보도통행중,기타,건조,맑음,기타 - 기타,기타,기타,0,1,0,0,1,1,1,Y,N,가해,개인형이동수단(PM),여,21-30세,상해없음,보행자,여,65세 이상,중상,2021.xlsx
2021070277,2021-05,2021,5,강남구,야간,부상신고사고,차대차 - 기타,차대차,기타,기타,건조,맑음,교차로 - 교차로안,교차로,교차로안,0,0,0,1,1,1,0,Y,N,가해,개인형이동수단(PM),남,21-30세,부상신고,승용,여,31-40세,상해없음,2021.xlsx
2021073797,2021-05,2021,5,강남구,야간,중상사고,차대사람 - 기타,차대사람,기타,안전운전불이행,젖음/습기,맑음,단일로 - 기타,단일로,기타,0,1,0,0,1,1,1,Y,N,가해,개인형이동수단(PM),남,31-40세,상해없음,보행자,여,31-40세,중상,2021.xlsx
2021075396,2021-05,2021,5,강남구,야간,경상사고,차대차 - 기타,차대차,기타,기타,건조,맑음,단일로 - 기타,단일로,기타,0,0,2,0,2,2,0,Y,Y,가해+피해,개인형이동수단(PM),남,31-40세,경상,개인형이동수단(PM),여,13-20세,경상,2021.xlsx
2021075626,2021-05,2021,5,강남구,주간,경상사고,차대차 - 충돌,차대차,충돌,신호위반,기타,맑음,단일로 - 기타,단일로,기타,0,0,1,0,1,1,0,N,Y,피해,승용,남,31-40세,상해없음,개인형이동수단(PM),여,21-30세,경상,2021.xlsx
2021077254,2021-05,2021,5,강남구,주간,경상사고,차대차 - 기타,차대차,기타,안전운전불이행,건조,맑음,단일로 - 기타,단일로,기타,0,0,1,0,1,1,0,Y,N,가해,개인형이동수단(PM),남,31-40세,경상,승용,남,61-64세,상해없음,2021.xlsx
2021078214,2021-05,2021,5,강남구,주간,경상사고,차대차 - 기타,차대차,기타,안전운전불이행,건조,맑음,단일로 - 기타,단일로,기타,0,0,1,0,1,1,0,Y,N,가해,개인형이동수단(PM),여,31-40세,경상,승용,여,41-50세,상해없음,2021.xlsx
2021079745,2021-05,2021,5,강남구,야간,경상사고,차대차 - 기타,차대차,기타,교차로운행방법위반,건조,맑음,교차로 - 교차로안,교차로,교차로안,0,0,1,0,1,1,0,N,Y,피해,승용,남,65세 이상,상해없음,개인형이동수단(PM),남,21-30세,경상,2021.xlsx
2021080399,2021-05,2021,5,강남구,주간,경상사고,차대차 - 충돌,차대차,충돌,기타,건조,맑음,교차로 - 교차로안,교차로,교차로안,0,0,1,0,1,1,0,Y,N,가해,개인형이동수단(PM),남,21-30세,경상,승용,여,31-40세,상해없음,2021.xlsx
2021080792,2021-05,2021,5,강남구,야간,경상사고,차대차 - 충돌,차대차,충돌,기타,기타,흐림,교차로 - 교차로안,교차로,교차로안,0,0,1,0,1,1,0,Y,N,가해,개인형이동수단(PM),남,21-30세,경상,승용,남,51-60세,상해없음,2021.xlsx
2021067404,2021-05,2021,5,강북구,야간,경상사고,차대사람 - 기타,차대사람,기타,안전운전불이행,건조,맑음,교차로 - 교차로부근,교차로,교차로부근,0,0,1,0,1,1,0,Y,N,가해,개인형이동수단(PM),남,21-30세,기타불명,보행자,남,51-60세,경상,2021.xlsx
2021073010,2021-05,2021,5,강북구,야간,경상사고,차대차 - 기타,차대차,기타,신호위반,건조,맑음,교차로 - 교차로안,교차로,교차로안,0,0,1,0,1,1,0,Y,N,가해,개인형이동수단(PM),남,20세 이하,상해없음,이륜,남,21-30세,경상,2021.xlsx
2021077337,2021-05,2021,5,강북구,주간,경상사고,차대차 - 충돌,차대차,충돌,안전운전불이행,건조,맑음,교차로 - 교차로부근,교차로,교차로부근,0,0,1,0,1,1,0,Y,N,가해,개인형이동수단(PM),남,31-40세,경상,승용,여,51-60세,상해없음,2021.xlsx
2021066783,2021-05,2021,5,강서구,야간,경상사고,차대사람 - 횡단중,차대사람,횡단중,신호위반,건조,맑음,교차로 - 교차로횡단보도내,교차로,교차로횡단보도내,0,0,1,0,1,1,0,Y,N,가해,개인형이동수단(PM),남,20세 이하,상해없음,보행자,여,65세 이상,경상,2021.xlsx
2021066812,2021-05,2021,5,강서구,야간,경상사고,차대사람 - 기타,차대사람,기타,안전운전불이행,건조,흐림,단일로 - 기타,단일로,기타,0,0,1,0,1,1,0,Y,N,가해,개인형이동수단(PM),여,21-30세,상해없음,보행자,여,61-64세,경상,2021.xlsx
2021067144,2021-05,2021,5,강서구,주간,경상사고,차대차 - 기타,차대차,기타,안전운전불이행,건조,맑음,단일로 - 기타,단일로,기타,0,0,1,0,1,1,0,Y,N,가해,개인형이동수단(PM),남,51-60세,경상,승용,남,31-40세,상해없음,2021.xlsx
2021068467,2021-05,2021,5,강서구,야간,경상사고,차대차 - 기타,차대차,기타,안전운전불이행,건조,맑음,기타 - 기타,기타,기타,0,0,1,0,1,1,0,N,Y,피해,자전거,남,20세 이하,경상,개인형이동수단(PM),남,13-20세,상해없음,2021.xlsx
2021071515,2021-05,2021,5,강서구,야간,경상사고,차대차 - 추돌,차대차,추돌,안전운전불이행,건조,맑음,단일로 - 기타,단일로,기타,0,0,1,0,1,1,0,N,Y,피해,이륜,남,21-30세,경상,개인형이동수단(PM),남,41-50세,상해없음,2021.xlsx
2021073241,2021-05,2021,5,강서구,주간,경상사고,차대차 - 충돌,차대차,충돌,안전운전불이행,건조,맑음,단일로 - 기타,단일로,기타,0,0,1,0,1,1,0,N,Y,피해,자전거,기타불명,기타불명,기타불명,개인형이동수단(PM),여,31-40세,경상,2021.xlsx
2021073834,2021-05,2021,5,강서구,주간,경상사고,차대차 - 기타,차대차,기타,교차로운행방법위반,건조,맑음,교차로 - 교차로안,교차로,교차로안,0,0,1,0,1,1,0,Y,N,가해,개인형이동수단(PM),여,31-40세,경상,화물,남,31-40세,상해없음,2021.xlsx
2021076307,2021-05,2021,5,강서구,야간,중상사고,차대차 - 추돌,차대차,추돌,안전거리미확보,건조,흐림,단일로 - 기타,단일로,기타,0,1,0,0,1,1,1,N,Y,피해,승용,남,21-30세,상해없음,개인형이동수단(PM),남,31-40세,중상,2021.xlsx
2021071512,2021-05,2021,5,광진구,야간,경상사고,차대사람 - 기타,차대사람,기타,안전운전불이행,건조,맑음,단일로 - 기타,단일로,기타,0,0,1,0,1,1,0,Y,N,가해,개인형이동수단(PM),남,20세 이하,상해없음,보행자,여,12세 이하,경상,2021.xlsx
2021073766,2021-05,2021,5,광진구,야간,부상신고사고,차대차 - 충돌,차대차,충돌,안전운전불이행,건조,맑음,교차로 - 교차로안,교차로,교차로안,0,0,0,1,1,1,0,Y,N,가해,개인형이동수단(PM),남,31-40세,부상신고,승용,남,51-60세,상해없음,2021.xlsx
2021064946,2021-05,2021,5,구로구,야간,경상사고,차대차 - 기타,차대차,기타,안전운전불이행,건조,맑음,교차로 - 교차로안,교차로,교차로안,0,0,1,0,1,1,0,Y,N,가해,개인형이동수단(PM),남,41-50세,경상,승용,남,41-50세,상해없음,2021.xlsx
2021069124,2021-05,2021,5,구로구,야간,중상사고,차대차 - 기타,차대차,기타,안전운전불이행,건조,맑음,기타 - 기타,기타,기타,0,1,0,0,1,1,1,N,Y,피해,승용,남,21-30세,상해없음,개인형이동수단(PM),남,41-50세,중상,2021.xlsx
2021071741,2021-05,2021,5,구로구,주간,부상신고사고,차대차 - 기타,차대차,기타,안전운전불이행,건조,맑음,단일로 - 기타,단일로,기타,0,0,0,1,1,1,0,Y,N,가해,개인형이동수단(PM),남,31-40세,부상신고,화물,남,41-50세,상해없음,2021.xlsx
2021075667,2021-05,2021,5,구로구,주간,부상신고사고,차대차 - 충돌,차대차,충돌,안전운전불이행,건조,맑음,교차로 - 교차로횡단보도내,교차로,교차로횡단보도내,0,0,0,1,1,1,0,Y,N,가해,개인형이동수단(PM),남,65세 이상,부상신고,승용,남,61-64세,상해없음,2021.xlsx
2021066204,2021-05,2021,5,금천구,야간,경상사고,차대차 - 기타,차대차,기타,신호위반,건조,맑음,단일로 - 기타,단일로,기타,0,0,1,0,1,1,0,N,Y,피해,이륜,남,20세 이하,상해없음,개인형이동수단(PM),남,13-20세,경상,2021.xlsx
2021070098,2021-05,2021,5,금천구,주간,중상사고,차대차 - 충돌,차대차,충돌,안전거리미확보,건조,맑음,교차로 - 교차로부근,교차로,교차로부근,0,1,0,0,1,1,1,N,Y,피해,승용,남,51-60세,상해없음,개인형이동수단(PM),남,51-60세,중상,2021.xlsx
2021075983,2021-05,2021,5,금천구,야간,경상사고,차대차 - 충돌,차대차,충돌,신호위반,건조,맑음,교차로 - 교차로부근,교차로,교차로부근,0,0,1,0,1,1,0,N,Y,피해,승용,남,21-30세,상해없음,개인형이동수단(PM),남,13-20세,경상,2021.xlsx
2021076973,2021-05,2021,5,금천구,야간,중상사고,차대차 - 충돌,차대차,충돌,신호위반,건조,맑음,교차로 - 교차로횡단보도내,교차로,교차로횡단보도내,0,1,0,0,1,1,1,N,Y,피해,이륜,남,21-30세,상해없음,개인형이동수단(PM),남,61-64세,중상,2021.xlsx
2021079452,2021-05,2021,5,금천구,주간,경상사고,차대차 - 기타,차대차,기타,신호위반,건조,맑음,단일로 - 기타,단일로,기타,0,0,1,0,1,1,0,N,Y,피해,승용,남,21-30세,상해없음,개인형이동수단(PM),남,21-30세,경상,2021.xlsx
2021070108,2021-05,2021,5,도봉구,주간,경상사고,차대차 - 추돌,차대차,추돌,안전운전불이행,건조,맑음,기타 - 기타,기타,기타,0,0,1,0,1,1,0,Y,N,가해,개인형이동수단(PM),남,31-40세,상해없음,자전거,남,21-30세,경상,2021.xlsx
2021064999,2021-05,2021,5,동대문구,야간,중상사고,차대사람 - 기타,차대사람,기타,안전운전불이행,건조,맑음,단일로 - 기타,단일로,기타,0,2,0,0,2,2,2,Y,N,가해,개인형이동수단(PM),남,31-40세,중상,보행자,여,21-30세,중상,2021.xlsx
2021065134,2021-05,2021,5,동대문구,주간,경상사고,차대사람 - 횡단중,차대사람,횡단중,안전운전불이행,젖음/습기,비,단일로 - 기타,단일로,기타,0,0,1,0,1,1,0,Y,N,가해,개인형이동수단(PM),남,20세 이하,상해없음,보행자,여,12세 이하,경상,2021.xlsx
2021070275,2021-05,2021,5,동작구,야간,부상신고사고,차대사람 - 보도통행중,차대사람,보도통행중,기타,건조,맑음,단일로 - 기타,단일로,기타,0,0,0,1,1,1,0,Y,N,가해,개인형이동수단(PM),남,21-30세,상해없음,보행자,남,31-40세,부상신고,2021.xlsx
2021064166,2021-05,2021,5,마포구,주간,부상신고사고,차대사람 - 보도통행중,차대사람,보도통행중,안전운전불이행,건조,맑음,기타 - 기타,기타,기타,0,0,0,1,1,1,0,Y,N,가해,개인형이동수단(PM),여,20세 이하,상해없음,보행자,여,21-30세,부상신고,2021.xlsx
2021071427,2021-05,2021,5,마포구,야간,경상사고,차대사람 - 기타,차대사람,기타,안전운전불이행,건조,맑음,단일로 - 기타,단일로,기타,0,0,1,0,1,1,0,Y,N,가해,개인형이동수단(PM),남,21-30세,상해없음,보행자,여,41-50세,경상,2021.xlsx
2021074368,2021-05,2021,5,마포구,주간,경상사고,차대차 - 충돌,차대차,충돌,기타,건조,맑음,교차로 - 교차로안,교차로,교차로안,0,0,1,0,1,1,0,N,Y,피해,승용,남,61-64세,상해없음,개인형이동수단(PM),남,21-30세,경상,2021.xlsx
2021074630,2021-05,2021,5,마포구,야간,경상사고,차대차 - 기타,차대차,기타,안전운전불이행,건조,맑음,교차로 - 교차로부근,교차로,교차로부근,0,0,1,1,2,2,0,Y,N,가해,개인형이동수단(PM),남,31-40세,경상,승용,남,31-40세,부상신고,2021.xlsx
2021065833,2021-05,2021,5,서대문구,주간,부상신고사고,차대차 - 충돌,차대차,충돌,안전운전불이행,건조,맑음,단일로 - 기타,단일로,기타,0,0,0,1,1,1,0,Y,N,가해,개인형이동수단(PM),남,21-30세,부상신고,승용,남,31-40세,상해없음,2021.xlsx
2021068410,2021-05,2021,5,서대문구,야간,경상사고,차대차 - 충돌,차대차,충돌,기타,건조,맑음,교차로 - 교차로부근,교차로,교차로부근,0,0,1,0,1,1,0,Y,N,가해,개인형이동수단(PM),여,21-30세,경상,승용,여,51-60세,상해없음,2021.xlsx
2021070552,2021-05,2021,5,서대문구,주간,부상신고사고,차대차 - 기타,차대차,기타,신호위반,건조,맑음,교차로 - 교차로안,교차로,교차로안,0,0,0,1,1,1,0,Y,N,가해,개인형이동수단(PM),남,31-40세,부상신고,이륜,남,21-30세,상해없음,2021.xlsx
2021078576,2021-05,2021,5,서초구,야간,경상사고,차대사람 - 보도통행중,차대사람,보도통행중,안전운전불이행,건조,맑음,기타 - 기타,기타,기타,0,0,1,0,1,1,0,Y,N,가해,개인형이동수단(PM),남,21-30세,상해없음,보행자,남,51-60세,경상,2021.xlsx
2021079193,2021-05,2021,5,서초구,야간,중상사고,차대사람 - 기타,차대사람,기타,신호위반,건조,맑음,단일로 - 기타,단일로,기타,0,1,0,0,1,1,1,Y,N,가해,개인형이동수단(PM),남,21-30세,상해없음,보행자,남,61-64세,중상,2021.xlsx
2021066676,2021-05,2021,5,성동구,야간,경상사고,차대사람 - 보도통행중,차대사람,보도통행중,기타,건조,맑음,기타 - 기타,기타,기타,0,0,1,0,1,1,0,Y,N,가해,개인형이동수단(PM),남,20세 이하,상해없음,보행자,여,65세 이상,경상,2021.xlsx
2021074272,2021-05,2021,5,송파구,야간,경상사고,차대차 - 충돌,차대차,충돌,안전운전불이행,건조,맑음,단일로 - 기타,단일로,기타,0,0,1,1,2,2,0,Y,N,가해,개인형이동수단(PM),남,20세 이하,부상신고,원동기,남,41-50세,경상,2021.xlsx
2021078238,2021-05,2021,5,송파구,주간,경상사고,차대차 - 기타,차대차,기타,안전운전불이행,건조,맑음,교차로 - 교차로안,교차로,교차로안,0,0,1,0,1,1,0,N,Y,피해,이륜,남,21-30세,상해없음,개인형이동수단(PM),여,41-50세,경상,2021.xlsx
2021070348,2021-05,2021,5,양천구,주간,중상사고,차대차 - 기타,차대차,기타,안전운전불이행,건조,맑음,단일로 - 기타,단일로,기타,0,1,0,0,1,1,1,N,Y,피해,승용,남,61-64세,상해없음,개인형이동수단(PM),남,41-50세,중상,2021.xlsx
2021068297,2021-05,2021,5,영등포구,주간,경상사고,차대사람 - 기타,차대사람,기타,기타,건조,맑음,단일로 - 기타,단일로,기타,0,0,1,0,1,1,0,Y,N,가해,개인형이동수단(PM),여,21-30세,상해없음,보행자,여,31-40세,경상,2021.xlsx
2021074892,2021-05,2021,5,용산구,주간,중상사고,차대차 - 충돌,차대차,충돌,교차로운행방법위반,젖음/습기,흐림,교차로 - 교차로안,교차로,교차로안,0,1,0,0,1,1,1,N,Y,피해,승용,남,31-40세,상해없음,개인형이동수단(PM),여,13-20세,중상,2021.xlsx
2021068371,2021-05,2021,5,은평구,주간,경상사고,차대사람 - 기타,차대사람,기타,안전운전불이행,건조,맑음,교차로 - 교차로부근,교차로,교차로부근,0,0,1,0,1,1,0,Y,N,가해,개인형이동수단(PM),남,41-50세,상해없음,보행자,여,65세 이상,경상,2021.xlsx
2021075158,2021-05,2021,5,은평구,주간,경상사고,차대차 - 기타,차대차,기타,안전운전불이행,건조,맑음,교차로 - 교차로안,교차로,교차로안,0,0,1,0,1,1,0,Y,N,가해,개인형이동수단(PM),남,65세 이상,경상,승용,남,31-40세,상해없음,2021.xlsx
2021076628,2021-05,2021,5,은평구,주간,부상신고사고,차대차 - 충돌,차대차,충돌,중앙선침범,건조,맑음,교차로 - 교차로부근,교차로,교차로부근,0,0,0,1,1,1,0,Y,N,가해,개인형이동수단(PM),남,65세 이상,부상신고,승합,남,41-50세,상해없음,2021.xlsx
2021064555,2021-05,2021,5,중구,주간,중상사고,차대차 - 기타,차대차,기타,안전운전불이행,건조,맑음,기타 - 기타,기타,기타,0,1,0,0,1,1,1,N,Y,피해,원동기,남,65세 이상,상해없음,개인형이동수단(PM),남,21-30세,중상,2021.xlsx
2021076304,2021-05,2021,5,중구,야간,부상신고사고,차대차 - 충돌,차대차,충돌,안전운전불이행,건조,흐림,교차로 - 교차로부근,교차로,교차로부근,0,0,0,2,2,2,0,Y,N,가해,개인형이동수단(PM),남,21-30세,부상신고,화물,여,65세 이상,상해없음,2021.xlsx
2021064077,2021-05,2021,5,중랑구,주간,중상사고,차대차 - 기타,차대차,기타,안전운전불이행,건조,맑음,교차로 - 교차로부근,교차로,교차로부근,0,1,0,0,1,1,1,N,Y,피해,승용,남,61-64세,상해없음,개인형이동수단(PM),여,51-60세,중상,2021.xlsx
2021070158,2021-05,2021,5,중랑구,야간,부상신고사고,차대차 - 충돌,차대차,충돌,안전운전불이행,건조,맑음,단일로 - 기타,단일로,기타,0,0,0,1,1,1,0,Y,N,가해,개인형이동수단(PM),남,21-30세,부상신고,승용,남,31-40세,상해없음,2021.xlsx
2021070362,2021-05,2021,5,중랑구,주간,경상사고,차대차 - 기타,차대차,기타,교차로운행방법위반,건조,맑음,교차로 - 교차로안,교차로,교차로안,0,0,1,0,1,1,0,N,Y,피해,승용,남,41-50세,상해없음,개인형이동수단(PM),남,31-40세,경상,2021.xlsx
2021080398,2021-05,2021,5,중랑구,주간,경상사고,차대차 - 충돌,차대차,충돌,기타,젖음/습기,흐림,기타 - 기타,기타,기타,0,0,1,0,1,1,0,Y,N,가해,개인형이동수단(PM),남,21-30세,상해없음,자전거,남,41-50세,경상,2021.xlsx
2021082092,2021-06,2021,6,강남구,주간,경상사고,차대차 - 기타,차대차,기타,안전운전불이행,건조,맑음,단일로 - 기타,단일로,기타,0,0,1,0,1,1,0,N,Y,피해,승용,여,31-40세,상해없음,개인형이동수단(PM),여,21-30세,경상,2021.xlsx
2021082145,2021-06,2021,6,강남구,주간,경상사고,차대차 - 충돌,차대차,충돌,안전운전불이행,건조,맑음,단일로 - 기타,단일로,기타,0,0,1,0,1,1,0,Y,N,가해,개인형이동수단(PM),남,51-60세,경상,승용,남,51-60세,상해없음,2021.xlsx
2021082955,2021-06,2021,6,강남구,주간,중상사고,차대사람 - 횡단중,차대사람,횡단중,안전운전불이행,기타,맑음,단일로 - 기타,단일로,기타,0,1,0,0,1,1,1,Y,N,가해,개인형이동수단(PM),남,20세 이하,상해없음,보행자,여,31-40세,중상,2021.xlsx
2021085227,2021-06,2021,6,강남구,주간,부상신고사고,차대차 - 충돌,차대차,충돌,안전운전불이행,기타,맑음,단일로 - 기타,단일로,기타,0,0,0,1,1,1,0,N,Y,피해,승용,남,61-64세,상해없음,개인형이동수단(PM),여,21-30세,부상신고,2021.xlsx
2021086045,2021-06,2021,6,강남구,야간,경상사고,차대사람 - 기타,차대사람,기타,안전운전불이행,건조,맑음,단일로 - 기타,단일로,기타,0,0,1,0,1,1,0,Y,N,가해,개인형이동수단(PM),남,21-30세,상해없음,보행자,남,31-40세,경상,2021.xlsx
2021087083,2021-06,2021,6,강남구,주간,경상사고,차대사람 - 보도통행중,차대사람,보도통행중,기타,건조,맑음,기타 - 기타,기타,기타,0,0,1,0,1,1,0,Y,N,가해,개인형이동수단(PM),여,31-40세,상해없음,보행자,여,21-30세,경상,2021.xlsx
2021090090,2021-06,2021,6,강남구,야간,경상사고,차대사람 - 기타,차대사람,기타,안전운전불이행,건조,맑음,단일로 - 기타,단일로,기타,0,0,1,0,1,1,0,Y,N,가해,개인형이동수단(PM),남,31-40세,기타불명,보행자,남,31-40세,경상,2021.xlsx
2021092908,2021-06,2021,6,강남구,야간,중상사고,차량단독 - 기타,차량단독,기타,안전운전불이행,건조,맑음,단일로 - 기타,단일로,기타,0,1,0,0,1,1,1,Y,N,가해,개인형이동수단(PM),여,51-60세,중상,,,,,2021.xlsx
2021094152,2021-06,2021,6,강남구,주간,경상사고,차대차 - 충돌,차대차,충돌,안전운전불이행,건조,맑음,기타 - 기타,기타,기타,0,0,1,0,1,1,0,Y,N,가해,개인형이동수단(PM),남,21-30세,경상,승용,남,31-40세,상해없음,2021.xlsx
2021094686,2021-06,2021,6,강남구,야간,경상사고,차대차 - 충돌,차대차,충돌,안전운전불이행,건조,맑음,단일로 - 기타,단일로,기타,0,0,1,0,1,1,0,Y,N,가해,개인형이동수단(PM),남,41-50세,경상,승합,남,41-50세,상해없음,2021.xlsx
2021097094,2021-06,2021,6,강남구,야간,경상사고,차대사람 - 보도통행중,차대사람,보도통행중,안전운전불이행,건조,맑음,기타 - 기타,기타,기타,0,0,1,0,1,1,0,Y,N,가해,개인형이동수단(PM),여,31-40세,상해없음,보행자,여,41-50세,경상,2021.xlsx
2021098215,2021-06,2021,6,강남구,야간,중상사고,차대사람 - 기타,차대사람,기타,안전운전불이행,건조,맑음,단일로 - 기타,단일로,기타,0,1,0,0,1,1,1,Y,N,가해,개인형이동수단(PM),남,21-30세,상해없음,보행자,여,21-30세,중상,2021.xlsx
2021090091,2021-06,2021,6,강동구,야간,부상신고사고,차대차 - 기타,차대차,기타,안전운전불이행,건조,맑음,교차로 - 교차로안,교차로,교차로안,0,0,0,1,1,1,0,N,Y,피해,자전거,여,51-60세,기타불명,개인형이동수단(PM),남,31-40세,부상신고,2021.xlsx
2021092949,2021-06,2021,6,강북구,야간,경상사고,차대차 - 기타,차대차,기타,기타,건조,맑음,교차로 - 교차로안,교차로,교차로안,0,0,1,0,1,1,0,Y,N,가해,개인형이동수단(PM),여,20세 이하,상해없음,이륜,남,21-30세,경상,2021.xlsx
2021095946,2021-06,2021,6,강북구,야간,경상사고,차대차 - 기타,차대차,기타,기타,건조,맑음,교차로 - 교차로안,교차로,교차로안,0,0,1,0,1,1,0,Y,N,가해,개인형이동수단(PM),남,21-30세,경상,승용,남,41-50세,상해없음,2021.xlsx
2021092820,2021-06,2021,6,강서구,야간,경상사고,차대차 - 기타,차대차,기타,안전운전불이행,건조,맑음,단일로 - 기타,단일로,기타,0,0,1,0,1,1,0,N,Y,피해,승용,여,51-60세,상해없음,개인형이동수단(PM),남,21-30세,경상,2021.xlsx
2021095164,2021-06,2021,6,강서구,주간,경상사고,차대차 - 기타,차대차,기타,안전운전불이행,건조,맑음,교차로 - 교차로안,교차로,교차로안,0,0,1,0,1,1,0,N,Y,피해,승용,여,31-40세,상해없음,개인형이동수단(PM),남,31-40세,경상,2021.xlsx
2021084864,2021-06,2021,6,관악구,야간,부상신고사고,차대사람 - 보도통행중,차대사람,보도통행중,기타,건조,맑음,기타 - 기타,기타,기타,0,0,0,1,1,1,0,Y,N,가해,개인형이동수단(PM),남,21-30세,상해없음,보행자,남,21-30세,부상신고,2021.xlsx
2021088069,2021-06,2021,6,관악구,주간,중상사고,차대사람 - 기타,차대사람,기타,안전운전불이행,건조,맑음,단일로 - 기타,단일로,기타,0,1,0,0,1,1,1,Y,N,가해,개인형이동수단(PM),남,21-30세,상해없음,보행자,여,65세 이상,중상,2021.xlsx
2021094500,2021-06,2021,6,관악구,주간,경상사고,차대차 - 기타,차대차,기타,신호위반,건조,맑음,교차로 - 교차로부근,교차로,교차로부근,0,0,1,0,1,1,0,N,Y,피해,승용,여,21-30세,기타불명,개인형이동수단(PM),여,21-30세,경상,2021.xlsx
2021095025,2021-06,2021,6,관악구,주간,중상사고,차대차 - 기타,차대차,기타,안전운전불이행,건조,맑음,단일로 - 기타,단일로,기타,0,1,0,0,1,1,1,Y,N,가해,개인형이동수단(PM),남,41-50세,상해없음,이륜,남,41-50세,중상,2021.xlsx
2021095068,2021-06,2021,6,관악구,주간,경상사고,차대차 - 충돌,차대차,충돌,안전운전불이행,건조,맑음,교차로 - 교차로안,교차로,교차로안,0,0,1,0,1,1,0,N,Y,피해,승용,여,51-60세,상해없음,개인형이동수단(PM),남,13-20세,경상,2021.xlsx
2021095709,2021-06,2021,6,관악구,주간,경상사고,차대차 - 기타,차대차,기타,안전운전불이행,건조,맑음,단일로 - 기타,단일로,기타,0,0,1,0,1,1,0,N,Y,피해,이륜,남,21-30세,상해없음,개인형이동수단(PM),남,31-40세,경상,2021.xlsx
2021091666,2021-06,2021,6,광진구,주간,경상사고,차대차 - 충돌,차대차,충돌,안전운전불이행,건조,맑음,기타 - 기타,기타,기타,0,0,2,0,2,2,0,Y,N,가해,개인형이동수단(PM),여,31-40세,상해없음,자전거,남,51-60세,경상,2021.xlsx
2021095024,2021-06,2021,6,금천구,주간,경상사고,차대차 - 기타,차대차,기타,안전운전불이행,건조,맑음,교차로 - 교차로안,교차로,교차로안,0,0,1,0,1,1,0,N,Y,피해,승용,남,65세 이상,상해없음,개인형이동수단(PM),남,31-40세,경상,2021.xlsx
2021095977,2021-06,2021,6,금천구,야간,부상신고사고,차대차 - 기타,차대차,기타,안전운전불이행,건조,맑음,단일로 - 기타,단일로,기타,0,0,0,1,1,1,0,Y,N,가해,개인형이동수단(PM),여,31-40세,부상신고,자전거,남,13-20세,상해없음,2021.xlsx
2021083299,2021-06,2021,6,노원구,야간,경상사고,차대차 - 기타,차대차,기타,안전운전불이행,건조,맑음,교차로 - 교차로안,교차로,교차로안,0,0,2,0,2,2,0,Y,N,가해,개인형이동수단(PM),남,20세 이하,상해없음,승용,남,51-60세,경상,2021.xlsx
2021088551,2021-06,2021,6,노원구,주간,경상사고,차대사람 - 기타,차대사람,기타,기타,건조,맑음,단일로 - 기타,단일로,기타,0,0,1,0,1,1,0,Y,N,가해,개인형이동수단(PM),남,21-30세,상해없음,보행자,남,31-40세,경상,2021.xlsx
2021088181,2021-06,2021,6,동대문구,주간,경상사고,차대차 - 기타,차대차,기타,기타,건조,맑음,교차로 - 교차로안,교차로,교차로안,0,0,1,0,1,1,0,Y,N,가해,개인형이동수단(PM),남,41-50세,경상,승용,여,41-50세,상해없음,2021.xlsx
2021088369,2021-06,2021,6,동대문구,야간,경상사고,차량단독 - 기타,차량단독,기타,안전운전불이행,건조,흐림,단일로 - 기타,단일로,기타,0,0,1,0,1,1,0,Y,N,가해,개인형이동수단(PM),남,41-50세,경상,,,,,2021.xlsx
2021089721,2021-06,2021,6,동대문구,주간,부상신고사고,차대차 - 기타,차대차,기타,안전운전불이행,건조,맑음,기타 - 기타,기타,기타,0,0,0,1,1,1,0,N,Y,피해,기타불명,기타불명,기타불명,기타불명,개인형이동수단(PM),남,65세 이상,부상신고,2021.xlsx
2021097738,2021-06,2021,6,동대문구,야간,중상사고,차대차 - 기타,차대차,기타,신호위반,건조,맑음,교차로 - 교차로안,교차로,교차로안,0,1,0,0,1,1,1,N,Y,피해,승용,남,51-60세,상해없음,개인형이동수단(PM),여,51-60세,중상,2021.xlsx
2021093578,2021-06,2021,6,동작구,야간,경상사고,차대사람 - 기타,차대사람,기타,안전운전불이행,건조,맑음,단일로 - 기타,단일로,기타,0,0,1,1,2,2,0,Y,N,가해,개인형이동수단(PM),남,21-30세,부상신고,보행자,남,21-30세,경상,2021.xlsx
2021097941,2021-06,2021,6,동작구,주간,경상사고,차대사람 - 기타,차대사람,기타,안전운전불이행,건조,맑음,단일로 - 기타,단일로,기타,0,0,1,0,1,1,0,Y,N,가해,개인형이동수단(PM),여,21-30세,상해없음,보행자,남,31-40세,경상,2021.xlsx
2021086065,2021-06,2021,6,마포구,야간,중상사고,차대차 - 충돌,차대차,충돌,안전운전불이행,건조,맑음,교차로 - 교차로부근,교차로,교차로부근,0,1,0,0,1,1,1,Y,N,가해,개인형이동수단(PM),남,31-40세,상해없음,이륜,남,41-50세,중상,2021.xlsx
2021087851,2021-06,2021,6,마포구,야간,중상사고,차대차 - 기타,차대차,기타,안전운전불이행,건조,맑음,교차로 - 교차로부근,교차로,교차로부근,0,1,0,0,1,1,1,N,Y,피해,승합,남,51-60세,상해없음,개인형이동수단(PM),남,41-50세,중상,2021.xlsx
2021091961,2021-06,2021,6,마포구,주간,중상사고,차대차 - 충돌,차대차,충돌,안전운전불이행,건조,맑음,단일로 - 기타,단일로,기타,0,1,0,0,1,1,1,N,Y,피해,자전거,남,41-50세,기타불명,개인형이동수단(PM),남,65세 이상,중상,2021.xlsx
2021093137,2021-06,2021,6,마포구,주간,중상사고,차대사람 - 보도통행중,차대사람,보도통행중,신호위반,건조,맑음,교차로 - 교차로부근,교차로,교차로부근,0,1,0,0,1,1,1,Y,N,가해,개인형이동수단(PM),남,21-30세,상해없음,보행자,여,41-50세,중상,2021.xlsx
2021084791,2021-06,2021,6,서초구,야간,경상사고,차대사람 - 횡단중,차대사람,횡단중,기타,건조,맑음,단일로 - 기타,단일로,기타,0,0,1,0,1,1,0,Y,N,가해,개인형이동수단(PM),남,20세 이하,상해없음,보행자,여,31-40세,경상,2021.xlsx
2021089856,2021-06,2021,6,서초구,주간,부상신고사고,차대차 - 기타,차대차,기타,안전운전불이행,건조,맑음,단일로 - 기타,단일로,기타,0,0,0,1,1,1,0,Y,N,가해,개인형이동수단(PM),남,20세 이하,부상신고,승용,남,31-40세,상해없음,2021.xlsx
2021096489,2021-06,2021,6,서초구,야간,경상사고,차대차 - 기타,차대차,기타,안전운전불이행,젖음/습기,흐림,기타 - 기타,기타,기타,0,0,1,0,1,1,0,Y,N,가해,개인형이동수단(PM),남,21-30세,경상,승용,여,31-40세,상해없음,2021.xlsx
2021081506,2021-06,2021,6,성동구,주간,경상사고,차대차 - 충돌,차대차,충돌,안전운전불이행,건조,맑음,단일로 - 기타,단일로,기타,0,0,1,0,1,1,0,Y,N,가해,개인형이동수단(PM),여,21-30세,상해없음,자전거,여,31-40세,경상,2021.xlsx
2021084506,2021-06,2021,6,성동구,주간,경상사고,차대차 - 충돌,차대차,충돌,중앙선침범,건조,맑음,단일로 - 기타,단일로,기타,0,0,1,0,1,1,0,Y,N,가해,개인형이동수단(PM),남,31-40세,상해없음,이륜,남,41-50세,경상,2021.xlsx
2021085376,2021-06,2021,6,성동구,야간,경상사고,차대차 - 충돌,차대차,충돌,안전운전불이행,건조,맑음,단일로 - 기타,단일로,기타,0,0,1,0,1,1,0,N,Y,피해,자전거,남,51-60세,경상,개인형이동수단(PM),남,21-30세,상해없음,2021.xlsx
2021085527,2021-06,2021,6,성동구,주간,중상사고,차대사람 - 보도통행중,차대사람,보도통행중,기타,건조,맑음,단일로 - 기타,단일로,기타,0,1,0,0,1,1,1,Y,N,가해,개인형이동수단(PM),여,21-30세,상해없음,보행자,여,41-50세,중상,2021.xlsx
2021096009,2021-06,2021,6,성동구,야간,경상사고,차대차 - 충돌,차대차,충돌,신호위반,건조,맑음,교차로 - 교차로안,교차로,교차로안,0,0,1,0,1,1,0,Y,N,가해,개인형이동수단(PM),남,21-30세,상해없음,승용,남,61-64세,경상,2021.xlsx
2021083042,2021-06,2021,6,송파구,주간,중상사고,차대차 - 추돌,차대차,추돌,안전운전불이행,건조,맑음,교차로 - 교차로안,교차로,교차로안,0,1,0,0,1,1,1,Y,N,가해,개인형이동수단(PM),남,31-40세,중상,승용,남,65세 이상,상해없음,2021.xlsx
2021083720,2021-06,2021,6,송파구,주간,경상사고,차대사람 - 보도통행중,차대사람,보도통행중,기타,건조,맑음,단일로 - 기타,단일로,기타,0,0,1,0,1,1,0,Y,N,가해,개인형이동수단(PM),여,20세 이하,상해없음,보행자,남,21-30세,경상,2021.xlsx
2021087133,2021-06,2021,6,송파구,야간,경상사고,차대사람 - 기타,차대사람,기타,안전운전불이행,건조,맑음,단일로 - 기타,단일로,기타,0,0,1,0,1,1,0,Y,N,가해,개인형이동수단(PM),남,20세 이하,상해없음,보행자,여,51-60세,경상,2021.xlsx
2021087308,2021-06,2021,6,송파구,야간,부상신고사고,차량단독 - 기타,차량단독,기타,안전운전불이행,건조,맑음,단일로 - 기타,단일로,기타,0,0,0,1,1,1,0,Y,N,가해,개인형이동수단(PM),남,31-40세,부상신고,,,,,2021.xlsx
2021089401,2021-06,2021,6,송파구,야간,부상신고사고,차대차 - 충돌,차대차,충돌,안전운전불이행,건조,맑음,단일로 - 기타,단일로,기타,0,0,0,1,1,1,0,N,Y,피해,승용,남,31-40세,상해없음,개인형이동수단(PM),남,41-50세,부상신고,2021.xlsx
2021093966,2021-06,2021,6,송파구,야간,경상사고,차대차 - 충돌,차대차,충돌,안전운전불이행,건조,맑음,교차로 - 교차로안,교차로,교차로안,0,0,1,0,1,1,0,Y,N,가해,개인형이동수단(PM),남,21-30세,경상,승용,남,51-60세,상해없음,2021.xlsx
2021096225,2021-06,2021,6,송파구,주간,중상사고,차대차 - 기타,차대차,기타,안전운전불이행,건조,맑음,단일로 - 기타,단일로,기타,0,1,0,0,1,1,1,Y,N,가해,개인형이동수단(PM),여,21-30세,중상,승용,남,31-40세,상해없음,2021.xlsx
2021096774,2021-06,2021,6,영등포구,주간,경상사고,차대차 - 기타,차대차,기타,안전거리미확보,건조,맑음,교차로 - 교차로부근,교차로,교차로부근,0,0,1,0,1,1,0,N,Y,피해,승용,남,41-50세,상해없음,개인형이동수단(PM),남,51-60세,경상,2021.xlsx
2021097753,2021-06,2021,6,영등포구,야간,중상사고,차대차 - 충돌,차대차,충돌,중앙선침범,건조,맑음,교차로 - 교차로부근,교차로,교차로부근,0,2,0,0,2,2,2,Y,N,가해,개인형이동수단(PM),남,31-40세,중상,이륜,남,41-50세,중상,2021.xlsx
2021096058,2021-06,2021,6,용산구,야간,경상사고,차대사람 - 보도통행중,차대사람,보도통행중,안전운전불이행,건조,맑음,기타 - 기타,기타,기타,0,0,1,0,1,1,0,Y,N,가해,개인형이동수단(PM),남,21-30세,상해없음,보행자,여,21-30세,경상,2021.xlsx
2021083242,2021-06,2021,6,은평구,야간,중상사고,차대사람 - 횡단중,차대사람,횡단중,신호위반,기타,맑음,교차로 - 교차로안,교차로,교차로안,0,1,0,0,1,1,1,Y,N,가해,개인형이동수단(PM),남,41-50세,상해없음,보행자,여,51-60세,중상,2021.xlsx
2021087763,2021-06,2021,6,은평구,야간,부상신고사고,차대차 - 충돌,차대차,충돌,기타,건조,맑음,단일로 - 기타,단일로,기타,0,0,0,1,1,1,0,N,Y,피해,승용,남,21-30세,상해없음,개인형이동수단(PM),남,41-50세,부상신고,2021.xlsx
2021098316,2021-06,2021,6,은평구,야간,중상사고,차대차 - 충돌,차대차,충돌,신호위반,건조,맑음,교차로 - 교차로횡단보도내,교차로,교차로횡단보도내,0,1,0,0,1,1,1,Y,N,가해,개인형이동수단(PM),남,20세 이하,상해없음,승용,남,51-60세,상해없음,2021.xlsx
2021089850,2021-06,2021,6,종로구,주간,경상사고,차대차 - 추돌,차대차,추돌,안전운전불이행,건조,맑음,교차로 - 교차로안,교차로,교차로안,0,0,1,0,1,1,0,N,Y,피해,승용,여,65세 이상,상해없음,개인형이동수단(PM),여,21-30세,경상,2021.xlsx
2021085064,2021-06,2021,6,중랑구,주간,부상신고사고,차대사람 - 기타,차대사람,기타,기타,건조,맑음,기타 - 기타,기타,기타,0,0,0,1,1,1,0,Y,N,가해,개인형이동수단(PM),남,65세 이상,상해없음,보행자,남,65세 이상,부상신고,2021.xlsx
2021087376,2021-06,2021,6,중랑구,주간,경상사고,차대차 - 기타,차대차,기타,안전운전불이행,건조,맑음,단일로 - 기타,단일로,기타,0,0,1,0,1,1,0,N,Y,피해,화물,남,61-64세,상해없음,개인형이동수단(PM),남,41-50세,경상,2021.xlsx
2021088812,2021-06,2021,6,중랑구,야간,경상사고,차대차 - 기타,차대차,기타,안전운전불이행,건조,맑음,단일로 - 기타,단일로,기타,0,0,1,1,2,2,0,Y,N,가해,개인형이동수단(PM),남,21-30세,부상신고,자전거,여,51-60세,경상,2021.xlsx
2021097136,2021-06,2021,6,중랑구,야간,중상사고,차대차 - 충돌,차대차,충돌,안전운전불이행,건조,맑음,교차로 - 교차로안,교차로,교차로안,0,1,0,0,1,1,1,N,Y,피해,승용,남,31-40세,상해없음,개인형이동수단(PM),남,31-40세,중상,2021.xlsx
2021098451,2021-07,2021,7,강남구,주간,경상사고,차대차 - 기타,차대차,기타,교차로운행방법위반,건조,맑음,교차로 - 교차로안,교차로,교차로안,0,0,1,1,2,2,0,N,Y,피해,승용,남,65세 이상,부상신고,개인형이동수단(PM),여,21-30세,경상,2021.xlsx
2021099110,2021-07,2021,7,강남구,주간,경상사고,차대차 - 충돌,차대차,충돌,중앙선침범,기타,맑음,단일로 - 기타,단일로,기타,0,0,1,0,1,1,0,Y,N,가해,개인형이동수단(PM),남,21-30세,기타불명,화물,남,51-60세,경상,2021.xlsx
2021099268,2021-07,2021,7,강남구,주간,중상사고,차대차 - 기타,차대차,기타,기타,건조,맑음,교차로 - 교차로안,교차로,교차로안,0,1,0,1,2,2,1,Y,N,가해,개인형이동수단(PM),남,21-30세,부상신고,승용,여,61-64세,중상,2021.xlsx
2021101915,2021-07,2021,7,강남구,야간,경상사고,차대사람 - 기타,차대사람,기타,기타,건조,맑음,기타 - 기타,기타,기타,0,0,1,0,1,1,0,Y,N,가해,개인형이동수단(PM),여,21-30세,기타불명,보행자,여,31-40세,경상,2021.xlsx
2021104087,2021-07,2021,7,강남구,주간,경상사고,차대차 - 추돌,차대차,추돌,안전거리미확보,건조,맑음,단일로 - 기타,단일로,기타,0,0,2,0,2,2,0,N,Y,피해,자전거,남,41-50세,경상,개인형이동수단(PM),여,31-40세,경상,2021.xlsx
2021104510,2021-07,2021,7,강남구,주간,경상사고,차대사람 - 기타,차대사람,기타,기타,젖음/습기,기타,기타 - 기타,기타,기타,0,0,1,0,1,1,0,Y,N,가해,개인형이동수단(PM),남,20세 이하,상해없음,보행자,남,21-30세,경상,2021.xlsx
2021104738,2021-07,2021,7,강남구,야간,중상사고,차대차 - 기타,차대차,기타,안전운전불이행,건조,맑음,단일로 - 기타,단일로,기타,0,1,0,0,1,1,1,Y,N,가해,개인형이동수단(PM),여,41-50세,중상,승용,남,41-50세,상해없음,2021.xlsx
2021105626,2021-07,2021,7,강남구,주간,중상사고,차대차 - 충돌,차대차,충돌,신호위반,건조,맑음,단일로 - 기타,단일로,기타,0,1,0,0,1,1,1,N,Y,피해,승용,남,31-40세,상해없음,개인형이동수단(PM),남,61-64세,중상,2021.xlsx
2021107514,2021-07,2021,7,강남구,주간,경상사고,차대차 - 기타,차대차,기타,안전운전불이행,건조,맑음,교차로 - 교차로부근,교차로,교차로부근,0,0,1,0,1,1,0,N,Y,피해,승용,남,65세 이상,상해없음,개인형이동수단(PM),남,21-30세,경상,2021.xlsx
2021108199,2021-07,2021,7,강남구,주간,경상사고,차대차 - 기타,차대차,기타,안전운전불이행,건조,맑음,단일로 - 기타,단일로,기타,0,0,1,0,1,1,0,Y,N,가해,개인형이동수단(PM),남,21-30세,상해없음,이륜,남,31-40세,경상,2021.xlsx
2021111128,2021-07,2021,7,강남구,야간,경상사고,차대차 - 기타,차대차,기타,신호위반,건조,맑음,교차로 - 교차로안,교차로,교차로안,0,0,1,0,1,1,0,Y,N,가해,개인형이동수단(PM),남,21-30세,상해없음,이륜,남,41-50세,경상,2021.xlsx
2021112208,2021-07,2021,7,강남구,주간,경상사고,차대차 - 기타,차대차,기타,안전운전불이행,건조,맑음,기타 - 기타,기타,기타,0,0,1,0,1,1,0,Y,N,가해,개인형이동수단(PM),여,31-40세,경상,이륜,남,31-40세,상해없음,2021.xlsx
2021113499,2021-07,2021,7,강남구,야간,경상사고,차대차 - 기타,차대차,기타,안전운전불이행,건조,기타,교차로 - 교차로횡단보도내,교차로,교차로횡단보도내,0,0,1,0,1,1,0,Y,N,가해,개인형이동수단(PM),남,21-30세,경상,승용,남,65세 이상,상해없음,2021.xlsx
2021113836,2021-07,2021,7,강남구,주간,부상신고사고,차대차 - 기타,차대차,기타,안전운전불이행,건조,맑음,단일로 - 기타,단일로,기타,0,0,0,1,1,1,0,Y,N,가해,개인형이동수단(PM),남,41-50세,부상신고,승용,남,41-50세,상해없음,2021.xlsx
2021115327,2021-07,2021,7,강남구,주간,경상사고,차대사람 - 보도통행중,차대사람,보도통행중,기타,건조,맑음,단일로 - 기타,단일로,기타,0,0,1,0,1,1,0,Y,N,가해,개인형이동수단(PM),남,31-40세,기타불명,보행자,여,21-30세,경상,2021.xlsx
2021115650,2021-07,2021,7,강남구,야간,경상사고,차대차 - 충돌,차대차,충돌,안전운전불이행,기타,맑음,교차로 - 교차로부근,교차로,교차로부근,0,0,2,0,2,2,0,Y,N,가해,개인형이동수단(PM),여,31-40세,경상,이륜,남,21-30세,경상,2021.xlsx
2021105901,2021-07,2021,7,강동구,야간,경상사고,차대사람 - 기타,차대사람,기타,안전운전불이행,건조,맑음,교차로 - 교차로안,교차로,교차로안,0,0,1,0,1,1,0,Y,N,가해,개인형이동수단(PM),남,41-50세,상해없음,보행자,남,51-60세,경상,2021.xlsx
2021110918,2021-07,2021,7,강동구,주간,중상사고,차대차 - 충돌,차대차,충돌,안전운전불이행,건조,맑음,교차로 - 교차로부근,교차로,교차로부근,0,1,0,0,1,1,1,N,Y,피해,화물,여,51-60세,상해없음,개인형이동수단(PM),여,31-40세,중상,2021.xlsx
2021107787,2021-07,2021,7,강북구,야간,경상사고,차대차 - 충돌,차대차,충돌,안전운전불이행,건조,맑음,단일로 - 기타,단일로,기타,0,0,1,0,1,1,0,N,Y,피해,이륜,남,21-30세,상해없음,개인형이동수단(PM),여,31-40세,경상,2021.xlsx
2021113473,2021-07,2021,7,강북구,야간,경상사고,차대사람 - 길가장자리구역통행중,차대사람,길가장자리구역통행중,안전운전불이행,건조,맑음,단일로 - 기타,단일로,기타,0,0,1,0,1,1,0,Y,N,가해,개인형이동수단(PM),남,21-30세,상해없음,보행자,여,65세 이상,경상,2021.xlsx
2021116301,2021-07,2021,7,강북구,야간,경상사고,차대사람 - 횡단중,차대사람,횡단중,중앙선침범,건조,맑음,단일로 - 기타,단일로,기타,0,0,1,0,1,1,0,Y,N,가해,개인형이동수단(PM),남,20세 이하,상해없음,보행자,여,21-30세,경상,2021.xlsx
2021098959,2021-07,2021,7,강서구,야간,중상사고,차대차 - 충돌,차대차,충돌,안전운전불이행,건조,맑음,교차로 - 교차로횡단보도내,교차로,교차로횡단보도내,0,1,0,0,1,1,1,Y,N,가해,개인형이동수단(PM),남,31-40세,상해없음,이륜,남,21-30세,중상,2021.xlsx
2021101944,2021-07,2021,7,강서구,야간,중상사고,차대차 - 충돌,차대차,충돌,안전운전불이행,건조,맑음,교차로 - 교차로안,교차로,교차로안,0,1,0,0,1,1,1,Y,N,가해,개인형이동수단(PM),남,21-30세,중상,화물,남,51-60세,상해없음,2021.xlsx
2021104563,2021-07,2021,7,강서구,주간,경상사고,차대차 - 기타,차대차,기타,안전운전불이행,건조,맑음,교차로 - 교차로안,교차로,교차로안,0,0,1,0,1,1,0,N,Y,피해,이륜,남,41-50세,경상,개인형이동수단(PM),여,31-40세,상해없음,2021.xlsx
2021107749,2021-07,2021,7,강서구,야간,경상사고,차대차 - 기타,차대차,기타,안전운전불이행,건조,맑음,단일로 - 기타,단일로,기타,0,0,1,0,1,1,0,N,Y,피해,승용,남,61-64세,상해없음,개인형이동수단(PM),남,21-30세,경상,2021.xlsx
2021115954,2021-07,2021,7,강서구,주간,부상신고사고,차대차 - 충돌,차대차,충돌,기타,건조,맑음,교차로 - 교차로안,교차로,교차로안,0,0,0,1,1,1,0,Y,N,가해,개인형이동수단(PM),남,21-30세,부상신고,승용,여,51-60세,상해없음,2021.xlsx
2021114365,2021-07,2021,7,관악구,주간,경상사고,차대차 - 충돌,차대차,충돌,중앙선침범,젖음/습기,비,단일로 - 기타,단일로,기타,0,0,1,0,1,1,0,Y,N,가해,개인형이동수단(PM),남,21-30세,경상,승용,남,41-50세,상해없음,2021.xlsx
2021114650,2021-07,2021,7,관악구,야간,경상사고,차대차 - 충돌,차대차,충돌,안전운전불이행,건조,맑음,교차로 - 교차로안,교차로,교차로안,0,0,1,0,1,1,0,Y,N,가해,개인형이동수단(PM),남,21-30세,경상,승용,남,51-60세,상해없음,2021.xlsx
2021101459,2021-07,2021,7,광진구,주간,경상사고,차대사람 - 보도통행중,차대사람,보도통행중,기타,건조,맑음,단일로 - 기타,단일로,기타,0,0,1,0,1,1,0,Y,N,가해,개인형이동수단(PM),남,21-30세,상해없음,보행자,남,21-30세,경상,2021.xlsx
2021106480,2021-07,2021,7,광진구,야간,중상사고,차대차 - 충돌,차대차,충돌,신호위반,건조,맑음,기타 - 기타,기타,기타,0,1,0,0,1,1,1,N,Y,피해,승용,여,31-40세,상해없음,개인형이동수단(PM),남,41-50세,중상,2021.xlsx
2021107560,2021-07,2021,7,광진구,주간,중상사고,차대차 - 충돌,차대차,충돌,기타,건조,맑음,교차로 - 교차로안,교차로,교차로안,0,1,0,0,1,1,1,N,Y,피해,이륜,남,21-30세,상해없음,개인형이동수단(PM),여,21-30세,중상,2021.xlsx
2021103619,2021-07,2021,7,구로구,야간,경상사고,차대차 - 기타,차대차,기타,중앙선침범,건조,맑음,교차로 - 교차로안,교차로,교차로안,0,0,1,0,1,1,0,Y,N,가해,개인형이동수단(PM),남,51-60세,경상,승용,남,21-30세,상해없음,2021.xlsx
2021099445,2021-07,2021,7,금천구,야간,경상사고,차대차 - 기타,차대차,기타,안전운전불이행,건조,맑음,단일로 - 기타,단일로,기타,0,0,1,0,1,1,0,N,Y,피해,승용,남,61-64세,상해없음,개인형이동수단(PM),남,12세 이하,경상,2021.xlsx
2021106600,2021-07,2021,7,노원구,야간,중상사고,차대차 - 기타,차대차,기타,교차로운행방법위반,건조,맑음,교차로 - 교차로안,교차로,교차로안,0,1,0,0,1,1,1,Y,N,가해,개인형이동수단(PM),여,21-30세,중상,승용,남,65세 이상,상해없음,2021.xlsx
2021107751,2021-07,2021,7,노원구,야간,경상사고,차대사람 - 기타,차대사람,기타,안전운전불이행,건조,맑음,단일로 - 기타,단일로,기타,0,0,1,0,1,1,0,Y,N,가해,개인형이동수단(PM),여,21-30세,기타불명,보행자,여,31-40세,경상,2021.xlsx
2021111704,2021-07,2021,7,노원구,야간,경상사고,차대차 - 기타,차대차,기타,안전운전불이행,건조,맑음,교차로 - 교차로부근,교차로,교차로부근,0,0,1,0,1,1,0,Y,N,가해,개인형이동수단(PM),남,21-30세,경상,승용,남,51-60세,상해없음,2021.xlsx
2021113480,2021-07,2021,7,노원구,야간,부상신고사고,차대차 - 충돌,차대차,충돌,기타,건조,맑음,교차로 - 교차로안,교차로,교차로안,0,0,0,1,1,1,0,Y,N,가해,개인형이동수단(PM),남,20세 이하,부상신고,승용,남,41-50세,상해없음,2021.xlsx
2021115870,2021-07,2021,7,노원구,야간,경상사고,차대차 - 충돌,차대차,충돌,신호위반,건조,맑음,교차로 - 교차로안,교차로,교차로안,0,0,1,0,1,1,0,Y,N,가해,개인형이동수단(PM),남,20세 이하,경상,승용,남,61-64세,상해없음,2021.xlsx
2021103337,2021-07,2021,7,동대문구,주간,중상사고,차대차 - 기타,차대차,기타,안전운전불이행,건조,맑음,교차로 - 교차로부근,교차로,교차로부근,0,1,0,0,1,1,1,N,Y,피해,이륜,남,21-30세,기타불명,개인형이동수단(PM),남,21-30세,중상,2021.xlsx
2021113121,2021-07,2021,7,동대문구,주간,경상사고,차대차 - 충돌,차대차,충돌,안전운전불이행,건조,맑음,단일로 - 기타,단일로,기타,0,0,1,0,1,1,0,Y,N,가해,개인형이동수단(PM),여,21-30세,경상,승용,남,51-60세,상해없음,2021.xlsx
2021114335,2021-07,2021,7,동대문구,주간,중상사고,차대차 - 충돌,차대차,충돌,안전운전불이행,건조,맑음,단일로 - 기타,단일로,기타,0,1,0,0,1,1,1,Y,N,가해,개인형이동수단(PM),남,31-40세,상해없음,자전거,남,65세 이상,중상,2021.xlsx
2021106127,2021-07,2021,7,동작구,주간,경상사고,차대차 - 충돌,차대차,충돌,안전운전불이행,건조,맑음,단일로 - 기타,단일로,기타,0,0,1,0,1,1,0,Y,N,가해,개인형이동수단(PM),남,21-30세,경상,승용,남,51-60세,상해없음,2021.xlsx
2021108328,2021-07,2021,7,동작구,야간,중상사고,차대차 - 충돌,차대차,충돌,안전운전불이행,건조,맑음,단일로 - 기타,단일로,기타,0,1,0,0,1,1,1,N,Y,피해,승용,남,65세 이상,상해없음,개인형이동수단(PM),남,21-30세,중상,2021.xlsx
2021102016,2021-07,2021,7,마포구,주간,경상사고,차대사람 - 보도통행중,차대사람,보도통행중,기타,건조,맑음,단일로 - 기타,단일로,기타,0,0,1,0,1,1,0,Y,N,가해,개인형이동수단(PM),남,20세 이하,상해없음,보행자,남,41-50세,경상,2021.xlsx
2021107667,2021-07,2021,7,마포구,야간,경상사고,차대차 - 기타,차대차,기타,안전운전불이행,젖음/습기,흐림,교차로 - 교차로안,교차로,교차로안,0,0,1,0,1,1,0,N,Y,피해,기타불명,기타불명,기타불명,기타불명,개인형이동수단(PM),남,65세 이상,경상,2021.xlsx
2021113162,2021-07,2021,7,마포구,주간,중상사고,차대차 - 충돌,차대차,충돌,신호위반,건조,맑음,교차로 - 교차로안,교차로,교차로안,0,2,0,0,2,2,2,N,Y,피해,이륜,남,20세 이하,중상,개인형이동수단(PM),남,51-60세,중상,2021.xlsx
2021113497,2021-07,2021,7,마포구,야간,경상사고,차량단독 - 기타,차량단독,기타,안전운전불이행,건조,맑음,단일로 - 기타,단일로,기타,0,0,1,0,1,1,0,Y,N,가해,개인형이동수단(PM),여,31-40세,경상,,,,,2021.xlsx
2021114747,2021-07,2021,7,서초구,주간,중상사고,차대사람 - 보도통행중,차대사람,보도통행중,기타,건조,맑음,단일로 - 기타,단일로,기타,0,1,0,0,1,1,1,Y,N,가해,개인형이동수단(PM),남,21-30세,상해없음,보행자,여,51-60세,중상,2021.xlsx
2021114704,2021-07,2021,7,성동구,야간,중상사고,차량단독 - 도로외이탈 - 추락,차량단독,도로외이탈,안전운전불이행,건조,맑음,단일로 - 기타,단일로,기타,0,1,0,0,1,1,1,Y,N,가해,개인형이동수단(PM),남,41-50세,중상,,,,,2021.xlsx
2021114919,2021-07,2021,7,성동구,주간,중상사고,차대차 - 충돌,차대차,충돌,안전운전불이행,건조,맑음,교차로 - 교차로횡단보도내,교차로,교차로횡단보도내,0,1,0,0,1,1,1,Y,N,가해,개인형이동수단(PM),여,21-30세,중상,승용,남,41-50세,상해없음,2021.xlsx
2021098978,2021-07,2021,7,송파구,야간,부상신고사고,차량단독 - 전도전복,차량단독,전도전복,안전운전불이행,건조,맑음,단일로 - 기타,단일로,기타,0,0,0,1,1,1,0,Y,N,가해,개인형이동수단(PM),남,31-40세,부상신고,,,,,2021.xlsx
2021102237,2021-07,2021,7,송파구,주간,경상사고,차대차 - 충돌,차대차,충돌,기타,건조,맑음,교차로 - 교차로안,교차로,교차로안,0,0,1,1,2,2,0,N,Y,피해,승용,남,31-40세,부상신고,개인형이동수단(PM),여,13-20세,경상,2021.xlsx
2021102738,2021-07,2021,7,송파구,주간,중상사고,차대차 - 충돌,차대차,충돌,신호위반,건조,맑음,교차로 - 교차로안,교차로,교차로안,0,1,0,0,1,1,1,N,Y,피해,승용,남,65세 이상,상해없음,개인형이동수단(PM),여,21-30세,중상,2021.xlsx
2021104599,2021-07,2021,7,송파구,주간,경상사고,차대차 - 기타,차대차,기타,안전운전불이행,건조,맑음,기타 - 기타,기타,기타,0,0,1,0,1,1,0,Y,N,가해,개인형이동수단(PM),남,31-40세,상해없음,자전거,여,41-50세,경상,2021.xlsx
2021107052,2021-07,2021,7,송파구,야간,부상신고사고,차대사람 - 기타,차대사람,기타,안전운전불이행,건조,맑음,교차로 - 교차로부근,교차로,교차로부근,0,0,0,1,1,1,0,Y,N,가해,개인형이동수단(PM),남,21-30세,상해없음,보행자,남,31-40세,부상신고,2021.xlsx
2021107340,2021-07,2021,7,송파구,주간,경상사고,차대차 - 기타,차대차,기타,기타,건조,맑음,교차로 - 교차로부근,교차로,교차로부근,0,0,1,0,1,1,0,Y,N,가해,개인형이동수단(PM),여,21-30세,경상,승용,남,61-64세,상해없음,2021.xlsx
2021110417,2021-07,2021,7,송파구,주간,경상사고,차대차 - 충돌,차대차,충돌,안전운전불이행,건조,맑음,교차로 - 교차로횡단보도내,교차로,교차로횡단보도내,0,0,1,0,1,1,0,Y,N,가해,개인형이동수단(PM),남,51-60세,경상,승용,여,41-50세,상해없음,2021.xlsx
2021111127,2021-07,2021,7,송파구,야간,경상사고,차대차 - 기타,차대차,기타,신호위반,건조,맑음,교차로 - 교차로횡단보도내,교차로,교차로횡단보도내,0,0,1,0,1,1,0,N,Y,피해,승합,남,51-60세,상해없음,개인형이동수단(PM),여,21-30세,경상,2021.xlsx
2021111388,2021-07,2021,7,송파구,주간,경상사고,차대사람 - 보도통행중,차대사람,보도통행중,안전운전불이행,건조,맑음,기타 - 기타,기타,기타,0,0,1,0,1,1,0,Y,N,가해,개인형이동수단(PM),여,51-60세,상해없음,보행자,남,65세 이상,경상,2021.xlsx
2021112960,2021-07,2021,7,송파구,주간,경상사고,차대차 - 기타,차대차,기타,중앙선침범,건조,맑음,교차로 - 교차로부근,교차로,교차로부근,0,0,1,0,1,1,0,N,Y,피해,승용,남,61-64세,상해없음,개인형이동수단(PM),여,31-40세,경상,2021.xlsx
2021114179,2021-07,2021,7,송파구,주간,중상사고,차대사람 - 기타,차대사람,기타,기타,건조,맑음,단일로 - 기타,단일로,기타,0,1,0,0,1,1,1,Y,N,가해,개인형이동수단(PM),남,41-50세,상해없음,보행자,여,41-50세,중상,2021.xlsx
2021114529,2021-07,2021,7,송파구,야간,중상사고,차대차 - 충돌,차대차,충돌,신호위반,건조,맑음,단일로 - 기타,단일로,기타,0,1,1,0,2,2,1,Y,N,가해,개인형이동수단(PM),남,31-40세,경상,자전거,여,51-60세,중상,2021.xlsx
2021115459,2021-07,2021,7,송파구,주간,경상사고,차대차 - 기타,차대차,기타,안전운전불이행,건조,맑음,기타 - 기타,기타,기타,0,0,1,0,1,1,0,Y,N,가해,개인형이동수단(PM),남,21-30세,경상,승용,여,51-60세,상해없음,2021.xlsx
2021102178,2021-07,2021,7,양천구,주간,경상사고,차대차 - 기타,차대차,기타,안전운전불이행,건조,맑음,기타 - 기타,기타,기타,0,0,1,0,1,1,0,N,Y,피해,기타불명,기타불명,기타불명,기타불명,개인형이동수단(PM),남,13-20세,경상,2021.xlsx
2021107671,2021-07,2021,7,양천구,야간,경상사고,차대차 - 충돌,차대차,충돌,중앙선침범,젖음/습기,비,단일로 - 기타,단일로,기타,0,0,1,0,1,1,0,N,Y,피해,이륜,남,41-50세,상해없음,개인형이동수단(PM),남,41-50세,경상,2021.xlsx
2021108845,2021-07,2021,7,양천구,야간,경상사고,차대차 - 충돌,차대차,충돌,안전운전불이행,젖음/습기,비,기타 - 기타,기타,기타,0,0,1,0,1,1,0,Y,N,가해,개인형이동수단(PM),남,21-30세,경상,승용,남,51-60세,상해없음,2021.xlsx
2021111286,2021-07,2021,7,영등포구,야간,중상사고,차대차 - 충돌,차대차,충돌,안전거리미확보,건조,맑음,단일로 - 기타,단일로,기타,0,1,0,0,1,1,1,Y,N,가해,개인형이동수단(PM),남,61-64세,중상,승용,남,13-20세,상해없음,2021.xlsx
2021099671,2021-07,2021,7,용산구,야간,경상사고,차대차 - 충돌,차대차,충돌,안전운전불이행,건조,맑음,단일로 - 기타,단일로,기타,0,0,1,0,1,1,0,Y,N,가해,개인형이동수단(PM),남,21-30세,기타불명,승용,남,21-30세,상해없음,2021.xlsx
2021102832,2021-07,2021,7,은평구,주간,중상사고,차대차 - 기타,차대차,기타,안전운전불이행,건조,흐림,교차로 - 교차로횡단보도내,교차로,교차로횡단보도내,0,1,0,0,1,1,1,N,Y,피해,승용,남,31-40세,상해없음,개인형이동수단(PM),남,41-50세,중상,2021.xlsx
2021115297,2021-07,2021,7,은평구,주간,경상사고,차대차 - 충돌,차대차,충돌,신호위반,건조,맑음,교차로 - 교차로횡단보도내,교차로,교차로횡단보도내,0,0,1,0,1,1,0,N,Y,피해,승용,남,61-64세,상해없음,개인형이동수단(PM),남,13-20세,경상,2021.xlsx
2021101566,2021-07,2021,7,중구,주간,경상사고,차대사람 - 보도통행중,차대사람,보도통행중,기타,건조,맑음,단일로 - 기타,단일로,기타,0,0,1,0,1,1,0,Y,N,가해,개인형이동수단(PM),여,31-40세,상해없음,보행자,여,31-40세,경상,2021.xlsx
2021107890,2021-07,2021,7,중랑구,주간,중상사고,차대차 - 기타,차대차,기타,안전운전불이행,건조,맑음,교차로 - 교차로안,교차로,교차로안,0,1,0,0,1,1,1,N,Y,피해,승용,남,61-64세,상해없음,개인형이동수단(PM),남,65세 이상,중상,2021.xlsx
2021114432,2021-07,2021,7,중랑구,주간,경상사고,차대차 - 충돌,차대차,충돌,안전운전불이행,건조,맑음,교차로 - 교차로안,교차로,교차로안,0,0,1,0,1,1,0,Y,N,가해,개인형이동수단(PM),남,20세 이하,경상,승용,남,65세 이상,상해없음,2021.xlsx
2021119589,2021-08,2021,8,강남구,야간,경상사고,차대사람 - 보도통행중,차대사람,보도통행중,기타,건조,맑음,기타 - 기타,기타,기타,0,0,1,0,1,1,0,Y,N,가해,개인형이동수단(PM),여,31-40세,기타불명,보행자,여,21-30세,경상,2021.xlsx
2021120013,2021-08,2021,8,강남구,야간,경상사고,차대차 - 충돌,차대차,충돌,기타,건조,맑음,교차로 - 교차로안,교차로,교차로안,0,0,1,0,1,1,0,Y,N,가해,개인형이동수단(PM),남,31-40세,경상,승용,남,21-30세,상해없음,2021.xlsx
2021120236,2021-08,2021,8,강남구,주간,부상신고사고,차량단독 - 기타,차량단독,기타,기타,건조,맑음,기타 - 기타,기타,기타,0,0,0,1,1,1,0,Y,N,가해,개인형이동수단(PM),남,21-30세,부상신고,,,,,2021.xlsx
2021120602,2021-08,2021,8,강남구,야간,경상사고,차대차 - 기타,차대차,기타,안전운전불이행,건조,기타,기타 - 기타,기타,기타,0,0,1,0,1,1,0,Y,N,가해,개인형이동수단(PM),기타불명,기타불명,기타불명,승용,남,51-60세,상해없음,2021.xlsx
2021121764,2021-08,2021,8,강남구,주간,경상사고,차대차 - 기타,차대차,기타,안전운전불이행,건조,맑음,단일로 - 기타,단일로,기타,0,0,1,0,1,1,0,N,Y,피해,승용,여,31-40세,상해없음,개인형이동수단(PM),여,41-50세,경상,2021.xlsx
2021123198,2021-08,2021,8,강남구,야간,경상사고,차대사람 - 보도통행중,차대사람,보도통행중,기타,건조,맑음,단일로 - 기타,단일로,기타,0,0,1,0,1,1,0,Y,N,가해,개인형이동수단(PM),여,31-40세,상해없음,보행자,여,21-30세,경상,2021.xlsx
2021124503,2021-08,2021,8,강남구,주간,경상사고,차대차 - 기타,차대차,기타,안전운전불이행,건조,맑음,단일로 - 기타,단일로,기타,0,0,1,0,1,1,0,N,Y,피해,승용,남,65세 이상,상해없음,개인형이동수단(PM),여,21-30세,경상,2021.xlsx
2021129065,2021-08,2021,8,강남구,주간,경상사고,차대차 - 기타,차대차,기타,기타,건조,맑음,교차로 - 교차로부근,교차로,교차로부근,0,0,2,0,2,2,0,N,Y,피해,승용,남,41-50세,경상,개인형이동수단(PM),여,21-30세,경상,2021.xlsx
2021118505,2021-08,2021,8,강동구,주간,경상사고,차대차 - 충돌,차대차,충돌,안전운전불이행,건조,맑음,기타 - 기타,기타,기타,0,0,1,0,1,1,0,Y,N,가해,개인형이동수단(PM),남,21-30세,경상,승용,여,13-20세,상해없음,2021.xlsx
2021129632,2021-08,2021,8,강동구,주간,경상사고,차대차 - 충돌,차대차,충돌,신호위반,건조,맑음,교차로 - 교차로횡단보도내,교차로,교차로횡단보도내,0,0,1,0,1,1,0,N,Y,피해,승용,남,21-30세,상해없음,개인형이동수단(PM),여,21-30세,경상,2021.xlsx
2021116640,2021-08,2021,8,강서구,야간,부상신고사고,차대차 - 충돌,차대차,충돌,안전운전불이행,건조,흐림,단일로 - 기타,단일로,기타,0,0,0,1,1,1,0,Y,N,가해,개인형이동수단(PM),남,51-60세,부상신고,승용,남,21-30세,상해없음,2021.xlsx
2021118908,2021-08,2021,8,강서구,야간,경상사고,차대차 - 충돌,차대차,충돌,안전운전불이행,건조,맑음,단일로 - 기타,단일로,기타,0,0,1,0,1,1,0,Y,N,가해,개인형이동수단(PM),기타불명,기타불명,기타불명,자전거,여,21-30세,경상,2021.xlsx
2021131822,2021-08,2021,8,광진구,주간,경상사고,차대사람 - 횡단중,차대사람,횡단중,보행자보호의무위반,건조,맑음,교차로 - 교차로횡단보도내,교차로,교차로횡단보도내,0,0,1,0,1,1,0,Y,N,가해,개인형이동수단(PM),남,20세 이하,상해없음,보행자,남,65세 이상,경상,2021.xlsx
2021132192,2021-08,2021,8,광진구,주간,중상사고,차대사람 - 차도통행중,차대사람,차도통행중,안전운전불이행,젖음/습기,비,단일로 - 기타,단일로,기타,0,1,0,0,1,1,1,Y,N,가해,개인형이동수단(PM),남,31-40세,상해없음,보행자,여,31-40세,중상,2021.xlsx
2021120484,2021-08,2021,8,금천구,야간,경상사고,차대사람 - 보도통행중,차대사람,보도통행중,기타,젖음/습기,비,기타 - 기타,기타,기타,0,0,1,0,1,1,0,Y,N,가해,개인형이동수단(PM),남,41-50세,상해없음,보행자,남,21-30세,경상,2021.xlsx
2021126986,2021-08,2021,8,노원구,야간,경상사고,차대차 - 충돌,차대차,충돌,안전운전불이행,젖음/습기,비,단일로 - 기타,단일로,기타,0,0,1,0,1,1,0,Y,N,가해,개인형이동수단(PM),남,20세 이하,상해없음,자전거,남,41-50세,경상,2021.xlsx
2021127955,2021-08,2021,8,노원구,주간,중상사고,차대차 - 충돌,차대차,충돌,안전운전불이행,건조,맑음,단일로 - 기타,단일로,기타,0,1,0,0,1,1,1,Y,N,가해,개인형이동수단(PM),남,31-40세,중상,승용,남,31-40세,상해없음,2021.xlsx
2021131188,2021-08,2021,8,노원구,야간,부상신고사고,차대차 - 기타,차대차,기타,안전운전불이행,건조,맑음,단일로 - 기타,단일로,기타,0,0,0,1,1,1,0,Y,N,가해,개인형이동수단(PM),남,21-30세,부상신고,승용,남,31-40세,기타불명,2021.xlsx
2021124980,2021-08,2021,8,도봉구,주간,경상사고,차대사람 - 횡단중,차대사람,횡단중,신호위반,기타,맑음,교차로 - 교차로횡단보도내,교차로,교차로횡단보도내,0,0,1,0,1,1,0,Y,N,가해,개인형이동수단(PM),여,51-60세,상해없음,보행자,여,61-64세,경상,2021.xlsx
2021125906,2021-08,2021,8,동대문구,주간,경상사고,차대사람 - 기타,차대사람,기타,기타,건조,맑음,단일로 - 기타,단일로,기타,0,0,1,0,1,1,0,Y,N,가해,개인형이동수단(PM),남,51-60세,상해없음,보행자,여,31-40세,경상,2021.xlsx
2021116423,2021-08,2021,8,동작구,주간,중상사고,차대차 - 충돌,차대차,충돌,기타,건조,맑음,교차로 - 교차로안,교차로,교차로안,0,2,1,0,3,3,2,Y,N,가해,개인형이동수단(PM),남,20세 이하,중상,승용,남,61-64세,경상,2021.xlsx
2021118946,2021-08,2021,8,동작구,야간,경상사고,차대차 - 기타,차대차,기타,안전운전불이행,건조,맑음,단일로 - 기타,단일로,기타,0,0,1,1,2,2,0,N,Y,피해,이륜,남,31-40세,부상신고,개인형이동수단(PM),남,31-40세,경상,2021.xlsx
2021119135,2021-08,2021,8,동작구,주간,경상사고,차대차 - 충돌,차대차,충돌,안전운전불이행,건조,맑음,교차로 - 교차로안,교차로,교차로안,0,0,1,0,1,1,0,Y,N,가해,개인형이동수단(PM),남,21-30세,상해없음,승용,여,31-40세,경상,2021.xlsx
2021121029,2021-08,2021,8,동작구,야간,경상사고,차대사람 - 기타,차대사람,기타,안전운전불이행,건조,맑음,단일로 - 기타,단일로,기타,0,0,1,0,1,1,0,Y,N,가해,개인형이동수단(PM),남,31-40세,상해없음,보행자,여,41-50세,경상,2021.xlsx
2021123894,2021-08,2021,8,동작구,주간,부상신고사고,차대차 - 기타,차대차,기타,안전운전불이행,건조,맑음,교차로 - 교차로안,교차로,교차로안,0,0,0,1,1,1,0,Y,N,가해,개인형이동수단(PM),남,21-30세,부상신고,승용,남,41-50세,상해없음,2021.xlsx
2021129246,2021-08,2021,8,동작구,주간,경상사고,차대차 - 충돌,차대차,충돌,기타,건조,맑음,교차로 - 교차로부근,교차로,교차로부근,0,0,1,0,1,1,0,Y,N,가해,개인형이동수단(PM),남,21-30세,경상,화물,남,65세 이상,상해없음,2021.xlsx
2021119134,2021-08,2021,8,마포구,주간,중상사고,차대사람 - 기타,차대사람,기타,안전운전불이행,건조,맑음,단일로 - 기타,단일로,기타,0,1,0,0,1,1,1,Y,N,가해,개인형이동수단(PM),여,21-30세,상해없음,보행자,여,65세 이상,중상,2021.xlsx
2021119611,2021-08,2021,8,마포구,야간,중상사고,차대사람 - 기타,차대사람,기타,안전운전불이행,건조,맑음,기타 - 기타,기타,기타,0,1,0,0,1,1,1,Y,N,가해,개인형이동수단(PM),여,21-30세,상해없음,보행자,여,13-20세,중상,2021.xlsx
2021123808,2021-08,2021,8,마포구,야간,중상사고,차대사람 - 기타,차대사람,기타,신호위반,건조,맑음,단일로 - 기타,단일로,기타,0,1,0,0,1,1,1,Y,N,가해,개인형이동수단(PM),남,21-30세,상해없음,보행자,여,31-40세,중상,2021.xlsx
2021130541,2021-08,2021,8,서대문구,야간,경상사고,차대사람 - 보도통행중,차대사람,보도통행중,기타,건조,맑음,단일로 - 기타,단일로,기타,0,0,1,0,1,1,0,Y,N,가해,개인형이동수단(PM),남,20세 이하,상해없음,보행자,남,51-60세,경상,2021.xlsx
2021120143,2021-08,2021,8,서초구,야간,부상신고사고,차대차 - 기타,차대차,기타,안전운전불이행,건조,맑음,기타 - 기타,기타,기타,0,0,0,1,1,1,0,N,Y,피해,기타불명,기타불명,기타불명,기타불명,개인형이동수단(PM),남,21-30세,부상신고,2021.xlsx
2021121310,2021-08,2021,8,서초구,주간,중상사고,차대차 - 충돌,차대차,충돌,기타,건조,맑음,교차로 - 교차로횡단보도내,교차로,교차로횡단보도내,0,1,1,0,2,2,1,Y,N,가해,개인형이동수단(PM),남,21-30세,중상,승용,여,31-40세,경상,2021.xlsx
2021126801,2021-08,2021,8,서초구,야간,경상사고,차대사람 - 보도통행중,차대사람,보도통행중,기타,건조,맑음,단일로 - 기타,단일로,기타,0,0,1,0,1,1,0,Y,N,가해,개인형이동수단(PM),여,21-30세,상해없음,보행자,남,41-50세,경상,2021.xlsx
2021127760,2021-08,2021,8,서초구,야간,경상사고,차대차 - 충돌,차대차,충돌,기타,젖음/습기,비,단일로 - 기타,단일로,기타,0,0,1,0,1,1,0,Y,N,가해,개인형이동수단(PM),남,31-40세,경상,승용,남,51-60세,상해없음,2021.xlsx
2021130810,2021-08,2021,8,서초구,주간,중상사고,차량단독 - 기타,차량단독,기타,안전운전불이행,건조,맑음,교차로 - 교차로부근,교차로,교차로부근,0,1,0,0,1,1,1,Y,N,가해,개인형이동수단(PM),남,21-30세,중상,,,,,2021.xlsx
2021117789,2021-08,2021,8,성동구,야간,경상사고,차대차 - 기타,차대차,기타,중앙선침범,건조,맑음,단일로 - 기타,단일로,기타,0,0,1,0,1,1,0,N,Y,피해,승용,남,31-40세,상해없음,개인형이동수단(PM),남,51-60세,경상,2021.xlsx
2021123759,2021-08,2021,8,성동구,야간,중상사고,차대차 - 기타,차대차,기타,신호위반,건조,맑음,단일로 - 기타,단일로,기타,0,1,0,0,1,1,1,N,Y,피해,이륜,남,20세 이하,상해없음,개인형이동수단(PM),여,21-30세,중상,2021.xlsx
2021131823,2021-08,2021,8,성동구,주간,경상사고,차대차 - 충돌,차대차,충돌,안전운전불이행,건조,맑음,교차로 - 교차로부근,교차로,교차로부근,0,0,1,0,1,1,0,Y,N,가해,개인형이동수단(PM),여,21-30세,경상,승용,여,51-60세,상해없음,2021.xlsx
2021119289,2021-08,2021,8,송파구,주간,경상사고,차대차 - 충돌,차대차,충돌,안전운전불이행,건조,맑음,단일로 - 기타,단일로,기타,0,0,1,0,1,1,0,N,Y,피해,승용,남,65세 이상,상해없음,개인형이동수단(PM),남,13-20세,경상,2021.xlsx
2021123390,2021-08,2021,8,송파구,주간,중상사고,차대차 - 충돌,차대차,충돌,안전운전불이행,건조,맑음,단일로 - 기타,단일로,기타,0,1,0,0,1,1,1,Y,N,가해,개인형이동수단(PM),남,21-30세,상해없음,자전거,여,65세 이상,중상,2021.xlsx
2021123503,2021-08,2021,8,송파구,주간,부상신고사고,차대차 - 충돌,차대차,충돌,안전운전불이행,건조,맑음,교차로 - 교차로안,교차로,교차로안,0,0,0,1,1,1,0,Y,N,가해,개인형이동수단(PM),여,20세 이하,상해없음,자전거,여,61-64세,부상신고,2021.xlsx
2021125249,2021-08,2021,8,송파구,야간,중상사고,차대차 - 충돌,차대차,충돌,신호위반,건조,맑음,교차로 - 교차로횡단보도내,교차로,교차로횡단보도내,0,1,0,0,1,1,1,N,Y,피해,승용,남,51-60세,상해없음,개인형이동수단(PM),여,21-30세,중상,2021.xlsx
2021125369,2021-08,2021,8,송파구,주간,중상사고,차대사람 - 보도통행중,차대사람,보도통행중,안전운전불이행,건조,맑음,단일로 - 기타,단일로,기타,0,1,0,0,1,1,1,Y,N,가해,개인형이동수단(PM),여,21-30세,상해없음,보행자,여,51-60세,중상,2021.xlsx
2021125464,2021-08,2021,8,송파구,주간,경상사고,차대사람 - 기타,차대사람,기타,안전운전불이행,건조,맑음,기타 - 기타,기타,기타,0,0,1,0,1,1,0,Y,N,가해,개인형이동수단(PM),남,21-30세,상해없음,보행자,남,31-40세,경상,2021.xlsx
2021120511,2021-08,2021,8,양천구,야간,경상사고,차대차 - 기타,차대차,기타,안전운전불이행,젖음/습기,맑음,교차로 - 교차로안,교차로,교차로안,0,0,1,0,1,1,0,N,Y,피해,승용,남,41-50세,상해없음,개인형이동수단(PM),남,21-30세,경상,2021.xlsx
2021122408,2021-08,2021,8,양천구,주간,경상사고,차대차 - 기타,차대차,기타,안전운전불이행,건조,맑음,단일로 - 기타,단일로,기타,0,0,1,0,1,1,0,Y,N,가해,개인형이동수단(PM),남,21-30세,경상,화물,남,21-30세,상해없음,2021.xlsx
2021125808,2021-08,2021,8,양천구,야간,경상사고,차대차 - 기타,차대차,기타,안전운전불이행,건조,맑음,교차로 - 교차로부근,교차로,교차로부근,0,0,2,0,2,2,0,N,Y,피해,승용,남,51-60세,상해없음,개인형이동수단(PM),여,21-30세,경상,2021.xlsx
2021121665,2021-08,2021,8,영등포구,야간,경상사고,차대차 - 기타,차대차,기타,신호위반,건조,맑음,교차로 - 교차로안,교차로,교차로안,0,0,1,0,1,1,0,N,Y,피해,승용,남,61-64세,경상,개인형이동수단(PM),남,51-60세,상해없음,2021.xlsx
2021118744,2021-08,2021,8,용산구,주간,중상사고,차대차 - 기타,차대차,기타,안전운전불이행,건조,맑음,기타 - 기타,기타,기타,0,1,0,0,1,1,1,Y,N,가해,개인형이동수단(PM),남,51-60세,중상,승용,남,41-50세,기타불명,2021.xlsx
2021119416,2021-08,2021,8,은평구,주간,중상사고,차대사람 - 보도통행중,차대사람,보도통행중,기타,건조,맑음,단일로 - 기타,단일로,기타,0,1,0,0,1,1,1,Y,N,가해,개인형이동수단(PM),남,65세 이상,상해없음,보행자,남,41-50세,중상,2021.xlsx
2021125008,2021-08,2021,8,종로구,주간,중상사고,차대차 - 기타,차대차,기타,안전운전불이행,건조,맑음,단일로 - 기타,단일로,기타,0,1,0,0,1,1,1,N,Y,피해,화물,남,51-60세,상해없음,개인형이동수단(PM),남,31-40세,중상,2021.xlsx
2021117806,2021-08,2021,8,중랑구,야간,부상신고사고,차대사람 - 횡단중,차대사람,횡단중,안전운전불이행,건조,맑음,단일로 - 기타,단일로,기타,0,0,0,1,1,1,0,Y,N,가해,개인형이동수단(PM),남,41-50세,부상신고,보행자,남,65세 이상,상해없음,2021.xlsx
2021129002,2021-08,2021,8,중랑구,주간,경상사고,차대사람 - 보도통행중,차대사람,보도통행중,기타,건조,맑음,기타 - 기타,기타,기타,0,0,1,0,1,1,0,Y,N,가해,개인형이동수단(PM),남,31-40세,상해없음,보행자,여,31-40세,경상,2021.xlsx
2021137154,2021-09,2021,9,강남구,야간,경상사고,차대차 - 기타,차대차,기타,안전운전불이행,젖음/습기,흐림,단일로 - 기타,단일로,기타,0,0,2,0,2,2,0,N,Y,피해,자전거,남,41-50세,경상,개인형이동수단(PM),남,21-30세,경상,2021.xlsx
2021138053,2021-09,2021,9,강남구,주간,경상사고,차대사람 - 길가장자리구역통행중,차대사람,길가장자리구역통행중,신호위반,건조,맑음,단일로 - 기타,단일로,기타,0,0,1,0,1,1,0,Y,N,가해,개인형이동수단(PM),여,21-30세,상해없음,보행자,남,21-30세,경상,2021.xlsx
2021138195,2021-09,2021,9,강남구,야간,부상신고사고,차대차 - 기타,차대차,기타,기타,건조,맑음,단일로 - 기타,단일로,기타,0,0,0,1,1,1,0,N,Y,피해,승용,남,61-64세,상해없음,개인형이동수단(PM),남,31-40세,부상신고,2021.xlsx
2021138325,2021-09,2021,9,강남구,야간,중상사고,차대차 - 기타,차대차,기타,기타,건조,맑음,교차로 - 교차로안,교차로,교차로안,0,1,0,0,1,1,1,N,Y,피해,승용,남,41-50세,상해없음,개인형이동수단(PM),남,31-40세,중상,2021.xlsx
2021138352,2021-09,2021,9,강남구,야간,경상사고,차대차 - 기타,차대차,기타,기타,건조,흐림,교차로 - 교차로횡단보도내,교차로,교차로횡단보도내,0,0,1,0,1,1,0,Y,N,가해,개인형이동수단(PM),여,31-40세,경상,승용,남,41-50세,상해없음,2021.xlsx
2021138422,2021-09,2021,9,강남구,야간,경상사고,차대차 - 충돌,차대차,충돌,신호위반,건조,맑음,교차로 - 교차로안,교차로,교차로안,0,0,2,0,2,2,0,Y,N,가해,개인형이동수단(PM),여,31-40세,상해없음,승용,남,13-20세,경상,2021.xlsx
2021142771,2021-09,2021,9,강남구,주간,경상사고,차대사람 - 보도통행중,차대사람,보도통행중,기타,건조,맑음,기타 - 기타,기타,기타,0,0,1,0,1,1,0,Y,N,가해,개인형이동수단(PM),남,20세 이하,기타불명,보행자,남,51-60세,경상,2021.xlsx
2021143093,2021-09,2021,9,강남구,야간,경상사고,차대차 - 충돌,차대차,충돌,신호위반,건조,맑음,교차로 - 교차로안,교차로,교차로안,0,0,1,0,1,1,0,Y,N,가해,개인형이동수단(PM),여,20세 이하,경상,승용,남,41-50세,상해없음,2021.xlsx
2021143385,2021-09,2021,9,강남구,주간,경상사고,차대사람 - 보도통행중,차대사람,보도통행중,기타,건조,맑음,기타 - 기타,기타,기타,0,0,1,0,1,1,0,Y,N,가해,개인형이동수단(PM),남,21-30세,상해없음,보행자,남,21-30세,경상,2021.xlsx
2021145161,2021-09,2021,9,강남구,주간,중상사고,차대사람 - 기타,차대사람,기타,안전운전불이행,젖음/습기,맑음,단일로 - 교량,단일로,교량,0,1,0,0,1,1,1,Y,N,가해,개인형이동수단(PM),남,20세 이하,상해없음,보행자,여,65세 이상,중상,2021.xlsx
2021145364,2021-09,2021,9,강남구,야간,중상사고,차대차 - 충돌,차대차,충돌,신호위반,건조,흐림,단일로 - 기타,단일로,기타,0,1,0,0,1,1,1,N,Y,피해,승용,남,51-60세,상해없음,개인형이동수단(PM),남,21-30세,중상,2021.xlsx
2021145881,2021-09,2021,9,강남구,야간,경상사고,차대차 - 기타,차대차,기타,안전운전불이행,건조,맑음,단일로 - 기타,단일로,기타,0,0,1,0,1,1,0,Y,N,가해,개인형이동수단(PM),남,21-30세,경상,승용,남,51-60세,상해없음,2021.xlsx
2021146450,2021-09,2021,9,강남구,야간,부상신고사고,차대차 - 기타,차대차,기타,안전운전불이행,기타,맑음,단일로 - 기타,단일로,기타,0,0,0,1,1,1,0,Y,N,가해,개인형이동수단(PM),남,31-40세,부상신고,이륜,남,31-40세,상해없음,2021.xlsx
2021149045,2021-09,2021,9,강남구,야간,경상사고,차대차 - 기타,차대차,기타,중앙선침범,젖음/습기,비,단일로 - 기타,단일로,기타,0,0,1,0,1,1,0,Y,N,가해,개인형이동수단(PM),남,21-30세,경상,승용,남,51-60세,상해없음,2021.xlsx
2021149281,2021-09,2021,9,강남구,주간,경상사고,차대차 - 기타,차대차,기타,안전운전불이행,건조,맑음,교차로 - 교차로안,교차로,교차로안,0,0,1,0,1,1,0,N,Y,피해,승용,여,31-40세,상해없음,개인형이동수단(PM),남,31-40세,경상,2021.xlsx
2021135332,2021-09,2021,9,강서구,야간,경상사고,차대차 - 기타,차대차,기타,안전운전불이행,건조,기타,기타 - 기타,기타,기타,0,0,1,0,1,1,0,N,Y,피해,승용,남,21-30세,상해없음,개인형이동수단(PM),남,21-30세,경상,2021.xlsx
2021135353,2021-09,2021,9,강서구,야간,경상사고,차대차 - 기타,차대차,기타,안전운전불이행,건조,맑음,단일로 - 기타,단일로,기타,0,0,1,0,1,1,0,N,Y,피해,승용,남,65세 이상,상해없음,개인형이동수단(PM),남,21-30세,경상,2021.xlsx
2021144391,2021-09,2021,9,강서구,주간,중상사고,차대차 - 기타,차대차,기타,안전운전불이행,건조,맑음,교차로 - 교차로안,교차로,교차로안,0,1,0,0,1,1,1,N,Y,피해,승용,여,21-30세,상해없음,개인형이동수단(PM),남,21-30세,중상,2021.xlsx
2021146963,2021-09,2021,9,강서구,야간,경상사고,차대사람 - 보도통행중,차대사람,보도통행중,기타,건조,맑음,단일로 - 기타,단일로,기타,0,0,1,0,1,1,0,Y,N,가해,개인형이동수단(PM),남,21-30세,상해없음,보행자,남,31-40세,경상,2021.xlsx
2021134842,2021-09,2021,9,관악구,야간,중상사고,차대차 - 기타,차대차,기타,기타,건조,맑음,기타 - 기타,기타,기타,0,1,0,0,1,1,1,N,Y,피해,승용,남,65세 이상,상해없음,개인형이동수단(PM),남,65세 이상,중상,2021.xlsx
2021138245,2021-09,2021,9,관악구,야간,중상사고,차대차 - 기타,차대차,기타,안전운전불이행,건조,맑음,단일로 - 기타,단일로,기타,0,1,0,0,1,1,1,N,Y,피해,승용,남,51-60세,상해없음,개인형이동수단(PM),여,21-30세,중상,2021.xlsx
2021139472,2021-09,2021,9,관악구,야간,경상사고,차대차 - 기타,차대차,기타,안전운전불이행,건조,맑음,기타 - 기타,기타,기타,0,0,1,0,1,1,0,N,Y,피해,화물,남,51-60세,상해없음,개인형이동수단(PM),여,31-40세,경상,2021.xlsx
2021141532,2021-09,2021,9,관악구,야간,중상사고,차대차 - 기타,차대차,기타,안전운전불이행,건조,맑음,교차로 - 교차로안,교차로,교차로안,0,1,0,0,1,1,1,Y,N,가해,개인형이동수단(PM),남,20세 이하,상해없음,승용,여,31-40세,상해없음,2021.xlsx
2021134922,2021-09,2021,9,광진구,야간,경상사고,차대차 - 충돌,차대차,충돌,기타,건조,맑음,교차로 - 교차로안,교차로,교차로안,0,0,1,0,1,1,0,Y,N,가해,개인형이동수단(PM),여,21-30세,경상,승용,남,61-64세,상해없음,2021.xlsx
2021138499,2021-09,2021,9,광진구,주간,부상신고사고,차대차 - 충돌,차대차,충돌,안전운전불이행,건조,맑음,교차로 - 교차로부근,교차로,교차로부근,0,0,0,1,1,1,0,Y,N,가해,개인형이동수단(PM),여,20세 이하,부상신고,승용,남,65세 이상,상해없음,2021.xlsx
2021147655,2021-09,2021,9,광진구,주간,중상사고,차대차 - 충돌,차대차,충돌,안전운전불이행,건조,맑음,단일로 - 기타,단일로,기타,0,1,0,0,1,1,1,Y,N,가해,개인형이동수단(PM),남,21-30세,중상,승합,남,41-50세,상해없음,2021.xlsx
2021149213,2021-09,2021,9,광진구,주간,경상사고,차대차 - 충돌,차대차,충돌,기타,건조,맑음,교차로 - 교차로안,교차로,교차로안,0,0,1,0,1,1,0,Y,N,가해,개인형이동수단(PM),남,20세 이하,경상,승용,남,21-30세,상해없음,2021.xlsx
2021137899,2021-09,2021,9,구로구,주간,중상사고,차대차 - 기타,차대차,기타,안전운전불이행,건조,맑음,기타 - 기타,기타,기타,0,1,0,0,1,1,1,Y,N,가해,개인형이동수단(PM),여,41-50세,상해없음,자전거,여,65세 이상,중상,2021.xlsx
2021136515,2021-09,2021,9,노원구,야간,경상사고,차량단독 - 전도전복,차량단독,전도전복,기타,젖음/습기,비,기타 - 기타,기타,기타,0,0,1,0,1,1,0,Y,N,가해,개인형이동수단(PM),남,21-30세,경상,,,,,2021.xlsx
2021145572,2021-09,2021,9,노원구,주간,경상사고,차대사람 - 보도통행중,차대사람,보도통행중,기타,건조,맑음,단일로 - 기타,단일로,기타,0,0,1,0,1,1,0,Y,N,가해,개인형이동수단(PM),남,21-30세,상해없음,보행자,여,41-50세,경상,2021.xlsx
2021134502,2021-09,2021,9,동대문구,주간,부상신고사고,차대차 - 충돌,차대차,충돌,기타,건조,맑음,교차로 - 교차로안,교차로,교차로안,0,0,0,1,1,1,0,Y,N,가해,개인형이동수단(PM),남,21-30세,부상신고,승용,남,65세 이상,상해없음,2021.xlsx
2021144063,2021-09,2021,9,마포구,야간,부상신고사고,차대차 - 기타,차대차,기타,안전운전불이행,건조,맑음,교차로 - 교차로횡단보도내,교차로,교차로횡단보도내,0,0,0,1,1,1,0,Y,N,가해,개인형이동수단(PM),남,21-30세,상해없음,원동기,남,21-30세,부상신고,2021.xlsx
2021147393,2021-09,2021,9,마포구,야간,경상사고,차대차 - 충돌,차대차,충돌,안전거리미확보,건조,흐림,단일로 - 기타,단일로,기타,0,0,1,0,1,1,0,Y,N,가해,개인형이동수단(PM),남,21-30세,경상,승용,여,61-64세,상해없음,2021.xlsx
2021138316,2021-09,2021,9,서대문구,야간,중상사고,차대사람 - 보도통행중,차대사람,보도통행중,기타,건조,흐림,단일로 - 기타,단일로,기타,0,1,0,0,1,1,1,Y,N,가해,개인형이동수단(PM),남,20세 이하,상해없음,보행자,여,21-30세,중상,2021.xlsx
2021147359,2021-09,2021,9,서대문구,야간,경상사고,차대차 - 충돌,차대차,충돌,교차로운행방법위반,건조,맑음,교차로 - 교차로안,교차로,교차로안,0,0,1,0,1,1,0,N,Y,피해,승용,여,51-60세,상해없음,개인형이동수단(PM),남,13-20세,경상,2021.xlsx
2021136738,2021-09,2021,9,서초구,주간,경상사고,차대사람 - 기타,차대사람,기타,안전운전불이행,건조,맑음,단일로 - 기타,단일로,기타,0,0,1,0,1,1,0,Y,N,가해,개인형이동수단(PM),여,21-30세,상해없음,보행자,남,21-30세,경상,2021.xlsx
2021144791,2021-09,2021,9,성동구,주간,경상사고,차대차 - 충돌,차대차,충돌,신호위반,건조,맑음,단일로 - 기타,단일로,기타,0,0,1,0,1,1,0,N,Y,피해,승용,남,51-60세,상해없음,개인형이동수단(PM),남,13-20세,경상,2021.xlsx
2021144475,2021-09,2021,9,성북구,주간,경상사고,차대차 - 충돌,차대차,충돌,안전운전불이행,건조,맑음,교차로 - 교차로횡단보도내,교차로,교차로횡단보도내,0,0,1,0,1,1,0,Y,N,가해,개인형이동수단(PM),남,21-30세,경상,승용,남,51-60세,상해없음,2021.xlsx
2021133612,2021-09,2021,9,송파구,주간,경상사고,차대차 - 기타,차대차,기타,신호위반,건조,맑음,기타 - 기타,기타,기타,0,0,1,0,1,1,0,Y,N,가해,개인형이동수단(PM),남,21-30세,경상,승용,남,61-64세,상해없음,2021.xlsx
2021133741,2021-09,2021,9,송파구,야간,경상사고,차대차 - 기타,차대차,기타,안전운전불이행,건조,맑음,교차로 - 교차로안,교차로,교차로안,0,0,1,0,1,1,0,Y,N,가해,개인형이동수단(PM),남,20세 이하,상해없음,이륜,남,13-20세,경상,2021.xlsx
2021134178,2021-09,2021,9,송파구,주간,부상신고사고,차대사람 - 기타,차대사람,기타,안전운전불이행,건조,맑음,단일로 - 기타,단일로,기타,0,0,0,1,1,1,0,Y,N,가해,개인형이동수단(PM),남,51-60세,상해없음,보행자,여,65세 이상,부상신고,2021.xlsx
2021135168,2021-09,2021,9,송파구,주간,중상사고,차대차 - 기타,차대차,기타,안전운전불이행,건조,맑음,교차로 - 교차로안,교차로,교차로안,0,1,0,0,1,1,1,N,Y,피해,승용,남,61-64세,상해없음,개인형이동수단(PM),남,31-40세,중상,2021.xlsx
2021138769,2021-09,2021,9,송파구,주간,경상사고,차대사람 - 기타,차대사람,기타,안전운전불이행,건조,맑음,단일로 - 기타,단일로,기타,0,0,1,0,1,1,0,Y,N,가해,개인형이동수단(PM),여,31-40세,상해없음,보행자,여,12세 이하,경상,2021.xlsx
2021141640,2021-09,2021,9,송파구,주간,중상사고,차대차 - 기타,차대차,기타,신호위반,건조,맑음,교차로 - 교차로안,교차로,교차로안,0,1,0,0,1,1,1,N,Y,피해,승용,여,41-50세,상해없음,개인형이동수단(PM),여,13-20세,중상,2021.xlsx
2021143627,2021-09,2021,9,송파구,야간,부상신고사고,차량단독 - 전도전복,차량단독,전도전복,안전운전불이행,건조,맑음,단일로 - 기타,단일로,기타,0,0,0,1,1,1,0,Y,N,가해,개인형이동수단(PM),남,21-30세,부상신고,,,,,2021.xlsx
2021144113,2021-09,2021,9,송파구,야간,경상사고,차량단독 - 기타,차량단독,기타,안전운전불이행,건조,기타,교차로 - 교차로안,교차로,교차로안,0,0,1,0,1,1,0,Y,N,가해,개인형이동수단(PM),남,41-50세,경상,,,,,2021.xlsx
2021144530,2021-09,2021,9,송파구,야간,경상사고,차대사람 - 보도통행중,차대사람,보도통행중,안전운전불이행,건조,맑음,단일로 - 기타,단일로,기타,0,0,1,0,1,1,0,Y,N,가해,개인형이동수단(PM),여,20세 이하,상해없음,보행자,여,21-30세,경상,2021.xlsx
2021146117,2021-09,2021,9,송파구,주간,중상사고,차대차 - 기타,차대차,기타,중앙선침범,건조,맑음,단일로 - 기타,단일로,기타,0,1,0,0,1,1,1,N,Y,피해,승용,남,21-30세,상해없음,개인형이동수단(PM),남,31-40세,중상,2021.xlsx
2021147794,2021-09,2021,9,송파구,야간,경상사고,차대차 - 충돌,차대차,충돌,기타,건조,맑음,교차로 - 교차로안,교차로,교차로안,0,0,1,0,1,1,0,Y,N,가해,개인형이동수단(PM),여,51-60세,경상,승용,남,51-60세,상해없음,2021.xlsx
2021140600,2021-09,2021,9,은평구,주간,경상사고,차대차 - 충돌,차대차,충돌,안전운전불이행,건조,맑음,단일로 - 기타,단일로,기타,0,0,1,2,3,3,0,Y,N,가해,개인형이동수단(PM),남,20세 이하,부상신고,자전거,남,21-30세,경상,2021.xlsx
2021147016,2021-09,2021,9,중랑구,야간,중상사고,차대사람 - 기타,차대사람,기타,안전운전불이행,건조,맑음,기타 - 기타,기타,기타,0,1,0,0,1,1,1,Y,N,가해,개인형이동수단(PM),남,20세 이하,상해없음,보행자,여,51-60세,중상,2021.xlsx
2021148312,2021-09,2021,9,중랑구,야간,중상사고,차대차 - 기타,차대차,기타,기타,건조,맑음,교차로 - 교차로부근,교차로,교차로부근,0,1,0,0,1,1,1,Y,N,가해,개인형이동수단(PM),여,21-30세,중상,승용,남,51-60세,상해없음,2021.xlsx
2021149907,2021-10,2021,10,강남구,주간,중상사고,차대차 - 기타,차대차,기타,안전운전불이행,건조,맑음,단일로 - 기타,단일로,기타,0,1,0,0,1,1,1,Y,N,가해,개인형이동수단(PM),남,21-30세,중상,승합,남,41-50세,상해없음,2021.xlsx
2021151690,2021-10,2021,10,강남구,주간,경상사고,차대차 - 기타,차대차,기타,안전운전불이행,건조,맑음,단일로 - 기타,단일로,기타,0,0,1,0,1,1,0,Y,N,가해,개인형이동수단(PM),남,21-30세,상해없음,이륜,남,21-30세,경상,2021.xlsx
2021157324,2021-10,2021,10,강남구,야간,경상사고,차대차 - 충돌,차대차,충돌,신호위반,건조,흐림,교차로 - 교차로횡단보도내,교차로,교차로횡단보도내,0,0,1,0,1,1,0,N,Y,피해,승용,남,51-60세,상해없음,개인형이동수단(PM),남,41-50세,경상,2021.xlsx
2021158815,2021-10,2021,10,강남구,주간,부상신고사고,차대차 - 기타,차대차,기타,안전운전불이행,건조,맑음,교차로 - 교차로안,교차로,교차로안,0,0,0,1,1,1,0,Y,N,가해,개인형이동수단(PM),남,21-30세,부상신고,승용,여,41-50세,상해없음,2021.xlsx
2021167452,2021-10,2021,10,강남구,야간,부상신고사고,차대차 - 기타,차대차,기타,안전운전불이행,건조,맑음,기타 - 기타,기타,기타,0,0,0,1,1,1,0,Y,N,가해,개인형이동수단(PM),남,20세 이하,상해없음,자전거,남,12세 이하,부상신고,2021.xlsx
2021157464,2021-10,2021,10,강북구,주간,경상사고,차대차 - 기타,차대차,기타,안전운전불이행,건조,맑음,단일로 - 기타,단일로,기타,0,0,1,0,1,1,0,Y,N,가해,개인형이동수단(PM),남,21-30세,경상,승용,남,65세 이상,상해없음,2021.xlsx
2021161303,2021-10,2021,10,강북구,야간,경상사고,차대차 - 충돌,차대차,충돌,중앙선침범,건조,맑음,단일로 - 기타,단일로,기타,0,0,1,0,1,1,0,Y,N,가해,개인형이동수단(PM),남,20세 이하,상해없음,승용,여,41-50세,경상,2021.xlsx
2021166372,2021-10,2021,10,강북구,야간,중상사고,차대차 - 충돌,차대차,충돌,안전운전불이행,건조,맑음,교차로 - 교차로안,교차로,교차로안,0,1,0,0,1,1,1,N,Y,피해,승용,여,31-40세,상해없음,개인형이동수단(PM),여,31-40세,중상,2021.xlsx
2021158324,2021-10,2021,10,강서구,주간,경상사고,차대차 - 충돌,차대차,충돌,기타,건조,맑음,교차로 - 교차로안,교차로,교차로안,0,0,1,0,1,1,0,N,Y,피해,승용,남,41-50세,상해없음,개인형이동수단(PM),남,21-30세,경상,2021.xlsx
2021159995,2021-10,2021,10,강서구,주간,경상사고,차대차 - 기타,차대차,기타,신호위반,건조,맑음,교차로 - 교차로안,교차로,교차로안,0,0,1,0,1,1,0,N,Y,피해,건설기계,남,41-50세,상해없음,개인형이동수단(PM),남,65세 이상,경상,2021.xlsx
2021163531,2021-10,2021,10,강서구,주간,중상사고,차대사람 - 보도통행중,차대사람,보도통행중,기타,건조,맑음,단일로 - 기타,단일로,기타,0,1,0,0,1,1,1,Y,N,가해,개인형이동수단(PM),남,31-40세,상해없음,보행자,여,61-64세,중상,2021.xlsx
2021164818,2021-10,2021,10,강서구,주간,중상사고,차대차 - 충돌,차대차,충돌,중앙선침범,건조,맑음,교차로 - 교차로안,교차로,교차로안,0,1,0,0,1,1,1,N,Y,피해,승용,남,65세 이상,상해없음,개인형이동수단(PM),여,41-50세,중상,2021.xlsx
2021164819,2021-10,2021,10,강서구,주간,중상사고,차대차 - 기타,차대차,기타,안전운전불이행,건조,맑음,단일로 - 기타,단일로,기타,0,1,0,0,1,1,1,Y,N,가해,개인형이동수단(PM),여,21-30세,중상,승합,남,41-50세,상해없음,2021.xlsx
2021160943,2021-10,2021,10,관악구,주간,경상사고,차대차 - 충돌,차대차,충돌,신호위반,건조,맑음,교차로 - 교차로안,교차로,교차로안,0,0,1,0,1,1,0,Y,N,가해,개인형이동수단(PM),남,65세 이상,경상,승용,여,41-50세,상해없음,2021.xlsx
2021158707,2021-10,2021,10,광진구,야간,중상사고,차대차 - 충돌,차대차,충돌,신호위반,건조,맑음,교차로 - 교차로안,교차로,교차로안,0,1,1,0,2,2,1,Y,N,가해,개인형이동수단(PM),남,21-30세,중상,승용,남,51-60세,경상,2021.xlsx
2021159529,2021-10,2021,10,광진구,야간,부상신고사고,차대차 - 기타,차대차,기타,안전운전불이행,건조,맑음,단일로 - 기타,단일로,기타,0,0,0,1,1,1,0,N,Y,피해,원동기,남,21-30세,부상신고,개인형이동수단(PM),남,13-20세,상해없음,2021.xlsx
2021165107,2021-10,2021,10,구로구,야간,중상사고,차대사람 - 기타,차대사람,기타,안전운전불이행,건조,맑음,교차로 - 교차로안,교차로,교차로안,0,1,0,0,1,1,1,Y,N,가해,개인형이동수단(PM),여,20세 이하,상해없음,보행자,남,41-50세,중상,2021.xlsx
2021149865,2021-10,2021,10,노원구,주간,경상사고,차대차 - 기타,차대차,기타,안전운전불이행,건조,맑음,교차로 - 교차로안,교차로,교차로안,0,0,1,0,1,1,0,Y,N,가해,개인형이동수단(PM),여,21-30세,경상,승용,남,31-40세,상해없음,2021.xlsx
2021161827,2021-10,2021,10,노원구,주간,경상사고,차대사람 - 차도통행중,차대사람,차도통행중,안전운전불이행,건조,맑음,교차로 - 교차로안,교차로,교차로안,0,0,1,0,1,1,0,Y,N,가해,개인형이동수단(PM),여,20세 이하,상해없음,보행자,남,12세 이하,경상,2021.xlsx
2021166319,2021-10,2021,10,노원구,야간,사망사고,차량단독 - 충돌,차량단독,충돌,안전운전불이행,건조,맑음,교차로 - 교차로부근,교차로,교차로부근,1,0,0,0,0,1,1,Y,N,가해,개인형이동수단(PM),남,20세 이하,사망,,,,,2021.xlsx
2021149835,2021-10,2021,10,동대문구,주간,경상사고,차대차 - 기타,차대차,기타,안전운전불이행,건조,맑음,단일로 - 기타,단일로,기타,0,0,1,0,1,1,0,N,Y,피해,화물,남,41-50세,상해없음,개인형이동수단(PM),남,51-60세,경상,2021.xlsx
2021153473,2021-10,2021,10,동대문구,주간,중상사고,차대사람 - 기타,차대사람,기타,안전운전불이행,건조,맑음,단일로 - 기타,단일로,기타,0,1,0,0,1,1,1,Y,N,가해,개인형이동수단(PM),여,21-30세,중상,보행자,남,51-60세,상해없음,2021.xlsx
2021156306,2021-10,2021,10,동대문구,주간,경상사고,차대차 - 충돌,차대차,충돌,중앙선침범,건조,맑음,단일로 - 기타,단일로,기타,0,0,1,0,1,1,0,N,Y,피해,승용,여,41-50세,상해없음,개인형이동수단(PM),여,41-50세,경상,2021.xlsx
2021159445,2021-10,2021,10,동대문구,주간,경상사고,차대차 - 기타,차대차,기타,기타,건조,맑음,교차로 - 교차로안,교차로,교차로안,0,0,1,0,1,1,0,Y,N,가해,개인형이동수단(PM),남,41-50세,경상,승용,남,61-64세,상해없음,2021.xlsx
2021153996,2021-10,2021,10,동작구,주간,중상사고,차대차 - 충돌,차대차,충돌,기타,건조,맑음,단일로 - 기타,단일로,기타,0,1,0,0,1,1,1,Y,N,가해,개인형이동수단(PM),남,65세 이상,중상,승용,남,31-40세,상해없음,2021.xlsx
2021164524,2021-10,2021,10,동작구,야간,경상사고,차대사람 - 기타,차대사람,기타,안전운전불이행,건조,맑음,단일로 - 기타,단일로,기타,0,0,1,0,1,1,0,Y,N,가해,개인형이동수단(PM),여,20세 이하,상해없음,보행자,남,21-30세,경상,2021.xlsx
2021165555,2021-10,2021,10,동작구,야간,중상사고,차대차 - 충돌,차대차,충돌,안전운전불이행,건조,맑음,교차로 - 교차로안,교차로,교차로안,0,1,0,0,1,1,1,Y,N,가해,개인형이동수단(PM),남,21-30세,중상,승용,남,41-50세,상해없음,2021.xlsx
2021151397,2021-10,2021,10,마포구,주간,경상사고,차대차 - 충돌,차대차,충돌,안전운전불이행,건조,맑음,단일로 - 기타,단일로,기타,0,0,1,0,1,1,0,Y,N,가해,개인형이동수단(PM),남,31-40세,상해없음,이륜,남,51-60세,경상,2021.xlsx
2021156059,2021-10,2021,10,마포구,야간,부상신고사고,차대사람 - 차도통행중,차대사람,차도통행중,신호위반,건조,맑음,단일로 - 기타,단일로,기타,0,0,0,1,1,1,0,Y,N,가해,개인형이동수단(PM),남,41-50세,상해없음,보행자,여,61-64세,부상신고,2021.xlsx
2021163156,2021-10,2021,10,마포구,주간,부상신고사고,차대차 - 충돌,차대차,충돌,안전운전불이행,건조,맑음,교차로 - 교차로안,교차로,교차로안,0,0,0,1,1,1,0,Y,N,가해,개인형이동수단(PM),남,21-30세,부상신고,승용,남,21-30세,기타불명,2021.xlsx
2021149904,2021-10,2021,10,서초구,주간,경상사고,차대차 - 충돌,차대차,충돌,안전운전불이행,건조,맑음,단일로 - 기타,단일로,기타,0,0,1,0,1,1,0,Y,N,가해,개인형이동수단(PM),여,21-30세,경상,승용,남,51-60세,상해없음,2021.xlsx
2021151791,2021-10,2021,10,서초구,주간,경상사고,차대사람 - 보도통행중,차대사람,보도통행중,기타,건조,맑음,단일로 - 기타,단일로,기타,0,0,1,0,1,1,0,Y,N,가해,개인형이동수단(PM),남,20세 이하,상해없음,보행자,여,51-60세,경상,2021.xlsx
2021156309,2021-10,2021,10,서초구,주간,경상사고,차대사람 - 기타,차대사람,기타,보행자보호의무위반,건조,맑음,교차로 - 교차로안,교차로,교차로안,0,0,1,0,1,1,0,Y,N,가해,개인형이동수단(PM),여,31-40세,상해없음,보행자,여,41-50세,경상,2021.xlsx
2021158356,2021-10,2021,10,서초구,주간,경상사고,차대차 - 충돌,차대차,충돌,중앙선침범,건조,맑음,단일로 - 기타,단일로,기타,0,0,1,0,1,1,0,Y,N,가해,개인형이동수단(PM),남,61-64세,상해없음,자전거,남,65세 이상,경상,2021.xlsx
2021162722,2021-10,2021,10,성동구,야간,부상신고사고,차대차 - 충돌,차대차,충돌,기타,건조,맑음,단일로 - 기타,단일로,기타,0,0,0,1,1,1,0,N,Y,피해,승용,남,21-30세,상해없음,개인형이동수단(PM),남,21-30세,부상신고,2021.xlsx
2021164544,2021-10,2021,10,성동구,야간,경상사고,차대차 - 기타,차대차,기타,기타,건조,맑음,단일로 - 기타,단일로,기타,0,0,1,0,1,1,0,Y,N,가해,개인형이동수단(PM),여,31-40세,경상,승용,남,51-60세,상해없음,2021.xlsx
2021165965,2021-10,2021,10,성동구,주간,경상사고,차대사람 - 횡단중,차대사람,횡단중,안전운전불이행,건조,맑음,단일로 - 기타,단일로,기타,0,0,1,0,1,1,0,Y,N,가해,개인형이동수단(PM),남,21-30세,상해없음,보행자,여,31-40세,경상,2021.xlsx
2021164620,2021-10,2021,10,성북구,주간,경상사고,차대사람 - 차도통행중,차대사람,차도통행중,안전운전불이행,건조,맑음,단일로 - 기타,단일로,기타,0,0,1,0,1,1,0,Y,N,가해,개인형이동수단(PM),남,41-50세,상해없음,보행자,여,21-30세,경상,2021.xlsx
2021150595,2021-10,2021,10,송파구,주간,경상사고,차대차 - 기타,차대차,기타,신호위반,건조,맑음,교차로 - 교차로안,교차로,교차로안,0,0,2,0,2,2,0,Y,N,가해,개인형이동수단(PM),여,31-40세,경상,원동기,남,21-30세,경상,2021.xlsx
2021157927,2021-10,2021,10,송파구,야간,중상사고,차대차 - 충돌,차대차,충돌,안전운전불이행,건조,맑음,교차로 - 교차로횡단보도내,교차로,교차로횡단보도내,0,1,0,0,1,1,1,Y,N,가해,개인형이동수단(PM),남,41-50세,중상,승용,남,41-50세,상해없음,2021.xlsx
2021158029,2021-10,2021,10,송파구,주간,중상사고,차대차 - 충돌,차대차,충돌,안전운전불이행,건조,맑음,단일로 - 기타,단일로,기타,0,1,0,0,1,1,1,N,Y,피해,승용,여,51-60세,상해없음,개인형이동수단(PM),남,13-20세,중상,2021.xlsx
2021158431,2021-10,2021,10,송파구,야간,중상사고,차대사람 - 보도통행중,차대사람,보도통행중,기타,건조,맑음,교차로 - 교차로부근,교차로,교차로부근,0,1,0,0,1,1,1,Y,N,가해,개인형이동수단(PM),남,31-40세,상해없음,보행자,남,31-40세,중상,2021.xlsx
2021160911,2021-10,2021,10,송파구,주간,중상사고,차대사람 - 기타,차대사람,기타,안전운전불이행,건조,맑음,기타 - 기타,기타,기타,0,1,0,0,1,1,1,Y,N,가해,개인형이동수단(PM),남,41-50세,상해없음,보행자,여,65세 이상,중상,2021.xlsx
2021162164,2021-10,2021,10,송파구,주간,경상사고,차대차 - 추돌,차대차,추돌,신호위반,건조,맑음,단일로 - 기타,단일로,기타,0,0,1,0,1,1,0,N,Y,피해,승용,여,41-50세,상해없음,개인형이동수단(PM),남,21-30세,경상,2021.xlsx
2021150322,2021-10,2021,10,영등포구,야간,경상사고,차대사람 - 횡단중,차대사람,횡단중,기타,건조,맑음,단일로 - 기타,단일로,기타,0,0,1,0,1,1,0,Y,N,가해,개인형이동수단(PM),여,20세 이하,기타불명,보행자,여,51-60세,경상,2021.xlsx
2021152145,2021-10,2021,10,영등포구,주간,경상사고,차대차 - 추돌,차대차,추돌,안전운전불이행,건조,맑음,단일로 - 기타,단일로,기타,0,0,1,0,1,1,0,N,Y,피해,승용,남,51-60세,상해없음,개인형이동수단(PM),남,31-40세,경상,2021.xlsx
2021157252,2021-10,2021,10,영등포구,야간,부상신고사고,차대차 - 기타,차대차,기타,안전운전불이행,기타,기타,기타 - 기타,기타,기타,0,0,0,1,1,1,0,N,Y,피해,자전거,여,21-30세,부상신고,개인형이동수단(PM),남,21-30세,상해없음,2021.xlsx
2021157829,2021-10,2021,10,영등포구,야간,중상사고,차대차 - 충돌,차대차,충돌,중앙선침범,건조,맑음,단일로 - 기타,단일로,기타,0,1,0,0,1,1,1,Y,N,가해,개인형이동수단(PM),남,65세 이상,상해없음,승용,남,51-60세,중상,2021.xlsx
2021158014,2021-10,2021,10,영등포구,야간,경상사고,차대차 - 충돌,차대차,충돌,안전운전불이행,건조,맑음,교차로 - 교차로안,교차로,교차로안,0,0,1,0,1,1,0,N,Y,피해,승용,남,31-40세,상해없음,개인형이동수단(PM),남,51-60세,경상,2021.xlsx
2021162041,2021-10,2021,10,은평구,야간,중상사고,차대사람 - 보도통행중,차대사람,보도통행중,기타,건조,맑음,단일로 - 기타,단일로,기타,0,1,0,0,1,1,1,Y,N,가해,개인형이동수단(PM),여,20세 이하,상해없음,보행자,여,51-60세,중상,2021.xlsx
2021162675,2021-10,2021,10,은평구,야간,경상사고,차대사람 - 보도통행중,차대사람,보도통행중,신호위반,건조,맑음,교차로 - 교차로안,교차로,교차로안,0,0,1,0,1,1,0,Y,N,가해,개인형이동수단(PM),여,20세 이하,상해없음,보행자,여,51-60세,경상,2021.xlsx
2021164582,2021-10,2021,10,은평구,야간,중상사고,차대차 - 충돌,차대차,충돌,안전운전불이행,건조,맑음,단일로 - 기타,단일로,기타,0,1,1,0,2,2,1,Y,N,가해,개인형이동수단(PM),남,21-30세,중상,자전거,남,51-60세,경상,2021.xlsx
2021151004,2021-10,2021,10,종로구,야간,경상사고,차대차 - 기타,차대차,기타,중앙선침범,건조,맑음,단일로 - 기타,단일로,기타,0,0,1,0,1,1,0,Y,N,가해,개인형이동수단(PM),여,41-50세,경상,승용,남,41-50세,상해없음,2021.xlsx
2021152888,2021-10,2021,10,중구,주간,경상사고,차대차 - 충돌,차대차,충돌,안전운전불이행,젖음/습기,비,교차로 - 교차로안,교차로,교차로안,0,0,1,0,1,1,0,Y,N,가해,개인형이동수단(PM),남,20세 이하,상해없음,원동기,남,65세 이상,경상,2021.xlsx
2021162143,2021-10,2021,10,중구,야간,경상사고,차대차 - 충돌,차대차,충돌,안전거리미확보,건조,맑음,단일로 - 기타,단일로,기타,0,0,1,0,1,1,0,Y,N,가해,개인형이동수단(PM),남,51-60세,기타불명,승용,남,65세 이상,상해없음,2021.xlsx
2021152147,2021-10,2021,10,중랑구,주간,경상사고,차대차 - 충돌,차대차,충돌,안전운전불이행,건조,맑음,교차로 - 교차로안,교차로,교차로안,0,0,1,0,1,1,0,Y,N,가해,개인형이동수단(PM),남,21-30세,경상,승용,남,61-64세,상해없음,2021.xlsx
2021154972,2021-10,2021,10,중랑구,야간,중상사고,차대사람 - 횡단중,차대사람,횡단중,신호위반,건조,맑음,교차로 - 교차로부근,교차로,교차로부근,0,1,0,0,1,1,1,Y,N,가해,개인형이동수단(PM),남,21-30세,상해없음,보행자,남,41-50세,중상,2021.xlsx
2021162905,2021-10,2021,10,중랑구,주간,경상사고,차대사람 - 기타,차대사람,기타,안전운전불이행,건조,맑음,단일로 - 기타,단일로,기타,0,0,1,0,1,1,0,Y,N,가해,개인형이동수단(PM),여,21-30세,상해없음,보행자,여,51-60세,경상,2021.xlsx
2021165030,2021-10,2021,10,중랑구,야간,경상사고,차대차 - 충돌,차대차,충돌,신호위반,건조,맑음,교차로 - 교차로안,교차로,교차로안,0,0,1,0,1,1,0,N,Y,피해,화물,남,51-60세,상해없음,개인형이동수단(PM),여,41-50세,경상,2021.xlsx
2021168698,2021-11,2021,11,강남구,야간,경상사고,차대차 - 충돌,차대차,충돌,안전운전불이행,건조,맑음,단일로 - 기타,단일로,기타,0,0,1,0,1,1,0,N,Y,피해,승용,남,51-60세,상해없음,개인형이동수단(PM),남,41-50세,경상,2021.xlsx
2021175882,2021-11,2021,11,강남구,주간,중상사고,차대차 - 기타,차대차,기타,안전운전불이행,건조,맑음,단일로 - 기타,단일로,기타,0,1,0,0,1,1,1,N,Y,피해,이륜,남,31-40세,상해없음,개인형이동수단(PM),남,41-50세,상해없음,2021.xlsx
2021176153,2021-11,2021,11,강남구,야간,부상신고사고,차량단독 - 기타,차량단독,기타,기타,건조,맑음,기타 - 기타,기타,기타,0,0,0,1,1,1,0,Y,N,가해,개인형이동수단(PM),남,31-40세,부상신고,,,,,2021.xlsx
2021178484,2021-11,2021,11,강남구,야간,중상사고,차대차 - 충돌,차대차,충돌,기타,건조,맑음,교차로 - 교차로안,교차로,교차로안,0,1,0,0,1,1,1,Y,N,가해,개인형이동수단(PM),여,21-30세,중상,승용,남,21-30세,상해없음,2021.xlsx
2021172229,2021-11,2021,11,강동구,야간,경상사고,차대차 - 기타,차대차,기타,안전운전불이행,건조,맑음,교차로 - 교차로안,교차로,교차로안,0,0,1,0,1,1,0,Y,N,가해,개인형이동수단(PM),남,41-50세,경상,승용,여,31-40세,상해없음,2021.xlsx
2021182837,2021-11,2021,11,강동구,주간,경상사고,차대차 - 기타,차대차,기타,신호위반,건조,맑음,단일로 - 기타,단일로,기타,0,0,1,0,1,1,0,N,Y,피해,자전거,여,51-60세,상해없음,개인형이동수단(PM),여,21-30세,경상,2021.xlsx
2021170787,2021-11,2021,11,강북구,주간,중상사고,차대사람 - 횡단중,차대사람,횡단중,신호위반,건조,맑음,단일로 - 기타,단일로,기타,0,2,0,0,2,2,2,Y,N,가해,개인형이동수단(PM),남,41-50세,상해없음,보행자,여,51-60세,중상,2021.xlsx
2021175964,2021-11,2021,11,강북구,야간,경상사고,차대차 - 충돌,차대차,충돌,안전운전불이행,건조,맑음,교차로 - 교차로안,교차로,교차로안,0,0,1,0,1,1,0,N,Y,피해,승용,남,51-60세,기타불명,개인형이동수단(PM),남,31-40세,경상,2021.xlsx
2021169365,2021-11,2021,11,강서구,주간,경상사고,차대차 - 충돌,차대차,충돌,기타,건조,맑음,단일로 - 기타,단일로,기타,0,0,1,0,1,1,0,N,Y,피해,승용,남,41-50세,상해없음,개인형이동수단(PM),남,31-40세,경상,2021.xlsx
2021170947,2021-11,2021,11,강서구,야간,부상신고사고,차대차 - 충돌,차대차,충돌,안전운전불이행,건조,흐림,단일로 - 기타,단일로,기타,0,0,0,1,1,1,0,N,Y,피해,자전거,여,31-40세,부상신고,개인형이동수단(PM),남,31-40세,상해없음,2021.xlsx
2021183067,2021-11,2021,11,강서구,야간,중상사고,차대차 - 충돌,차대차,충돌,안전운전불이행,건조,맑음,단일로 - 기타,단일로,기타,0,1,0,0,1,1,1,Y,N,가해,개인형이동수단(PM),남,20세 이하,상해없음,자전거,여,65세 이상,중상,2021.xlsx
2021174753,2021-11,2021,11,관악구,야간,경상사고,차대사람 - 기타,차대사람,기타,안전운전불이행,건조,맑음,단일로 - 기타,단일로,기타,0,0,2,0,2,2,0,Y,N,가해,개인형이동수단(PM),여,21-30세,기타불명,보행자,여,21-30세,경상,2021.xlsx
2021174801,2021-11,2021,11,관악구,야간,중상사고,차대차 - 충돌,차대차,충돌,기타,건조,기타,교차로 - 교차로안,교차로,교차로안,0,1,0,0,1,1,1,Y,N,가해,개인형이동수단(PM),남,21-30세,중상,승용,남,65세 이상,상해없음,2021.xlsx
2021185398,2021-11,2021,11,관악구,야간,경상사고,차대사람 - 횡단중,차대사람,횡단중,안전운전불이행,건조,맑음,교차로 - 교차로횡단보도내,교차로,교차로횡단보도내,0,0,1,0,1,1,0,Y,N,가해,개인형이동수단(PM),남,31-40세,상해없음,보행자,여,21-30세,경상,2021.xlsx
2021168101,2021-11,2021,11,광진구,야간,경상사고,차대사람 - 기타,차대사람,기타,안전운전불이행,건조,맑음,단일로 - 기타,단일로,기타,0,0,1,0,1,1,0,Y,N,가해,개인형이동수단(PM),남,21-30세,상해없음,보행자,남,21-30세,경상,2021.xlsx
2021169882,2021-11,2021,11,광진구,야간,중상사고,차대차 - 충돌,차대차,충돌,안전운전불이행,건조,맑음,교차로 - 교차로부근,교차로,교차로부근,0,1,0,0,1,1,1,N,Y,피해,승용,남,61-64세,상해없음,개인형이동수단(PM),여,21-30세,중상,2021.xlsx
2021169722,2021-11,2021,11,구로구,야간,중상사고,차대차 - 충돌,차대차,충돌,안전운전불이행,건조,맑음,단일로 - 기타,단일로,기타,0,1,0,0,1,1,1,N,Y,피해,승용,남,51-60세,상해없음,개인형이동수단(PM),남,21-30세,중상,2021.xlsx
2021170226,2021-11,2021,11,금천구,주간,경상사고,차대차 - 충돌,차대차,충돌,신호위반,건조,맑음,교차로 - 교차로부근,교차로,교차로부근,0,0,1,0,1,1,0,N,Y,피해,승합,남,21-30세,상해없음,개인형이동수단(PM),남,41-50세,경상,2021.xlsx
2021176056,2021-11,2021,11,금천구,야간,경상사고,차대차 - 충돌,차대차,충돌,중앙선침범,건조,맑음,단일로 - 기타,단일로,기타,0,0,2,0,2,2,0,Y,N,가해,개인형이동수단(PM),남,21-30세,경상,승용,남,51-60세,경상,2021.xlsx
2021175924,2021-11,2021,11,노원구,야간,경상사고,차대사람 - 보도통행중,차대사람,보도통행중,안전운전불이행,건조,맑음,교차로 - 교차로부근,교차로,교차로부근,0,0,1,0,1,1,0,Y,N,가해,개인형이동수단(PM),남,20세 이하,상해없음,보행자,남,61-64세,경상,2021.xlsx
2021172206,2021-11,2021,11,동대문구,야간,경상사고,차대차 - 충돌,차대차,충돌,신호위반,건조,맑음,단일로 - 기타,단일로,기타,0,0,1,0,1,1,0,N,Y,피해,승용,남,41-50세,상해없음,개인형이동수단(PM),여,13-20세,경상,2021.xlsx
2021175494,2021-11,2021,11,동대문구,야간,경상사고,차대차 - 충돌,차대차,충돌,신호위반,건조,맑음,교차로 - 교차로안,교차로,교차로안,0,0,1,0,1,1,0,N,Y,피해,승용,남,51-60세,상해없음,개인형이동수단(PM),남,31-40세,경상,2021.xlsx
2021179040,2021-11,2021,11,동작구,야간,부상신고사고,차량단독 - 기타,차량단독,기타,안전운전불이행,건조,맑음,기타 - 기타,기타,기타,0,0,0,1,1,1,0,Y,N,가해,개인형이동수단(PM),남,31-40세,부상신고,,,,,2021.xlsx
2021181398,2021-11,2021,11,동작구,야간,부상신고사고,차량단독 - 기타,차량단독,기타,안전운전불이행,건조,맑음,단일로 - 기타,단일로,기타,0,0,0,1,1,1,0,Y,N,가해,개인형이동수단(PM),남,21-30세,부상신고,,,,,2021.xlsx
2021176118,2021-11,2021,11,마포구,야간,경상사고,차대사람 - 보도통행중,차대사람,보도통행중,기타,건조,맑음,단일로 - 기타,단일로,기타,0,0,1,0,1,1,0,Y,N,가해,개인형이동수단(PM),여,21-30세,기타불명,보행자,남,31-40세,경상,2021.xlsx
2021176651,2021-11,2021,11,마포구,주간,부상신고사고,차대사람 - 횡단중,차대사람,횡단중,보행자보호의무위반,건조,맑음,단일로 - 기타,단일로,기타,0,0,0,1,1,1,0,Y,N,가해,개인형이동수단(PM),남,41-50세,상해없음,보행자,여,65세 이상,부상신고,2021.xlsx
2021180835,2021-11,2021,11,마포구,야간,경상사고,차대차 - 기타,차대차,기타,신호위반,건조,맑음,단일로 - 기타,단일로,기타,0,0,1,0,1,1,0,Y,N,가해,개인형이동수단(PM),남,21-30세,경상,화물,남,51-60세,기타불명,2021.xlsx
2021169815,2021-11,2021,11,서대문구,야간,중상사고,차대사람 - 기타,차대사람,기타,기타,건조,맑음,단일로 - 기타,단일로,기타,0,1,0,0,1,1,1,Y,N,가해,개인형이동수단(PM),남,21-30세,상해없음,보행자,여,31-40세,중상,2021.xlsx
2021182129,2021-11,2021,11,서대문구,주간,부상신고사고,차대차 - 충돌,차대차,충돌,안전운전불이행,건조,맑음,교차로 - 교차로안,교차로,교차로안,0,0,0,1,1,1,0,Y,N,가해,개인형이동수단(PM),남,21-30세,부상신고,승용,여,31-40세,상해없음,2021.xlsx
2021183203,2021-11,2021,11,서대문구,야간,경상사고,차대차 - 충돌,차대차,충돌,기타,건조,맑음,교차로 - 교차로횡단보도내,교차로,교차로횡단보도내,0,0,1,0,1,1,0,Y,N,가해,개인형이동수단(PM),남,21-30세,상해없음,승용,남,51-60세,경상,2021.xlsx
2021174452,2021-11,2021,11,서초구,주간,중상사고,차대차 - 충돌,차대차,충돌,신호위반,건조,맑음,단일로 - 기타,단일로,기타,0,1,0,0,1,1,1,Y,N,가해,개인형이동수단(PM),남,31-40세,중상,이륜,남,65세 이상,상해없음,2021.xlsx
2021177289,2021-11,2021,11,성동구,주간,경상사고,차대사람 - 차도통행중,차대사람,차도통행중,안전운전불이행,건조,맑음,단일로 - 기타,단일로,기타,0,0,1,0,1,1,0,Y,N,가해,개인형이동수단(PM),여,20세 이하,상해없음,보행자,여,21-30세,경상,2021.xlsx
2021179738,2021-11,2021,11,성동구,야간,경상사고,차대사람 - 기타,차대사람,기타,신호위반,건조,맑음,단일로 - 기타,단일로,기타,0,0,1,0,1,1,0,Y,N,가해,개인형이동수단(PM),기타불명,기타불명,기타불명,보행자,남,21-30세,경상,2021.xlsx
2021168639,2021-11,2021,11,송파구,야간,사망사고,차대차 - 기타,차대차,기타,안전운전불이행,건조,맑음,교차로 - 교차로부근,교차로,교차로부근,1,0,0,0,0,1,1,N,Y,피해,승합,남,51-60세,상해없음,개인형이동수단(PM),남,41-50세,사망,2021.xlsx
2021179761,2021-11,2021,11,송파구,야간,중상사고,차대차 - 충돌,차대차,충돌,안전거리미확보,건조,맑음,단일로 - 기타,단일로,기타,0,1,0,0,1,1,1,N,Y,피해,이륜,남,21-30세,상해없음,개인형이동수단(PM),남,51-60세,중상,2021.xlsx
2021180060,2021-11,2021,11,송파구,주간,중상사고,차대차 - 충돌,차대차,충돌,안전운전불이행,건조,맑음,단일로 - 기타,단일로,기타,0,1,0,0,1,1,1,Y,N,가해,개인형이동수단(PM),남,21-30세,상해없음,자전거,남,51-60세,중상,2021.xlsx
2021180333,2021-11,2021,11,송파구,야간,경상사고,차대차 - 기타,차대차,기타,안전운전불이행,건조,기타,기타 - 기타,기타,기타,0,0,1,0,1,1,0,Y,N,가해,개인형이동수단(PM),남,31-40세,경상,승용,남,21-30세,기타불명,2021.xlsx
2021183212,2021-11,2021,11,송파구,야간,경상사고,차대차 - 충돌,차대차,충돌,안전운전불이행,건조,맑음,교차로 - 교차로횡단보도내,교차로,교차로횡단보도내,0,0,1,0,1,1,0,N,Y,피해,승용,남,21-30세,상해없음,개인형이동수단(PM),남,51-60세,경상,2021.xlsx
2021185086,2021-11,2021,11,송파구,주간,경상사고,차대차 - 기타,차대차,기타,안전운전불이행,건조,기타,교차로 - 교차로부근,교차로,교차로부근,0,0,1,0,1,1,0,Y,N,가해,개인형이동수단(PM),여,21-30세,경상,화물,남,41-50세,상해없음,2021.xlsx
2021171518,2021-11,2021,11,영등포구,주간,경상사고,차대차 - 충돌,차대차,충돌,안전운전불이행,건조,맑음,교차로 - 교차로안,교차로,교차로안,0,0,1,0,1,1,0,Y,N,가해,개인형이동수단(PM),여,51-60세,경상,승용,여,41-50세,기타불명,2021.xlsx
2021176208,2021-11,2021,11,영등포구,주간,경상사고,차대사람 - 보도통행중,차대사람,보도통행중,기타,건조,맑음,단일로 - 기타,단일로,기타,0,0,1,0,1,1,0,Y,N,가해,개인형이동수단(PM),여,21-30세,상해없음,보행자,여,65세 이상,경상,2021.xlsx
2021179275,2021-11,2021,11,영등포구,주간,부상신고사고,차대차 - 충돌,차대차,충돌,안전운전불이행,건조,맑음,교차로 - 교차로부근,교차로,교차로부근,0,0,0,1,1,1,0,Y,N,가해,개인형이동수단(PM),남,21-30세,부상신고,승용,남,41-50세,상해없음,2021.xlsx
2021181577,2021-11,2021,11,영등포구,주간,경상사고,차대차 - 충돌,차대차,충돌,안전운전불이행,건조,맑음,교차로 - 교차로안,교차로,교차로안,0,0,1,0,1,1,0,N,Y,피해,승용,남,31-40세,상해없음,개인형이동수단(PM),남,31-40세,경상,2021.xlsx
2021169711,2021-11,2021,11,은평구,야간,경상사고,차대사람 - 보도통행중,차대사람,보도통행중,기타,건조,맑음,기타 - 기타,기타,기타,0,0,1,0,1,1,0,Y,N,가해,개인형이동수단(PM),남,65세 이상,상해없음,보행자,남,12세 이하,경상,2021.xlsx
2021180909,2021-11,2021,11,은평구,주간,경상사고,차대차 - 충돌,차대차,충돌,안전거리미확보,건조,맑음,단일로 - 기타,단일로,기타,0,0,1,0,1,1,0,N,Y,피해,승용,남,31-40세,상해없음,개인형이동수단(PM),남,41-50세,경상,2021.xlsx
2021184052,2021-11,2021,11,은평구,주간,경상사고,차대차 - 충돌,차대차,충돌,안전운전불이행,건조,맑음,교차로 - 교차로부근,교차로,교차로부근,0,0,2,1,3,3,0,Y,N,가해,개인형이동수단(PM),남,41-50세,부상신고,이륜,남,51-60세,경상,2021.xlsx
2021185665,2021-11,2021,11,은평구,주간,경상사고,차대차 - 충돌,차대차,충돌,기타,젖음/습기,비,교차로 - 교차로안,교차로,교차로안,0,0,1,0,1,1,0,N,Y,피해,승용,남,65세 이상,상해없음,개인형이동수단(PM),남,21-30세,경상,2021.xlsx
2021172315,2021-11,2021,11,종로구,주간,중상사고,차대사람 - 보도통행중,차대사람,보도통행중,기타,젖음/습기,맑음,단일로 - 기타,단일로,기타,0,1,0,1,2,2,1,Y,N,가해,개인형이동수단(PM),여,51-60세,부상신고,보행자,여,51-60세,중상,2021.xlsx
2021174897,2021-11,2021,11,종로구,주간,부상신고사고,차대사람 - 횡단중,차대사람,횡단중,신호위반,건조,맑음,교차로 - 교차로안,교차로,교차로안,0,0,0,1,1,1,0,Y,N,가해,개인형이동수단(PM),기타불명,기타불명,기타불명,보행자,남,12세 이하,부상신고,2021.xlsx
2021179816,2021-11,2021,11,중구,야간,경상사고,차대차 - 충돌,차대차,충돌,중앙선침범,건조,맑음,단일로 - 기타,단일로,기타,0,0,1,0,1,1,0,Y,N,가해,개인형이동수단(PM),남,31-40세,경상,화물,남,31-40세,상해없음,2021.xlsx
2021168338,2021-11,2021,11,중랑구,주간,부상신고사고,차대차 - 충돌,차대차,충돌,안전거리미확보,건조,맑음,단일로 - 기타,단일로,기타,0,0,0,1,1,1,0,Y,N,가해,개인형이동수단(PM),남,51-60세,부상신고,승합,남,31-40세,상해없음,2021.xlsx
2021192295,2021-12,2021,12,강남구,주간,경상사고,차대차 - 기타,차대차,기타,안전운전불이행,건조,맑음,단일로 - 기타,단일로,기타,0,0,1,0,1,1,0,N,Y,피해,승합,남,31-40세,상해없음,개인형이동수단(PM),남,21-30세,경상,2021.xlsx
2021192523,2021-12,2021,12,강남구,야간,경상사고,차대차 - 충돌,차대차,충돌,안전운전불이행,건조,맑음,교차로 - 교차로횡단보도내,교차로,교차로횡단보도내,0,0,1,0,1,1,0,Y,N,가해,개인형이동수단(PM),남,21-30세,경상,승용,남,31-40세,상해없음,2021.xlsx
2021198540,2021-12,2021,12,강남구,주간,경상사고,차대차 - 기타,차대차,기타,안전운전불이행,건조,맑음,교차로 - 교차로부근,교차로,교차로부근,0,0,1,0,1,1,0,Y,N,가해,개인형이동수단(PM),남,20세 이하,경상,승용,남,31-40세,상해없음,2021.xlsx
2021201485,2021-12,2021,12,강남구,주간,경상사고,차대차 - 기타,차대차,기타,안전운전불이행,젖음/습기,맑음,교차로 - 교차로횡단보도내,교차로,교차로횡단보도내,0,0,1,0,1,1,0,Y,N,가해,개인형이동수단(PM),남,31-40세,경상,승용,남,41-50세,상해없음,2021.xlsx
2021188956,2021-12,2021,12,강북구,주간,경상사고,차대차 - 기타,차대차,기타,중앙선침범,건조,맑음,단일로 - 기타,단일로,기타,0,0,1,0,1,1,0,Y,N,가해,개인형이동수단(PM),여,41-50세,상해없음,이륜,남,21-30세,경상,2021.xlsx
2021196610,2021-12,2021,12,강북구,야간,경상사고,차대사람 - 기타,차대사람,기타,신호위반,건조,맑음,교차로 - 교차로안,교차로,교차로안,0,0,2,0,2,2,0,Y,N,가해,개인형이동수단(PM),남,21-30세,상해없음,보행자,남,65세 이상,경상,2021.xlsx
2021197988,2021-12,2021,12,강북구,주간,경상사고,차대차 - 기타,차대차,기타,안전운전불이행,건조,맑음,교차로 - 교차로부근,교차로,교차로부근,0,0,1,0,1,1,0,N,Y,피해,승용,남,41-50세,상해없음,개인형이동수단(PM),남,41-50세,경상,2021.xlsx
2021186697,2021-12,2021,12,강서구,야간,경상사고,차대차 - 추돌,차대차,추돌,기타,건조,맑음,교차로 - 교차로안,교차로,교차로안,0,0,1,0,1,1,0,N,Y,피해,승용,남,31-40세,상해없음,개인형이동수단(PM),여,41-50세,경상,2021.xlsx
2021190481,2021-12,2021,12,강서구,주간,경상사고,차대차 - 기타,차대차,기타,신호위반,건조,맑음,단일로 - 기타,단일로,기타,0,0,1,0,1,1,0,N,Y,피해,승용,남,51-60세,상해없음,개인형이동수단(PM),여,31-40세,경상,2021.xlsx
2021198125,2021-12,2021,12,강서구,주간,중상사고,차량단독 - 기타,차량단독,기타,기타,건조,맑음,단일로 - 기타,단일로,기타,0,1,0,0,1,1,1,Y,N,가해,개인형이동수단(PM),여,21-30세,중상,,,,,2021.xlsx
2021194376,2021-12,2021,12,관악구,야간,경상사고,차대사람 - 보도통행중,차대사람,보도통행중,안전운전불이행,건조,맑음,기타 - 기타,기타,기타,0,0,1,0,1,1,0,Y,N,가해,개인형이동수단(PM),남,21-30세,상해없음,보행자,남,21-30세,경상,2021.xlsx
2021202160,2021-12,2021,12,관악구,주간,경상사고,차대사람 - 보도통행중,차대사람,보도통행중,안전운전불이행,건조,맑음,기타 - 기타,기타,기타,0,0,1,0,1,1,0,Y,N,가해,개인형이동수단(PM),남,21-30세,상해없음,보행자,여,21-30세,경상,2021.xlsx
2021202927,2021-12,2021,12,관악구,야간,경상사고,차대차 - 충돌,차대차,충돌,신호위반,건조,흐림,단일로 - 기타,단일로,기타,0,0,1,0,1,1,0,N,Y,피해,승용,남,61-64세,상해없음,개인형이동수단(PM),남,21-30세,경상,2021.xlsx
2021190899,2021-12,2021,12,광진구,주간,경상사고,차대차 - 기타,차대차,기타,안전운전불이행,건조,맑음,기타 - 기타,기타,기타,0,0,1,0,1,1,0,N,Y,피해,기타불명,기타불명,기타불명,기타불명,개인형이동수단(PM),여,21-30세,경상,2021.xlsx
2021194930,2021-12,2021,12,광진구,야간,경상사고,차대차 - 충돌,차대차,충돌,안전운전불이행,건조,맑음,단일로 - 기타,단일로,기타,0,0,1,0,1,1,0,Y,N,가해,개인형이동수단(PM),여,21-30세,상해없음,자전거,남,41-50세,경상,2021.xlsx
2021186698,2021-12,2021,12,구로구,야간,경상사고,차대차 - 충돌,차대차,충돌,안전운전불이행,건조,맑음,교차로 - 교차로횡단보도내,교차로,교차로횡단보도내,0,0,1,0,1,1,0,N,Y,피해,승용,남,41-50세,상해없음,개인형이동수단(PM),남,51-60세,경상,2021.xlsx
2021194025,2021-12,2021,12,구로구,야간,중상사고,차대차 - 충돌,차대차,충돌,안전운전불이행,젖음/습기,비,단일로 - 기타,단일로,기타,0,1,0,0,1,1,1,N,Y,피해,승용,남,61-64세,상해없음,개인형이동수단(PM),여,31-40세,중상,2021.xlsx
2021197159,2021-12,2021,12,구로구,야간,경상사고,차대차 - 기타,차대차,기타,안전운전불이행,건조,맑음,단일로 - 기타,단일로,기타,0,0,1,0,1,1,0,Y,N,가해,개인형이동수단(PM),남,61-64세,상해없음,이륜,남,31-40세,경상,2021.xlsx
2021189071,2021-12,2021,12,노원구,야간,중상사고,차대차 - 충돌,차대차,충돌,기타,건조,맑음,단일로 - 기타,단일로,기타,0,1,0,0,1,1,1,N,Y,피해,승용,남,21-30세,상해없음,개인형이동수단(PM),남,21-30세,중상,2021.xlsx
2021190092,2021-12,2021,12,동대문구,야간,경상사고,차대차 - 기타,차대차,기타,안전운전불이행,건조,흐림,교차로 - 교차로부근,교차로,교차로부근,0,0,1,0,1,1,0,N,Y,피해,승용,남,65세 이상,상해없음,개인형이동수단(PM),남,31-40세,경상,2021.xlsx
2021191555,2021-12,2021,12,동대문구,주간,부상신고사고,차대차 - 기타,차대차,기타,기타,건조,흐림,교차로 - 교차로안,교차로,교차로안,0,0,0,1,1,1,0,Y,N,가해,개인형이동수단(PM),남,31-40세,부상신고,승용,여,65세 이상,상해없음,2021.xlsx
2021186691,2021-12,2021,12,동작구,야간,경상사고,차대사람 - 보도통행중,차대사람,보도통행중,안전운전불이행,건조,맑음,기타 - 기타,기타,기타,0,0,1,0,1,1,0,Y,N,가해,개인형이동수단(PM),남,21-30세,상해없음,보행자,남,21-30세,경상,2021.xlsx
2021190035,2021-12,2021,12,동작구,주간,경상사고,차대차 - 기타,차대차,기타,안전운전불이행,건조,맑음,단일로 - 기타,단일로,기타,0,0,1,0,1,1,0,Y,N,가해,개인형이동수단(PM),여,31-40세,경상,승용,남,51-60세,상해없음,2021.xlsx
2021192678,2021-12,2021,12,동작구,주간,경상사고,차대사람 - 횡단중,차대사람,횡단중,보행자보호의무위반,건조,맑음,교차로 - 교차로안,교차로,교차로안,0,0,1,0,1,1,0,Y,N,가해,개인형이동수단(PM),남,20세 이하,상해없음,보행자,여,31-40세,경상,2021.xlsx
2021197538,2021-12,2021,12,동작구,주간,부상신고사고,차대차 - 충돌,차대차,충돌,안전운전불이행,건조,맑음,교차로 - 교차로부근,교차로,교차로부근,0,0,0,1,1,1,0,Y,N,가해,개인형이동수단(PM),남,20세 이하,부상신고,이륜,남,13-20세,상해없음,2021.xlsx
2021188819,2021-12,2021,12,마포구,주간,경상사고,차대사람 - 횡단중,차대사람,횡단중,신호위반,건조,맑음,교차로 - 교차로안,교차로,교차로안,0,0,1,0,1,1,0,Y,N,가해,개인형이동수단(PM),남,41-50세,상해없음,보행자,여,21-30세,경상,2021.xlsx
2021195744,2021-12,2021,12,마포구,야간,경상사고,차대사람 - 보도통행중,차대사람,보도통행중,안전운전불이행,건조,맑음,기타 - 기타,기타,기타,0,0,2,0,2,2,0,Y,N,가해,개인형이동수단(PM),남,20세 이하,상해없음,보행자,여,21-30세,경상,2021.xlsx
2021193442,2021-12,2021,12,서대문구,야간,중상사고,차대차 - 기타,차대차,기타,기타,건조,맑음,교차로 - 교차로안,교차로,교차로안,0,1,0,0,1,1,1,N,Y,피해,승용,남,21-30세,상해없음,개인형이동수단(PM),여,21-30세,중상,2021.xlsx
2021187240,2021-12,2021,12,서초구,야간,경상사고,차대사람 - 보도통행중,차대사람,보도통행중,안전운전불이행,건조,맑음,기타 - 기타,기타,기타,0,0,1,0,1,1,0,Y,N,가해,개인형이동수단(PM),여,21-30세,상해없음,보행자,여,31-40세,경상,2021.xlsx
2021192491,2021-12,2021,12,서초구,야간,중상사고,차대차 - 충돌,차대차,충돌,신호위반,건조,맑음,교차로 - 교차로횡단보도내,교차로,교차로횡단보도내,0,1,0,0,1,1,1,N,Y,피해,이륜,남,41-50세,상해없음,개인형이동수단(PM),남,21-30세,중상,2021.xlsx
2021191752,2021-12,2021,12,성북구,야간,중상사고,차대차 - 추돌,차대차,추돌,기타,건조,맑음,교차로 - 교차로안,교차로,교차로안,0,1,0,0,1,1,1,N,Y,피해,이륜,남,21-30세,상해없음,개인형이동수단(PM),남,31-40세,중상,2021.xlsx
2021194201,2021-12,2021,12,성북구,주간,경상사고,차대차 - 기타,차대차,기타,안전운전불이행,건조,맑음,교차로 - 교차로부근,교차로,교차로부근,0,0,1,0,1,1,0,N,Y,피해,승용,여,31-40세,상해없음,개인형이동수단(PM),남,65세 이상,경상,2021.xlsx
2021191363,2021-12,2021,12,송파구,야간,중상사고,차대차 - 충돌,차대차,충돌,안전운전불이행,건조,맑음,교차로 - 교차로안,교차로,교차로안,0,1,0,0,1,1,1,Y,N,가해,개인형이동수단(PM),남,51-60세,중상,승용,남,41-50세,상해없음,2021.xlsx
2021194833,2021-12,2021,12,송파구,주간,부상신고사고,차대차 - 충돌,차대차,충돌,신호위반,건조,맑음,교차로 - 교차로안,교차로,교차로안,0,0,0,1,1,1,0,Y,N,가해,개인형이동수단(PM),남,65세 이상,부상신고,승용,남,65세 이상,상해없음,2021.xlsx
2021195450,2021-12,2021,12,송파구,주간,중상사고,차대차 - 기타,차대차,기타,기타,건조,맑음,교차로 - 교차로안,교차로,교차로안,0,1,0,0,1,1,1,N,Y,피해,승용,여,61-64세,상해없음,개인형이동수단(PM),여,21-30세,중상,2021.xlsx
2021196670,2021-12,2021,12,송파구,야간,경상사고,차대차 - 기타,차대차,기타,안전운전불이행,건조,맑음,교차로 - 교차로횡단보도내,교차로,교차로횡단보도내,0,0,1,0,1,1,0,Y,N,가해,개인형이동수단(PM),여,20세 이하,경상,승용,남,13-20세,상해없음,2021.xlsx
2021202068,2021-12,2021,12,양천구,주간,중상사고,차대차 - 충돌,차대차,충돌,안전운전불이행,건조,맑음,단일로 - 기타,단일로,기타,0,1,0,0,1,1,1,Y,N,가해,개인형이동수단(PM),남,61-64세,중상,승용,남,65세 이상,상해없음,2021.xlsx
2021190140,2021-12,2021,12,영등포구,야간,경상사고,차대차 - 기타,차대차,기타,기타,건조,맑음,단일로 - 기타,단일로,기타,0,0,1,0,1,1,0,N,Y,피해,승용,남,51-60세,상해없음,개인형이동수단(PM),남,31-40세,경상,2021.xlsx
2021196950,2021-12,2021,12,영등포구,주간,경상사고,차대차 - 충돌,차대차,충돌,기타,건조,맑음,교차로 - 교차로안,교차로,교차로안,0,0,1,0,1,1,0,Y,N,가해,개인형이동수단(PM),남,31-40세,경상,승용,남,41-50세,상해없음,2021.xlsx
2021193177,2021-12,2021,12,용산구,주간,경상사고,차대사람 - 보도통행중,차대사람,보도통행중,기타,건조,맑음,기타 - 기타,기타,기타,0,0,1,0,1,1,0,Y,N,가해,개인형이동수단(PM),여,21-30세,상해없음,보행자,여,51-60세,경상,2021.xlsx
2021201365,2021-12,2021,12,종로구,야간,중상사고,차대차 - 기타,차대차,기타,기타,건조,맑음,교차로 - 교차로횡단보도내,교차로,교차로횡단보도내,0,1,0,0,1,1,1,Y,N,가해,개인형이동수단(PM),남,41-50세,중상,승합,남,51-60세,상해없음,2021.xlsx
2021193298,2021-12,2021,12,중구,야간,부상신고사고,차대차 - 기타,차대차,기타,안전운전불이행,건조,맑음,단일로 - 기타,단일로,기타,0,0,0,1,1,1,0,Y,N,가해,개인형이동수단(PM),남,20세 이하,부상신고,이륜,남,21-30세,기타불명,2021.xlsx
2021186892,2021-12,2021,12,중랑구,주간,경상사고,차대차 - 충돌,차대차,충돌,신호위반,건조,맑음,교차로 - 교차로부근,교차로,교차로부근,0,0,1,0,1,1,0,Y,N,가해,개인형이동수단(PM),남,21-30세,경상,승용,여,51-60세,상해없음,2021.xlsx
2021194374,2021-12,2021,12,중랑구,야간,경상사고,차대차 - 충돌,차대차,충돌,기타,건조,맑음,기타 - 기타,기타,기타,0,0,1,0,1,1,0,N,Y,피해,승용,남,51-60세,기타불명,개인형이동수단(PM),남,21-30세,경상,2021.xlsx
2021201483,2021-12,2021,12,중랑구,주간,부상신고사고,차대차 - 충돌,차대차,충돌,기타,건조,맑음,교차로 - 교차로안,교차로,교차로안,0,0,0,1,1,1,0,Y,N,가해,개인형이동수단(PM),남,21-30세,부상신고,승용,남,31-40세,상해없음,2021.xlsx
2022003103,2022-01,2022,1,강남구,주간,경상사고,차대차 - 충돌,차대차,충돌,안전운전불이행,건조,맑음,교차로 - 교차로안,교차로,교차로안,0,0,1,0,1,1,0,Y,N,가해,개인형이동수단(PM),남,41-50세,경상,승용,남,51-60세,상해없음,2022.xlsx
2022007418,2022-01,2022,1,강남구,주간,경상사고,차대사람 - 길가장자리구역통행중,차대사람,길가장자리구역통행중,안전운전불이행,건조,맑음,단일로 - 기타,단일로,기타,0,0,1,0,1,1,0,Y,N,가해,개인형이동수단(PM),남,31-40세,경상,보행자,여,41-50세,상해없음,2022.xlsx
2022007562,2022-01,2022,1,강남구,주간,경상사고,차대사람 - 보도통행중,차대사람,보도통행중,기타,건조,맑음,기타 - 기타,기타,기타,0,0,1,0,1,1,0,Y,N,가해,개인형이동수단(PM),남,21-30세,상해없음,보행자,여,21-30세,경상,2022.xlsx
2022011031,2022-01,2022,1,강남구,야간,중상사고,차대차 - 기타,차대차,기타,신호위반,건조,흐림,단일로 - 기타,단일로,기타,0,1,0,0,1,1,1,N,Y,피해,승용,남,41-50세,상해없음,개인형이동수단(PM),남,21-30세,중상,2022.xlsx
2022014023,2022-01,2022,1,강남구,야간,경상사고,차대사람 - 횡단중,차대사람,횡단중,보행자보호의무위반,건조,맑음,기타 - 기타,기타,기타,0,0,1,0,1,1,0,Y,N,가해,개인형이동수단(PM),여,20세 이하,상해없음,보행자,여,21-30세,경상,2022.xlsx
2022004941,2022-01,2022,1,관악구,야간,경상사고,차대차 - 기타,차대차,기타,기타,젖음/습기,흐림,교차로 - 교차로부근,교차로,교차로부근,0,0,1,0,1,1,0,Y,N,가해,개인형이동수단(PM),남,31-40세,경상,화물,남,41-50세,상해없음,2022.xlsx
2022005939,2022-01,2022,1,관악구,야간,부상신고사고,차대사람 - 차도통행중,차대사람,차도통행중,안전운전불이행,건조,맑음,단일로 - 기타,단일로,기타,0,0,0,1,1,1,0,Y,N,가해,개인형이동수단(PM),남,51-60세,상해없음,보행자,여,31-40세,부상신고,2022.xlsx
2022006910,2022-01,2022,1,관악구,주간,중상사고,차대차 - 기타,차대차,기타,안전운전불이행,건조,맑음,교차로 - 교차로횡단보도내,교차로,교차로횡단보도내,0,1,0,0,1,1,1,Y,N,가해,개인형이동수단(PM),여,51-60세,중상,승용,남,21-30세,상해없음,2022.xlsx
2022007012,2022-01,2022,1,관악구,야간,부상신고사고,차대차 - 기타,차대차,기타,안전운전불이행,건조,맑음,단일로 - 기타,단일로,기타,0,0,0,1,1,1,0,Y,N,가해,개인형이동수단(PM),남,21-30세,상해없음,승용,남,21-30세,부상신고,2022.xlsx
2022004866,2022-01,2022,1,광진구,야간,경상사고,차대차 - 충돌,차대차,충돌,안전운전불이행,건조,맑음,단일로 - 기타,단일로,기타,0,0,1,0,1,1,0,Y,N,가해,개인형이동수단(PM),남,21-30세,경상,이륜,남,21-30세,상해없음,2022.xlsx
2022002114,2022-01,2022,1,구로구,주간,경상사고,차대차 - 충돌,차대차,충돌,기타,건조,맑음,교차로 - 교차로횡단보도내,교차로,교차로횡단보도내,0,0,1,0,1,1,0,Y,N,가해,개인형이동수단(PM),여,21-30세,경상,승용,남,65세 이상,상해없음,2022.xlsx
2022012980,2022-01,2022,1,구로구,야간,경상사고,차대차 - 기타,차대차,기타,안전운전불이행,건조,맑음,교차로 - 교차로안,교차로,교차로안,0,0,1,0,1,1,0,N,Y,피해,승용,남,31-40세,상해없음,개인형이동수단(PM),남,41-50세,경상,2022.xlsx
2022005851,2022-01,2022,1,노원구,주간,경상사고,차대사람 - 보도통행중,차대사람,보도통행중,안전운전불이행,건조,맑음,기타 - 기타,기타,기타,0,0,1,0,1,1,0,Y,N,가해,개인형이동수단(PM),남,21-30세,상해없음,보행자,남,21-30세,경상,2022.xlsx
2022014130,2022-01,2022,1,노원구,야간,경상사고,차대차 - 기타,차대차,기타,안전운전불이행,건조,맑음,교차로 - 교차로부근,교차로,교차로부근,0,0,1,0,1,1,0,N,Y,피해,화물,남,41-50세,상해없음,개인형이동수단(PM),남,41-50세,경상,2022.xlsx
2022000899,2022-01,2022,1,도봉구,주간,경상사고,차대차 - 기타,차대차,기타,안전운전불이행,건조,맑음,교차로 - 교차로부근,교차로,교차로부근,0,0,1,0,1,1,0,N,Y,피해,승용,남,31-40세,상해없음,개인형이동수단(PM),여,31-40세,경상,2022.xlsx
2022004343,2022-01,2022,1,도봉구,야간,경상사고,차대차 - 기타,차대차,기타,기타,건조,맑음,교차로 - 교차로안,교차로,교차로안,0,0,1,0,1,1,0,N,Y,피해,승용,남,20세 이하,상해없음,개인형이동수단(PM),남,51-60세,경상,2022.xlsx
2022008008,2022-01,2022,1,동대문구,주간,경상사고,차대차 - 충돌,차대차,충돌,신호위반,건조,맑음,단일로 - 기타,단일로,기타,0,0,1,0,1,1,0,Y,N,가해,개인형이동수단(PM),남,31-40세,경상,승용,남,31-40세,상해없음,2022.xlsx
2022002067,2022-01,2022,1,성동구,주간,경상사고,차대차 - 충돌,차대차,충돌,중앙선침범,건조,맑음,단일로 - 기타,단일로,기타,0,0,1,0,1,1,0,Y,N,가해,개인형이동수단(PM),남,21-30세,상해없음,이륜,남,41-50세,경상,2022.xlsx
2022013433,2022-01,2022,1,성동구,야간,경상사고,차대사람 - 보도통행중,차대사람,보도통행중,기타,건조,맑음,단일로 - 기타,단일로,기타,0,0,1,0,1,1,0,Y,N,가해,개인형이동수단(PM),남,20세 이하,상해없음,보행자,여,51-60세,경상,2022.xlsx
2022002377,2022-01,2022,1,송파구,야간,경상사고,차대차 - 기타,차대차,기타,안전운전불이행,건조,맑음,단일로 - 기타,단일로,기타,0,0,1,0,1,1,0,N,Y,피해,원동기,남,41-50세,상해없음,개인형이동수단(PM),남,31-40세,경상,2022.xlsx
2022014353,2022-01,2022,1,송파구,주간,중상사고,차대차 - 충돌,차대차,충돌,신호위반,건조,맑음,교차로 - 교차로안,교차로,교차로안,0,1,0,0,1,1,1,Y,N,가해,개인형이동수단(PM),남,31-40세,중상,승용,여,31-40세,상해없음,2022.xlsx
2022011075,2022-01,2022,1,양천구,야간,경상사고,차대차 - 기타,차대차,기타,안전운전불이행,건조,맑음,단일로 - 기타,단일로,기타,0,0,1,0,1,1,0,N,Y,피해,승용,남,65세 이상,상해없음,개인형이동수단(PM),남,65세 이상,경상,2022.xlsx
2022003597,2022-01,2022,1,종로구,주간,경상사고,차대차 - 기타,차대차,기타,안전운전불이행,건조,맑음,단일로 - 기타,단일로,기타,0,0,1,0,1,1,0,N,Y,피해,승용,남,65세 이상,상해없음,개인형이동수단(PM),남,31-40세,경상,2022.xlsx
2022021592,2022-02,2022,2,강남구,야간,경상사고,차대사람 - 기타,차대사람,기타,기타,건조,맑음,기타 - 기타,기타,기타,0,0,1,0,1,1,0,Y,N,가해,개인형이동수단(PM),남,65세 이상,기타불명,보행자,여,21-30세,경상,2022.xlsx
2022025382,2022-02,2022,2,강남구,주간,경상사고,차대차 - 기타,차대차,기타,안전운전불이행,건조,맑음,단일로 - 기타,단일로,기타,0,0,1,0,1,1,0,N,Y,피해,승용,여,31-40세,상해없음,개인형이동수단(PM),남,21-30세,경상,2022.xlsx
2022027632,2022-02,2022,2,강남구,야간,중상사고,차대차 - 충돌,차대차,충돌,안전운전불이행,건조,맑음,단일로 - 기타,단일로,기타,0,1,0,0,1,1,1,Y,N,가해,개인형이동수단(PM),남,31-40세,중상,이륜,남,31-40세,상해없음,2022.xlsx
2022019856,2022-02,2022,2,관악구,야간,경상사고,차대차 - 충돌,차대차,충돌,안전운전불이행,기타,맑음,교차로 - 교차로안,교차로,교차로안,0,0,1,0,1,1,0,Y,N,가해,개인형이동수단(PM),남,31-40세,상해없음,이륜,남,21-30세,경상,2022.xlsx
2022028131,2022-02,2022,2,광진구,야간,중상사고,차대차 - 충돌,차대차,충돌,중앙선침범,건조,맑음,교차로 - 교차로횡단보도내,교차로,교차로횡단보도내,0,1,0,0,1,1,1,Y,N,가해,개인형이동수단(PM),남,21-30세,상해없음,이륜,남,21-30세,중상,2022.xlsx
2022021594,2022-02,2022,2,구로구,야간,경상사고,차대차 - 기타,차대차,기타,안전운전불이행,건조,맑음,교차로 - 교차로안,교차로,교차로안,0,0,1,0,1,1,0,Y,N,가해,개인형이동수단(PM),여,51-60세,상해없음,이륜,남,41-50세,경상,2022.xlsx
2022022189,2022-02,2022,2,구로구,주간,경상사고,차대차 - 기타,차대차,기타,신호위반,건조,맑음,교차로 - 교차로안,교차로,교차로안,0,0,1,0,1,1,0,N,Y,피해,화물,남,51-60세,상해없음,개인형이동수단(PM),남,21-30세,경상,2022.xlsx
2022022589,2022-02,2022,2,금천구,주간,경상사고,차대차 - 기타,차대차,기타,기타,건조,맑음,단일로 - 기타,단일로,기타,0,0,1,0,1,1,0,N,Y,피해,승용,남,41-50세,상해없음,개인형이동수단(PM),남,31-40세,경상,2022.xlsx
2022027127,2022-02,2022,2,금천구,주간,중상사고,차대차 - 충돌,차대차,충돌,안전운전불이행,건조,맑음,단일로 - 기타,단일로,기타,0,1,0,0,1,1,1,N,Y,피해,승용,남,31-40세,상해없음,개인형이동수단(PM),남,41-50세,중상,2022.xlsx
2022018412,2022-02,2022,2,노원구,야간,부상신고사고,차대차 - 충돌,차대차,충돌,기타,건조,맑음,교차로 - 교차로안,교차로,교차로안,0,0,0,1,1,1,0,Y,N,가해,개인형이동수단(PM),남,21-30세,부상신고,승용,남,21-30세,상해없음,2022.xlsx
2022016842,2022-02,2022,2,동대문구,야간,경상사고,차대차 - 충돌,차대차,충돌,중앙선침범,기타,흐림,단일로 - 기타,단일로,기타,0,0,1,0,1,1,0,Y,N,가해,개인형이동수단(PM),여,21-30세,상해없음,이륜,남,21-30세,경상,2022.xlsx
2022026193,2022-02,2022,2,동작구,야간,경상사고,차대차 - 충돌,차대차,충돌,안전운전불이행,건조,맑음,단일로 - 기타,단일로,기타,0,0,1,0,1,1,0,N,Y,피해,이륜,남,20세 이하,상해없음,개인형이동수단(PM),남,51-60세,경상,2022.xlsx
2022024036,2022-02,2022,2,송파구,주간,경상사고,차대차 - 충돌,차대차,충돌,기타,건조,맑음,교차로 - 교차로횡단보도내,교차로,교차로횡단보도내,0,0,1,0,1,1,0,Y,N,가해,개인형이동수단(PM),남,21-30세,경상,이륜,남,51-60세,상해없음,2022.xlsx
2022016811,2022-02,2022,2,영등포구,야간,중상사고,차대사람 - 횡단중,차대사람,횡단중,신호위반,건조,맑음,단일로 - 기타,단일로,기타,0,1,0,0,1,1,1,Y,N,가해,개인형이동수단(PM),여,31-40세,상해없음,보행자,남,51-60세,중상,2022.xlsx
2022023956,2022-02,2022,2,영등포구,야간,경상사고,차대차 - 충돌,차대차,충돌,안전운전불이행,건조,맑음,단일로 - 기타,단일로,기타,0,0,1,0,1,1,0,N,Y,피해,승용,남,65세 이상,상해없음,개인형이동수단(PM),남,61-64세,경상,2022.xlsx
2022034635,2022-03,2022,3,강남구,야간,경상사고,차대차 - 기타,차대차,기타,안전운전불이행,건조,기타,교차로 - 교차로횡단보도내,교차로,교차로횡단보도내,0,0,1,0,1,1,0,Y,N,가해,개인형이동수단(PM),남,21-30세,경상,승용,남,61-64세,상해없음,2022.xlsx
2022028792,2022-03,2022,3,강동구,주간,중상사고,차대차 - 기타,차대차,기타,교차로운행방법위반,건조,맑음,교차로 - 교차로안,교차로,교차로안,0,1,0,0,1,1,1,N,Y,피해,승용,남,65세 이상,상해없음,개인형이동수단(PM),여,61-64세,중상,2022.xlsx
2022040700,2022-03,2022,3,강동구,주간,중상사고,차대사람 - 기타,차대사람,기타,안전운전불이행,건조,맑음,단일로 - 기타,단일로,기타,0,1,1,0,2,2,1,Y,N,가해,개인형이동수단(PM),여,20세 이하,상해없음,보행자,남,51-60세,중상,2022.xlsx
2022036428,2022-03,2022,3,관악구,야간,경상사고,차대사람 - 기타,차대사람,기타,안전운전불이행,건조,맑음,기타 - 기타,기타,기타,0,0,1,0,1,1,0,Y,N,가해,개인형이동수단(PM),남,51-60세,상해없음,보행자,남,65세 이상,경상,2022.xlsx
2022038393,2022-03,2022,3,광진구,야간,경상사고,차대차 - 충돌,차대차,충돌,중앙선침범,건조,맑음,교차로 - 교차로부근,교차로,교차로부근,0,0,1,0,1,1,0,N,Y,피해,승용,남,51-60세,상해없음,개인형이동수단(PM),남,41-50세,경상,2022.xlsx
2022034578,2022-03,2022,3,구로구,주간,경상사고,차대차 - 충돌,차대차,충돌,신호위반,건조,맑음,단일로 - 기타,단일로,기타,0,0,1,0,1,1,0,Y,N,가해,개인형이동수단(PM),남,51-60세,경상,승용,여,21-30세,상해없음,2022.xlsx
2022036228,2022-03,2022,3,구로구,주간,중상사고,차대차 - 기타,차대차,기타,중앙선침범,젖음/습기,비,교차로 - 교차로안,교차로,교차로안,0,1,0,0,1,1,1,Y,N,가해,개인형이동수단(PM),남,31-40세,상해없음,이륜,남,21-30세,중상,2022.xlsx
2022029434,2022-03,2022,3,노원구,주간,경상사고,차대사람 - 기타,차대사람,기타,안전거리미확보,건조,맑음,단일로 - 기타,단일로,기타,0,0,1,0,1,1,0,Y,N,가해,개인형이동수단(PM),기타불명,기타불명,기타불명,보행자,남,31-40세,경상,2022.xlsx
2022031179,2022-03,2022,3,동대문구,야간,경상사고,차대사람 - 기타,차대사람,기타,안전운전불이행,건조,맑음,단일로 - 기타,단일로,기타,0,0,1,0,1,1,0,Y,N,가해,개인형이동수단(PM),남,20세 이하,경상,보행자,남,21-30세,상해없음,2022.xlsx
2022034825,2022-03,2022,3,동대문구,주간,중상사고,차대차 - 충돌,차대차,충돌,교차로운행방법위반,건조,맑음,교차로 - 교차로안,교차로,교차로안,0,1,0,0,1,1,1,N,Y,피해,화물,남,41-50세,상해없음,개인형이동수단(PM),남,21-30세,중상,2022.xlsx
2022038248,2022-03,2022,3,동대문구,주간,경상사고,차대차 - 기타,차대차,기타,신호위반,건조,맑음,교차로 - 교차로안,교차로,교차로안,0,0,1,0,1,1,0,N,Y,피해,승합,남,51-60세,상해없음,개인형이동수단(PM),남,21-30세,경상,2022.xlsx
2022030155,2022-03,2022,3,동작구,주간,경상사고,차대차 - 충돌,차대차,충돌,교차로운행방법위반,건조,맑음,교차로 - 교차로안,교차로,교차로안,0,0,1,1,2,2,0,Y,N,가해,개인형이동수단(PM),남,21-30세,부상신고,승용,여,41-50세,경상,2022.xlsx
2022035441,2022-03,2022,3,마포구,야간,경상사고,차대사람 - 횡단중,차대사람,횡단중,신호위반,건조,맑음,단일로 - 기타,단일로,기타,0,0,1,0,1,1,0,Y,N,가해,개인형이동수단(PM),남,20세 이하,상해없음,보행자,여,31-40세,경상,2022.xlsx
2022039625,2022-03,2022,3,마포구,야간,부상신고사고,차량단독 - 기타,차량단독,기타,안전운전불이행,기타,기타,단일로 - 기타,단일로,기타,0,0,0,1,1,1,0,Y,N,가해,개인형이동수단(PM),남,21-30세,부상신고,,,,,2022.xlsx
2022029682,2022-03,2022,3,서대문구,주간,부상신고사고,차대차 - 충돌,차대차,충돌,교차로운행방법위반,건조,맑음,교차로 - 교차로안,교차로,교차로안,0,0,0,1,1,1,0,Y,N,가해,개인형이동수단(PM),남,21-30세,부상신고,승용,남,61-64세,상해없음,2022.xlsx
2022029396,2022-03,2022,3,서초구,주간,경상사고,차대사람 - 보도통행중,차대사람,보도통행중,안전운전불이행,건조,맑음,기타 - 기타,기타,기타,0,0,1,0,1,1,0,Y,N,가해,개인형이동수단(PM),기타불명,기타불명,기타불명,보행자,남,13-20세,경상,2022.xlsx
2022038820,2022-03,2022,3,서초구,주간,경상사고,차대차 - 기타,차대차,기타,기타,건조,맑음,단일로 - 기타,단일로,기타,0,0,1,0,1,1,0,Y,N,가해,개인형이동수단(PM),남,41-50세,경상,승용,여,65세 이상,상해없음,2022.xlsx
2022041460,2022-03,2022,3,서초구,주간,부상신고사고,차대사람 - 기타,차대사람,기타,안전운전불이행,건조,맑음,기타 - 기타,기타,기타,0,0,0,1,1,1,0,Y,N,가해,개인형이동수단(PM),남,31-40세,기타불명,보행자,여,21-30세,부상신고,2022.xlsx
2022036676,2022-03,2022,3,성동구,야간,경상사고,차대사람 - 횡단중,차대사람,횡단중,안전운전불이행,건조,맑음,교차로 - 교차로안,교차로,교차로안,0,0,2,0,2,2,0,Y,N,가해,개인형이동수단(PM),남,20세 이하,상해없음,보행자,여,31-40세,경상,2022.xlsx
2022035601,2022-03,2022,3,성북구,야간,경상사고,차대차 - 충돌,차대차,충돌,안전거리미확보,건조,맑음,미분류 - 미분류,미분류,미분류,0,0,1,0,1,1,0,N,Y,피해,기타불명,남,51-60세,상해없음,개인형이동수단(PM),남,31-40세,경상,2022.xlsx
2022029097,2022-03,2022,3,송파구,야간,경상사고,차대차 - 기타,차대차,기타,안전운전불이행,건조,맑음,단일로 - 기타,단일로,기타,0,0,1,0,1,1,0,Y,N,가해,개인형이동수단(PM),남,20세 이하,상해없음,자전거,여,65세 이상,경상,2022.xlsx
2022035571,2022-03,2022,3,송파구,야간,중상사고,차대차 - 충돌,차대차,충돌,신호위반,젖음/습기,비,단일로 - 기타,단일로,기타,0,1,0,0,1,1,1,N,Y,피해,승용,남,41-50세,상해없음,개인형이동수단(PM),여,21-30세,중상,2022.xlsx
2022037062,2022-03,2022,3,송파구,주간,경상사고,차대차 - 충돌,차대차,충돌,안전운전불이행,건조,맑음,교차로 - 교차로안,교차로,교차로안,0,0,1,0,1,1,0,N,Y,피해,승용,남,41-50세,상해없음,개인형이동수단(PM),남,31-40세,경상,2022.xlsx
2022040530,2022-03,2022,3,송파구,주간,경상사고,차대차 - 기타,차대차,기타,안전운전불이행,건조,기타,기타 - 기타,기타,기타,0,0,1,0,1,1,0,Y,N,가해,개인형이동수단(PM),남,31-40세,상해없음,자전거,남,65세 이상,경상,2022.xlsx
2022041404,2022-03,2022,3,송파구,야간,부상신고사고,차량단독 - 전도전복,차량단독,전도전복,안전운전불이행,건조,맑음,교차로 - 교차로안,교차로,교차로안,0,0,0,1,1,1,0,Y,N,가해,개인형이동수단(PM),남,51-60세,부상신고,,,,,2022.xlsx
2022039370,2022-03,2022,3,영등포구,주간,부상신고사고,차대사람 - 보도통행중,차대사람,보도통행중,안전운전불이행,기타,기타,기타 - 기타,기타,기타,0,0,0,1,1,1,0,Y,N,가해,개인형이동수단(PM),남,31-40세,상해없음,보행자,여,41-50세,부상신고,2022.xlsx
2022034795,2022-03,2022,3,은평구,주간,중상사고,차대사람 - 기타,차대사람,기타,중앙선침범,건조,맑음,단일로 - 기타,단일로,기타,0,1,0,0,1,1,1,Y,N,가해,개인형이동수단(PM),여,21-30세,상해없음,보행자,여,51-60세,중상,2022.xlsx
2022036352,2022-03,2022,3,은평구,야간,중상사고,차대차 - 기타,차대차,기타,안전운전불이행,건조,맑음,교차로 - 교차로안,교차로,교차로안,0,1,0,0,1,1,1,N,Y,피해,승용,남,41-50세,상해없음,개인형이동수단(PM),남,21-30세,중상,2022.xlsx
2022039081,2022-03,2022,3,은평구,야간,경상사고,차대차 - 충돌,차대차,충돌,교차로운행방법위반,젖음/습기,흐림,교차로 - 교차로안,교차로,교차로안,0,0,1,0,1,1,0,N,Y,피해,승용,남,21-30세,상해없음,개인형이동수단(PM),남,21-30세,경상,2022.xlsx
2022040019,2022-03,2022,3,은평구,주간,경상사고,차대차 - 충돌,차대차,충돌,기타,건조,맑음,단일로 - 교량,단일로,교량,0,0,1,0,1,1,0,N,Y,피해,승용,남,65세 이상,상해없음,개인형이동수단(PM),여,31-40세,경상,2022.xlsx
2022039862,2022-03,2022,3,중랑구,야간,중상사고,차대차 - 충돌,차대차,충돌,안전운전불이행,건조,기타,교차로 - 교차로횡단보도내,교차로,교차로횡단보도내,0,1,0,0,1,1,1,Y,N,가해,개인형이동수단(PM),여,41-50세,중상,이륜,남,41-50세,상해없음,2022.xlsx
2022048286,2022-04,2022,4,강남구,야간,경상사고,차대차 - 기타,차대차,기타,안전운전불이행,젖음/습기,비,단일로 - 기타,단일로,기타,0,0,1,0,1,1,0,Y,N,가해,개인형이동수단(PM),남,31-40세,경상,승용,남,21-30세,상해없음,2022.xlsx
2022049926,2022-04,2022,4,강남구,야간,경상사고,차대사람 - 기타,차대사람,기타,기타,건조,맑음,단일로 - 기타,단일로,기타,0,0,1,0,1,1,0,Y,N,가해,개인형이동수단(PM),여,20세 이하,상해없음,보행자,남,13-20세,경상,2022.xlsx
2022050584,2022-04,2022,4,강남구,야간,경상사고,차대차 - 기타,차대차,기타,신호위반,기타,맑음,단일로 - 기타,단일로,기타,0,0,2,0,2,2,0,Y,N,가해,개인형이동수단(PM),남,21-30세,기타불명,승용,남,41-50세,상해없음,2022.xlsx
2022052898,2022-04,2022,4,강남구,주간,경상사고,차대사람 - 보도통행중,차대사람,보도통행중,안전운전불이행,건조,맑음,교차로 - 교차로횡단보도내,교차로,교차로횡단보도내,0,0,1,0,1,1,0,Y,N,가해,개인형이동수단(PM),기타불명,기타불명,기타불명,보행자,여,31-40세,경상,2022.xlsx
2022053973,2022-04,2022,4,강남구,주간,경상사고,차대차 - 기타,차대차,기타,신호위반,건조,맑음,교차로 - 교차로부근,교차로,교차로부근,0,0,1,0,1,1,0,N,Y,피해,승용,남,21-30세,기타불명,개인형이동수단(PM),남,21-30세,경상,2022.xlsx
2022056607,2022-04,2022,4,강남구,야간,경상사고,차대사람 - 기타,차대사람,기타,안전운전불이행,건조,흐림,기타 - 기타,기타,기타,0,0,1,0,1,1,0,Y,N,가해,개인형이동수단(PM),남,21-30세,상해없음,보행자,남,41-50세,경상,2022.xlsx
2022057286,2022-04,2022,4,강남구,주간,중상사고,차대차 - 기타,차대차,기타,기타,젖음/습기,흐림,주차장 - 주차장,주차장,주차장,0,1,0,0,1,1,1,Y,N,가해,개인형이동수단(PM),여,31-40세,중상,화물,남,51-60세,상해없음,2022.xlsx
2022057791,2022-04,2022,4,강남구,야간,중상사고,차대차 - 기타,차대차,기타,안전운전불이행,건조,맑음,단일로 - 기타,단일로,기타,0,1,0,0,1,1,1,N,Y,피해,이륜,남,41-50세,중상,개인형이동수단(PM),남,13-20세,상해없음,2022.xlsx
2022043205,2022-04,2022,4,강동구,주간,경상사고,차대사람 - 기타,차대사람,기타,안전운전불이행,건조,맑음,교차로 - 교차로부근,교차로,교차로부근,0,0,1,0,1,1,0,Y,N,가해,개인형이동수단(PM),남,31-40세,상해없음,보행자,여,13-20세,경상,2022.xlsx
2022051995,2022-04,2022,4,강서구,주간,중상사고,차대차 - 충돌,차대차,충돌,안전운전불이행,건조,맑음,교차로 - 교차로안,교차로,교차로안,0,1,0,0,1,1,1,N,Y,피해,승용,여,51-60세,상해없음,개인형이동수단(PM),남,21-30세,중상,2022.xlsx
2022053169,2022-04,2022,4,강서구,야간,경상사고,차대차 - 충돌,차대차,충돌,안전운전불이행,건조,맑음,단일로 - 기타,단일로,기타,0,0,1,0,1,1,0,Y,N,가해,개인형이동수단(PM),기타불명,기타불명,기타불명,자전거,여,51-60세,경상,2022.xlsx
2022047641,2022-04,2022,4,관악구,야간,중상사고,차대사람 - 보도통행중,차대사람,보도통행중,기타,건조,맑음,기타 - 기타,기타,기타,0,1,0,0,1,1,1,Y,N,가해,개인형이동수단(PM),남,21-30세,상해없음,보행자,남,31-40세,중상,2022.xlsx
2022045505,2022-04,2022,4,광진구,야간,경상사고,차대사람 - 기타,차대사람,기타,안전운전불이행,건조,맑음,단일로 - 기타,단일로,기타,0,0,1,0,1,1,0,Y,N,가해,개인형이동수단(PM),여,21-30세,기타불명,보행자,여,31-40세,경상,2022.xlsx
2022057827,2022-04,2022,4,구로구,야간,중상사고,차대차 - 충돌,차대차,충돌,중앙선침범,건조,맑음,단일로 - 기타,단일로,기타,0,1,0,0,1,1,1,N,Y,피해,이륜,남,51-60세,상해없음,개인형이동수단(PM),여,41-50세,중상,2022.xlsx
2022043960,2022-04,2022,4,노원구,주간,부상신고사고,차대차 - 기타,차대차,기타,안전거리미확보,건조,맑음,단일로 - 기타,단일로,기타,0,0,0,1,1,1,0,N,Y,피해,승용,남,65세 이상,상해없음,개인형이동수단(PM),남,21-30세,부상신고,2022.xlsx
2022049925,2022-04,2022,4,노원구,야간,부상신고사고,차대차 - 기타,차대차,기타,안전운전불이행,건조,맑음,단일로 - 기타,단일로,기타,0,0,0,1,1,1,0,N,Y,피해,자전거,남,41-50세,부상신고,개인형이동수단(PM),남,13-20세,상해없음,2022.xlsx
2022056745,2022-04,2022,4,노원구,주간,경상사고,차대차 - 추돌,차대차,추돌,안전운전불이행,건조,맑음,단일로 - 기타,단일로,기타,0,0,1,0,1,1,0,N,Y,피해,승용,남,61-64세,기타불명,개인형이동수단(PM),남,61-64세,경상,2022.xlsx
2022057008,2022-04,2022,4,노원구,야간,부상신고사고,차대차 - 충돌,차대차,충돌,기타,건조,맑음,단일로 - 기타,단일로,기타,0,0,0,1,1,1,0,Y,N,가해,개인형이동수단(PM),남,21-30세,부상신고,승용,남,21-30세,상해없음,2022.xlsx
2022057083,2022-04,2022,4,노원구,야간,경상사고,차대사람 - 기타,차대사람,기타,안전운전불이행,건조,맑음,기타 - 기타,기타,기타,0,0,1,0,1,1,0,Y,N,가해,개인형이동수단(PM),남,20세 이하,상해없음,보행자,남,12세 이하,경상,2022.xlsx
2022051489,2022-04,2022,4,동대문구,야간,중상사고,차대사람 - 기타,차대사람,기타,안전운전불이행,건조,맑음,단일로 - 기타,단일로,기타,0,1,0,0,1,1,1,Y,N,가해,개인형이동수단(PM),남,21-30세,상해없음,보행자,여,31-40세,중상,2022.xlsx
2022054630,2022-04,2022,4,동대문구,주간,경상사고,차대차 - 추돌,차대차,추돌,안전운전불이행,건조,맑음,교차로 - 교차로안,교차로,교차로안,0,0,1,0,1,1,0,Y,N,가해,개인형이동수단(PM),남,31-40세,상해없음,승용,남,31-40세,경상,2022.xlsx
2022056805,2022-04,2022,4,동대문구,주간,중상사고,차대차 - 기타,차대차,기타,기타,건조,맑음,단일로 - 기타,단일로,기타,0,1,0,0,1,1,1,N,Y,피해,승용,남,51-60세,상해없음,개인형이동수단(PM),남,41-50세,중상,2022.xlsx
2022043021,2022-04,2022,4,마포구,주간,중상사고,차대차 - 충돌,차대차,충돌,신호위반,건조,맑음,교차로 - 교차로횡단보도내,교차로,교차로횡단보도내,0,1,0,0,1,1,1,Y,N,가해,개인형이동수단(PM),남,21-30세,상해없음,이륜,여,51-60세,중상,2022.xlsx
2022049067,2022-04,2022,4,마포구,주간,경상사고,차대차 - 기타,차대차,기타,안전운전불이행,건조,맑음,교차로 - 교차로안,교차로,교차로안,0,0,1,0,1,1,0,Y,N,가해,개인형이동수단(PM),남,31-40세,상해없음,이륜,남,21-30세,경상,2022.xlsx
2022050127,2022-04,2022,4,마포구,주간,부상신고사고,차대차 - 충돌,차대차,충돌,신호위반,건조,맑음,교차로 - 교차로안,교차로,교차로안,0,0,0,1,1,1,0,Y,N,가해,개인형이동수단(PM),남,31-40세,부상신고,승용,남,61-64세,상해없음,2022.xlsx
2022053867,2022-04,2022,4,마포구,야간,부상신고사고,차대사람 - 기타,차대사람,기타,안전운전불이행,건조,맑음,교차로 - 교차로부근,교차로,교차로부근,0,0,0,1,1,1,0,Y,N,가해,개인형이동수단(PM),남,20세 이하,상해없음,보행자,남,31-40세,부상신고,2022.xlsx
2022054486,2022-04,2022,4,마포구,야간,중상사고,차대차 - 기타,차대차,기타,안전운전불이행,건조,맑음,기타 - 기타,기타,기타,0,1,0,0,1,1,1,Y,N,가해,개인형이동수단(PM),남,21-30세,상해없음,자전거,남,31-40세,중상,2022.xlsx
2022048373,2022-04,2022,4,서대문구,주간,중상사고,차대차 - 충돌,차대차,충돌,기타,건조,맑음,교차로 - 교차로안,교차로,교차로안,0,1,1,0,2,2,1,N,Y,피해,자전거,남,20세 이하,중상,개인형이동수단(PM),남,21-30세,경상,2022.xlsx
2022051371,2022-04,2022,4,서대문구,주간,부상신고사고,차대사람 - 보도통행중,차대사람,보도통행중,보행자보호의무위반,건조,맑음,단일로 - 기타,단일로,기타,0,0,0,1,1,1,0,Y,N,가해,개인형이동수단(PM),남,21-30세,상해없음,보행자,남,13-20세,부상신고,2022.xlsx
2022056662,2022-04,2022,4,서대문구,주간,경상사고,차대사람 - 보도통행중,차대사람,보도통행중,기타,건조,맑음,기타 - 기타,기타,기타,0,0,1,0,1,1,0,Y,N,가해,개인형이동수단(PM),남,21-30세,상해없음,보행자,남,12세 이하,경상,2022.xlsx
2022044090,2022-04,2022,4,서초구,주간,중상사고,차대차 - 충돌,차대차,충돌,신호위반,건조,맑음,교차로 - 교차로부근,교차로,교차로부근,0,1,0,0,1,1,1,N,Y,피해,이륜,남,61-64세,상해없음,개인형이동수단(PM),남,41-50세,중상,2022.xlsx
2022057118,2022-04,2022,4,성동구,야간,경상사고,차대차 - 충돌,차대차,충돌,기타,건조,맑음,교차로 - 교차로부근,교차로,교차로부근,0,0,1,0,1,1,0,Y,N,가해,개인형이동수단(PM),남,20세 이하,상해없음,이륜,남,13-20세,경상,2022.xlsx
2022057598,2022-04,2022,4,성동구,주간,중상사고,차대차 - 충돌,차대차,충돌,안전운전불이행,건조,맑음,단일로 - 기타,단일로,기타,0,1,0,0,1,1,1,Y,N,가해,개인형이동수단(PM),남,31-40세,중상,승용,여,41-50세,상해없음,2022.xlsx
2022045504,2022-04,2022,4,성북구,야간,경상사고,차대차 - 충돌,차대차,충돌,안전운전불이행,건조,맑음,단일로 - 기타,단일로,기타,0,0,1,0,1,1,0,N,Y,피해,승용,남,20세 이하,상해없음,개인형이동수단(PM),남,31-40세,경상,2022.xlsx
2022056596,2022-04,2022,4,성북구,야간,부상신고사고,차대차 - 기타,차대차,기타,안전운전불이행,건조,맑음,교차로 - 교차로안,교차로,교차로안,0,0,0,1,1,1,0,Y,N,가해,개인형이동수단(PM),남,21-30세,부상신고,이륜,남,31-40세,상해없음,2022.xlsx
2022042859,2022-04,2022,4,송파구,야간,중상사고,차대차 - 충돌,차대차,충돌,안전운전불이행,건조,맑음,단일로 - 기타,단일로,기타,0,1,0,0,1,1,1,N,Y,피해,승용,남,21-30세,상해없음,개인형이동수단(PM),남,31-40세,중상,2022.xlsx
2022044475,2022-04,2022,4,송파구,주간,경상사고,차대사람 - 기타,차대사람,기타,안전운전불이행,건조,맑음,단일로 - 기타,단일로,기타,0,0,2,0,2,2,0,Y,N,가해,개인형이동수단(PM),여,21-30세,경상,보행자,여,21-30세,경상,2022.xlsx
2022049869,2022-04,2022,4,송파구,야간,경상사고,차대사람 - 차도통행중,차대사람,차도통행중,안전운전불이행,건조,맑음,단일로 - 기타,단일로,기타,0,0,1,0,1,1,0,Y,N,가해,개인형이동수단(PM),남,31-40세,상해없음,보행자,남,61-64세,경상,2022.xlsx
2022050128,2022-04,2022,4,송파구,주간,경상사고,차대차 - 기타,차대차,기타,신호위반,건조,맑음,교차로 - 교차로횡단보도내,교차로,교차로횡단보도내,0,0,1,0,1,1,0,N,Y,피해,원동기,남,21-30세,상해없음,개인형이동수단(PM),남,21-30세,경상,2022.xlsx
2022052148,2022-04,2022,4,송파구,야간,부상신고사고,차대차 - 충돌,차대차,충돌,안전운전불이행,건조,맑음,교차로 - 교차로부근,교차로,교차로부근,0,0,0,1,1,1,0,Y,N,가해,개인형이동수단(PM),남,51-60세,부상신고,승용,남,65세 이상,상해없음,2022.xlsx
2022044999,2022-04,2022,4,용산구,주간,중상사고,차대차 - 기타,차대차,기타,안전운전불이행,건조,맑음,기타 - 기타,기타,기타,0,1,0,0,1,1,1,N,Y,피해,화물,남,51-60세,상해없음,개인형이동수단(PM),남,51-60세,중상,2022.xlsx
2022051723,2022-04,2022,4,용산구,주간,중상사고,차대차 - 충돌,차대차,충돌,신호위반,건조,맑음,단일로 - 터널,단일로,터널,0,1,0,0,1,1,1,N,Y,피해,승합,남,51-60세,상해없음,개인형이동수단(PM),남,31-40세,중상,2022.xlsx
2022054628,2022-04,2022,4,용산구,주간,경상사고,차대차 - 충돌,차대차,충돌,안전운전불이행,건조,맑음,단일로 - 기타,단일로,기타,0,0,1,0,1,1,0,N,Y,피해,자전거,여,31-40세,상해없음,개인형이동수단(PM),남,65세 이상,경상,2022.xlsx
2022046946,2022-04,2022,4,종로구,주간,경상사고,차대차 - 충돌,차대차,충돌,안전운전불이행,건조,맑음,교차로 - 교차로부근,교차로,교차로부근,0,0,1,1,2,2,0,Y,N,가해,개인형이동수단(PM),남,20세 이하,부상신고,승용,남,31-40세,상해없음,2022.xlsx
2022047759,2022-04,2022,4,종로구,야간,부상신고사고,차량단독 - 전도전복,차량단독,전도전복,기타,건조,맑음,단일로 - 기타,단일로,기타,0,0,0,1,1,1,0,Y,N,가해,개인형이동수단(PM),여,21-30세,부상신고,,,,,2022.xlsx
2022054475,2022-04,2022,4,종로구,야간,중상사고,차대사람 - 길가장자리구역통행중,차대사람,길가장자리구역통행중,안전운전불이행,건조,맑음,기타 - 기타,기타,기타,0,1,0,0,1,1,1,Y,N,가해,개인형이동수단(PM),남,21-30세,상해없음,보행자,남,31-40세,중상,2022.xlsx
2022042414,2022-04,2022,4,중구,야간,경상사고,차대사람 - 보도통행중,차대사람,보도통행중,안전운전불이행,건조,흐림,단일로 - 기타,단일로,기타,0,0,1,0,1,1,0,Y,N,가해,개인형이동수단(PM),남,21-30세,상해없음,보행자,여,61-64세,경상,2022.xlsx
2022046560,2022-04,2022,4,중구,주간,부상신고사고,차대사람 - 차도통행중,차대사람,차도통행중,안전운전불이행,건조,맑음,단일로 - 기타,단일로,기타,0,0,0,1,1,1,0,Y,N,가해,개인형이동수단(PM),남,31-40세,상해없음,보행자,여,31-40세,부상신고,2022.xlsx
2022050392,2022-04,2022,4,중랑구,주간,부상신고사고,차대차 - 충돌,차대차,충돌,신호위반,건조,맑음,교차로 - 교차로안,교차로,교차로안,0,0,0,1,1,1,0,Y,N,가해,개인형이동수단(PM),남,51-60세,부상신고,승합,남,21-30세,상해없음,2022.xlsx
2022057859,2022-04,2022,4,중랑구,야간,중상사고,차대차 - 충돌,차대차,충돌,안전운전불이행,건조,맑음,교차로 - 교차로안,교차로,교차로안,0,1,0,0,1,1,1,N,Y,피해,승용,남,51-60세,상해없음,개인형이동수단(PM),남,51-60세,중상,2022.xlsx
2022060038,2022-05,2022,5,강남구,주간,경상사고,차대차 - 기타,차대차,기타,안전운전불이행,건조,맑음,교차로 - 교차로횡단보도내,교차로,교차로횡단보도내,0,0,1,0,1,1,0,Y,N,가해,개인형이동수단(PM),남,20세 이하,경상,승용,남,61-64세,상해없음,2022.xlsx
2022061088,2022-05,2022,5,강남구,야간,중상사고,차대차 - 추돌,차대차,추돌,안전운전불이행,건조,맑음,기타 - 기타,기타,기타,0,1,0,0,1,1,1,N,Y,피해,자전거,여,31-40세,중상,개인형이동수단(PM),여,13-20세,상해없음,2022.xlsx
2022061716,2022-05,2022,5,강남구,야간,경상사고,차대차 - 기타,차대차,기타,안전운전불이행,건조,맑음,교차로 - 교차로횡단보도내,교차로,교차로횡단보도내,0,0,1,0,1,1,0,N,Y,피해,승용,남,41-50세,상해없음,개인형이동수단(PM),여,21-30세,경상,2022.xlsx
2022062187,2022-05,2022,5,강남구,주간,경상사고,차대차 - 충돌,차대차,충돌,안전운전불이행,건조,맑음,단일로 - 기타,단일로,기타,0,0,2,0,2,2,0,Y,N,가해,개인형이동수단(PM),여,21-30세,기타불명,승용,남,51-60세,경상,2022.xlsx
2022063508,2022-05,2022,5,강남구,주간,경상사고,차대사람 - 기타,차대사람,기타,기타,건조,맑음,기타 - 기타,기타,기타,0,0,1,0,1,1,0,Y,N,가해,개인형이동수단(PM),남,21-30세,기타불명,보행자,여,31-40세,경상,2022.xlsx
2022063561,2022-05,2022,5,강남구,주간,경상사고,차대차 - 기타,차대차,기타,안전운전불이행,건조,맑음,기타 - 기타,기타,기타,0,0,1,0,1,1,0,Y,N,가해,개인형이동수단(PM),여,21-30세,경상,승용,남,61-64세,상해없음,2022.xlsx
2022064605,2022-05,2022,5,강남구,야간,사망사고,차대차 - 기타,차대차,기타,신호위반,건조,맑음,기타 - 기타,기타,기타,2,0,0,0,0,2,2,Y,N,가해,개인형이동수단(PM),남,21-30세,사망,승용,남,51-60세,상해없음,2022.xlsx
2022065878,2022-05,2022,5,강남구,야간,경상사고,차대차 - 기타,차대차,기타,안전운전불이행,건조,맑음,단일로 - 기타,단일로,기타,0,0,1,0,1,1,0,Y,N,가해,개인형이동수단(PM),남,31-40세,경상,승용,남,31-40세,상해없음,2022.xlsx
2022070125,2022-05,2022,5,강남구,주간,부상신고사고,차대차 - 기타,차대차,기타,안전운전불이행,건조,맑음,단일로 - 기타,단일로,기타,0,0,0,1,1,1,0,Y,N,가해,개인형이동수단(PM),여,20세 이하,부상신고,승용,여,41-50세,기타불명,2022.xlsx
2022072591,2022-05,2022,5,강남구,주간,중상사고,차대사람 - 기타,차대사람,기타,기타,건조,맑음,기타 - 기타,기타,기타,0,1,0,0,1,1,1,Y,N,가해,개인형이동수단(PM),기타불명,기타불명,기타불명,보행자,남,12세 이하,중상,2022.xlsx
2022072802,2022-05,2022,5,강남구,야간,경상사고,차대차 - 추돌,차대차,추돌,안전운전불이행,젖음/습기,흐림,기타 - 기타,기타,기타,0,0,1,0,1,1,0,N,Y,피해,기타불명,기타불명,기타불명,기타불명,개인형이동수단(PM),남,13-20세,상해없음,2022.xlsx
2022075197,2022-05,2022,5,강남구,야간,경상사고,차대차 - 기타,차대차,기타,안전운전불이행,건조,맑음,단일로 - 기타,단일로,기타,0,0,3,0,3,3,0,Y,Y,가해+피해,개인형이동수단(PM),남,21-30세,경상,개인형이동수단(PM),남,13-20세,경상,2022.xlsx
2022075636,2022-05,2022,5,강남구,야간,경상사고,차대사람 - 보도통행중,차대사람,보도통행중,기타,건조,맑음,단일로 - 기타,단일로,기타,0,0,1,0,1,1,0,Y,N,가해,개인형이동수단(PM),남,20세 이하,상해없음,보행자,여,31-40세,경상,2022.xlsx
2022063736,2022-05,2022,5,강북구,주간,경상사고,차대차 - 충돌,차대차,충돌,기타,건조,맑음,단일로 - 기타,단일로,기타,0,0,1,0,1,1,0,N,Y,피해,승용,남,65세 이상,상해없음,개인형이동수단(PM),남,41-50세,경상,2022.xlsx
2022074500,2022-05,2022,5,관악구,주간,경상사고,차대차 - 충돌,차대차,충돌,안전운전불이행,건조,맑음,단일로 - 기타,단일로,기타,0,0,1,0,1,1,0,N,Y,피해,승용,남,31-40세,상해없음,개인형이동수단(PM),남,13-20세,경상,2022.xlsx
2022063446,2022-05,2022,5,광진구,야간,경상사고,차량단독 - 기타,차량단독,기타,기타,건조,맑음,기타 - 기타,기타,기타,0,0,1,0,1,1,0,Y,N,가해,개인형이동수단(PM),남,31-40세,경상,,,,,2022.xlsx
2022065668,2022-05,2022,5,광진구,야간,경상사고,차대차 - 충돌,차대차,충돌,중앙선침범,건조,맑음,단일로 - 기타,단일로,기타,0,0,1,0,1,1,0,Y,N,가해,개인형이동수단(PM),남,21-30세,상해없음,원동기,남,51-60세,경상,2022.xlsx
2022070498,2022-05,2022,5,광진구,야간,경상사고,차대사람 - 기타,차대사람,기타,안전운전불이행,건조,맑음,단일로 - 기타,단일로,기타,0,0,1,0,1,1,0,Y,N,가해,개인형이동수단(PM),기타불명,기타불명,기타불명,보행자,남,51-60세,경상,2022.xlsx
2022072896,2022-05,2022,5,광진구,주간,중상사고,차대사람 - 횡단중,차대사람,횡단중,안전운전불이행,건조,맑음,단일로 - 기타,단일로,기타,0,1,0,0,1,1,1,Y,N,가해,개인형이동수단(PM),남,21-30세,상해없음,보행자,남,31-40세,중상,2022.xlsx
2022070288,2022-05,2022,5,구로구,주간,중상사고,차대차 - 충돌,차대차,충돌,기타,건조,맑음,교차로 - 교차로안,교차로,교차로안,0,2,0,0,2,2,2,Y,N,가해,개인형이동수단(PM),남,21-30세,중상,승용,남,31-40세,상해없음,2022.xlsx
2022063849,2022-05,2022,5,금천구,주간,경상사고,차대차 - 기타,차대차,기타,안전운전불이행,건조,맑음,기타 - 기타,기타,기타,0,0,1,0,1,1,0,N,Y,피해,이륜,남,41-50세,상해없음,개인형이동수단(PM),남,13-20세,경상,2022.xlsx
2022067607,2022-05,2022,5,노원구,주간,경상사고,차대차 - 충돌,차대차,충돌,안전거리미확보,건조,맑음,단일로 - 기타,단일로,기타,0,0,1,0,1,1,0,N,Y,피해,승용,여,31-40세,상해없음,개인형이동수단(PM),남,21-30세,경상,2022.xlsx
2022075661,2022-05,2022,5,노원구,야간,중상사고,차대사람 - 횡단중,차대사람,횡단중,보행자보호의무위반,건조,맑음,교차로 - 교차로횡단보도내,교차로,교차로횡단보도내,0,1,0,0,1,1,1,Y,N,가해,개인형이동수단(PM),여,51-60세,상해없음,보행자,여,51-60세,중상,2022.xlsx
2022075978,2022-05,2022,5,노원구,주간,경상사고,차대사람 - 기타,차대사람,기타,안전운전불이행,건조,맑음,단일로 - 기타,단일로,기타,0,0,1,0,1,1,0,Y,N,가해,개인형이동수단(PM),여,20세 이하,상해없음,보행자,여,65세 이상,경상,2022.xlsx
2022061084,2022-05,2022,5,동대문구,야간,경상사고,차대차 - 충돌,차대차,충돌,신호위반,건조,맑음,단일로 - 기타,단일로,기타,0,0,1,0,1,1,0,N,Y,피해,승용,남,61-64세,상해없음,개인형이동수단(PM),여,21-30세,경상,2022.xlsx
2022058386,2022-05,2022,5,마포구,야간,경상사고,차대사람 - 보도통행중,차대사람,보도통행중,기타,건조,맑음,단일로 - 기타,단일로,기타,0,0,1,0,1,1,0,Y,N,가해,개인형이동수단(PM),남,31-40세,상해없음,보행자,여,21-30세,경상,2022.xlsx
2022074304,2022-05,2022,5,마포구,주간,경상사고,차대차 - 기타,차대차,기타,안전운전불이행,건조,맑음,단일로 - 기타,단일로,기타,0,0,1,0,1,1,0,N,Y,피해,승용,남,65세 이상,상해없음,개인형이동수단(PM),남,41-50세,경상,2022.xlsx
2022073220,2022-05,2022,5,서대문구,주간,부상신고사고,차대사람 - 기타,차대사람,기타,안전운전불이행,건조,기타,단일로 - 기타,단일로,기타,0,0,0,1,1,1,0,Y,N,가해,개인형이동수단(PM),남,21-30세,상해없음,보행자,남,65세 이상,부상신고,2022.xlsx
2022065866,2022-05,2022,5,서초구,야간,경상사고,차량단독 - 기타,차량단독,기타,안전운전불이행,건조,맑음,단일로 - 기타,단일로,기타,0,0,1,0,1,1,0,Y,N,가해,개인형이동수단(PM),여,21-30세,경상,,,,,2022.xlsx
2022068614,2022-05,2022,5,서초구,야간,경상사고,차대차 - 기타,차대차,기타,안전운전불이행,건조,맑음,교차로 - 교차로부근,교차로,교차로부근,0,0,1,0,1,1,0,N,Y,피해,승용,남,61-64세,상해없음,개인형이동수단(PM),남,21-30세,경상,2022.xlsx
2022069268,2022-05,2022,5,서초구,야간,중상사고,차대차 - 기타,차대차,기타,안전운전불이행,건조,맑음,교차로 - 교차로부근,교차로,교차로부근,0,1,1,0,2,2,1,N,Y,피해,승용,남,51-60세,경상,개인형이동수단(PM),남,31-40세,중상,2022.xlsx
2022069615,2022-05,2022,5,서초구,주간,경상사고,차대차 - 기타,차대차,기타,기타,건조,맑음,단일로 - 기타,단일로,기타,0,0,1,0,1,1,0,Y,N,가해,개인형이동수단(PM),남,20세 이하,경상,승용,남,65세 이상,상해없음,2022.xlsx
2022075783,2022-05,2022,5,서초구,주간,중상사고,차대차 - 충돌,차대차,충돌,안전운전불이행,건조,맑음,교차로 - 교차로안,교차로,교차로안,0,1,2,0,3,3,1,Y,N,가해,개인형이동수단(PM),여,20세 이하,경상,승용,여,31-40세,경상,2022.xlsx
2022061139,2022-05,2022,5,성동구,야간,경상사고,차대사람 - 보도통행중,차대사람,보도통행중,안전운전불이행,건조,흐림,기타 - 기타,기타,기타,0,0,1,0,1,1,0,Y,N,가해,개인형이동수단(PM),여,20세 이하,기타불명,보행자,남,51-60세,경상,2022.xlsx
2022064920,2022-05,2022,5,성동구,주간,부상신고사고,차대차 - 기타,차대차,기타,안전운전불이행,건조,맑음,교차로 - 교차로횡단보도내,교차로,교차로횡단보도내,0,0,0,1,1,1,0,Y,N,가해,개인형이동수단(PM),남,31-40세,부상신고,승용,여,41-50세,상해없음,2022.xlsx
2022067425,2022-05,2022,5,성동구,야간,중상사고,차대차 - 추돌,차대차,추돌,안전운전불이행,건조,맑음,단일로 - 기타,단일로,기타,0,1,0,0,1,1,1,Y,N,가해,개인형이동수단(PM),여,21-30세,상해없음,자전거,남,41-50세,중상,2022.xlsx
2022071017,2022-05,2022,5,성북구,주간,경상사고,차대차 - 기타,차대차,기타,신호위반,건조,맑음,교차로 - 교차로횡단보도내,교차로,교차로횡단보도내,0,0,1,0,1,1,0,N,Y,피해,화물,남,31-40세,상해없음,개인형이동수단(PM),여,13-20세,경상,2022.xlsx
2022073468,2022-05,2022,5,성북구,야간,부상신고사고,차량단독 - 충돌,차량단독,충돌,안전운전불이행,건조,맑음,단일로 - 터널,단일로,터널,0,0,0,1,1,1,0,Y,N,가해,개인형이동수단(PM),남,31-40세,부상신고,,,,,2022.xlsx
2022067258,2022-05,2022,5,송파구,주간,중상사고,차대사람 - 차도통행중,차대사람,차도통행중,안전운전불이행,건조,맑음,단일로 - 기타,단일로,기타,0,1,0,0,1,1,1,Y,N,가해,개인형이동수단(PM),남,31-40세,상해없음,보행자,여,65세 이상,중상,2022.xlsx
2022068871,2022-05,2022,5,송파구,주간,중상사고,차대차 - 충돌,차대차,충돌,안전운전불이행,건조,맑음,단일로 - 기타,단일로,기타,0,1,0,0,1,1,1,Y,N,가해,개인형이동수단(PM),남,65세 이상,중상,승용,남,65세 이상,상해없음,2022.xlsx
2022070964,2022-05,2022,5,송파구,야간,중상사고,차대차 - 충돌,차대차,충돌,안전운전불이행,건조,맑음,교차로 - 교차로안,교차로,교차로안,0,1,0,0,1,1,1,N,Y,피해,자전거,남,31-40세,중상,개인형이동수단(PM),남,41-50세,상해없음,2022.xlsx
2022063383,2022-05,2022,5,영등포구,야간,중상사고,차대차 - 기타,차대차,기타,신호위반,건조,맑음,교차로 - 교차로횡단보도내,교차로,교차로횡단보도내,0,1,0,0,1,1,1,N,Y,피해,승용,남,31-40세,상해없음,개인형이동수단(PM),남,51-60세,중상,2022.xlsx
2022058772,2022-05,2022,5,은평구,야간,중상사고,차대차 - 충돌,차대차,충돌,중앙선침범,건조,맑음,단일로 - 기타,단일로,기타,0,2,0,0,2,2,2,Y,N,가해,개인형이동수단(PM),남,21-30세,중상,이륜,남,51-60세,중상,2022.xlsx
2022067812,2022-05,2022,5,은평구,주간,부상신고사고,차대사람 - 횡단중,차대사람,횡단중,안전운전불이행,건조,맑음,단일로 - 기타,단일로,기타,0,0,0,1,1,1,0,Y,N,가해,개인형이동수단(PM),남,41-50세,상해없음,보행자,남,12세 이하,부상신고,2022.xlsx
2022061194,2022-05,2022,5,종로구,야간,경상사고,차대차 - 충돌,차대차,충돌,안전운전불이행,건조,맑음,단일로 - 기타,단일로,기타,0,0,1,0,1,1,0,Y,N,가해,개인형이동수단(PM),남,20세 이하,상해없음,자전거,여,13-20세,경상,2022.xlsx
2022074985,2022-05,2022,5,중랑구,주간,경상사고,차대차 - 충돌,차대차,충돌,안전운전불이행,건조,맑음,교차로 - 교차로횡단보도내,교차로,교차로횡단보도내,0,0,1,0,1,1,0,Y,N,가해,개인형이동수단(PM),여,51-60세,경상,승용,남,41-50세,상해없음,2022.xlsx
2022075682,2022-05,2022,5,중랑구,야간,경상사고,차대사람 - 기타,차대사람,기타,안전운전불이행,건조,맑음,단일로 - 기타,단일로,기타,0,0,1,0,1,1,0,Y,N,가해,개인형이동수단(PM),남,21-30세,상해없음,보행자,여,61-64세,경상,2022.xlsx
2022076455,2022-06,2022,6,강남구,야간,중상사고,차대차 - 기타,차대차,기타,안전운전불이행,건조,맑음,기타 - 기타,기타,기타,0,1,0,0,1,1,1,N,Y,피해,승용,남,21-30세,상해없음,개인형이동수단(PM),남,41-50세,중상,2022.xlsx
2022077170,2022-06,2022,6,강남구,주간,경상사고,차대차 - 기타,차대차,기타,안전운전불이행,건조,맑음,교차로 - 교차로안,교차로,교차로안,0,0,1,0,1,1,0,Y,N,가해,개인형이동수단(PM),여,20세 이하,경상,이륜,남,21-30세,상해없음,2022.xlsx
2022080697,2022-06,2022,6,강남구,야간,경상사고,차량단독 - 기타,차량단독,기타,안전운전불이행,건조,기타,단일로 - 기타,단일로,기타,0,0,1,0,1,1,0,Y,N,가해,개인형이동수단(PM),남,20세 이하,상해없음,,,,,2022.xlsx
2022081802,2022-06,2022,6,강남구,야간,중상사고,차대사람 - 기타,차대사람,기타,안전운전불이행,건조,맑음,기타 - 기타,기타,기타,0,1,0,0,1,1,1,Y,N,가해,개인형이동수단(PM),여,21-30세,상해없음,보행자,남,31-40세,중상,2022.xlsx
2022082185,2022-06,2022,6,강남구,주간,경상사고,차대차 - 기타,차대차,기타,안전운전불이행,건조,맑음,교차로 - 교차로부근,교차로,교차로부근,0,0,1,0,1,1,0,Y,N,가해,개인형이동수단(PM),여,31-40세,경상,승용,여,41-50세,상해없음,2022.xlsx
2022082339,2022-06,2022,6,강남구,야간,경상사고,차대차 - 기타,차대차,기타,안전운전불이행,건조,맑음,교차로 - 교차로횡단보도내,교차로,교차로횡단보도내,0,0,1,0,1,1,0,N,Y,피해,승합,남,51-60세,상해없음,개인형이동수단(PM),남,21-30세,경상,2022.xlsx
2022083374,2022-06,2022,6,강남구,주간,경상사고,차대사람 - 보도통행중,차대사람,보도통행중,기타,건조,맑음,단일로 - 기타,단일로,기타,0,0,1,0,1,1,0,Y,N,가해,개인형이동수단(PM),남,51-60세,상해없음,보행자,남,31-40세,경상,2022.xlsx
2022083611,2022-06,2022,6,강남구,주간,중상사고,차대차 - 기타,차대차,기타,신호위반,건조,맑음,단일로 - 기타,단일로,기타,0,1,0,0,1,1,1,N,Y,피해,승용,여,61-64세,상해없음,개인형이동수단(PM),여,21-30세,중상,2022.xlsx
2022087523,2022-06,2022,6,강남구,주간,경상사고,차대사람 - 기타,차대사람,기타,안전운전불이행,건조,맑음,단일로 - 기타,단일로,기타,0,0,1,0,1,1,0,Y,N,가해,개인형이동수단(PM),남,20세 이하,상해없음,보행자,여,41-50세,경상,2022.xlsx
2022088374,2022-06,2022,6,강남구,야간,경상사고,차량단독 - 전도전복,차량단독,전도전복,안전운전불이행,건조,맑음,단일로 - 기타,단일로,기타,0,0,1,0,1,1,0,Y,N,가해,개인형이동수단(PM),남,31-40세,경상,,,,,2022.xlsx
2022091248,2022-06,2022,6,강남구,주간,중상사고,차대사람 - 기타,차대사람,기타,기타,건조,맑음,단일로 - 기타,단일로,기타,0,1,0,0,1,1,1,Y,N,가해,개인형이동수단(PM),여,31-40세,상해없음,보행자,여,41-50세,중상,2022.xlsx
2022084908,2022-06,2022,6,강동구,야간,경상사고,차대차 - 충돌,차대차,충돌,안전운전불이행,건조,맑음,단일로 - 기타,단일로,기타,0,0,1,0,1,1,0,Y,N,가해,개인형이동수단(PM),남,20세 이하,상해없음,자전거,남,31-40세,경상,2022.xlsx
2022086979,2022-06,2022,6,강서구,주간,중상사고,차대차 - 충돌,차대차,충돌,안전운전불이행,건조,맑음,교차로 - 교차로안,교차로,교차로안,0,1,0,0,1,1,1,Y,N,가해,개인형이동수단(PM),남,20세 이하,상해없음,승용,남,61-64세,상해없음,2022.xlsx
2022088342,2022-06,2022,6,강서구,야간,부상신고사고,차대차 - 기타,차대차,기타,안전운전불이행,건조,맑음,기타 - 기타,기타,기타,0,0,0,1,1,1,0,N,Y,피해,화물,남,41-50세,상해없음,개인형이동수단(PM),여,21-30세,부상신고,2022.xlsx
2022077053,2022-06,2022,6,관악구,주간,경상사고,차대차 - 충돌,차대차,충돌,안전운전불이행,건조,맑음,교차로 - 교차로안,교차로,교차로안,0,0,1,0,1,1,0,Y,N,가해,개인형이동수단(PM),남,31-40세,경상,승용,남,31-40세,상해없음,2022.xlsx
2022085605,2022-06,2022,6,관악구,야간,경상사고,차대사람 - 기타,차대사람,기타,안전운전불이행,건조,맑음,기타 - 기타,기타,기타,0,0,1,0,1,1,0,Y,N,가해,개인형이동수단(PM),여,21-30세,기타불명,보행자,여,21-30세,경상,2022.xlsx
2022087614,2022-06,2022,6,관악구,야간,경상사고,차대차 - 충돌,차대차,충돌,교차로운행방법위반,건조,맑음,교차로 - 교차로안,교차로,교차로안,0,0,2,0,2,2,0,N,Y,피해,이륜,남,31-40세,경상,개인형이동수단(PM),남,13-20세,경상,2022.xlsx
2022080644,2022-06,2022,6,광진구,야간,경상사고,차대차 - 기타,차대차,기타,안전운전불이행,건조,맑음,교차로 - 교차로안,교차로,교차로안,0,0,1,0,1,1,0,Y,N,가해,개인형이동수단(PM),남,41-50세,상해없음,승용,남,41-50세,상해없음,2022.xlsx
2022086580,2022-06,2022,6,광진구,야간,중상사고,차대차 - 기타,차대차,기타,안전운전불이행,건조,맑음,기타 - 기타,기타,기타,0,1,0,0,1,1,1,Y,N,가해,개인형이동수단(PM),여,20세 이하,중상,승용,남,21-30세,기타불명,2022.xlsx
2022090645,2022-06,2022,6,광진구,야간,경상사고,차대사람 - 기타,차대사람,기타,안전운전불이행,건조,맑음,교차로 - 교차로횡단보도내,교차로,교차로횡단보도내,0,0,1,0,1,1,0,Y,N,가해,개인형이동수단(PM),남,21-30세,상해없음,보행자,남,21-30세,경상,2022.xlsx
2022088365,2022-06,2022,6,구로구,야간,경상사고,차대사람 - 기타,차대사람,기타,기타,건조,맑음,단일로 - 기타,단일로,기타,0,0,1,2,3,3,0,Y,N,가해,개인형이동수단(PM),남,21-30세,경상,보행자,남,21-30세,부상신고,2022.xlsx
2022078612,2022-06,2022,6,노원구,야간,경상사고,차대차 - 기타,차대차,기타,신호위반,건조,맑음,교차로 - 교차로안,교차로,교차로안,0,0,1,0,1,1,0,Y,N,가해,개인형이동수단(PM),여,20세 이하,경상,이륜,남,13-20세,상해없음,2022.xlsx
2022081482,2022-06,2022,6,노원구,주간,중상사고,차대차 - 충돌,차대차,충돌,신호위반,건조,맑음,교차로 - 교차로횡단보도내,교차로,교차로횡단보도내,0,1,0,0,1,1,1,Y,N,가해,개인형이동수단(PM),여,41-50세,중상,승용,여,41-50세,상해없음,2022.xlsx
2022089182,2022-06,2022,6,노원구,주간,부상신고사고,차대사람 - 기타,차대사람,기타,안전운전불이행,건조,맑음,기타 - 기타,기타,기타,0,0,0,1,1,1,0,Y,N,가해,개인형이동수단(PM),여,21-30세,상해없음,보행자,여,65세 이상,부상신고,2022.xlsx
2022080514,2022-06,2022,6,동대문구,주간,중상사고,차대차 - 추돌,차대차,추돌,안전운전불이행,건조,맑음,단일로 - 기타,단일로,기타,0,1,0,0,1,1,1,N,Y,피해,화물,남,51-60세,상해없음,개인형이동수단(PM),남,31-40세,중상,2022.xlsx
2022081241,2022-06,2022,6,동대문구,야간,부상신고사고,차량단독 - 기타,차량단독,기타,안전운전불이행,건조,맑음,단일로 - 기타,단일로,기타,0,0,0,1,1,1,0,Y,N,가해,개인형이동수단(PM),남,21-30세,부상신고,,,,,2022.xlsx
2022082778,2022-06,2022,6,동대문구,야간,부상신고사고,차대차 - 충돌,차대차,충돌,중앙선침범,건조,흐림,교차로 - 교차로안,교차로,교차로안,0,0,0,1,1,1,0,Y,N,가해,개인형이동수단(PM),여,31-40세,부상신고,승용,남,65세 이상,상해없음,2022.xlsx
2022078008,2022-06,2022,6,동작구,야간,중상사고,차대사람 - 기타,차대사람,기타,안전운전불이행,건조,맑음,단일로 - 기타,단일로,기타,0,1,1,0,2,2,1,Y,N,가해,개인형이동수단(PM),남,21-30세,경상,보행자,남,12세 이하,중상,2022.xlsx
2022079309,2022-06,2022,6,마포구,주간,경상사고,차대차 - 추돌,차대차,추돌,신호위반,건조,맑음,교차로 - 교차로부근,교차로,교차로부근,0,0,2,1,3,3,0,Y,N,가해,개인형이동수단(PM),남,21-30세,부상신고,승용,남,61-64세,경상,2022.xlsx
2022077970,2022-06,2022,6,서대문구,야간,경상사고,차대사람 - 보도통행중,차대사람,보도통행중,기타,건조,맑음,단일로 - 기타,단일로,기타,0,0,1,0,1,1,0,Y,N,가해,개인형이동수단(PM),남,21-30세,상해없음,보행자,여,21-30세,상해없음,2022.xlsx
2022080552,2022-06,2022,6,서대문구,야간,경상사고,차대차 - 충돌,차대차,충돌,안전운전불이행,건조,맑음,단일로 - 기타,단일로,기타,0,0,1,0,1,1,0,N,Y,피해,화물,남,65세 이상,상해없음,개인형이동수단(PM),남,21-30세,경상,2022.xlsx
2022087406,2022-06,2022,6,서대문구,주간,부상신고사고,차량단독 - 기타,차량단독,기타,안전운전불이행,건조,맑음,단일로 - 기타,단일로,기타,0,0,0,1,1,1,0,Y,N,가해,개인형이동수단(PM),여,21-30세,부상신고,,,,,2022.xlsx
2022087750,2022-06,2022,6,서대문구,야간,중상사고,차대사람 - 차도통행중,차대사람,차도통행중,신호위반,건조,맑음,단일로 - 기타,단일로,기타,0,1,1,0,2,2,1,Y,N,가해,개인형이동수단(PM),여,21-30세,상해없음,보행자,남,13-20세,중상,2022.xlsx
2022088360,2022-06,2022,6,서대문구,야간,경상사고,차대사람 - 횡단중,차대사람,횡단중,신호위반,건조,맑음,단일로 - 기타,단일로,기타,0,0,1,0,1,1,0,Y,N,가해,개인형이동수단(PM),남,51-60세,상해없음,보행자,남,21-30세,경상,2022.xlsx
2022078214,2022-06,2022,6,서초구,주간,경상사고,차대차 - 기타,차대차,기타,기타,건조,맑음,기타 - 기타,기타,기타,0,0,2,0,2,2,0,N,Y,피해,승용,남,65세 이상,상해없음,개인형이동수단(PM),남,13-20세,경상,2022.xlsx
2022079597,2022-06,2022,6,서초구,야간,경상사고,차대차 - 충돌,차대차,충돌,안전운전불이행,건조,맑음,교차로 - 교차로횡단보도내,교차로,교차로횡단보도내,0,0,1,0,1,1,0,Y,N,가해,개인형이동수단(PM),여,21-30세,경상,승용,남,21-30세,상해없음,2022.xlsx
2022080725,2022-06,2022,6,서초구,야간,경상사고,차대차 - 기타,차대차,기타,신호위반,건조,맑음,교차로 - 교차로안,교차로,교차로안,0,0,1,0,1,1,0,Y,N,가해,개인형이동수단(PM),남,21-30세,상해없음,승용,남,61-64세,경상,2022.xlsx
2022083548,2022-06,2022,6,서초구,주간,경상사고,차대사람 - 차도통행중,차대사람,차도통행중,안전운전불이행,건조,맑음,단일로 - 기타,단일로,기타,0,0,1,0,1,1,0,Y,N,가해,개인형이동수단(PM),남,21-30세,상해없음,보행자,여,51-60세,경상,2022.xlsx
2022078707,2022-06,2022,6,성동구,야간,부상신고사고,차대차 - 충돌,차대차,충돌,안전운전불이행,건조,맑음,단일로 - 기타,단일로,기타,0,0,0,1,1,1,0,Y,N,가해,개인형이동수단(PM),남,21-30세,부상신고,승용,남,65세 이상,상해없음,2022.xlsx
2022085687,2022-06,2022,6,성동구,주간,경상사고,차대사람 - 횡단중,차대사람,횡단중,보행자보호의무위반,건조,맑음,교차로 - 교차로횡단보도내,교차로,교차로횡단보도내,0,0,1,0,1,1,0,Y,N,가해,개인형이동수단(PM),여,20세 이하,상해없음,보행자,남,51-60세,경상,2022.xlsx
2022087560,2022-06,2022,6,성동구,주간,부상신고사고,차대차 - 기타,차대차,기타,안전운전불이행,건조,맑음,단일로 - 기타,단일로,기타,0,0,0,1,1,1,0,N,Y,피해,이륜,남,31-40세,상해없음,개인형이동수단(PM),남,13-20세,상해없음,2022.xlsx
2022087328,2022-06,2022,6,성북구,주간,중상사고,차대차 - 기타,차대차,기타,안전운전불이행,건조,맑음,기타 - 기타,기타,기타,0,1,0,0,1,1,1,Y,N,가해,개인형이동수단(PM),남,31-40세,중상,승용,여,51-60세,상해없음,2022.xlsx
2022076830,2022-06,2022,6,송파구,야간,부상신고사고,차대차 - 기타,차대차,기타,기타,건조,맑음,교차로 - 교차로안,교차로,교차로안,0,0,0,1,1,1,0,Y,N,가해,개인형이동수단(PM),남,41-50세,부상신고,기타불명,기타불명,기타불명,기타불명,2022.xlsx
2022082894,2022-06,2022,6,송파구,주간,경상사고,차대차 - 추돌,차대차,추돌,안전운전불이행,건조,맑음,교차로 - 교차로안,교차로,교차로안,0,0,1,0,1,1,0,Y,N,가해,개인형이동수단(PM),여,21-30세,경상,승용,남,21-30세,상해없음,2022.xlsx
2022083304,2022-06,2022,6,송파구,야간,중상사고,차대사람 - 보도통행중,차대사람,보도통행중,기타,건조,맑음,단일로 - 기타,단일로,기타,0,1,0,0,1,1,1,Y,N,가해,개인형이동수단(PM),남,21-30세,상해없음,보행자,남,41-50세,중상,2022.xlsx
2022084366,2022-06,2022,6,송파구,야간,경상사고,차대사람 - 기타,차대사람,기타,안전운전불이행,건조,맑음,단일로 - 기타,단일로,기타,0,0,1,0,1,1,0,Y,N,가해,개인형이동수단(PM),여,21-30세,상해없음,보행자,남,31-40세,경상,2022.xlsx
2022086981,2022-06,2022,6,송파구,주간,경상사고,차대차 - 충돌,차대차,충돌,안전운전불이행,건조,맑음,단일로 - 기타,단일로,기타,0,0,1,0,1,1,0,N,Y,피해,이륜,남,31-40세,상해없음,개인형이동수단(PM),남,41-50세,상해없음,2022.xlsx
2022089181,2022-06,2022,6,송파구,주간,사망사고,차대사람 - 차도통행중,차대사람,차도통행중,안전운전불이행,젖음/습기,흐림,단일로 - 기타,단일로,기타,1,0,1,0,1,2,1,Y,N,가해,개인형이동수단(PM),남,21-30세,사망,보행자,여,51-60세,경상,2022.xlsx
2022089583,2022-06,2022,6,송파구,야간,경상사고,차대사람 - 기타,차대사람,기타,보행자보호의무위반,건조,맑음,단일로 - 기타,단일로,기타,0,0,1,0,1,1,0,Y,N,가해,개인형이동수단(PM),남,31-40세,상해없음,보행자,남,31-40세,경상,2022.xlsx
2022090042,2022-06,2022,6,송파구,주간,경상사고,차대차 - 충돌,차대차,충돌,신호위반,건조,맑음,단일로 - 기타,단일로,기타,0,0,1,0,1,1,0,Y,N,가해,개인형이동수단(PM),남,20세 이하,상해없음,이륜,남,13-20세,경상,2022.xlsx
2022090290,2022-06,2022,6,송파구,야간,중상사고,차대차 - 기타,차대차,기타,교차로운행방법위반,건조,맑음,교차로 - 교차로안,교차로,교차로안,0,1,1,0,2,2,1,N,Y,피해,승용,남,41-50세,상해없음,개인형이동수단(PM),남,21-30세,경상,2022.xlsx
2022091747,2022-06,2022,6,송파구,야간,부상신고사고,차대차 - 충돌,차대차,충돌,안전운전불이행,젖음/습기,비,교차로 - 교차로부근,교차로,교차로부근,0,0,0,1,1,1,0,N,Y,피해,이륜,기타불명,기타불명,기타불명,개인형이동수단(PM),남,21-30세,부상신고,2022.xlsx
2022078919,2022-06,2022,6,영등포구,주간,중상사고,차대차 - 충돌,차대차,충돌,안전운전불이행,건조,맑음,단일로 - 기타,단일로,기타,0,1,0,0,1,1,1,N,Y,피해,자전거,남,31-40세,중상,개인형이동수단(PM),남,31-40세,상해없음,2022.xlsx
2022082539,2022-06,2022,6,영등포구,주간,경상사고,차대사람 - 횡단중,차대사람,횡단중,보행자보호의무위반,건조,맑음,교차로 - 교차로안,교차로,교차로안,0,0,1,0,1,1,0,Y,N,가해,개인형이동수단(PM),남,21-30세,상해없음,보행자,여,65세 이상,경상,2022.xlsx
2022083345,2022-06,2022,6,영등포구,주간,경상사고,차대차 - 충돌,차대차,충돌,안전운전불이행,건조,맑음,단일로 - 기타,단일로,기타,0,0,1,0,1,1,0,N,Y,피해,이륜,남,31-40세,상해없음,개인형이동수단(PM),여,51-60세,경상,2022.xlsx
2022089754,2022-06,2022,6,영등포구,주간,중상사고,차대차 - 충돌,차대차,충돌,안전운전불이행,건조,맑음,단일로 - 기타,단일로,기타,0,1,0,0,1,1,1,Y,N,가해,개인형이동수단(PM),남,41-50세,중상,이륜,남,41-50세,상해없음,2022.xlsx
2022090723,2022-06,2022,6,영등포구,주간,부상신고사고,차대차 - 기타,차대차,기타,안전운전불이행,건조,맑음,단일로 - 기타,단일로,기타,0,0,0,1,1,1,0,Y,N,가해,개인형이동수단(PM),남,21-30세,부상신고,승용,여,41-50세,상해없음,2022.xlsx
2022076650,2022-06,2022,6,은평구,주간,경상사고,차대사람 - 차도통행중,차대사람,차도통행중,안전운전불이행,건조,맑음,교차로 - 교차로안,교차로,교차로안,0,0,1,0,1,1,0,Y,N,가해,개인형이동수단(PM),남,21-30세,기타불명,보행자,여,12세 이하,경상,2022.xlsx
2022090539,2022-06,2022,6,은평구,야간,부상신고사고,차대차 - 충돌,차대차,충돌,안전운전불이행,건조,맑음,기타 - 기타,기타,기타,0,0,0,1,1,1,0,Y,N,가해,개인형이동수단(PM),남,51-60세,부상신고,승합,남,31-40세,상해없음,2022.xlsx
2022078143,2022-06,2022,6,중구,야간,경상사고,차대차 - 충돌,차대차,충돌,중앙선침범,건조,흐림,단일로 - 기타,단일로,기타,0,0,2,0,2,2,0,Y,N,가해,개인형이동수단(PM),남,31-40세,경상,이륜,남,51-60세,경상,2022.xlsx
2022078168,2022-06,2022,6,중랑구,야간,중상사고,차대차 - 충돌,차대차,충돌,안전운전불이행,건조,맑음,단일로 - 기타,단일로,기타,0,1,1,0,2,2,1,N,Y,피해,자전거,남,41-50세,경상,개인형이동수단(PM),남,21-30세,중상,2022.xlsx
2022093671,2022-07,2022,7,강남구,주간,경상사고,차대사람 - 보도통행중,차대사람,보도통행중,안전운전불이행,건조,맑음,단일로 - 기타,단일로,기타,0,0,1,0,1,1,0,Y,N,가해,개인형이동수단(PM),남,51-60세,상해없음,보행자,여,51-60세,경상,2022.xlsx
2022094156,2022-07,2022,7,강남구,야간,부상신고사고,차량단독 - 기타,차량단독,기타,안전운전불이행,건조,맑음,단일로 - 기타,단일로,기타,0,0,0,1,1,1,0,Y,N,가해,개인형이동수단(PM),여,21-30세,부상신고,,,,,2022.xlsx
2022095635,2022-07,2022,7,강남구,야간,경상사고,차대사람 - 보도통행중,차대사람,보도통행중,안전운전불이행,건조,맑음,단일로 - 기타,단일로,기타,0,0,1,0,1,1,0,Y,N,가해,개인형이동수단(PM),여,31-40세,상해없음,보행자,여,41-50세,경상,2022.xlsx
2022096113,2022-07,2022,7,강남구,야간,경상사고,차대사람 - 기타,차대사람,기타,안전운전불이행,건조,맑음,단일로 - 기타,단일로,기타,0,0,1,0,1,1,0,Y,N,가해,개인형이동수단(PM),여,21-30세,상해없음,보행자,여,31-40세,경상,2022.xlsx
2022097036,2022-07,2022,7,강남구,주간,경상사고,차대사람 - 기타,차대사람,기타,안전운전불이행,기타,맑음,기타 - 기타,기타,기타,0,0,1,0,1,1,0,Y,N,가해,개인형이동수단(PM),여,21-30세,기타불명,보행자,여,21-30세,경상,2022.xlsx
2022097551,2022-07,2022,7,강남구,야간,중상사고,차대차 - 기타,차대차,기타,안전운전불이행,건조,맑음,단일로 - 기타,단일로,기타,0,1,0,0,1,1,1,Y,N,가해,개인형이동수단(PM),남,41-50세,중상,승용,남,31-40세,상해없음,2022.xlsx
2022101110,2022-07,2022,7,강남구,주간,경상사고,차대차 - 충돌,차대차,충돌,안전운전불이행,건조,맑음,교차로 - 교차로안,교차로,교차로안,0,0,1,0,1,1,0,Y,N,가해,개인형이동수단(PM),여,21-30세,상해없음,이륜,여,21-30세,경상,2022.xlsx
2022101168,2022-07,2022,7,강남구,야간,중상사고,차대사람 - 기타,차대사람,기타,기타,건조,맑음,단일로 - 기타,단일로,기타,0,1,0,0,1,1,1,Y,N,가해,개인형이동수단(PM),남,41-50세,상해없음,보행자,남,31-40세,중상,2022.xlsx
2022101174,2022-07,2022,7,강남구,야간,경상사고,차대사람 - 보도통행중,차대사람,보도통행중,기타,건조,맑음,단일로 - 기타,단일로,기타,0,0,1,0,1,1,0,Y,N,가해,개인형이동수단(PM),여,21-30세,상해없음,보행자,여,21-30세,경상,2022.xlsx
2022102296,2022-07,2022,7,강남구,야간,경상사고,차대차 - 기타,차대차,기타,안전운전불이행,건조,맑음,단일로 - 기타,단일로,기타,0,0,1,0,1,1,0,Y,N,가해,개인형이동수단(PM),남,20세 이하,상해없음,승용,남,31-40세,상해없음,2022.xlsx
2022102343,2022-07,2022,7,강남구,야간,중상사고,차대사람 - 기타,차대사람,기타,기타,건조,기타,기타 - 기타,기타,기타,0,1,0,0,1,1,1,Y,N,가해,개인형이동수단(PM),남,21-30세,상해없음,보행자,남,61-64세,중상,2022.xlsx
2022103984,2022-07,2022,7,강남구,야간,경상사고,차대사람 - 보도통행중,차대사람,보도통행중,기타,건조,맑음,단일로 - 기타,단일로,기타,0,0,1,0,1,1,0,Y,N,가해,개인형이동수단(PM),여,20세 이하,상해없음,보행자,여,51-60세,경상,2022.xlsx
2022104446,2022-07,2022,7,강남구,야간,경상사고,차대사람 - 보도통행중,차대사람,보도통행중,안전운전불이행,기타,맑음,기타 - 기타,기타,기타,0,0,1,0,1,1,0,Y,N,가해,개인형이동수단(PM),여,21-30세,기타불명,보행자,여,21-30세,경상,2022.xlsx
2022105974,2022-07,2022,7,강남구,야간,경상사고,차대사람 - 기타,차대사람,기타,안전운전불이행,기타,맑음,기타 - 기타,기타,기타,0,0,1,0,1,1,0,Y,N,가해,개인형이동수단(PM),여,21-30세,상해없음,보행자,여,31-40세,경상,2022.xlsx
2022106292,2022-07,2022,7,강남구,주간,경상사고,차대차 - 기타,차대차,기타,안전운전불이행,건조,맑음,단일로 - 기타,단일로,기타,0,0,1,0,1,1,0,N,Y,피해,승용,남,51-60세,상해없음,개인형이동수단(PM),여,21-30세,경상,2022.xlsx
2022106708,2022-07,2022,7,강남구,야간,경상사고,차대차 - 기타,차대차,기타,안전운전불이행,기타,맑음,단일로 - 기타,단일로,기타,0,0,1,1,2,2,0,N,Y,피해,이륜,남,20세 이하,부상신고,개인형이동수단(PM),남,21-30세,경상,2022.xlsx
2022106868,2022-07,2022,7,강남구,주간,부상신고사고,차대차 - 기타,차대차,기타,안전운전불이행,건조,맑음,교차로 - 교차로안,교차로,교차로안,0,0,0,1,1,1,0,N,Y,피해,화물,남,21-30세,상해없음,개인형이동수단(PM),남,41-50세,부상신고,2022.xlsx
2022108548,2022-07,2022,7,강남구,주간,부상신고사고,차대차 - 기타,차대차,기타,기타,건조,맑음,단일로 - 기타,단일로,기타,0,0,0,1,1,1,0,Y,N,가해,개인형이동수단(PM),남,21-30세,부상신고,승용,남,61-64세,상해없음,2022.xlsx
2022099394,2022-07,2022,7,강동구,주간,경상사고,차대차 - 기타,차대차,기타,안전운전불이행,건조,맑음,교차로 - 교차로안,교차로,교차로안,0,0,1,0,1,1,0,Y,N,가해,개인형이동수단(PM),남,41-50세,경상,승용,여,31-40세,상해없음,2022.xlsx
2022103421,2022-07,2022,7,강동구,야간,경상사고,차대차 - 기타,차대차,기타,교차로운행방법위반,건조,맑음,교차로 - 교차로부근,교차로,교차로부근,0,0,1,0,1,1,0,N,Y,피해,승용,남,61-64세,상해없음,개인형이동수단(PM),여,21-30세,경상,2022.xlsx
2022096702,2022-07,2022,7,강북구,주간,경상사고,차대차 - 충돌,차대차,충돌,안전운전불이행,건조,맑음,교차로 - 교차로안,교차로,교차로안,0,0,3,0,3,3,0,Y,N,가해,개인형이동수단(PM),남,20세 이하,경상,승용,남,41-50세,경상,2022.xlsx
2022097468,2022-07,2022,7,강북구,야간,중상사고,차대차 - 충돌,차대차,충돌,안전운전불이행,건조,맑음,단일로 - 기타,단일로,기타,0,1,0,0,1,1,1,Y,N,가해,개인형이동수단(PM),남,20세 이하,상해없음,이륜,남,31-40세,중상,2022.xlsx
2022105056,2022-07,2022,7,관악구,야간,경상사고,차대차 - 충돌,차대차,충돌,안전거리미확보,건조,맑음,단일로 - 기타,단일로,기타,0,0,1,0,1,1,0,Y,N,가해,개인형이동수단(PM),남,31-40세,상해없음,자전거,남,21-30세,경상,2022.xlsx
2022105158,2022-07,2022,7,관악구,야간,경상사고,차대사람 - 보도통행중,차대사람,보도통행중,안전운전불이행,건조,맑음,기타 - 기타,기타,기타,0,0,1,0,1,1,0,Y,N,가해,개인형이동수단(PM),남,21-30세,상해없음,보행자,여,41-50세,경상,2022.xlsx
2022099586,2022-07,2022,7,광진구,야간,경상사고,차대차 - 충돌,차대차,충돌,안전운전불이행,건조,맑음,단일로 - 기타,단일로,기타,0,0,1,0,1,1,0,Y,N,가해,개인형이동수단(PM),남,20세 이하,경상,승용,남,61-64세,상해없음,2022.xlsx
2022104587,2022-07,2022,7,광진구,야간,경상사고,차량단독 - 기타,차량단독,기타,안전운전불이행,건조,맑음,단일로 - 기타,단일로,기타,0,0,1,0,1,1,0,Y,N,가해,개인형이동수단(PM),남,21-30세,경상,,,,,2022.xlsx
2022105207,2022-07,2022,7,광진구,야간,경상사고,차대차 - 기타,차대차,기타,안전운전불이행,건조,맑음,단일로 - 기타,단일로,기타,0,0,1,0,1,1,0,N,Y,피해,기타불명,기타불명,기타불명,기타불명,개인형이동수단(PM),여,21-30세,상해없음,2022.xlsx
2022098291,2022-07,2022,7,구로구,주간,중상사고,차대사람 - 횡단중,차대사람,횡단중,신호위반,건조,맑음,교차로 - 교차로횡단보도내,교차로,교차로횡단보도내,0,1,0,0,1,1,1,Y,N,가해,개인형이동수단(PM),남,31-40세,상해없음,보행자,남,65세 이상,중상,2022.xlsx
2022101492,2022-07,2022,7,금천구,주간,중상사고,차대차 - 기타,차대차,기타,신호위반,건조,맑음,단일로 - 기타,단일로,기타,0,1,0,0,1,1,1,Y,N,가해,개인형이동수단(PM),남,51-60세,중상,화물,남,21-30세,상해없음,2022.xlsx
2022106538,2022-07,2022,7,금천구,야간,경상사고,차대차 - 충돌,차대차,충돌,안전운전불이행,건조,맑음,교차로 - 교차로안,교차로,교차로안,0,0,1,0,1,1,0,N,Y,피해,승용,여,51-60세,상해없음,개인형이동수단(PM),남,21-30세,경상,2022.xlsx
2022107498,2022-07,2022,7,금천구,주간,경상사고,차대차 - 기타,차대차,기타,안전운전불이행,건조,맑음,교차로 - 교차로안,교차로,교차로안,0,0,1,0,1,1,0,Y,N,가해,개인형이동수단(PM),여,21-30세,상해없음,이륜,남,51-60세,경상,2022.xlsx
2022107943,2022-07,2022,7,금천구,주간,부상신고사고,차대사람 - 기타,차대사람,기타,안전운전불이행,건조,맑음,단일로 - 기타,단일로,기타,0,0,0,1,1,1,0,Y,N,가해,개인형이동수단(PM),여,41-50세,부상신고,보행자,남,41-50세,상해없음,2022.xlsx
2022093632,2022-07,2022,7,노원구,야간,경상사고,차대차 - 기타,차대차,기타,기타,건조,맑음,교차로 - 교차로안,교차로,교차로안,0,0,1,0,1,1,0,N,Y,피해,이륜,남,21-30세,상해없음,개인형이동수단(PM),남,13-20세,경상,2022.xlsx
2022094992,2022-07,2022,7,노원구,주간,중상사고,차대차 - 기타,차대차,기타,안전운전불이행,건조,맑음,교차로 - 교차로안,교차로,교차로안,0,1,0,0,1,1,1,N,Y,피해,승용,남,41-50세,상해없음,개인형이동수단(PM),남,51-60세,중상,2022.xlsx
2022098368,2022-07,2022,7,노원구,주간,경상사고,차대사람 - 보도통행중,차대사람,보도통행중,안전운전불이행,건조,맑음,기타 - 기타,기타,기타,0,0,1,0,1,1,0,Y,N,가해,개인형이동수단(PM),남,20세 이하,상해없음,보행자,여,51-60세,경상,2022.xlsx
2022106060,2022-07,2022,7,도봉구,야간,경상사고,차대사람 - 보도통행중,차대사람,보도통행중,안전운전불이행,젖음/습기,흐림,단일로 - 기타,단일로,기타,0,0,1,0,1,1,0,Y,N,가해,개인형이동수단(PM),남,20세 이하,상해없음,보행자,여,21-30세,경상,2022.xlsx
2022102871,2022-07,2022,7,동대문구,야간,경상사고,차대사람 - 기타,차대사람,기타,안전운전불이행,건조,맑음,단일로 - 기타,단일로,기타,0,0,1,0,1,1,0,Y,N,가해,개인형이동수단(PM),남,31-40세,상해없음,보행자,남,65세 이상,경상,2022.xlsx
2022104225,2022-07,2022,7,동대문구,주간,경상사고,차대차 - 기타,차대차,기타,안전운전불이행,건조,맑음,단일로 - 기타,단일로,기타,0,0,1,0,1,1,0,N,Y,피해,화물,남,65세 이상,상해없음,개인형이동수단(PM),남,21-30세,경상,2022.xlsx
2022093084,2022-07,2022,7,동작구,주간,경상사고,차대차 - 충돌,차대차,충돌,안전운전불이행,건조,맑음,주차장 - 주차장,주차장,주차장,0,0,1,0,1,1,0,Y,N,가해,개인형이동수단(PM),여,21-30세,경상,승용,남,41-50세,상해없음,2022.xlsx
2022097538,2022-07,2022,7,동작구,야간,경상사고,차대사람 - 기타,차대사람,기타,안전운전불이행,건조,맑음,단일로 - 기타,단일로,기타,0,0,2,0,2,2,0,Y,N,가해,개인형이동수단(PM),남,31-40세,상해없음,보행자,남,21-30세,경상,2022.xlsx
2022101621,2022-07,2022,7,동작구,주간,경상사고,차대사람 - 기타,차대사람,기타,기타,건조,맑음,단일로 - 기타,단일로,기타,0,0,1,0,1,1,0,Y,N,가해,개인형이동수단(PM),남,20세 이하,상해없음,보행자,여,51-60세,경상,2022.xlsx
2022094526,2022-07,2022,7,마포구,야간,중상사고,차대차 - 기타,차대차,기타,안전운전불이행,건조,맑음,단일로 - 기타,단일로,기타,0,1,0,0,1,1,1,N,Y,피해,승용,남,41-50세,상해없음,개인형이동수단(PM),남,21-30세,중상,2022.xlsx
2022099390,2022-07,2022,7,마포구,주간,경상사고,차대차 - 추돌,차대차,추돌,안전운전불이행,건조,맑음,교차로 - 교차로부근,교차로,교차로부근,0,0,1,0,1,1,0,N,Y,피해,승용,남,31-40세,상해없음,개인형이동수단(PM),남,41-50세,경상,2022.xlsx
2022100249,2022-07,2022,7,마포구,주간,경상사고,차대사람 - 기타,차대사람,기타,기타,건조,맑음,기타 - 기타,기타,기타,0,0,1,0,1,1,0,Y,N,가해,개인형이동수단(PM),여,21-30세,상해없음,보행자,여,31-40세,경상,2022.xlsx
2022105107,2022-07,2022,7,마포구,야간,부상신고사고,차대차 - 추돌,차대차,추돌,안전운전불이행,건조,맑음,단일로 - 기타,단일로,기타,0,0,0,2,2,2,0,Y,N,가해,개인형이동수단(PM),남,65세 이상,부상신고,자전거,남,31-40세,부상신고,2022.xlsx
2022106113,2022-07,2022,7,마포구,야간,부상신고사고,차대사람 - 기타,차대사람,기타,신호위반,건조,맑음,단일로 - 기타,단일로,기타,0,0,0,1,1,1,0,Y,N,가해,개인형이동수단(PM),남,20세 이하,상해없음,보행자,남,21-30세,부상신고,2022.xlsx
2022097564,2022-07,2022,7,서초구,야간,중상사고,차대차 - 충돌,차대차,충돌,안전운전불이행,건조,맑음,단일로 - 기타,단일로,기타,0,1,0,0,1,1,1,N,Y,피해,이륜,남,31-40세,상해없음,개인형이동수단(PM),남,21-30세,중상,2022.xlsx
2022098138,2022-07,2022,7,서초구,야간,중상사고,차대사람 - 기타,차대사람,기타,안전운전불이행,건조,맑음,기타 - 기타,기타,기타,0,1,0,0,1,1,1,Y,N,가해,개인형이동수단(PM),남,31-40세,상해없음,보행자,남,21-30세,중상,2022.xlsx
2022103884,2022-07,2022,7,서초구,야간,경상사고,차대사람 - 보도통행중,차대사람,보도통행중,기타,건조,맑음,단일로 - 기타,단일로,기타,0,0,1,0,1,1,0,Y,N,가해,개인형이동수단(PM),여,21-30세,상해없음,보행자,여,21-30세,경상,2022.xlsx
2022104207,2022-07,2022,7,서초구,주간,경상사고,차대차 - 기타,차대차,기타,안전운전불이행,건조,맑음,교차로 - 교차로부근,교차로,교차로부근,0,0,1,0,1,1,0,Y,N,가해,개인형이동수단(PM),남,65세 이상,경상,승용,남,31-40세,기타불명,2022.xlsx
2022108972,2022-07,2022,7,서초구,야간,중상사고,차대사람 - 기타,차대사람,기타,안전운전불이행,건조,맑음,기타 - 기타,기타,기타,0,1,1,0,2,2,1,Y,N,가해,개인형이동수단(PM),여,21-30세,경상,보행자,여,21-30세,중상,2022.xlsx
2022096391,2022-07,2022,7,성동구,주간,경상사고,차대차 - 기타,차대차,기타,안전운전불이행,건조,맑음,교차로 - 교차로안,교차로,교차로안,0,0,2,0,2,2,0,N,Y,피해,자전거,남,31-40세,경상,개인형이동수단(PM),여,21-30세,경상,2022.xlsx
2022102931,2022-07,2022,7,성동구,야간,중상사고,차대차 - 기타,차대차,기타,안전운전불이행,건조,맑음,기타 - 기타,기타,기타,0,1,0,0,1,1,1,N,Y,피해,이륜,남,21-30세,상해없음,개인형이동수단(PM),남,21-30세,중상,2022.xlsx
2022106172,2022-07,2022,7,성동구,주간,경상사고,차대차 - 충돌,차대차,충돌,안전운전불이행,건조,맑음,단일로 - 기타,단일로,기타,0,0,1,0,1,1,0,N,Y,피해,승용,남,65세 이상,상해없음,개인형이동수단(PM),남,21-30세,경상,2022.xlsx
2022096664,2022-07,2022,7,성북구,주간,경상사고,차대차 - 추돌,차대차,추돌,안전운전불이행,건조,맑음,교차로 - 교차로부근,교차로,교차로부근,0,0,1,0,1,1,0,N,Y,피해,승용,여,41-50세,상해없음,개인형이동수단(PM),남,13-20세,경상,2022.xlsx
2022101260,2022-07,2022,7,성북구,야간,경상사고,차대사람 - 보도통행중,차대사람,보도통행중,안전운전불이행,건조,맑음,단일로 - 기타,단일로,기타,0,0,1,0,1,1,0,Y,N,가해,개인형이동수단(PM),남,21-30세,상해없음,보행자,남,51-60세,경상,2022.xlsx
2022102453,2022-07,2022,7,성북구,주간,중상사고,차대차 - 기타,차대차,기타,안전운전불이행,건조,맑음,단일로 - 기타,단일로,기타,0,2,0,0,2,2,2,Y,N,가해,개인형이동수단(PM),남,20세 이하,중상,승용,여,41-50세,상해없음,2022.xlsx
2022108160,2022-07,2022,7,성북구,주간,경상사고,차대차 - 기타,차대차,기타,중앙선침범,건조,맑음,단일로 - 기타,단일로,기타,0,0,1,0,1,1,0,Y,N,가해,개인형이동수단(PM),남,21-30세,경상,이륜,남,51-60세,상해없음,2022.xlsx
2022093730,2022-07,2022,7,송파구,주간,경상사고,차대차 - 충돌,차대차,충돌,안전운전불이행,건조,맑음,교차로 - 교차로횡단보도내,교차로,교차로횡단보도내,0,0,1,0,1,1,0,N,Y,피해,승용,여,41-50세,상해없음,개인형이동수단(PM),남,21-30세,경상,2022.xlsx
2022094530,2022-07,2022,7,송파구,야간,부상신고사고,차대차 - 충돌,차대차,충돌,안전운전불이행,건조,맑음,교차로 - 교차로횡단보도내,교차로,교차로횡단보도내,0,0,0,1,1,1,0,Y,N,가해,개인형이동수단(PM),남,41-50세,부상신고,승용,남,61-64세,상해없음,2022.xlsx
2022095594,2022-07,2022,7,송파구,야간,부상신고사고,차대차 - 기타,차대차,기타,안전운전불이행,건조,맑음,교차로 - 교차로안,교차로,교차로안,0,0,0,1,1,1,0,Y,N,가해,개인형이동수단(PM),남,41-50세,부상신고,승용,여,41-50세,상해없음,2022.xlsx
2022100568,2022-07,2022,7,송파구,야간,경상사고,차대사람 - 보도통행중,차대사람,보도통행중,기타,건조,맑음,단일로 - 기타,단일로,기타,0,0,1,0,1,1,0,Y,N,가해,개인형이동수단(PM),남,31-40세,상해없음,보행자,여,41-50세,경상,2022.xlsx
2022102874,2022-07,2022,7,송파구,야간,부상신고사고,차대차 - 기타,차대차,기타,신호위반,건조,맑음,교차로 - 교차로횡단보도내,교차로,교차로횡단보도내,0,0,0,1,1,1,0,Y,N,가해,개인형이동수단(PM),남,31-40세,부상신고,승용,남,41-50세,상해없음,2022.xlsx
2022103544,2022-07,2022,7,송파구,주간,경상사고,차대사람 - 횡단중,차대사람,횡단중,신호위반,건조,맑음,단일로 - 기타,단일로,기타,0,0,1,0,1,1,0,Y,N,가해,개인형이동수단(PM),여,21-30세,상해없음,보행자,남,13-20세,경상,2022.xlsx
2022109380,2022-07,2022,7,송파구,주간,부상신고사고,차대차 - 충돌,차대차,충돌,안전운전불이행,건조,맑음,교차로 - 교차로안,교차로,교차로안,0,0,0,1,1,1,0,Y,N,가해,개인형이동수단(PM),남,31-40세,상해없음,이륜,남,41-50세,부상신고,2022.xlsx
2022104729,2022-07,2022,7,양천구,주간,경상사고,차대차 - 기타,차대차,기타,안전운전불이행,건조,맑음,단일로 - 기타,단일로,기타,0,0,1,0,1,1,0,Y,N,가해,개인형이동수단(PM),남,61-64세,경상,승용,여,31-40세,상해없음,2022.xlsx
2022096935,2022-07,2022,7,영등포구,야간,사망사고,차대차 - 충돌,차대차,충돌,안전운전불이행,젖음/습기,맑음,단일로 - 기타,단일로,기타,1,0,0,0,0,1,1,Y,N,가해,개인형이동수단(PM),여,41-50세,사망,화물,남,21-30세,상해없음,2022.xlsx
2022096961,2022-07,2022,7,영등포구,주간,경상사고,차대사람 - 횡단중,차대사람,횡단중,안전운전불이행,건조,맑음,교차로 - 교차로횡단보도내,교차로,교차로횡단보도내,0,0,1,0,1,1,0,Y,N,가해,개인형이동수단(PM),남,31-40세,상해없음,보행자,남,21-30세,경상,2022.xlsx
2022100565,2022-07,2022,7,영등포구,야간,중상사고,차대차 - 기타,차대차,기타,안전운전불이행,건조,맑음,단일로 - 기타,단일로,기타,0,1,0,0,1,1,1,Y,N,가해,개인형이동수단(PM),남,20세 이하,상해없음,자전거,여,31-40세,중상,2022.xlsx
2022104609,2022-07,2022,7,은평구,야간,경상사고,차대차 - 충돌,차대차,충돌,안전운전불이행,건조,맑음,교차로 - 교차로안,교차로,교차로안,0,0,1,0,1,1,0,Y,N,가해,개인형이동수단(PM),남,20세 이하,경상,승용,남,51-60세,상해없음,2022.xlsx
2022099367,2022-07,2022,7,종로구,주간,경상사고,차대차 - 기타,차대차,기타,안전운전불이행,건조,맑음,단일로 - 지하차도(도로)내,단일로,지하차도(도로)내,0,0,1,0,1,1,0,Y,N,가해,개인형이동수단(PM),남,51-60세,경상,승용,남,41-50세,상해없음,2022.xlsx
2022101252,2022-07,2022,7,종로구,야간,경상사고,차대차 - 충돌,차대차,충돌,안전운전불이행,건조,흐림,교차로 - 교차로부근,교차로,교차로부근,0,0,1,0,1,1,0,N,Y,피해,이륜,남,51-60세,상해없음,개인형이동수단(PM),남,21-30세,경상,2022.xlsx
2022108157,2022-07,2022,7,종로구,주간,경상사고,차대사람 - 보도통행중,차대사람,보도통행중,기타,건조,맑음,단일로 - 기타,단일로,기타,0,0,1,1,2,2,0,Y,N,가해,개인형이동수단(PM),여,21-30세,부상신고,보행자,여,31-40세,경상,2022.xlsx
2022094582,2022-07,2022,7,중구,야간,경상사고,차대사람 - 보도통행중,차대사람,보도통행중,기타,건조,흐림,단일로 - 기타,단일로,기타,0,0,1,0,1,1,0,Y,N,가해,개인형이동수단(PM),남,41-50세,상해없음,보행자,남,51-60세,경상,2022.xlsx
2022100115,2022-07,2022,7,중구,야간,경상사고,차대차 - 추돌,차대차,추돌,안전운전불이행,젖음/습기,비,단일로 - 기타,단일로,기타,0,0,1,0,1,1,0,N,Y,피해,승용,남,21-30세,상해없음,개인형이동수단(PM),남,21-30세,경상,2022.xlsx
2022104585,2022-07,2022,7,중구,야간,중상사고,차대사람 - 보도통행중,차대사람,보도통행중,기타,건조,맑음,단일로 - 기타,단일로,기타,0,1,0,0,1,1,1,Y,N,가해,개인형이동수단(PM),남,21-30세,상해없음,보행자,여,51-60세,중상,2022.xlsx
2022104756,2022-07,2022,7,중구,주간,경상사고,차대사람 - 기타,차대사람,기타,안전운전불이행,건조,맑음,기타 - 기타,기타,기타,0,0,1,0,1,1,0,Y,N,가해,개인형이동수단(PM),여,51-60세,상해없음,보행자,남,61-64세,경상,2022.xlsx
2022093729,2022-07,2022,7,중랑구,주간,중상사고,차대사람 - 기타,차대사람,기타,안전운전불이행,건조,맑음,교차로 - 교차로부근,교차로,교차로부근,0,1,0,0,1,1,1,Y,N,가해,개인형이동수단(PM),남,20세 이하,상해없음,보행자,여,65세 이상,중상,2022.xlsx
2022094558,2022-07,2022,7,중랑구,야간,경상사고,차대차 - 기타,차대차,기타,신호위반,건조,맑음,교차로 - 교차로횡단보도내,교차로,교차로횡단보도내,0,0,1,0,1,1,0,N,Y,피해,이륜,남,20세 이하,상해없음,개인형이동수단(PM),남,21-30세,경상,2022.xlsx
2022096877,2022-07,2022,7,중랑구,야간,경상사고,차대차 - 기타,차대차,기타,신호위반,건조,맑음,교차로 - 교차로부근,교차로,교차로부근,0,0,1,0,1,1,0,Y,N,가해,개인형이동수단(PM),여,20세 이하,경상,승용,여,41-50세,상해없음,2022.xlsx
2022097598,2022-07,2022,7,중랑구,주간,중상사고,차대차 - 충돌,차대차,충돌,기타,건조,맑음,단일로 - 기타,단일로,기타,0,1,0,0,1,1,1,N,Y,피해,이륜,남,61-64세,상해없음,개인형이동수단(PM),여,51-60세,중상,2022.xlsx
2022109743,2022-07,2022,7,중랑구,주간,경상사고,차대사람 - 보도통행중,차대사람,보도통행중,안전운전불이행,젖음/습기,비,기타 - 기타,기타,기타,0,0,1,0,1,1,0,Y,N,가해,개인형이동수단(PM),여,21-30세,상해없음,보행자,남,12세 이하,경상,2022.xlsx
2022111057,2022-08,2022,8,강남구,야간,경상사고,차대차 - 기타,차대차,기타,안전운전불이행,젖음/습기,비,교차로 - 교차로부근,교차로,교차로부근,0,0,1,0,1,1,0,Y,N,가해,개인형이동수단(PM),남,21-30세,경상,승용,남,21-30세,기타불명,2022.xlsx
2022112273,2022-08,2022,8,강남구,주간,경상사고,차대차 - 충돌,차대차,충돌,안전운전불이행,건조,맑음,단일로 - 기타,단일로,기타,0,0,1,0,1,1,0,N,Y,피해,승용,남,65세 이상,상해없음,개인형이동수단(PM),여,21-30세,경상,2022.xlsx
2022112508,2022-08,2022,8,강남구,야간,경상사고,차대사람 - 기타,차대사람,기타,기타,건조,맑음,기타 - 기타,기타,기타,0,0,1,0,1,1,0,Y,N,가해,개인형이동수단(PM),남,20세 이하,기타불명,보행자,여,31-40세,경상,2022.xlsx
2022113172,2022-08,2022,8,강남구,야간,부상신고사고,차대차 - 기타,차대차,기타,안전운전불이행,건조,맑음,교차로 - 교차로안,교차로,교차로안,0,0,0,1,1,1,0,Y,N,가해,개인형이동수단(PM),남,31-40세,부상신고,승용,남,65세 이상,상해없음,2022.xlsx
2022113371,2022-08,2022,8,강남구,주간,경상사고,차대사람 - 보도통행중,차대사람,보도통행중,안전운전불이행,건조,맑음,단일로 - 기타,단일로,기타,0,0,1,0,1,1,0,Y,N,가해,개인형이동수단(PM),여,20세 이하,상해없음,보행자,여,13-20세,경상,2022.xlsx
2022116388,2022-08,2022,8,강남구,주간,경상사고,차대사람 - 보도통행중,차대사람,보도통행중,기타,건조,맑음,단일로 - 기타,단일로,기타,0,0,1,0,1,1,0,Y,N,가해,개인형이동수단(PM),기타불명,기타불명,기타불명,보행자,여,41-50세,경상,2022.xlsx
2022117050,2022-08,2022,8,강남구,야간,중상사고,차량단독 - 전도전복,차량단독,전도전복,안전운전불이행,기타,기타,단일로 - 기타,단일로,기타,0,1,1,0,2,2,1,Y,N,가해,개인형이동수단(PM),남,21-30세,경상,,,,,2022.xlsx
2022118523,2022-08,2022,8,강남구,야간,경상사고,차대사람 - 기타,차대사람,기타,안전운전불이행,건조,맑음,기타 - 기타,기타,기타,0,0,1,0,1,1,0,Y,N,가해,개인형이동수단(PM),여,20세 이하,기타불명,보행자,여,51-60세,경상,2022.xlsx
2022120746,2022-08,2022,8,강남구,야간,경상사고,차대차 - 충돌,차대차,충돌,안전운전불이행,건조,맑음,교차로 - 교차로횡단보도내,교차로,교차로횡단보도내,0,0,1,0,1,1,0,Y,N,가해,개인형이동수단(PM),남,31-40세,기타불명,이륜,남,31-40세,경상,2022.xlsx
2022120983,2022-08,2022,8,강남구,주간,중상사고,차대차 - 충돌,차대차,충돌,안전운전불이행,건조,맑음,기타 - 기타,기타,기타,0,1,0,0,1,1,1,Y,N,가해,개인형이동수단(PM),남,31-40세,상해없음,자전거,여,41-50세,중상,2022.xlsx
2022124362,2022-08,2022,8,강남구,야간,중상사고,차대차 - 기타,차대차,기타,교차로운행방법위반,건조,맑음,교차로 - 교차로안,교차로,교차로안,0,1,0,0,1,1,1,Y,N,가해,개인형이동수단(PM),남,41-50세,중상,승합,남,41-50세,상해없음,2022.xlsx
2022112052,2022-08,2022,8,강동구,야간,중상사고,차대차 - 충돌,차대차,충돌,교차로운행방법위반,건조,맑음,교차로 - 교차로안,교차로,교차로안,0,1,0,0,1,1,1,N,Y,피해,승용,남,31-40세,상해없음,개인형이동수단(PM),여,31-40세,중상,2022.xlsx
2022112801,2022-08,2022,8,강동구,주간,경상사고,차대차 - 충돌,차대차,충돌,안전운전불이행,젖음/습기,흐림,교차로 - 교차로안,교차로,교차로안,0,0,1,0,1,1,0,N,Y,피해,이륜,남,65세 이상,상해없음,개인형이동수단(PM),남,21-30세,경상,2022.xlsx
2022117222,2022-08,2022,8,강북구,주간,중상사고,차대차 - 충돌,차대차,충돌,신호위반,건조,맑음,교차로 - 교차로안,교차로,교차로안,0,1,2,0,3,3,1,Y,N,가해,개인형이동수단(PM),남,20세 이하,중상,승용,남,51-60세,경상,2022.xlsx
2022120813,2022-08,2022,8,강북구,야간,경상사고,차대차 - 충돌,차대차,충돌,신호위반,건조,맑음,교차로 - 교차로안,교차로,교차로안,0,0,1,0,1,1,0,N,Y,피해,승용,남,65세 이상,상해없음,개인형이동수단(PM),남,65세 이상,경상,2022.xlsx
2022123175,2022-08,2022,8,강북구,주간,경상사고,차대차 - 충돌,차대차,충돌,안전운전불이행,건조,맑음,교차로 - 교차로안,교차로,교차로안,0,0,1,0,1,1,0,N,Y,피해,승용,남,61-64세,상해없음,개인형이동수단(PM),남,41-50세,경상,2022.xlsx
2022114603,2022-08,2022,8,강서구,주간,경상사고,차대차 - 기타,차대차,기타,기타,건조,맑음,교차로 - 교차로안,교차로,교차로안,0,0,1,0,1,1,0,N,Y,피해,승용,남,65세 이상,상해없음,개인형이동수단(PM),여,31-40세,경상,2022.xlsx
2022115880,2022-08,2022,8,강서구,주간,경상사고,차대차 - 충돌,차대차,충돌,기타,건조,맑음,교차로 - 교차로안,교차로,교차로안,0,0,1,0,1,1,0,Y,N,가해,개인형이동수단(PM),남,21-30세,경상,승용,남,41-50세,상해없음,2022.xlsx
2022123933,2022-08,2022,8,강서구,주간,부상신고사고,차대차 - 기타,차대차,기타,신호위반,건조,맑음,교차로 - 교차로안,교차로,교차로안,0,0,0,1,1,1,0,Y,N,가해,개인형이동수단(PM),남,21-30세,부상신고,화물,남,61-64세,상해없음,2022.xlsx
2022116134,2022-08,2022,8,관악구,야간,경상사고,차대차 - 기타,차대차,기타,기타,건조,흐림,교차로 - 교차로안,교차로,교차로안,0,0,1,0,1,1,0,Y,N,가해,개인형이동수단(PM),남,21-30세,상해없음,이륜,남,41-50세,경상,2022.xlsx
2022117987,2022-08,2022,8,관악구,야간,중상사고,차대차 - 충돌,차대차,충돌,신호위반,건조,맑음,교차로 - 교차로횡단보도내,교차로,교차로횡단보도내,0,1,0,0,1,1,1,N,Y,피해,이륜,남,21-30세,상해없음,개인형이동수단(PM),남,51-60세,중상,2022.xlsx
2022123076,2022-08,2022,8,광진구,야간,경상사고,차대차 - 추돌,차대차,추돌,안전운전불이행,건조,맑음,기타 - 기타,기타,기타,0,0,1,0,1,1,0,Y,N,가해,개인형이동수단(PM),남,51-60세,상해없음,이륜,남,31-40세,경상,2022.xlsx
2022126033,2022-08,2022,8,광진구,주간,경상사고,차대차 - 충돌,차대차,충돌,교차로운행방법위반,건조,맑음,교차로 - 교차로부근,교차로,교차로부근,0,0,1,0,1,1,0,Y,N,가해,개인형이동수단(PM),남,21-30세,경상,승용,남,65세 이상,상해없음,2022.xlsx
2022111372,2022-08,2022,8,구로구,주간,경상사고,차대차 - 기타,차대차,기타,기타,건조,맑음,단일로 - 기타,단일로,기타,0,0,1,0,1,1,0,N,Y,피해,승용,남,65세 이상,상해없음,개인형이동수단(PM),여,31-40세,경상,2022.xlsx
2022116754,2022-08,2022,8,구로구,주간,부상신고사고,차대차 - 기타,차대차,기타,기타,건조,맑음,단일로 - 기타,단일로,기타,0,0,0,1,1,1,0,Y,N,가해,개인형이동수단(PM),남,51-60세,상해없음,자전거,남,51-60세,부상신고,2022.xlsx
2022117504,2022-08,2022,8,구로구,주간,경상사고,차대사람 - 횡단중,차대사람,횡단중,안전운전불이행,건조,맑음,기타 - 기타,기타,기타,0,0,1,0,1,1,0,Y,N,가해,개인형이동수단(PM),남,21-30세,기타불명,보행자,여,21-30세,경상,2022.xlsx
2022116111,2022-08,2022,8,금천구,야간,경상사고,차대사람 - 기타,차대사람,기타,안전운전불이행,건조,맑음,단일로 - 기타,단일로,기타,0,0,1,0,1,1,0,Y,N,가해,개인형이동수단(PM),남,21-30세,상해없음,보행자,여,31-40세,경상,2022.xlsx
2022126402,2022-08,2022,8,금천구,야간,중상사고,차대차 - 기타,차대차,기타,중앙선침범,건조,맑음,교차로 - 교차로횡단보도내,교차로,교차로횡단보도내,0,1,1,0,2,2,1,Y,N,가해,개인형이동수단(PM),남,31-40세,경상,이륜,남,31-40세,중상,2022.xlsx
2022112156,2022-08,2022,8,노원구,주간,경상사고,차대차 - 기타,차대차,기타,기타,건조,맑음,교차로 - 교차로안,교차로,교차로안,0,0,1,0,1,1,0,Y,N,가해,개인형이동수단(PM),남,21-30세,경상,승용,남,41-50세,상해없음,2022.xlsx
2022112542,2022-08,2022,8,노원구,야간,경상사고,차대차 - 기타,차대차,기타,신호위반,건조,맑음,교차로 - 교차로안,교차로,교차로안,0,0,1,0,1,1,0,Y,N,가해,개인형이동수단(PM),여,20세 이하,경상,승용,남,31-40세,상해없음,2022.xlsx
2022113568,2022-08,2022,8,노원구,주간,경상사고,차대차 - 기타,차대차,기타,안전운전불이행,젖음/습기,비,기타 - 기타,기타,기타,0,0,1,0,1,1,0,N,Y,피해,기타불명,기타불명,기타불명,기타불명,개인형이동수단(PM),남,31-40세,경상,2022.xlsx
2022117505,2022-08,2022,8,노원구,주간,경상사고,차대사람 - 기타,차대사람,기타,안전운전불이행,건조,맑음,단일로 - 기타,단일로,기타,0,0,1,0,1,1,0,Y,N,가해,개인형이동수단(PM),기타불명,기타불명,기타불명,보행자,여,21-30세,경상,2022.xlsx
2022118126,2022-08,2022,8,노원구,주간,경상사고,차대사람 - 보도통행중,차대사람,보도통행중,기타,건조,맑음,기타 - 기타,기타,기타,0,0,1,0,1,1,0,Y,N,가해,개인형이동수단(PM),여,41-50세,상해없음,보행자,여,65세 이상,경상,2022.xlsx
2022121064,2022-08,2022,8,노원구,주간,부상신고사고,차대차 - 기타,차대차,기타,기타,건조,맑음,교차로 - 교차로안,교차로,교차로안,0,0,0,1,1,1,0,Y,N,가해,개인형이동수단(PM),남,41-50세,부상신고,승용,남,31-40세,상해없음,2022.xlsx
2022122897,2022-08,2022,8,노원구,주간,경상사고,차대사람 - 횡단중,차대사람,횡단중,보행자보호의무위반,젖음/습기,비,교차로 - 교차로횡단보도내,교차로,교차로횡단보도내,0,0,1,0,1,1,0,Y,N,가해,개인형이동수단(PM),여,20세 이하,상해없음,보행자,남,21-30세,경상,2022.xlsx
2022123429,2022-08,2022,8,노원구,주간,경상사고,차대차 - 기타,차대차,기타,기타,건조,맑음,교차로 - 교차로부근,교차로,교차로부근,0,0,1,0,1,1,0,Y,N,가해,개인형이동수단(PM),여,21-30세,경상,승용,여,41-50세,상해없음,2022.xlsx
2022114841,2022-08,2022,8,도봉구,주간,중상사고,차대차 - 충돌,차대차,충돌,신호위반,건조,맑음,교차로 - 교차로안,교차로,교차로안,0,1,0,0,1,1,1,N,Y,피해,화물,남,51-60세,상해없음,개인형이동수단(PM),남,31-40세,중상,2022.xlsx
2022115917,2022-08,2022,8,도봉구,주간,경상사고,차대사람 - 횡단중,차대사람,횡단중,신호위반,기타,맑음,교차로 - 교차로횡단보도내,교차로,교차로횡단보도내,0,0,1,1,2,2,0,Y,N,가해,개인형이동수단(PM),남,51-60세,부상신고,보행자,남,65세 이상,경상,2022.xlsx
2022124693,2022-08,2022,8,동대문구,야간,부상신고사고,차대사람 - 기타,차대사람,기타,안전운전불이행,건조,맑음,기타 - 기타,기타,기타,0,0,0,1,1,1,0,Y,N,가해,개인형이동수단(PM),남,41-50세,부상신고,보행자,남,21-30세,상해없음,2022.xlsx
2022112350,2022-08,2022,8,동작구,주간,중상사고,차대차 - 추돌,차대차,추돌,신호위반,건조,맑음,교차로 - 교차로안,교차로,교차로안,0,1,0,0,1,1,1,N,Y,피해,승용,남,61-64세,상해없음,개인형이동수단(PM),남,21-30세,중상,2022.xlsx
2022116161,2022-08,2022,8,동작구,야간,경상사고,차대차 - 충돌,차대차,충돌,신호위반,건조,맑음,교차로 - 교차로횡단보도내,교차로,교차로횡단보도내,0,0,1,1,2,2,0,N,Y,피해,이륜,남,31-40세,부상신고,개인형이동수단(PM),남,21-30세,경상,2022.xlsx
2022120647,2022-08,2022,8,동작구,주간,중상사고,차대사람 - 기타,차대사람,기타,안전운전불이행,건조,맑음,단일로 - 기타,단일로,기타,0,1,0,0,1,1,1,Y,N,가해,개인형이동수단(PM),남,20세 이하,상해없음,보행자,남,65세 이상,중상,2022.xlsx
2022121967,2022-08,2022,8,동작구,야간,경상사고,차대차 - 기타,차대차,기타,안전운전불이행,건조,맑음,단일로 - 기타,단일로,기타,0,0,1,0,1,1,0,Y,N,가해,개인형이동수단(PM),남,51-60세,경상,승용,남,51-60세,상해없음,2022.xlsx
2022110497,2022-08,2022,8,마포구,야간,경상사고,차대사람 - 보도통행중,차대사람,보도통행중,기타,젖음/습기,비,단일로 - 기타,단일로,기타,0,0,1,0,1,1,0,Y,N,가해,개인형이동수단(PM),남,31-40세,상해없음,보행자,남,31-40세,경상,2022.xlsx
2022117011,2022-08,2022,8,마포구,야간,사망사고,차량단독 - 전도전복,차량단독,전도전복,안전운전불이행,건조,맑음,단일로 - 기타,단일로,기타,1,0,0,0,0,1,1,Y,N,가해,개인형이동수단(PM),남,51-60세,사망,,,,,2022.xlsx
2022118856,2022-08,2022,8,서대문구,주간,부상신고사고,차대차 - 충돌,차대차,충돌,안전운전불이행,건조,맑음,교차로 - 교차로안,교차로,교차로안,0,0,0,1,1,1,0,Y,N,가해,개인형이동수단(PM),여,21-30세,부상신고,승용,남,61-64세,상해없음,2022.xlsx
2022125362,2022-08,2022,8,서대문구,야간,부상신고사고,차량단독 - 전도전복,차량단독,전도전복,안전운전불이행,건조,흐림,단일로 - 기타,단일로,기타,0,0,0,1,1,1,0,Y,N,가해,개인형이동수단(PM),남,21-30세,부상신고,,,,,2022.xlsx
2022111621,2022-08,2022,8,서초구,주간,경상사고,차대사람 - 보도통행중,차대사람,보도통행중,기타,건조,맑음,기타 - 기타,기타,기타,0,0,1,0,1,1,0,Y,N,가해,개인형이동수단(PM),여,21-30세,상해없음,보행자,여,21-30세,경상,2022.xlsx
2022119793,2022-08,2022,8,서초구,야간,경상사고,차대차 - 기타,차대차,기타,안전운전불이행,건조,맑음,교차로 - 교차로부근,교차로,교차로부근,0,0,1,0,1,1,0,N,Y,피해,승용,남,31-40세,상해없음,개인형이동수단(PM),남,51-60세,경상,2022.xlsx
2022111980,2022-08,2022,8,성동구,야간,중상사고,차대차 - 추돌,차대차,추돌,안전운전불이행,건조,맑음,단일로 - 기타,단일로,기타,0,1,0,0,1,1,1,Y,N,가해,개인형이동수단(PM),남,21-30세,상해없음,원동기,남,51-60세,중상,2022.xlsx
2022114600,2022-08,2022,8,성북구,주간,경상사고,차대사람 - 보도통행중,차대사람,보도통행중,기타,건조,맑음,단일로 - 기타,단일로,기타,0,0,1,0,1,1,0,Y,N,가해,개인형이동수단(PM),남,21-30세,상해없음,보행자,여,31-40세,경상,2022.xlsx
2022124573,2022-08,2022,8,성북구,주간,경상사고,차대차 - 충돌,차대차,충돌,기타,건조,맑음,교차로 - 교차로부근,교차로,교차로부근,0,0,1,0,1,1,0,N,Y,피해,승용,여,21-30세,상해없음,개인형이동수단(PM),남,21-30세,경상,2022.xlsx
2022112509,2022-08,2022,8,송파구,야간,중상사고,차대차 - 충돌,차대차,충돌,신호위반,건조,맑음,단일로 - 기타,단일로,기타,0,1,0,0,1,1,1,N,Y,피해,승용,남,41-50세,상해없음,개인형이동수단(PM),남,61-64세,중상,2022.xlsx
2022117091,2022-08,2022,8,송파구,주간,중상사고,차대사람 - 보도통행중,차대사람,보도통행중,안전운전불이행,건조,맑음,단일로 - 기타,단일로,기타,0,1,0,0,1,1,1,Y,N,가해,개인형이동수단(PM),여,20세 이하,상해없음,보행자,여,51-60세,중상,2022.xlsx
2022121312,2022-08,2022,8,송파구,야간,경상사고,차대사람 - 보도통행중,차대사람,보도통행중,안전운전불이행,젖음/습기,비,단일로 - 기타,단일로,기타,0,0,1,0,1,1,0,Y,N,가해,개인형이동수단(PM),남,21-30세,상해없음,보행자,여,51-60세,경상,2022.xlsx
2022122261,2022-08,2022,8,송파구,주간,경상사고,차대사람 - 보도통행중,차대사람,보도통행중,기타,건조,맑음,교차로 - 교차로부근,교차로,교차로부근,0,0,1,0,1,1,0,Y,N,가해,개인형이동수단(PM),여,20세 이하,상해없음,보행자,여,65세 이상,경상,2022.xlsx
2022122860,2022-08,2022,8,송파구,주간,중상사고,차대차 - 충돌,차대차,충돌,안전운전불이행,건조,맑음,교차로 - 교차로안,교차로,교차로안,0,1,0,0,1,1,1,Y,N,가해,개인형이동수단(PM),여,21-30세,중상,승용,남,41-50세,상해없음,2022.xlsx
2022123149,2022-08,2022,8,송파구,주간,중상사고,차대차 - 기타,차대차,기타,안전운전불이행,건조,맑음,기타 - 기타,기타,기타,0,2,0,0,2,2,2,N,Y,피해,자전거,남,41-50세,중상,개인형이동수단(PM),남,41-50세,중상,2022.xlsx
2022123860,2022-08,2022,8,송파구,주간,중상사고,차대차 - 충돌,차대차,충돌,신호위반,건조,맑음,교차로 - 교차로횡단보도내,교차로,교차로횡단보도내,0,1,0,0,1,1,1,N,Y,피해,승용,남,41-50세,상해없음,개인형이동수단(PM),남,31-40세,중상,2022.xlsx
2022115813,2022-08,2022,8,양천구,주간,경상사고,차대사람 - 기타,차대사람,기타,기타,건조,맑음,기타 - 기타,기타,기타,0,0,1,0,1,1,0,Y,N,가해,개인형이동수단(PM),남,51-60세,상해없음,보행자,남,65세 이상,경상,2022.xlsx
2022120109,2022-08,2022,8,영등포구,주간,부상신고사고,차대사람 - 기타,차대사람,기타,기타,건조,맑음,단일로 - 기타,단일로,기타,0,0,0,1,1,1,0,Y,N,가해,개인형이동수단(PM),남,41-50세,부상신고,보행자,여,31-40세,상해없음,2022.xlsx
2022122494,2022-08,2022,8,영등포구,야간,경상사고,차대차 - 기타,차대차,기타,안전운전불이행,건조,맑음,교차로 - 교차로부근,교차로,교차로부근,0,0,1,0,1,1,0,Y,N,가해,개인형이동수단(PM),남,21-30세,경상,승용,남,65세 이상,상해없음,2022.xlsx
2022112685,2022-08,2022,8,용산구,야간,중상사고,차량단독 - 기타,차량단독,기타,안전운전불이행,건조,맑음,단일로 - 기타,단일로,기타,0,1,0,1,2,2,1,Y,N,가해,개인형이동수단(PM),남,31-40세,중상,,,,,2022.xlsx
2022126283,2022-08,2022,8,용산구,주간,중상사고,차대사람 - 기타,차대사람,기타,신호위반,건조,맑음,기타 - 기타,기타,기타,0,1,0,0,1,1,1,Y,N,가해,개인형이동수단(PM),여,21-30세,상해없음,보행자,남,65세 이상,중상,2022.xlsx
2022118007,2022-08,2022,8,은평구,야간,중상사고,차대차 - 충돌,차대차,충돌,안전거리미확보,건조,맑음,교차로 - 교차로부근,교차로,교차로부근,0,1,0,0,1,1,1,N,Y,피해,승용,남,51-60세,상해없음,개인형이동수단(PM),남,51-60세,중상,2022.xlsx
2022110178,2022-08,2022,8,종로구,주간,중상사고,차대차 - 충돌,차대차,충돌,신호위반,건조,맑음,교차로 - 교차로안,교차로,교차로안,0,1,1,0,2,2,1,N,Y,피해,승용,남,51-60세,상해없음,개인형이동수단(PM),남,65세 이상,중상,2022.xlsx
2022110367,2022-08,2022,8,종로구,야간,경상사고,차대사람 - 보도통행중,차대사람,보도통행중,기타,건조,흐림,단일로 - 기타,단일로,기타,0,0,1,0,1,1,0,Y,N,가해,개인형이동수단(PM),남,31-40세,상해없음,보행자,남,12세 이하,경상,2022.xlsx
2022114807,2022-08,2022,8,종로구,주간,경상사고,차대사람 - 보도통행중,차대사람,보도통행중,기타,건조,맑음,단일로 - 기타,단일로,기타,0,0,1,0,1,1,0,Y,N,가해,개인형이동수단(PM),여,20세 이하,상해없음,보행자,여,21-30세,경상,2022.xlsx
2022117053,2022-08,2022,8,종로구,야간,부상신고사고,차량단독 - 기타,차량단독,기타,안전운전불이행,건조,흐림,단일로 - 기타,단일로,기타,0,0,0,1,1,1,0,Y,N,가해,개인형이동수단(PM),남,31-40세,부상신고,,,,,2022.xlsx
2022122818,2022-08,2022,8,종로구,주간,경상사고,차대사람 - 기타,차대사람,기타,보행자보호의무위반,건조,맑음,교차로 - 교차로부근,교차로,교차로부근,0,0,1,0,1,1,0,Y,N,가해,개인형이동수단(PM),남,21-30세,상해없음,보행자,남,21-30세,경상,2022.xlsx
2022123712,2022-08,2022,8,종로구,야간,경상사고,차대차 - 충돌,차대차,충돌,안전운전불이행,건조,흐림,교차로 - 교차로부근,교차로,교차로부근,0,0,1,1,2,2,0,Y,N,가해,개인형이동수단(PM),남,21-30세,부상신고,승용,남,21-30세,경상,2022.xlsx
2022111647,2022-08,2022,8,중구,주간,중상사고,차대차 - 충돌,차대차,충돌,안전운전불이행,건조,맑음,교차로 - 교차로안,교차로,교차로안,0,1,0,0,1,1,1,Y,N,가해,개인형이동수단(PM),남,65세 이상,중상,승용,남,51-60세,상해없음,2022.xlsx
2022116008,2022-08,2022,8,중랑구,야간,중상사고,차대차 - 충돌,차대차,충돌,안전운전불이행,건조,맑음,교차로 - 교차로안,교차로,교차로안,0,1,0,0,1,1,1,N,Y,피해,승용,남,51-60세,상해없음,개인형이동수단(PM),남,65세 이상,중상,2022.xlsx
2022123623,2022-08,2022,8,중랑구,야간,부상신고사고,차대차 - 충돌,차대차,충돌,기타,건조,흐림,교차로 - 교차로안,교차로,교차로안,0,0,0,1,1,1,0,Y,N,가해,개인형이동수단(PM),여,20세 이하,상해없음,승용,여,21-30세,상해없음,2022.xlsx
2022126715,2022-09,2022,9,강남구,주간,경상사고,차대차 - 추돌,차대차,추돌,신호위반,건조,맑음,기타 - 기타,기타,기타,0,0,1,0,1,1,0,Y,N,가해,개인형이동수단(PM),남,20세 이하,상해없음,자전거,남,31-40세,경상,2022.xlsx
2022130137,2022-09,2022,9,강남구,야간,중상사고,차대차 - 추돌,차대차,추돌,기타,건조,맑음,기타 - 기타,기타,기타,0,1,0,0,1,1,1,Y,Y,가해+피해,개인형이동수단(PM),남,41-50세,기타불명,개인형이동수단(PM),남,21-30세,중상,2022.xlsx
2022130694,2022-09,2022,9,강남구,야간,경상사고,차대차 - 기타,차대차,기타,안전운전불이행,건조,맑음,교차로 - 교차로횡단보도내,교차로,교차로횡단보도내,0,0,1,0,1,1,0,Y,N,가해,개인형이동수단(PM),남,21-30세,경상,승용,남,41-50세,상해없음,2022.xlsx
2022131432,2022-09,2022,9,강남구,야간,부상신고사고,차대차 - 기타,차대차,기타,안전운전불이행,건조,맑음,교차로 - 교차로안,교차로,교차로안,0,0,0,1,1,1,0,N,Y,피해,승용,남,51-60세,상해없음,개인형이동수단(PM),여,31-40세,부상신고,2022.xlsx
2022132036,2022-09,2022,9,강남구,야간,경상사고,차대차 - 충돌,차대차,충돌,안전운전불이행,건조,맑음,단일로 - 기타,단일로,기타,0,0,1,0,1,1,0,N,Y,피해,승용,남,65세 이상,상해없음,개인형이동수단(PM),남,31-40세,경상,2022.xlsx
2022133886,2022-09,2022,9,강남구,주간,중상사고,차대차 - 기타,차대차,기타,교차로운행방법위반,건조,맑음,교차로 - 교차로안,교차로,교차로안,0,1,0,0,1,1,1,Y,N,가해,개인형이동수단(PM),여,21-30세,중상,승용,남,65세 이상,상해없음,2022.xlsx
2022135513,2022-09,2022,9,강남구,야간,경상사고,차대사람 - 차도통행중,차대사람,차도통행중,안전운전불이행,젖음/습기,흐림,단일로 - 기타,단일로,기타,0,0,1,0,1,1,0,Y,N,가해,개인형이동수단(PM),남,21-30세,기타불명,보행자,남,31-40세,경상,2022.xlsx
2022138574,2022-09,2022,9,강남구,주간,경상사고,차대사람 - 보도통행중,차대사람,보도통행중,기타,기타,맑음,단일로 - 기타,단일로,기타,0,0,1,0,1,1,0,Y,N,가해,개인형이동수단(PM),여,21-30세,상해없음,보행자,여,21-30세,경상,2022.xlsx
2022142006,2022-09,2022,9,강남구,주간,경상사고,차대차 - 추돌,차대차,추돌,신호위반,건조,맑음,교차로 - 교차로횡단보도내,교차로,교차로횡단보도내,0,0,1,0,1,1,0,N,Y,피해,화물,남,65세 이상,상해없음,개인형이동수단(PM),남,21-30세,경상,2022.xlsx
2022141340,2022-09,2022,9,강서구,주간,경상사고,차대차 - 기타,차대차,기타,기타,건조,맑음,교차로 - 교차로안,교차로,교차로안,0,0,1,0,1,1,0,N,Y,피해,승용,남,61-64세,상해없음,개인형이동수단(PM),여,31-40세,경상,2022.xlsx
2022127003,2022-09,2022,9,관악구,야간,중상사고,차대차 - 기타,차대차,기타,안전운전불이행,건조,흐림,교차로 - 교차로부근,교차로,교차로부근,0,1,0,0,1,1,1,Y,N,가해,개인형이동수단(PM),남,21-30세,중상,승합,남,65세 이상,상해없음,2022.xlsx
2022137082,2022-09,2022,9,관악구,주간,경상사고,차대차 - 기타,차대차,기타,중앙선침범,건조,맑음,단일로 - 기타,단일로,기타,0,0,1,0,1,1,0,N,Y,피해,자전거,남,31-40세,경상,개인형이동수단(PM),여,31-40세,상해없음,2022.xlsx
2022130278,2022-09,2022,9,광진구,주간,경상사고,차대차 - 기타,차대차,기타,안전운전불이행,건조,맑음,교차로 - 교차로안,교차로,교차로안,0,0,1,0,1,1,0,Y,N,가해,개인형이동수단(PM),여,21-30세,경상,승용,남,61-64세,상해없음,2022.xlsx
2022136433,2022-09,2022,9,광진구,야간,경상사고,차대차 - 충돌,차대차,충돌,안전운전불이행,건조,맑음,교차로 - 교차로부근,교차로,교차로부근,0,0,1,0,1,1,0,N,Y,피해,승용,남,65세 이상,상해없음,개인형이동수단(PM),여,21-30세,경상,2022.xlsx
2022137041,2022-09,2022,9,광진구,야간,중상사고,차대차 - 충돌,차대차,충돌,안전운전불이행,건조,맑음,교차로 - 교차로안,교차로,교차로안,0,1,0,0,1,1,1,N,Y,피해,이륜,남,21-30세,상해없음,개인형이동수단(PM),여,21-30세,중상,2022.xlsx
2022137574,2022-09,2022,9,광진구,야간,부상신고사고,차대차 - 기타,차대차,기타,안전운전불이행,건조,맑음,교차로 - 교차로부근,교차로,교차로부근,0,0,0,1,1,1,0,N,Y,피해,자전거,남,20세 이하,부상신고,개인형이동수단(PM),여,13-20세,상해없음,2022.xlsx
2022130763,2022-09,2022,9,구로구,야간,경상사고,차대사람 - 기타,차대사람,기타,안전운전불이행,건조,맑음,단일로 - 기타,단일로,기타,0,0,1,0,1,1,0,Y,N,가해,개인형이동수단(PM),남,20세 이하,상해없음,보행자,여,31-40세,경상,2022.xlsx
2022140321,2022-09,2022,9,구로구,주간,경상사고,차대차 - 기타,차대차,기타,안전운전불이행,건조,맑음,교차로 - 교차로횡단보도내,교차로,교차로횡단보도내,0,0,1,1,2,2,0,Y,N,가해,개인형이동수단(PM),남,41-50세,부상신고,승합,남,65세 이상,상해없음,2022.xlsx
2022143235,2022-09,2022,9,구로구,주간,경상사고,차대차 - 기타,차대차,기타,안전운전불이행,건조,맑음,교차로 - 교차로안,교차로,교차로안,0,0,1,0,1,1,0,Y,N,가해,개인형이동수단(PM),남,65세 이상,경상,이륜,남,21-30세,기타불명,2022.xlsx
2022133227,2022-09,2022,9,금천구,야간,경상사고,차대차 - 충돌,차대차,충돌,안전거리미확보,건조,맑음,단일로 - 기타,단일로,기타,0,0,1,0,1,1,0,Y,N,가해,개인형이동수단(PM),여,20세 이하,경상,승용,남,31-40세,상해없음,2022.xlsx
2022137069,2022-09,2022,9,금천구,야간,경상사고,차량단독 - 기타,차량단독,기타,안전운전불이행,건조,맑음,단일로 - 기타,단일로,기타,0,0,1,0,1,1,0,Y,N,가해,개인형이동수단(PM),남,51-60세,경상,,,,,2022.xlsx
2022128014,2022-09,2022,9,노원구,주간,경상사고,차대사람 - 보도통행중,차대사람,보도통행중,기타,건조,맑음,기타 - 기타,기타,기타,0,0,1,0,1,1,0,Y,N,가해,개인형이동수단(PM),남,20세 이하,상해없음,보행자,남,41-50세,경상,2022.xlsx
2022131222,2022-09,2022,9,노원구,주간,경상사고,차대사람 - 기타,차대사람,기타,안전운전불이행,건조,맑음,단일로 - 기타,단일로,기타,0,0,1,0,1,1,0,Y,N,가해,개인형이동수단(PM),남,20세 이하,상해없음,보행자,여,65세 이상,경상,2022.xlsx
2022134613,2022-09,2022,9,노원구,주간,경상사고,차대차 - 추돌,차대차,추돌,안전운전불이행,건조,맑음,기타 - 기타,기타,기타,0,0,1,0,1,1,0,N,Y,피해,기타불명,기타불명,기타불명,기타불명,개인형이동수단(PM),남,21-30세,경상,2022.xlsx
2022140463,2022-09,2022,9,노원구,주간,경상사고,차대사람 - 횡단중,차대사람,횡단중,보행자보호의무위반,건조,맑음,교차로 - 교차로횡단보도내,교차로,교차로횡단보도내,0,0,1,0,1,1,0,Y,N,가해,개인형이동수단(PM),남,20세 이하,상해없음,보행자,남,31-40세,경상,2022.xlsx
2022131486,2022-09,2022,9,도봉구,야간,경상사고,차대차 - 충돌,차대차,충돌,기타,건조,맑음,교차로 - 교차로안,교차로,교차로안,0,0,1,0,1,1,0,Y,N,가해,개인형이동수단(PM),여,21-30세,경상,화물,남,65세 이상,상해없음,2022.xlsx
2022127620,2022-09,2022,9,동대문구,야간,경상사고,차대차 - 충돌,차대차,충돌,안전거리미확보,건조,맑음,단일로 - 기타,단일로,기타,0,0,1,0,1,1,0,N,Y,피해,승용,남,51-60세,상해없음,개인형이동수단(PM),남,31-40세,경상,2022.xlsx
2022135352,2022-09,2022,9,동대문구,야간,경상사고,차대차 - 기타,차대차,기타,안전운전불이행,건조,맑음,단일로 - 기타,단일로,기타,0,0,1,0,1,1,0,N,Y,피해,화물,남,65세 이상,상해없음,개인형이동수단(PM),여,21-30세,경상,2022.xlsx
2022127474,2022-09,2022,9,동작구,주간,경상사고,차대차 - 추돌,차대차,추돌,안전운전불이행,건조,맑음,교차로 - 교차로부근,교차로,교차로부근,0,0,2,0,2,2,0,N,Y,피해,승용,남,41-50세,상해없음,개인형이동수단(PM),여,13-20세,경상,2022.xlsx
2022134886,2022-09,2022,9,동작구,주간,중상사고,차대사람 - 보도통행중,차대사람,보도통행중,기타,건조,맑음,단일로 - 기타,단일로,기타,0,1,0,0,1,1,1,Y,N,가해,개인형이동수단(PM),남,20세 이하,상해없음,보행자,남,51-60세,중상,2022.xlsx
2022126911,2022-09,2022,9,마포구,주간,중상사고,차대차 - 기타,차대차,기타,안전운전불이행,건조,맑음,단일로 - 기타,단일로,기타,0,1,0,0,1,1,1,N,Y,피해,승용,여,31-40세,상해없음,개인형이동수단(PM),남,31-40세,중상,2022.xlsx
2022128456,2022-09,2022,9,마포구,야간,중상사고,차대차 - 충돌,차대차,충돌,안전운전불이행,건조,맑음,교차로 - 교차로안,교차로,교차로안,0,1,0,0,1,1,1,N,Y,피해,승용,남,21-30세,상해없음,개인형이동수단(PM),남,31-40세,중상,2022.xlsx
2022132169,2022-09,2022,9,마포구,야간,경상사고,차대사람 - 길가장자리구역통행중,차대사람,길가장자리구역통행중,신호위반,건조,맑음,단일로 - 기타,단일로,기타,0,0,1,0,1,1,0,Y,N,가해,개인형이동수단(PM),남,31-40세,상해없음,보행자,남,21-30세,경상,2022.xlsx
2022134809,2022-09,2022,9,마포구,야간,경상사고,차대차 - 기타,차대차,기타,안전운전불이행,건조,맑음,교차로 - 교차로부근,교차로,교차로부근,0,0,1,0,1,1,0,N,Y,피해,승용,남,51-60세,상해없음,개인형이동수단(PM),남,21-30세,경상,2022.xlsx
2022137057,2022-09,2022,9,마포구,야간,경상사고,차대차 - 충돌,차대차,충돌,안전운전불이행,건조,맑음,교차로 - 교차로안,교차로,교차로안,0,0,1,0,1,1,0,N,Y,피해,기타불명,기타불명,기타불명,기타불명,개인형이동수단(PM),남,21-30세,경상,2022.xlsx
2022137328,2022-09,2022,9,마포구,주간,경상사고,차대사람 - 보도통행중,차대사람,보도통행중,기타,건조,맑음,기타 - 기타,기타,기타,0,0,1,0,1,1,0,Y,N,가해,개인형이동수단(PM),남,20세 이하,상해없음,보행자,남,12세 이하,경상,2022.xlsx
2022138701,2022-09,2022,9,마포구,주간,경상사고,차대사람 - 보도통행중,차대사람,보도통행중,안전운전불이행,건조,맑음,기타 - 기타,기타,기타,0,0,1,0,1,1,0,Y,N,가해,개인형이동수단(PM),남,20세 이하,기타불명,보행자,여,31-40세,경상,2022.xlsx
2022141591,2022-09,2022,9,마포구,주간,중상사고,차대차 - 기타,차대차,기타,신호위반,건조,맑음,단일로 - 기타,단일로,기타,0,1,0,0,1,1,1,N,Y,피해,화물,남,51-60세,상해없음,개인형이동수단(PM),남,41-50세,중상,2022.xlsx
2022130326,2022-09,2022,9,서대문구,주간,경상사고,차대차 - 기타,차대차,기타,안전운전불이행,건조,맑음,단일로 - 기타,단일로,기타,0,0,1,0,1,1,0,Y,N,가해,개인형이동수단(PM),남,31-40세,경상,승용,여,41-50세,상해없음,2022.xlsx
2022132086,2022-09,2022,9,서대문구,야간,경상사고,차대차 - 기타,차대차,기타,안전운전불이행,건조,맑음,기타 - 기타,기타,기타,0,0,1,0,1,1,0,Y,N,가해,개인형이동수단(PM),남,31-40세,경상,이륜,남,21-30세,상해없음,2022.xlsx
2022133394,2022-09,2022,9,서대문구,주간,경상사고,차대사람 - 차도통행중,차대사람,차도통행중,안전운전불이행,건조,맑음,단일로 - 기타,단일로,기타,0,0,1,0,1,1,0,Y,N,가해,개인형이동수단(PM),여,41-50세,상해없음,보행자,여,61-64세,경상,2022.xlsx
2022130842,2022-09,2022,9,서초구,야간,경상사고,차대사람 - 횡단중,차대사람,횡단중,안전운전불이행,건조,맑음,단일로 - 기타,단일로,기타,0,0,2,0,2,2,0,Y,N,가해,개인형이동수단(PM),남,31-40세,상해없음,보행자,남,31-40세,경상,2022.xlsx
2022131633,2022-09,2022,9,서초구,야간,경상사고,차대차 - 충돌,차대차,충돌,안전운전불이행,건조,맑음,단일로 - 기타,단일로,기타,0,0,1,0,1,1,0,N,Y,피해,이륜,남,21-30세,경상,개인형이동수단(PM),남,21-30세,상해없음,2022.xlsx
2022138139,2022-09,2022,9,서초구,야간,경상사고,차대사람 - 횡단중,차대사람,횡단중,보행자보호의무위반,건조,맑음,교차로 - 교차로횡단보도내,교차로,교차로횡단보도내,0,0,1,0,1,1,0,Y,N,가해,개인형이동수단(PM),남,20세 이하,상해없음,보행자,여,21-30세,경상,2022.xlsx
2022138628,2022-09,2022,9,서초구,주간,경상사고,차대사람 - 보도통행중,차대사람,보도통행중,안전운전불이행,건조,맑음,단일로 - 기타,단일로,기타,0,0,1,0,1,1,0,Y,N,가해,개인형이동수단(PM),여,31-40세,상해없음,보행자,여,65세 이상,경상,2022.xlsx
2022138906,2022-09,2022,9,서초구,야간,중상사고,차대차 - 기타,차대차,기타,안전운전불이행,건조,맑음,단일로 - 기타,단일로,기타,0,1,1,0,2,2,1,Y,N,가해,개인형이동수단(PM),남,31-40세,경상,이륜,여,41-50세,중상,2022.xlsx
2022140162,2022-09,2022,9,성동구,야간,경상사고,차대차 - 충돌,차대차,충돌,안전운전불이행,건조,맑음,교차로 - 교차로안,교차로,교차로안,0,0,1,0,1,1,0,N,Y,피해,승용,남,65세 이상,상해없음,개인형이동수단(PM),남,21-30세,경상,2022.xlsx
2022127039,2022-09,2022,9,송파구,야간,경상사고,차대차 - 충돌,차대차,충돌,안전운전불이행,건조,맑음,교차로 - 교차로횡단보도내,교차로,교차로횡단보도내,0,0,1,0,1,1,0,Y,N,가해,개인형이동수단(PM),남,21-30세,경상,승용,여,31-40세,상해없음,2022.xlsx
2022127864,2022-09,2022,9,송파구,야간,경상사고,차량단독 - 기타,차량단독,기타,안전운전불이행,건조,맑음,단일로 - 기타,단일로,기타,0,0,1,0,1,1,0,Y,N,가해,개인형이동수단(PM),남,21-30세,경상,,,,,2022.xlsx
2022128882,2022-09,2022,9,송파구,야간,부상신고사고,차대차 - 기타,차대차,기타,안전운전불이행,젖음/습기,비,단일로 - 기타,단일로,기타,0,0,0,1,1,1,0,N,Y,피해,승용,여,51-60세,상해없음,개인형이동수단(PM),남,31-40세,부상신고,2022.xlsx
2022129734,2022-09,2022,9,송파구,주간,경상사고,차대차 - 충돌,차대차,충돌,안전운전불이행,건조,맑음,단일로 - 기타,단일로,기타,0,0,1,1,2,2,0,N,Y,피해,이륜,남,31-40세,부상신고,개인형이동수단(PM),남,41-50세,경상,2022.xlsx
2022133024,2022-09,2022,9,송파구,주간,경상사고,차대차 - 충돌,차대차,충돌,안전운전불이행,건조,맑음,단일로 - 기타,단일로,기타,0,0,1,0,1,1,0,N,Y,피해,승용,남,41-50세,상해없음,개인형이동수단(PM),남,51-60세,경상,2022.xlsx
2022133633,2022-09,2022,9,송파구,야간,경상사고,차대사람 - 횡단중,차대사람,횡단중,중앙선침범,건조,맑음,교차로 - 교차로횡단보도내,교차로,교차로횡단보도내,0,0,1,0,1,1,0,Y,N,가해,개인형이동수단(PM),남,20세 이하,상해없음,보행자,여,61-64세,경상,2022.xlsx
2022134075,2022-09,2022,9,송파구,주간,경상사고,차대차 - 기타,차대차,기타,안전운전불이행,건조,맑음,단일로 - 기타,단일로,기타,0,0,1,0,1,1,0,N,Y,피해,승용,여,51-60세,상해없음,개인형이동수단(PM),여,13-20세,경상,2022.xlsx
2022135768,2022-09,2022,9,송파구,주간,경상사고,차대사람 - 차도통행중,차대사람,차도통행중,안전운전불이행,건조,맑음,단일로 - 기타,단일로,기타,0,0,1,0,1,1,0,Y,N,가해,개인형이동수단(PM),여,20세 이하,상해없음,보행자,여,21-30세,경상,2022.xlsx
2022138668,2022-09,2022,9,송파구,주간,경상사고,차대사람 - 보도통행중,차대사람,보도통행중,기타,건조,맑음,단일로 - 기타,단일로,기타,0,0,1,0,1,1,0,Y,N,가해,개인형이동수단(PM),남,31-40세,상해없음,보행자,여,65세 이상,경상,2022.xlsx
2022141552,2022-09,2022,9,송파구,주간,중상사고,차대차 - 기타,차대차,기타,안전운전불이행,건조,맑음,단일로 - 기타,단일로,기타,0,1,0,0,1,1,1,Y,N,가해,개인형이동수단(PM),여,31-40세,중상,승용,여,61-64세,상해없음,2022.xlsx
2022128284,2022-09,2022,9,양천구,야간,경상사고,차대사람 - 기타,차대사람,기타,안전운전불이행,건조,맑음,단일로 - 기타,단일로,기타,0,0,1,0,1,1,0,Y,N,가해,개인형이동수단(PM),남,20세 이하,기타불명,보행자,여,41-50세,경상,2022.xlsx
2022133502,2022-09,2022,9,양천구,주간,중상사고,차대사람 - 횡단중,차대사람,횡단중,신호위반,건조,맑음,단일로 - 기타,단일로,기타,0,1,0,0,1,1,1,Y,N,가해,개인형이동수단(PM),남,20세 이하,상해없음,보행자,남,12세 이하,중상,2022.xlsx
2022135307,2022-09,2022,9,양천구,야간,경상사고,차대차 - 기타,차대차,기타,기타,건조,맑음,단일로 - 기타,단일로,기타,0,0,1,0,1,1,0,N,Y,피해,승용,여,51-60세,상해없음,개인형이동수단(PM),여,61-64세,경상,2022.xlsx
2022138881,2022-09,2022,9,양천구,야간,중상사고,차대차 - 기타,차대차,기타,안전운전불이행,건조,맑음,단일로 - 기타,단일로,기타,0,1,0,0,1,1,1,N,Y,피해,승용,여,21-30세,상해없음,개인형이동수단(PM),남,61-64세,중상,2022.xlsx
2022134465,2022-09,2022,9,영등포구,주간,경상사고,차대사람 - 보도통행중,차대사람,보도통행중,기타,건조,맑음,단일로 - 기타,단일로,기타,0,0,1,0,1,1,0,Y,N,가해,개인형이동수단(PM),여,41-50세,상해없음,보행자,남,31-40세,경상,2022.xlsx
2022140320,2022-09,2022,9,영등포구,주간,경상사고,차대차 - 기타,차대차,기타,안전운전불이행,건조,맑음,교차로 - 교차로안,교차로,교차로안,0,0,1,0,1,1,0,N,Y,피해,화물,남,65세 이상,상해없음,개인형이동수단(PM),여,31-40세,경상,2022.xlsx
2022140617,2022-09,2022,9,영등포구,야간,경상사고,차대차 - 기타,차대차,기타,중앙선침범,건조,맑음,단일로 - 기타,단일로,기타,0,0,2,1,3,3,0,Y,N,가해,개인형이동수단(PM),남,20세 이하,부상신고,승용,남,31-40세,경상,2022.xlsx
2022130865,2022-09,2022,9,용산구,야간,경상사고,차대사람 - 보도통행중,차대사람,보도통행중,안전운전불이행,건조,흐림,기타 - 기타,기타,기타,0,0,1,0,1,1,0,Y,N,가해,개인형이동수단(PM),남,41-50세,기타불명,보행자,남,21-30세,경상,2022.xlsx
2022143041,2022-09,2022,9,중구,야간,경상사고,차대차 - 기타,차대차,기타,기타,건조,맑음,교차로 - 교차로부근,교차로,교차로부근,0,0,1,0,1,1,0,Y,N,가해,개인형이동수단(PM),여,21-30세,경상,이륜,남,31-40세,기타불명,2022.xlsx
2022138313,2022-09,2022,9,중랑구,야간,경상사고,차대차 - 기타,차대차,기타,안전운전불이행,건조,맑음,교차로 - 교차로부근,교차로,교차로부근,0,0,1,0,1,1,0,N,Y,피해,승용,남,61-64세,상해없음,개인형이동수단(PM),남,41-50세,경상,2022.xlsx
2022146443,2022-10,2022,10,강남구,야간,중상사고,차대차 - 추돌,차대차,추돌,안전운전불이행,젖음/습기,맑음,기타 - 기타,기타,기타,0,1,0,0,1,1,1,N,Y,피해,승용,남,31-40세,상해없음,개인형이동수단(PM),남,51-60세,중상,2022.xlsx
2022147696,2022-10,2022,10,강남구,야간,경상사고,차대사람 - 보도통행중,차대사람,보도통행중,기타,건조,맑음,기타 - 기타,기타,기타,0,0,1,0,1,1,0,Y,N,가해,개인형이동수단(PM),남,21-30세,상해없음,보행자,남,41-50세,경상,2022.xlsx
2022148857,2022-10,2022,10,강남구,야간,경상사고,차대차 - 기타,차대차,기타,신호위반,건조,맑음,교차로 - 교차로횡단보도내,교차로,교차로횡단보도내,0,0,1,0,1,1,0,N,Y,피해,이륜,남,21-30세,기타불명,개인형이동수단(PM),남,31-40세,경상,2022.xlsx
2022149442,2022-10,2022,10,강남구,주간,경상사고,차대사람 - 횡단중,차대사람,횡단중,기타,건조,맑음,기타 - 기타,기타,기타,0,0,1,0,1,1,0,Y,N,가해,개인형이동수단(PM),여,20세 이하,기타불명,보행자,여,21-30세,경상,2022.xlsx
2022149653,2022-10,2022,10,강남구,주간,중상사고,차대차 - 기타,차대차,기타,신호위반,건조,맑음,단일로 - 기타,단일로,기타,0,1,0,0,1,1,1,N,Y,피해,승용,여,41-50세,상해없음,개인형이동수단(PM),남,21-30세,중상,2022.xlsx
2022152823,2022-10,2022,10,강남구,야간,중상사고,차대사람 - 보도통행중,차대사람,보도통행중,신호위반,건조,맑음,단일로 - 기타,단일로,기타,0,1,0,0,1,1,1,Y,N,가해,개인형이동수단(PM),남,21-30세,상해없음,보행자,남,12세 이하,중상,2022.xlsx
2022153178,2022-10,2022,10,강남구,주간,경상사고,차대차 - 충돌,차대차,충돌,안전운전불이행,건조,맑음,교차로 - 교차로횡단보도내,교차로,교차로횡단보도내,0,0,1,0,1,1,0,Y,N,가해,개인형이동수단(PM),여,31-40세,경상,승용,남,21-30세,상해없음,2022.xlsx
2022155571,2022-10,2022,10,강남구,야간,경상사고,차대사람 - 보도통행중,차대사람,보도통행중,기타,건조,기타,기타 - 기타,기타,기타,0,0,1,0,1,1,0,Y,N,가해,개인형이동수단(PM),남,21-30세,기타불명,보행자,남,41-50세,경상,2022.xlsx
2022157575,2022-10,2022,10,강남구,주간,경상사고,차대사람 - 보도통행중,차대사람,보도통행중,기타,기타,기타,단일로 - 기타,단일로,기타,0,0,1,0,1,1,0,Y,N,가해,개인형이동수단(PM),남,20세 이하,상해없음,보행자,남,21-30세,경상,2022.xlsx
2022159158,2022-10,2022,10,강남구,야간,부상신고사고,차량단독 - 기타,차량단독,기타,안전운전불이행,건조,맑음,단일로 - 기타,단일로,기타,0,0,0,1,1,1,0,Y,N,가해,개인형이동수단(PM),남,31-40세,부상신고,,,,,2022.xlsx
2022159204,2022-10,2022,10,강남구,야간,부상신고사고,차량단독 - 기타,차량단독,기타,안전운전불이행,건조,맑음,기타 - 기타,기타,기타,0,0,0,1,1,1,0,Y,N,가해,개인형이동수단(PM),남,31-40세,부상신고,,,,,2022.xlsx
2022160350,2022-10,2022,10,강남구,야간,경상사고,차대사람 - 보도통행중,차대사람,보도통행중,안전운전불이행,건조,기타,기타 - 기타,기타,기타,0,0,1,0,1,1,0,Y,N,가해,개인형이동수단(PM),여,31-40세,상해없음,보행자,남,31-40세,경상,2022.xlsx
2022160570,2022-10,2022,10,강남구,야간,경상사고,차대사람 - 기타,차대사람,기타,안전운전불이행,건조,맑음,기타 - 기타,기타,기타,0,0,1,0,1,1,0,Y,N,가해,개인형이동수단(PM),여,21-30세,상해없음,보행자,여,21-30세,경상,2022.xlsx
2022161461,2022-10,2022,10,강남구,주간,부상신고사고,차대차 - 기타,차대차,기타,안전운전불이행,건조,맑음,단일로 - 기타,단일로,기타,0,0,0,1,1,1,0,Y,N,가해,개인형이동수단(PM),남,41-50세,부상신고,기타불명,기타불명,기타불명,기타불명,2022.xlsx
2022144597,2022-10,2022,10,강서구,주간,경상사고,차대사람 - 횡단중,차대사람,횡단중,신호위반,건조,맑음,교차로 - 교차로횡단보도내,교차로,교차로횡단보도내,0,0,1,0,1,1,0,Y,N,가해,개인형이동수단(PM),남,20세 이하,상해없음,보행자,남,31-40세,경상,2022.xlsx
2022149105,2022-10,2022,10,강서구,주간,부상신고사고,차대차 - 기타,차대차,기타,안전운전불이행,건조,맑음,교차로 - 교차로안,교차로,교차로안,0,0,0,1,1,1,0,Y,N,가해,개인형이동수단(PM),남,31-40세,부상신고,승용,남,65세 이상,상해없음,2022.xlsx
2022151700,2022-10,2022,10,강서구,야간,경상사고,차대차 - 기타,차대차,기타,안전운전불이행,건조,맑음,단일로 - 기타,단일로,기타,0,0,2,0,2,2,0,Y,N,가해,개인형이동수단(PM),남,21-30세,경상,자전거,여,21-30세,경상,2022.xlsx
2022160198,2022-10,2022,10,강서구,주간,중상사고,차대차 - 추돌,차대차,추돌,안전운전불이행,건조,맑음,단일로 - 기타,단일로,기타,0,1,0,0,1,1,1,Y,N,가해,개인형이동수단(PM),여,20세 이하,상해없음,자전거,남,65세 이상,중상,2022.xlsx
2022146647,2022-10,2022,10,광진구,주간,경상사고,차대차 - 충돌,차대차,충돌,안전운전불이행,건조,맑음,단일로 - 기타,단일로,기타,0,0,1,0,1,1,0,Y,N,가해,개인형이동수단(PM),남,20세 이하,상해없음,자전거,여,65세 이상,경상,2022.xlsx
2022153140,2022-10,2022,10,광진구,주간,중상사고,차대사람 - 보도통행중,차대사람,보도통행중,중앙선침범,건조,맑음,단일로 - 기타,단일로,기타,0,1,0,0,1,1,1,Y,N,가해,개인형이동수단(PM),남,21-30세,상해없음,보행자,여,13-20세,중상,2022.xlsx
2022155570,2022-10,2022,10,광진구,야간,경상사고,차대사람 - 보도통행중,차대사람,보도통행중,기타,건조,맑음,단일로 - 기타,단일로,기타,0,0,1,0,1,1,0,Y,N,가해,개인형이동수단(PM),남,21-30세,상해없음,보행자,남,41-50세,경상,2022.xlsx
2022160193,2022-10,2022,10,광진구,주간,부상신고사고,차대사람 - 보도통행중,차대사람,보도통행중,안전운전불이행,건조,맑음,기타 - 기타,기타,기타,0,0,0,1,1,1,0,Y,N,가해,개인형이동수단(PM),여,20세 이하,상해없음,보행자,남,12세 이하,부상신고,2022.xlsx
2022147753,2022-10,2022,10,금천구,야간,경상사고,차대차 - 충돌,차대차,충돌,신호위반,건조,맑음,교차로 - 교차로안,교차로,교차로안,0,0,1,0,1,1,0,Y,N,가해,개인형이동수단(PM),여,20세 이하,상해없음,승합,남,51-60세,상해없음,2022.xlsx
2022146651,2022-10,2022,10,노원구,주간,경상사고,차대사람 - 차도통행중,차대사람,차도통행중,안전운전불이행,건조,맑음,교차로 - 교차로부근,교차로,교차로부근,0,0,1,0,1,1,0,Y,N,가해,개인형이동수단(PM),남,65세 이상,상해없음,보행자,여,65세 이상,경상,2022.xlsx
2022154286,2022-10,2022,10,노원구,야간,경상사고,차대사람 - 기타,차대사람,기타,기타,건조,맑음,단일로 - 기타,단일로,기타,0,0,1,0,1,1,0,Y,N,가해,개인형이동수단(PM),남,20세 이하,상해없음,보행자,여,13-20세,경상,2022.xlsx
2022155367,2022-10,2022,10,노원구,주간,중상사고,차대사람 - 횡단중,차대사람,횡단중,안전운전불이행,건조,맑음,기타 - 기타,기타,기타,0,1,0,0,1,1,1,Y,N,가해,개인형이동수단(PM),남,20세 이하,상해없음,보행자,여,41-50세,중상,2022.xlsx
2022156402,2022-10,2022,10,노원구,주간,경상사고,차대차 - 충돌,차대차,충돌,기타,건조,맑음,단일로 - 기타,단일로,기타,0,0,1,0,1,1,0,N,Y,피해,승용,남,65세 이상,상해없음,개인형이동수단(PM),남,21-30세,경상,2022.xlsx
2022157717,2022-10,2022,10,노원구,주간,경상사고,차대사람 - 기타,차대사람,기타,안전운전불이행,건조,맑음,기타 - 기타,기타,기타,0,0,1,0,1,1,0,Y,N,가해,개인형이동수단(PM),기타불명,기타불명,기타불명,보행자,여,12세 이하,경상,2022.xlsx
2022161246,2022-10,2022,10,노원구,야간,중상사고,차대사람 - 횡단중,차대사람,횡단중,신호위반,건조,맑음,교차로 - 교차로횡단보도내,교차로,교차로횡단보도내,0,1,0,0,1,1,1,Y,N,가해,개인형이동수단(PM),남,20세 이하,상해없음,보행자,남,65세 이상,중상,2022.xlsx
2022162119,2022-10,2022,10,동대문구,야간,경상사고,차대사람 - 기타,차대사람,기타,안전운전불이행,건조,맑음,기타 - 기타,기타,기타,0,0,1,0,1,1,0,Y,N,가해,개인형이동수단(PM),남,21-30세,상해없음,보행자,여,12세 이하,경상,2022.xlsx
2022148397,2022-10,2022,10,동작구,주간,경상사고,차대차 - 충돌,차대차,충돌,안전운전불이행,젖음/습기,비,교차로 - 교차로부근,교차로,교차로부근,0,0,1,0,1,1,0,Y,N,가해,개인형이동수단(PM),남,31-40세,경상,승용,여,51-60세,상해없음,2022.xlsx
2022154821,2022-10,2022,10,동작구,야간,경상사고,차대사람 - 횡단중,차대사람,횡단중,보행자보호의무위반,건조,맑음,교차로 - 교차로횡단보도내,교차로,교차로횡단보도내,0,0,1,0,1,1,0,Y,N,가해,개인형이동수단(PM),남,31-40세,상해없음,보행자,남,31-40세,경상,2022.xlsx
2022160196,2022-10,2022,10,동작구,주간,부상신고사고,차대사람 - 기타,차대사람,기타,기타,건조,맑음,단일로 - 기타,단일로,기타,0,0,0,1,1,1,0,Y,N,가해,개인형이동수단(PM),기타불명,기타불명,기타불명,보행자,여,31-40세,부상신고,2022.xlsx
2022144717,2022-10,2022,10,마포구,야간,경상사고,차대차 - 충돌,차대차,충돌,안전운전불이행,젖음/습기,비,교차로 - 교차로부근,교차로,교차로부근,0,0,1,0,1,1,0,N,Y,피해,원동기,남,31-40세,기타불명,개인형이동수단(PM),남,41-50세,경상,2022.xlsx
2022149438,2022-10,2022,10,마포구,주간,경상사고,차대사람 - 횡단중,차대사람,횡단중,신호위반,건조,맑음,교차로 - 교차로횡단보도내,교차로,교차로횡단보도내,0,0,1,0,1,1,0,Y,N,가해,개인형이동수단(PM),남,20세 이하,상해없음,보행자,여,21-30세,경상,2022.xlsx
2022150991,2022-10,2022,10,마포구,주간,경상사고,차대차 - 기타,차대차,기타,안전운전불이행,건조,맑음,교차로 - 교차로안,교차로,교차로안,0,0,1,0,1,1,0,Y,N,가해,개인형이동수단(PM),남,20세 이하,상해없음,자전거,여,41-50세,경상,2022.xlsx
2022156143,2022-10,2022,10,마포구,야간,부상신고사고,차대차 - 기타,차대차,기타,안전운전불이행,건조,맑음,단일로 - 기타,단일로,기타,0,0,0,2,2,2,0,N,Y,피해,자전거,여,21-30세,부상신고,개인형이동수단(PM),여,13-20세,부상신고,2022.xlsx
2022151465,2022-10,2022,10,서대문구,주간,중상사고,차대사람 - 기타,차대사람,기타,보행자보호의무위반,건조,맑음,교차로 - 교차로안,교차로,교차로안,0,1,0,0,1,1,1,Y,N,가해,개인형이동수단(PM),여,20세 이하,상해없음,보행자,여,65세 이상,중상,2022.xlsx
2022157789,2022-10,2022,10,서초구,야간,중상사고,차대차 - 기타,차대차,기타,안전운전불이행,건조,맑음,교차로 - 교차로안,교차로,교차로안,0,1,0,0,1,1,1,N,Y,피해,승용,남,51-60세,상해없음,개인형이동수단(PM),남,31-40세,중상,2022.xlsx
2022149518,2022-10,2022,10,성동구,주간,중상사고,차대차 - 충돌,차대차,충돌,신호위반,건조,맑음,교차로 - 교차로안,교차로,교차로안,0,1,0,0,1,1,1,Y,N,가해,개인형이동수단(PM),여,21-30세,중상,승용,남,31-40세,상해없음,2022.xlsx
2022150410,2022-10,2022,10,성동구,야간,경상사고,차대차 - 기타,차대차,기타,안전운전불이행,건조,맑음,교차로 - 교차로횡단보도내,교차로,교차로횡단보도내,0,0,1,0,1,1,0,Y,N,가해,개인형이동수단(PM),남,31-40세,상해없음,자전거,남,41-50세,경상,2022.xlsx
2022152498,2022-10,2022,10,성동구,야간,중상사고,차대사람 - 기타,차대사람,기타,안전운전불이행,건조,맑음,단일로 - 기타,단일로,기타,0,1,0,0,1,1,1,Y,N,가해,개인형이동수단(PM),남,21-30세,상해없음,보행자,남,51-60세,중상,2022.xlsx
2022158462,2022-10,2022,10,성동구,야간,경상사고,차대차 - 충돌,차대차,충돌,안전운전불이행,건조,맑음,교차로 - 교차로부근,교차로,교차로부근,0,0,1,0,1,1,0,Y,N,가해,개인형이동수단(PM),여,21-30세,상해없음,원동기,남,41-50세,경상,2022.xlsx
2022158585,2022-10,2022,10,성동구,야간,중상사고,차대차 - 충돌,차대차,충돌,기타,건조,맑음,단일로 - 기타,단일로,기타,0,1,0,0,1,1,1,N,Y,피해,승용,남,65세 이상,상해없음,개인형이동수단(PM),남,51-60세,중상,2022.xlsx
2022154475,2022-10,2022,10,성북구,주간,경상사고,차대사람 - 횡단중,차대사람,횡단중,안전운전불이행,건조,맑음,단일로 - 기타,단일로,기타,0,0,1,0,1,1,0,Y,N,가해,개인형이동수단(PM),남,41-50세,상해없음,보행자,남,61-64세,경상,2022.xlsx
2022157712,2022-10,2022,10,성북구,주간,경상사고,차대사람 - 보도통행중,차대사람,보도통행중,기타,건조,맑음,기타 - 기타,기타,기타,0,0,1,0,1,1,0,Y,N,가해,개인형이동수단(PM),남,20세 이하,상해없음,보행자,여,41-50세,경상,2022.xlsx
2022144347,2022-10,2022,10,송파구,야간,경상사고,차대사람 - 보도통행중,차대사람,보도통행중,안전운전불이행,건조,맑음,단일로 - 기타,단일로,기타,0,0,1,0,1,1,0,Y,N,가해,개인형이동수단(PM),남,31-40세,상해없음,보행자,여,21-30세,경상,2022.xlsx
2022150201,2022-10,2022,10,송파구,주간,경상사고,차대차 - 기타,차대차,기타,안전운전불이행,건조,맑음,단일로 - 기타,단일로,기타,0,0,1,0,1,1,0,N,Y,피해,기타불명,기타불명,기타불명,기타불명,개인형이동수단(PM),여,21-30세,경상,2022.xlsx
2022157907,2022-10,2022,10,송파구,야간,경상사고,차대차 - 충돌,차대차,충돌,안전운전불이행,건조,맑음,단일로 - 기타,단일로,기타,0,0,2,0,2,2,0,Y,Y,가해+피해,개인형이동수단(PM),여,21-30세,경상,개인형이동수단(PM),여,51-60세,경상,2022.xlsx
2022157714,2022-10,2022,10,영등포구,주간,중상사고,차대차 - 충돌,차대차,충돌,안전운전불이행,건조,맑음,단일로 - 기타,단일로,기타,0,1,0,1,2,2,1,Y,N,가해,개인형이동수단(PM),여,51-60세,부상신고,이륜,남,51-60세,중상,2022.xlsx
2022143764,2022-10,2022,10,용산구,야간,부상신고사고,차대차 - 기타,차대차,기타,안전운전불이행,건조,맑음,단일로 - 기타,단일로,기타,0,0,0,1,1,1,0,Y,N,가해,개인형이동수단(PM),남,51-60세,부상신고,승용,남,51-60세,상해없음,2022.xlsx
2022147120,2022-10,2022,10,은평구,주간,경상사고,차대사람 - 길가장자리구역통행중,차대사람,길가장자리구역통행중,보행자보호의무위반,건조,맑음,교차로 - 교차로안,교차로,교차로안,0,0,1,0,1,1,0,Y,N,가해,개인형이동수단(PM),여,41-50세,상해없음,보행자,여,12세 이하,경상,2022.xlsx
2022152632,2022-10,2022,10,은평구,주간,부상신고사고,차대사람 - 기타,차대사람,기타,안전운전불이행,건조,맑음,단일로 - 기타,단일로,기타,0,0,0,1,1,1,0,Y,N,가해,개인형이동수단(PM),남,20세 이하,상해없음,보행자,남,41-50세,부상신고,2022.xlsx
2022161777,2022-10,2022,10,종로구,주간,중상사고,차대사람 - 기타,차대사람,기타,안전운전불이행,건조,맑음,단일로 - 기타,단일로,기타,0,1,0,0,1,1,1,Y,N,가해,개인형이동수단(PM),여,21-30세,상해없음,보행자,여,31-40세,중상,2022.xlsx
2022152794,2022-10,2022,10,중구,주간,부상신고사고,차대차 - 기타,차대차,기타,기타,건조,맑음,교차로 - 교차로안,교차로,교차로안,0,0,0,1,1,1,0,Y,N,가해,개인형이동수단(PM),여,51-60세,부상신고,승용,여,41-50세,상해없음,2022.xlsx
2022156462,2022-10,2022,10,중구,주간,경상사고,차대차 - 기타,차대차,기타,안전거리미확보,건조,맑음,단일로 - 기타,단일로,기타,0,0,1,0,1,1,0,Y,N,가해,개인형이동수단(PM),여,51-60세,경상,승용,남,51-60세,상해없음,2022.xlsx
2022146940,2022-10,2022,10,중랑구,야간,경상사고,차대차 - 기타,차대차,기타,안전거리미확보,건조,맑음,단일로 - 기타,단일로,기타,0,0,1,0,1,1,0,N,Y,피해,승용,남,61-64세,상해없음,개인형이동수단(PM),남,31-40세,경상,2022.xlsx
2022162812,2022-11,2022,11,강남구,야간,경상사고,차대사람 - 보도통행중,차대사람,보도통행중,보행자보호의무위반,건조,맑음,단일로 - 기타,단일로,기타,0,0,1,0,1,1,0,Y,N,가해,개인형이동수단(PM),여,20세 이하,상해없음,보행자,남,31-40세,경상,2022.xlsx
2022163974,2022-11,2022,11,강남구,야간,중상사고,차대차 - 충돌,차대차,충돌,안전운전불이행,건조,맑음,교차로 - 교차로횡단보도내,교차로,교차로횡단보도내,0,1,0,0,1,1,1,Y,N,가해,개인형이동수단(PM),남,61-64세,상해없음,이륜,남,21-30세,중상,2022.xlsx
2022164844,2022-11,2022,11,강남구,주간,경상사고,차대차 - 기타,차대차,기타,중앙선침범,건조,맑음,기타 - 기타,기타,기타,0,0,1,0,1,1,0,Y,N,가해,개인형이동수단(PM),여,20세 이하,상해없음,이륜,남,41-50세,경상,2022.xlsx
2022165819,2022-11,2022,11,강남구,야간,경상사고,차량단독 - 기타,차량단독,기타,안전운전불이행,건조,기타,기타 - 기타,기타,기타,0,0,1,0,1,1,0,Y,N,가해,개인형이동수단(PM),남,21-30세,경상,,,,,2022.xlsx
2022166134,2022-11,2022,11,강남구,주간,경상사고,차대차 - 기타,차대차,기타,안전운전불이행,건조,맑음,교차로 - 교차로부근,교차로,교차로부근,0,0,1,0,1,1,0,N,Y,피해,승용,여,51-60세,상해없음,개인형이동수단(PM),여,31-40세,경상,2022.xlsx
2022168394,2022-11,2022,11,강남구,주간,경상사고,차대차 - 기타,차대차,기타,교차로운행방법위반,건조,맑음,단일로 - 기타,단일로,기타,0,0,1,0,1,1,0,N,Y,피해,승용,남,41-50세,상해없음,개인형이동수단(PM),남,21-30세,경상,2022.xlsx
2022168923,2022-11,2022,11,강남구,야간,중상사고,차량단독 - 기타,차량단독,기타,기타,건조,맑음,기타 - 기타,기타,기타,0,1,0,0,1,1,1,Y,N,가해,개인형이동수단(PM),남,21-30세,중상,,,,,2022.xlsx
2022173271,2022-11,2022,11,강남구,주간,경상사고,차대사람 - 기타,차대사람,기타,안전운전불이행,건조,맑음,단일로 - 기타,단일로,기타,0,0,1,0,1,1,0,Y,N,가해,개인형이동수단(PM),남,20세 이하,상해없음,보행자,남,41-50세,경상,2022.xlsx
2022174563,2022-11,2022,11,강남구,주간,경상사고,차대사람 - 횡단중,차대사람,횡단중,보행자보호의무위반,건조,맑음,기타 - 기타,기타,기타,0,0,1,0,1,1,0,Y,N,가해,개인형이동수단(PM),남,21-30세,기타불명,보행자,남,31-40세,경상,2022.xlsx
2022177189,2022-11,2022,11,강남구,야간,부상신고사고,차대차 - 충돌,차대차,충돌,기타,건조,맑음,기타 - 기타,기타,기타,0,0,0,1,1,1,0,Y,N,가해,개인형이동수단(PM),남,21-30세,부상신고,승용,남,21-30세,기타불명,2022.xlsx
2022177341,2022-11,2022,11,강남구,주간,중상사고,차대차 - 충돌,차대차,충돌,신호위반,건조,맑음,단일로 - 기타,단일로,기타,0,1,0,0,1,1,1,N,Y,피해,승용,남,31-40세,상해없음,개인형이동수단(PM),남,31-40세,중상,2022.xlsx
2022169796,2022-11,2022,11,강동구,주간,경상사고,차대차 - 충돌,차대차,충돌,안전운전불이행,건조,흐림,교차로 - 교차로안,교차로,교차로안,0,0,1,0,1,1,0,N,Y,피해,승용,여,41-50세,상해없음,개인형이동수단(PM),여,51-60세,경상,2022.xlsx
2022174166,2022-11,2022,11,강북구,야간,중상사고,차대차 - 기타,차대차,기타,안전운전불이행,건조,맑음,교차로 - 교차로안,교차로,교차로안,0,1,0,0,1,1,1,N,Y,피해,승용,남,51-60세,상해없음,개인형이동수단(PM),남,51-60세,중상,2022.xlsx
2022175086,2022-11,2022,11,강북구,주간,경상사고,차대차 - 기타,차대차,기타,안전운전불이행,건조,맑음,교차로 - 교차로부근,교차로,교차로부근,0,0,1,0,1,1,0,N,Y,피해,승용,남,21-30세,상해없음,개인형이동수단(PM),남,41-50세,경상,2022.xlsx
2022171306,2022-11,2022,11,강서구,주간,중상사고,차대차 - 기타,차대차,기타,신호위반,건조,맑음,단일로 - 기타,단일로,기타,0,1,0,0,1,1,1,N,Y,피해,승용,남,61-64세,상해없음,개인형이동수단(PM),여,21-30세,중상,2022.xlsx
2022174839,2022-11,2022,11,강서구,주간,중상사고,차대차 - 기타,차대차,기타,신호위반,건조,맑음,단일로 - 기타,단일로,기타,0,1,0,0,1,1,1,Y,N,가해,개인형이동수단(PM),남,41-50세,중상,승용,남,31-40세,상해없음,2022.xlsx
2022171234,2022-11,2022,11,관악구,야간,경상사고,차대차 - 충돌,차대차,충돌,안전운전불이행,건조,맑음,교차로 - 교차로횡단보도내,교차로,교차로횡단보도내,0,0,1,0,1,1,0,N,Y,피해,승용,남,65세 이상,상해없음,개인형이동수단(PM),남,31-40세,경상,2022.xlsx
2022173174,2022-11,2022,11,관악구,야간,경상사고,차대사람 - 기타,차대사람,기타,기타,건조,맑음,단일로 - 기타,단일로,기타,0,0,1,0,1,1,0,Y,N,가해,개인형이동수단(PM),남,21-30세,상해없음,보행자,남,21-30세,경상,2022.xlsx
2022166176,2022-11,2022,11,광진구,주간,경상사고,차대사람 - 횡단중,차대사람,횡단중,안전운전불이행,건조,맑음,기타 - 기타,기타,기타,0,0,1,0,1,1,0,Y,N,가해,개인형이동수단(PM),남,21-30세,상해없음,보행자,여,51-60세,경상,2022.xlsx
2022175287,2022-11,2022,11,광진구,야간,중상사고,차대차 - 충돌,차대차,충돌,안전운전불이행,건조,맑음,교차로 - 교차로부근,교차로,교차로부근,0,1,0,0,1,1,1,N,Y,피해,승용,여,41-50세,상해없음,개인형이동수단(PM),남,65세 이상,중상,2022.xlsx
2022175368,2022-11,2022,11,광진구,야간,중상사고,차대차 - 기타,차대차,기타,안전운전불이행,건조,맑음,교차로 - 교차로안,교차로,교차로안,0,1,0,0,1,1,1,N,Y,피해,승용,남,51-60세,상해없음,개인형이동수단(PM),남,21-30세,중상,2022.xlsx
2022167658,2022-11,2022,11,구로구,야간,경상사고,차대차 - 기타,차대차,기타,안전거리미확보,건조,맑음,단일로 - 기타,단일로,기타,0,0,1,0,1,1,0,N,Y,피해,승용,남,20세 이하,상해없음,개인형이동수단(PM),남,21-30세,경상,2022.xlsx
2022169770,2022-11,2022,11,구로구,주간,경상사고,차대차 - 충돌,차대차,충돌,안전운전불이행,건조,맑음,교차로 - 교차로안,교차로,교차로안,0,0,1,0,1,1,0,N,Y,피해,승용,여,65세 이상,상해없음,개인형이동수단(PM),남,21-30세,경상,2022.xlsx
2022176510,2022-11,2022,11,구로구,야간,중상사고,차대차 - 추돌,차대차,추돌,안전운전불이행,건조,맑음,단일로 - 기타,단일로,기타,0,1,0,0,1,1,1,N,Y,피해,승용,남,31-40세,상해없음,개인형이동수단(PM),남,21-30세,중상,2022.xlsx
2022171524,2022-11,2022,11,도봉구,주간,경상사고,차대차 - 충돌,차대차,충돌,기타,건조,맑음,교차로 - 교차로안,교차로,교차로안,0,0,1,0,1,1,0,N,Y,피해,승용,남,61-64세,상해없음,개인형이동수단(PM),여,31-40세,경상,2022.xlsx
2022176542,2022-11,2022,11,도봉구,야간,부상신고사고,차대차 - 기타,차대차,기타,안전운전불이행,건조,맑음,단일로 - 기타,단일로,기타,0,0,0,1,1,1,0,Y,N,가해,개인형이동수단(PM),남,21-30세,부상신고,승용,여,21-30세,상해없음,2022.xlsx
2022171217,2022-11,2022,11,동대문구,야간,경상사고,차대사람 - 차도통행중,차대사람,차도통행중,안전운전불이행,젖음/습기,흐림,기타 - 기타,기타,기타,0,0,1,0,1,1,0,Y,N,가해,개인형이동수단(PM),남,21-30세,상해없음,보행자,남,21-30세,경상,2022.xlsx
2022172125,2022-11,2022,11,동대문구,주간,중상사고,차대차 - 기타,차대차,기타,안전운전불이행,건조,맑음,단일로 - 기타,단일로,기타,0,1,1,0,2,2,1,N,Y,피해,자전거,여,65세 이상,중상,개인형이동수단(PM),남,21-30세,경상,2022.xlsx
2022171243,2022-11,2022,11,동작구,야간,부상신고사고,차대차 - 충돌,차대차,충돌,기타,건조,맑음,단일로 - 기타,단일로,기타,0,0,0,1,1,1,0,N,Y,피해,승용,남,31-40세,상해없음,개인형이동수단(PM),남,21-30세,부상신고,2022.xlsx
2022173681,2022-11,2022,11,동작구,야간,중상사고,차대차 - 충돌,차대차,충돌,안전운전불이행,건조,맑음,단일로 - 기타,단일로,기타,0,1,1,0,2,2,1,Y,N,가해,개인형이동수단(PM),남,20세 이하,중상,승용,여,41-50세,상해없음,2022.xlsx
2022165226,2022-11,2022,11,마포구,야간,경상사고,차대사람 - 기타,차대사람,기타,신호위반,건조,맑음,교차로 - 교차로부근,교차로,교차로부근,0,0,1,0,1,1,0,Y,N,가해,개인형이동수단(PM),남,21-30세,기타불명,보행자,여,21-30세,경상,2022.xlsx
2022167744,2022-11,2022,11,마포구,주간,부상신고사고,차대사람 - 기타,차대사람,기타,안전운전불이행,건조,맑음,단일로 - 기타,단일로,기타,0,0,0,1,1,1,0,Y,N,가해,개인형이동수단(PM),여,21-30세,상해없음,보행자,남,21-30세,부상신고,2022.xlsx
2022169765,2022-11,2022,11,마포구,주간,경상사고,차대차 - 충돌,차대차,충돌,신호위반,건조,맑음,단일로 - 기타,단일로,기타,0,0,2,0,2,2,0,Y,N,가해,개인형이동수단(PM),남,41-50세,경상,이륜,남,21-30세,경상,2022.xlsx
2022177215,2022-11,2022,11,서대문구,야간,중상사고,차대차 - 충돌,차대차,충돌,신호위반,젖음/습기,맑음,교차로 - 교차로횡단보도내,교차로,교차로횡단보도내,0,1,0,1,2,2,1,N,Y,피해,이륜,남,31-40세,부상신고,개인형이동수단(PM),남,21-30세,중상,2022.xlsx
2022178850,2022-11,2022,11,서대문구,주간,부상신고사고,차대차 - 기타,차대차,기타,신호위반,건조,맑음,교차로 - 교차로안,교차로,교차로안,0,0,0,1,1,1,0,Y,N,가해,개인형이동수단(PM),남,21-30세,부상신고,승용,여,41-50세,상해없음,2022.xlsx
2022171821,2022-11,2022,11,서초구,야간,경상사고,차대차 - 기타,차대차,기타,기타,건조,맑음,교차로 - 교차로부근,교차로,교차로부근,0,0,1,0,1,1,0,N,Y,피해,승용,남,65세 이상,상해없음,개인형이동수단(PM),남,21-30세,경상,2022.xlsx
2022173551,2022-11,2022,11,서초구,주간,경상사고,차대차 - 충돌,차대차,충돌,안전운전불이행,건조,맑음,교차로 - 교차로횡단보도내,교차로,교차로횡단보도내,0,0,1,0,1,1,0,Y,N,가해,개인형이동수단(PM),남,31-40세,경상,승용,남,51-60세,상해없음,2022.xlsx
2022178126,2022-11,2022,11,서초구,주간,경상사고,차대차 - 기타,차대차,기타,안전운전불이행,건조,맑음,교차로 - 교차로안,교차로,교차로안,0,0,1,0,1,1,0,N,Y,피해,승용,여,65세 이상,상해없음,개인형이동수단(PM),남,41-50세,경상,2022.xlsx
2022166492,2022-11,2022,11,성동구,주간,경상사고,차대차 - 기타,차대차,기타,안전운전불이행,건조,맑음,교차로 - 교차로안,교차로,교차로안,0,0,2,0,2,2,0,N,Y,피해,화물,남,21-30세,상해없음,개인형이동수단(PM),여,41-50세,경상,2022.xlsx
2022177968,2022-11,2022,11,성동구,야간,경상사고,차대사람 - 횡단중,차대사람,횡단중,신호위반,건조,맑음,교차로 - 교차로횡단보도내,교차로,교차로횡단보도내,0,0,1,0,1,1,0,Y,N,가해,개인형이동수단(PM),남,20세 이하,상해없음,보행자,여,13-20세,경상,2022.xlsx
2022163934,2022-11,2022,11,성북구,야간,중상사고,차대차 - 충돌,차대차,충돌,안전운전불이행,건조,맑음,단일로 - 기타,단일로,기타,0,1,0,0,1,1,1,Y,N,가해,개인형이동수단(PM),남,20세 이하,상해없음,이륜,남,21-30세,중상,2022.xlsx
2022164064,2022-11,2022,11,송파구,주간,중상사고,차대차 - 충돌,차대차,충돌,신호위반,건조,맑음,교차로 - 교차로횡단보도내,교차로,교차로횡단보도내,0,1,0,0,1,1,1,N,Y,피해,승용,남,65세 이상,상해없음,개인형이동수단(PM),남,21-30세,중상,2022.xlsx
2022165139,2022-11,2022,11,송파구,주간,경상사고,차대사람 - 보도통행중,차대사람,보도통행중,안전운전불이행,건조,맑음,단일로 - 기타,단일로,기타,0,0,1,0,1,1,0,Y,N,가해,개인형이동수단(PM),여,20세 이하,상해없음,보행자,여,41-50세,경상,2022.xlsx
2022165889,2022-11,2022,11,송파구,주간,경상사고,차대차 - 충돌,차대차,충돌,안전운전불이행,건조,맑음,교차로 - 교차로횡단보도내,교차로,교차로횡단보도내,0,0,1,0,1,1,0,Y,N,가해,개인형이동수단(PM),여,31-40세,상해없음,자전거,남,51-60세,경상,2022.xlsx
2022168523,2022-11,2022,11,송파구,주간,경상사고,차대차 - 추돌,차대차,추돌,안전운전불이행,건조,맑음,교차로 - 교차로안,교차로,교차로안,0,0,1,0,1,1,0,Y,N,가해,개인형이동수단(PM),남,21-30세,상해없음,승용,여,31-40세,경상,2022.xlsx
2022169741,2022-11,2022,11,송파구,주간,경상사고,차대사람 - 보도통행중,차대사람,보도통행중,안전운전불이행,건조,맑음,단일로 - 기타,단일로,기타,0,0,1,0,1,1,0,Y,N,가해,개인형이동수단(PM),남,20세 이하,기타불명,보행자,남,31-40세,경상,2022.xlsx
2022175292,2022-11,2022,11,송파구,야간,경상사고,차대차 - 기타,차대차,기타,기타,건조,맑음,교차로 - 교차로안,교차로,교차로안,0,0,1,0,1,1,0,Y,Y,가해+피해,개인형이동수단(PM),남,21-30세,상해없음,개인형이동수단(PM),남,41-50세,경상,2022.xlsx
2022168589,2022-11,2022,11,용산구,주간,중상사고,차대사람 - 보도통행중,차대사람,보도통행중,안전운전불이행,건조,맑음,기타 - 기타,기타,기타,0,1,0,0,1,1,1,Y,N,가해,개인형이동수단(PM),남,20세 이하,상해없음,보행자,여,61-64세,중상,2022.xlsx
2022178208,2022-11,2022,11,종로구,주간,경상사고,차대사람 - 길가장자리구역통행중,차대사람,길가장자리구역통행중,신호위반,젖음/습기,흐림,단일로 - 기타,단일로,기타,0,0,1,0,1,1,0,Y,N,가해,개인형이동수단(PM),여,20세 이하,상해없음,보행자,여,61-64세,경상,2022.xlsx
2022167053,2022-11,2022,11,중구,야간,중상사고,차대차 - 충돌,차대차,충돌,안전거리미확보,건조,맑음,단일로 - 기타,단일로,기타,0,1,0,0,1,1,1,N,Y,피해,승용,남,65세 이상,상해없음,개인형이동수단(PM),남,21-30세,중상,2022.xlsx
2022169249,2022-11,2022,11,중구,주간,중상사고,차대사람 - 보도통행중,차대사람,보도통행중,기타,건조,맑음,기타 - 기타,기타,기타,0,1,0,0,1,1,1,Y,N,가해,개인형이동수단(PM),남,21-30세,상해없음,보행자,여,65세 이상,중상,2022.xlsx
2022172702,2022-11,2022,11,중랑구,주간,중상사고,차대사람 - 보도통행중,차대사람,보도통행중,기타,건조,맑음,기타 - 기타,기타,기타,0,1,0,0,1,1,1,Y,N,가해,개인형이동수단(PM),남,21-30세,상해없음,보행자,남,65세 이상,중상,2022.xlsx
2022185896,2022-12,2022,12,강남구,주간,중상사고,차대차 - 기타,차대차,기타,신호위반,건조,맑음,단일로 - 기타,단일로,기타,0,1,0,0,1,1,1,N,Y,피해,승용,여,31-40세,상해없음,개인형이동수단(PM),남,21-30세,중상,2022.xlsx
2022186593,2022-12,2022,12,강남구,주간,중상사고,차대사람 - 보도통행중,차대사람,보도통행중,안전운전불이행,건조,맑음,단일로 - 기타,단일로,기타,0,1,0,0,1,1,1,Y,N,가해,개인형이동수단(PM),여,31-40세,상해없음,보행자,남,31-40세,중상,2022.xlsx
2022192122,2022-12,2022,12,강남구,주간,경상사고,차대사람 - 기타,차대사람,기타,안전운전불이행,건조,기타,기타 - 기타,기타,기타,0,0,1,0,1,1,0,Y,N,가해,개인형이동수단(PM),남,31-40세,기타불명,보행자,남,41-50세,경상,2022.xlsx
2022192687,2022-12,2022,12,강남구,주간,중상사고,차대차 - 추돌,차대차,추돌,안전운전불이행,건조,맑음,단일로 - 기타,단일로,기타,0,1,0,1,2,2,1,Y,N,가해,개인형이동수단(PM),여,31-40세,부상신고,이륜,남,31-40세,중상,2022.xlsx
2022184490,2022-12,2022,12,강서구,주간,부상신고사고,차대사람 - 기타,차대사람,기타,안전운전불이행,건조,맑음,단일로 - 기타,단일로,기타,0,0,0,1,1,1,0,Y,N,가해,개인형이동수단(PM),남,41-50세,부상신고,보행자,남,41-50세,상해없음,2022.xlsx
2022181457,2022-12,2022,12,관악구,야간,중상사고,차대사람 - 횡단중,차대사람,횡단중,중앙선침범,건조,맑음,단일로 - 기타,단일로,기타,0,1,0,0,1,1,1,Y,N,가해,개인형이동수단(PM),여,21-30세,상해없음,보행자,여,21-30세,중상,2022.xlsx
2022186815,2022-12,2022,12,관악구,야간,경상사고,차대차 - 기타,차대차,기타,신호위반,건조,맑음,교차로 - 교차로부근,교차로,교차로부근,0,0,1,0,1,1,0,Y,N,가해,개인형이동수단(PM),남,21-30세,상해없음,이륜,남,21-30세,경상,2022.xlsx
2022195171,2022-12,2022,12,관악구,주간,중상사고,차대사람 - 보도통행중,차대사람,보도통행중,신호위반,건조,맑음,교차로 - 교차로부근,교차로,교차로부근,0,1,0,0,1,1,1,Y,N,가해,개인형이동수단(PM),남,51-60세,상해없음,보행자,남,41-50세,중상,2022.xlsx
2022180384,2022-12,2022,12,노원구,야간,중상사고,차대차 - 기타,차대차,기타,기타,건조,맑음,단일로 - 기타,단일로,기타,0,1,1,0,2,2,1,Y,N,가해,개인형이동수단(PM),남,21-30세,중상,승용,남,65세 이상,경상,2022.xlsx
2022191222,2022-12,2022,12,노원구,야간,경상사고,차대차 - 충돌,차대차,충돌,안전운전불이행,건조,맑음,단일로 - 기타,단일로,기타,0,0,1,0,1,1,0,N,Y,피해,승용,남,61-64세,상해없음,개인형이동수단(PM),여,51-60세,경상,2022.xlsx
2022184287,2022-12,2022,12,동작구,야간,경상사고,차대사람 - 보도통행중,차대사람,보도통행중,안전운전불이행,건조,맑음,단일로 - 기타,단일로,기타,0,0,1,0,1,1,0,Y,N,가해,개인형이동수단(PM),남,20세 이하,상해없음,보행자,여,61-64세,경상,2022.xlsx
2022188465,2022-12,2022,12,마포구,주간,경상사고,차대사람 - 보도통행중,차대사람,보도통행중,안전운전불이행,서리/결빙,흐림,단일로 - 기타,단일로,기타,0,0,1,0,1,1,0,Y,N,가해,개인형이동수단(PM),여,21-30세,상해없음,보행자,여,41-50세,경상,2022.xlsx
2022184663,2022-12,2022,12,서대문구,야간,경상사고,차대사람 - 보도통행중,차대사람,보도통행중,기타,건조,맑음,기타 - 기타,기타,기타,0,0,1,0,1,1,0,Y,N,가해,개인형이동수단(PM),여,21-30세,상해없음,보행자,여,41-50세,경상,2022.xlsx
2022183605,2022-12,2022,12,서초구,야간,부상신고사고,차대차 - 충돌,차대차,충돌,안전운전불이행,건조,맑음,교차로 - 교차로부근,교차로,교차로부근,0,0,0,1,1,1,0,Y,N,가해,개인형이동수단(PM),남,20세 이하,부상신고,승용,남,41-50세,상해없음,2022.xlsx
2022184866,2022-12,2022,12,서초구,야간,경상사고,차대차 - 충돌,차대차,충돌,안전운전불이행,건조,맑음,교차로 - 교차로횡단보도내,교차로,교차로횡단보도내,0,0,1,0,1,1,0,Y,N,가해,개인형이동수단(PM),남,21-30세,경상,승용,여,31-40세,상해없음,2022.xlsx
2022183791,2022-12,2022,12,송파구,주간,경상사고,차대차 - 충돌,차대차,충돌,안전운전불이행,건조,맑음,단일로 - 기타,단일로,기타,0,0,1,0,1,1,0,N,Y,피해,승용,여,41-50세,상해없음,개인형이동수단(PM),여,21-30세,경상,2022.xlsx
2022191957,2022-12,2022,12,송파구,주간,부상신고사고,차대차 - 충돌,차대차,충돌,안전운전불이행,서리/결빙,맑음,교차로 - 교차로안,교차로,교차로안,0,0,0,1,1,1,0,Y,N,가해,개인형이동수단(PM),남,51-60세,부상신고,승용,남,51-60세,상해없음,2022.xlsx
2022196248,2022-12,2022,12,송파구,야간,경상사고,차대사람 - 차도통행중,차대사람,차도통행중,안전운전불이행,건조,맑음,단일로 - 기타,단일로,기타,0,0,1,0,1,1,0,Y,N,가해,개인형이동수단(PM),남,31-40세,상해없음,보행자,여,65세 이상,경상,2022.xlsx
2022195718,2022-12,2022,12,양천구,주간,경상사고,차대사람 - 기타,차대사람,기타,안전운전불이행,젖음/습기,맑음,단일로 - 기타,단일로,기타,0,0,1,0,1,1,0,Y,N,가해,개인형이동수단(PM),남,21-30세,상해없음,보행자,여,51-60세,경상,2022.xlsx
2022184879,2022-12,2022,12,영등포구,야간,중상사고,차대차 - 충돌,차대차,충돌,중앙선침범,건조,맑음,교차로 - 교차로횡단보도내,교차로,교차로횡단보도내,0,1,0,0,1,1,1,N,Y,피해,이륜,남,61-64세,상해없음,개인형이동수단(PM),남,51-60세,중상,2022.xlsx
2022185526,2022-12,2022,12,영등포구,주간,경상사고,차대차 - 충돌,차대차,충돌,안전운전불이행,건조,맑음,교차로 - 교차로안,교차로,교차로안,0,0,1,0,1,1,0,N,Y,피해,원동기,남,31-40세,상해없음,개인형이동수단(PM),여,41-50세,경상,2022.xlsx
2022181947,2022-12,2022,12,종로구,주간,부상신고사고,차대차 - 추돌,차대차,추돌,안전운전불이행,건조,맑음,단일로 - 기타,단일로,기타,0,0,0,1,1,1,0,Y,N,가해,개인형이동수단(PM),남,21-30세,부상신고,화물,남,41-50세,상해없음,2022.xlsx
2023000912,2023-01,2023,1,강남구,주간,경상사고,차대차 - 추돌,차대차,추돌,안전운전불이행,젖음/습기,흐림,기타 - 기타,기타,기타,0,0,1,0,1,1,0,N,Y,피해,승용,여,31-40세,상해없음,개인형이동수단(PM),남,31-40세,경상,2023.xlsx
2023002491,2023-01,2023,1,강남구,주간,경상사고,차대사람 - 기타,차대사람,기타,안전운전불이행,건조,맑음,단일로 - 기타,단일로,기타,0,0,1,0,1,1,0,Y,N,가해,개인형이동수단(PM),남,41-50세,상해없음,보행자,남,41-50세,경상,2023.xlsx
2023004108,2023-01,2023,1,강남구,야간,경상사고,차대사람 - 보도통행중,차대사람,보도통행중,보행자보호의무위반,건조,맑음,교차로 - 교차로횡단보도내,교차로,교차로횡단보도내,0,0,1,0,1,1,0,Y,N,가해,개인형이동수단(PM),기타불명,기타불명,기타불명,보행자,여,31-40세,경상,2023.xlsx
2023011351,2023-01,2023,1,강남구,주간,경상사고,차대사람 - 기타,차대사람,기타,안전운전불이행,건조,맑음,기타 - 기타,기타,기타,0,0,1,0,1,1,0,Y,N,가해,개인형이동수단(PM),남,41-50세,기타불명,보행자,남,31-40세,경상,2023.xlsx
2023010834,2023-01,2023,1,강북구,야간,중상사고,차대차 - 기타,차대차,기타,안전운전불이행,건조,맑음,단일로 - 기타,단일로,기타,0,1,0,0,1,1,1,N,Y,피해,기타불명,기타불명,기타불명,기타불명,개인형이동수단(PM),여,41-50세,중상,2023.xlsx
2023013944,2023-01,2023,1,강북구,야간,부상신고사고,차대차 - 충돌,차대차,충돌,기타,건조,맑음,교차로 - 교차로안,교차로,교차로안,0,0,0,1,1,1,0,Y,N,가해,개인형이동수단(PM),남,41-50세,부상신고,승용,남,51-60세,상해없음,2023.xlsx
2023013951,2023-01,2023,1,광진구,야간,경상사고,차대사람 - 기타,차대사람,기타,안전운전불이행,건조,맑음,단일로 - 기타,단일로,기타,0,0,1,0,1,1,0,Y,N,가해,개인형이동수단(PM),남,21-30세,상해없음,보행자,남,65세 이상,경상,2023.xlsx
2023007162,2023-01,2023,1,구로구,야간,부상신고사고,차대차 - 충돌,차대차,충돌,중앙선침범,건조,맑음,교차로 - 교차로부근,교차로,교차로부근,0,0,0,1,1,1,0,Y,N,가해,개인형이동수단(PM),남,65세 이상,부상신고,승용,남,65세 이상,상해없음,2023.xlsx
2023013958,2023-01,2023,1,금천구,야간,중상사고,차대사람 - 보도통행중,차대사람,보도통행중,기타,건조,맑음,교차로 - 교차로부근,교차로,교차로부근,0,1,0,0,1,1,1,Y,N,가해,개인형이동수단(PM),남,21-30세,상해없음,보행자,여,61-64세,중상,2023.xlsx
2023009657,2023-01,2023,1,동대문구,주간,중상사고,차대차 - 충돌,차대차,충돌,기타,건조,맑음,교차로 - 교차로안,교차로,교차로안,0,1,0,0,1,1,1,N,Y,피해,승용,여,31-40세,상해없음,개인형이동수단(PM),남,21-30세,중상,2023.xlsx
2023013136,2023-01,2023,1,서대문구,주간,중상사고,차대차 - 충돌,차대차,충돌,안전운전불이행,건조,맑음,단일로 - 기타,단일로,기타,0,1,0,0,1,1,1,N,Y,피해,승용,여,41-50세,상해없음,개인형이동수단(PM),여,41-50세,중상,2023.xlsx
2023006264,2023-01,2023,1,서초구,야간,부상신고사고,차대차 - 기타,차대차,기타,신호위반,건조,맑음,교차로 - 교차로안,교차로,교차로안,0,0,0,1,1,1,0,Y,N,가해,개인형이동수단(PM),남,31-40세,부상신고,승용,남,65세 이상,상해없음,2023.xlsx
2023014427,2023-01,2023,1,서초구,야간,부상신고사고,차대차 - 기타,차대차,기타,안전운전불이행,건조,맑음,교차로 - 교차로부근,교차로,교차로부근,0,0,0,1,1,1,0,Y,N,가해,개인형이동수단(PM),남,21-30세,부상신고,이륜,남,31-40세,상해없음,2023.xlsx
2023008742,2023-01,2023,1,성북구,야간,경상사고,차대차 - 기타,차대차,기타,안전운전불이행,건조,맑음,단일로 - 기타,단일로,기타,0,0,1,0,1,1,0,Y,N,가해,개인형이동수단(PM),여,21-30세,경상,승용,남,51-60세,상해없음,2023.xlsx
2023008305,2023-01,2023,1,송파구,주간,중상사고,차대차 - 충돌,차대차,충돌,신호위반,건조,맑음,교차로 - 교차로안,교차로,교차로안,0,1,0,0,1,1,1,Y,N,가해,개인형이동수단(PM),남,41-50세,중상,승용,남,31-40세,상해없음,2023.xlsx
2023010467,2023-01,2023,1,송파구,주간,부상신고사고,차대차 - 충돌,차대차,충돌,기타,건조,맑음,단일로 - 기타,단일로,기타,0,0,0,1,1,1,0,Y,N,가해,개인형이동수단(PM),여,31-40세,부상신고,원동기,남,41-50세,상해없음,2023.xlsx
2023012076,2023-01,2023,1,송파구,주간,중상사고,차대차 - 기타,차대차,기타,안전운전불이행,건조,맑음,단일로 - 기타,단일로,기타,0,1,0,0,1,1,1,Y,N,가해,개인형이동수단(PM),여,21-30세,중상,화물,남,51-60세,상해없음,2023.xlsx
2023010729,2023-01,2023,1,양천구,주간,중상사고,차대차 - 기타,차대차,기타,안전운전불이행,건조,맑음,단일로 - 기타,단일로,기타,0,1,0,0,1,1,1,Y,N,가해,개인형이동수단(PM),남,20세 이하,중상,승용,남,65세 이상,상해없음,2023.xlsx
2023010292,2023-01,2023,1,은평구,야간,부상신고사고,차대차 - 충돌,차대차,충돌,안전운전불이행,건조,맑음,교차로 - 교차로안,교차로,교차로안,0,0,0,1,1,1,0,Y,N,가해,개인형이동수단(PM),남,21-30세,상해없음,승용,여,61-64세,상해없음,2023.xlsx
2023004539,2023-01,2023,1,종로구,야간,경상사고,차대사람 - 횡단중,차대사람,횡단중,신호위반,건조,맑음,단일로 - 기타,단일로,기타,0,0,1,0,1,1,0,Y,N,가해,개인형이동수단(PM),남,41-50세,상해없음,보행자,여,21-30세,경상,2023.xlsx
2023006474,2023-01,2023,1,종로구,주간,부상신고사고,차대차 - 충돌,차대차,충돌,기타,건조,맑음,단일로 - 기타,단일로,기타,0,0,0,1,1,1,0,Y,N,가해,개인형이동수단(PM),남,20세 이하,부상신고,화물,남,31-40세,상해없음,2023.xlsx
2023008549,2023-01,2023,1,종로구,주간,경상사고,차대사람 - 보도통행중,차대사람,보도통행중,기타,건조,맑음,단일로 - 기타,단일로,기타,0,0,1,0,1,1,0,Y,N,가해,개인형이동수단(PM),여,51-60세,상해없음,보행자,여,41-50세,경상,2023.xlsx
2023010727,2023-01,2023,1,종로구,주간,경상사고,차대차 - 기타,차대차,기타,안전운전불이행,건조,맑음,교차로 - 교차로부근,교차로,교차로부근,0,0,1,0,1,1,0,Y,N,가해,개인형이동수단(PM),남,21-30세,경상,승용,남,31-40세,상해없음,2023.xlsx
2023011808,2023-01,2023,1,종로구,주간,경상사고,차대사람 - 보도통행중,차대사람,보도통행중,기타,건조,맑음,기타 - 기타,기타,기타,0,0,1,0,1,1,0,Y,N,가해,개인형이동수단(PM),남,31-40세,상해없음,보행자,남,65세 이상,경상,2023.xlsx
2023001426,2023-01,2023,1,중구,주간,경상사고,차대차 - 기타,차대차,기타,교차로운행방법위반,건조,맑음,단일로 - 기타,단일로,기타,0,0,1,0,1,1,0,N,Y,피해,승용,여,41-50세,기타불명,개인형이동수단(PM),여,41-50세,경상,2023.xlsx
2023014886,2023-02,2023,2,강남구,야간,경상사고,차대차 - 기타,차대차,기타,신호위반,건조,맑음,교차로 - 교차로횡단보도내,교차로,교차로횡단보도내,0,0,1,0,1,1,0,N,Y,피해,이륜,남,31-40세,상해없음,개인형이동수단(PM),남,21-30세,경상,2023.xlsx
2023019191,2023-02,2023,2,강남구,주간,경상사고,차대사람 - 보도통행중,차대사람,보도통행중,안전운전불이행,건조,맑음,기타 - 기타,기타,기타,0,0,1,0,1,1,0,Y,N,가해,개인형이동수단(PM),여,20세 이하,상해없음,보행자,여,65세 이상,경상,2023.xlsx
2023020278,2023-02,2023,2,강남구,주간,경상사고,차대차 - 기타,차대차,기타,안전운전불이행,건조,맑음,교차로 - 교차로횡단보도내,교차로,교차로횡단보도내,0,0,1,0,1,1,0,Y,N,가해,개인형이동수단(PM),여,21-30세,경상,승용,남,65세 이상,상해없음,2023.xlsx
2023026681,2023-02,2023,2,강남구,야간,경상사고,차대차 - 기타,차대차,기타,안전운전불이행,건조,맑음,단일로 - 기타,단일로,기타,0,0,1,0,1,1,0,Y,N,가해,개인형이동수단(PM),남,21-30세,상해없음,승용,남,51-60세,경상,2023.xlsx
2023027191,2023-02,2023,2,강남구,야간,경상사고,차대사람 - 차도통행중,차대사람,차도통행중,안전운전불이행,건조,맑음,단일로 - 기타,단일로,기타,0,0,1,0,1,1,0,Y,N,가해,개인형이동수단(PM),남,20세 이하,상해없음,보행자,남,13-20세,경상,2023.xlsx
2023021356,2023-02,2023,2,강동구,주간,경상사고,차대사람 - 기타,차대사람,기타,기타,건조,맑음,교차로 - 교차로횡단보도내,교차로,교차로횡단보도내,0,0,1,0,1,1,0,Y,N,가해,개인형이동수단(PM),남,20세 이하,상해없음,보행자,남,31-40세,경상,2023.xlsx
2023023478,2023-02,2023,2,강북구,주간,경상사고,차대차 - 충돌,차대차,충돌,안전운전불이행,건조,맑음,단일로 - 기타,단일로,기타,0,0,1,0,1,1,0,N,Y,피해,화물,남,41-50세,상해없음,개인형이동수단(PM),남,65세 이상,경상,2023.xlsx
2023015269,2023-02,2023,2,관악구,주간,중상사고,차대사람 - 횡단중,차대사람,횡단중,신호위반,건조,맑음,교차로 - 교차로안,교차로,교차로안,0,1,0,0,1,1,1,Y,N,가해,개인형이동수단(PM),남,65세 이상,상해없음,보행자,여,65세 이상,중상,2023.xlsx
2023018783,2023-02,2023,2,관악구,야간,중상사고,차대차 - 기타,차대차,기타,안전운전불이행,건조,맑음,단일로 - 기타,단일로,기타,0,1,0,0,1,1,1,Y,N,가해,개인형이동수단(PM),남,20세 이하,기타불명,이륜,남,31-40세,중상,2023.xlsx
2023023223,2023-02,2023,2,동대문구,야간,부상신고사고,차대차 - 기타,차대차,기타,안전운전불이행,건조,맑음,단일로 - 기타,단일로,기타,0,0,0,1,1,1,0,Y,N,가해,개인형이동수단(PM),남,41-50세,부상신고,승용,남,51-60세,상해없음,2023.xlsx
2023023323,2023-02,2023,2,동대문구,주간,중상사고,차대차 - 기타,차대차,기타,안전운전불이행,건조,맑음,단일로 - 기타,단일로,기타,0,1,0,0,1,1,1,Y,N,가해,개인형이동수단(PM),여,65세 이상,중상,승용,여,41-50세,상해없음,2023.xlsx
2023021658,2023-02,2023,2,서초구,주간,경상사고,차대사람 - 보도통행중,차대사람,보도통행중,기타,건조,맑음,기타 - 기타,기타,기타,0,0,1,0,1,1,0,Y,N,가해,개인형이동수단(PM),남,21-30세,상해없음,보행자,여,51-60세,경상,2023.xlsx
2023024254,2023-02,2023,2,서초구,야간,경상사고,차대사람 - 보도통행중,차대사람,보도통행중,안전운전불이행,건조,기타,기타 - 기타,기타,기타,0,0,1,0,1,1,0,Y,N,가해,개인형이동수단(PM),남,21-30세,기타불명,보행자,여,31-40세,경상,2023.xlsx
2023025307,2023-02,2023,2,서초구,주간,중상사고,차대차 - 기타,차대차,기타,안전운전불이행,건조,맑음,교차로 - 교차로부근,교차로,교차로부근,0,1,0,0,1,1,1,N,Y,피해,승용,남,41-50세,상해없음,개인형이동수단(PM),남,41-50세,중상,2023.xlsx
2023026911,2023-02,2023,2,성동구,주간,사망사고,차대차 - 충돌,차대차,충돌,안전운전불이행,건조,맑음,단일로 - 기타,단일로,기타,1,0,0,0,0,1,1,Y,N,가해,개인형이동수단(PM),남,20세 이하,상해없음,원동기,남,65세 이상,상해없음,2023.xlsx
2023016287,2023-02,2023,2,성북구,주간,부상신고사고,차대차 - 충돌,차대차,충돌,신호위반,건조,맑음,교차로 - 교차로안,교차로,교차로안,0,0,0,1,1,1,0,Y,N,가해,개인형이동수단(PM),남,41-50세,부상신고,승합,남,51-60세,상해없음,2023.xlsx
2023026590,2023-02,2023,2,성북구,야간,경상사고,차대차 - 기타,차대차,기타,안전거리미확보,건조,맑음,기타 - 기타,기타,기타,0,0,1,0,1,1,0,N,Y,피해,승용,남,65세 이상,상해없음,개인형이동수단(PM),남,21-30세,경상,2023.xlsx
2023018741,2023-02,2023,2,송파구,야간,경상사고,차대차 - 충돌,차대차,충돌,안전운전불이행,건조,맑음,교차로 - 교차로안,교차로,교차로안,0,0,1,0,1,1,0,Y,N,가해,개인형이동수단(PM),남,21-30세,경상,승용,여,65세 이상,상해없음,2023.xlsx
2023018908,2023-02,2023,2,송파구,야간,중상사고,차대차 - 기타,차대차,기타,안전운전불이행,건조,맑음,단일로 - 기타,단일로,기타,0,1,0,0,1,1,1,N,Y,피해,화물,남,31-40세,상해없음,개인형이동수단(PM),남,21-30세,중상,2023.xlsx
2023016730,2023-02,2023,2,영등포구,주간,부상신고사고,차대차 - 추돌,차대차,추돌,안전거리미확보,건조,맑음,단일로 - 기타,단일로,기타,0,0,0,1,1,1,0,N,Y,피해,자전거,남,65세 이상,부상신고,개인형이동수단(PM),남,61-64세,상해없음,2023.xlsx
2023021524,2023-02,2023,2,영등포구,야간,중상사고,차대차 - 충돌,차대차,충돌,신호위반,건조,맑음,교차로 - 교차로부근,교차로,교차로부근,0,2,1,0,3,3,2,N,Y,피해,승용,남,21-30세,중상,개인형이동수단(PM),남,21-30세,경상,2023.xlsx
2023025836,2023-02,2023,2,용산구,주간,경상사고,차대차 - 기타,차대차,기타,신호위반,건조,맑음,교차로 - 교차로부근,교차로,교차로부근,0,0,1,0,1,1,0,N,Y,피해,화물,남,65세 이상,상해없음,개인형이동수단(PM),남,51-60세,경상,2023.xlsx
2023015954,2023-02,2023,2,종로구,야간,경상사고,차대사람 - 횡단중,차대사람,횡단중,보행자보호의무위반,건조,맑음,교차로 - 교차로횡단보도내,교차로,교차로횡단보도내,0,0,1,0,1,1,0,Y,N,가해,개인형이동수단(PM),여,21-30세,상해없음,보행자,여,21-30세,경상,2023.xlsx
2023015985,2023-02,2023,2,종로구,야간,중상사고,차대사람 - 보도통행중,차대사람,보도통행중,기타,건조,맑음,기타 - 기타,기타,기타,0,1,0,0,1,1,1,Y,N,가해,개인형이동수단(PM),여,21-30세,상해없음,보행자,여,65세 이상,중상,2023.xlsx
2023023949,2023-02,2023,2,중랑구,주간,경상사고,차대차 - 충돌,차대차,충돌,기타,건조,맑음,교차로 - 교차로안,교차로,교차로안,0,0,1,0,1,1,0,N,Y,피해,승용,남,21-30세,상해없음,개인형이동수단(PM),여,41-50세,경상,2023.xlsx
2023028527,2023-03,2023,3,강남구,야간,경상사고,차대차 - 추돌,차대차,추돌,안전운전불이행,건조,맑음,단일로 - 기타,단일로,기타,0,0,1,0,1,1,0,Y,N,가해,개인형이동수단(PM),남,21-30세,기타불명,승용,여,41-50세,경상,2023.xlsx
2023030258,2023-03,2023,3,강남구,주간,부상신고사고,차대차 - 충돌,차대차,충돌,기타,건조,맑음,교차로 - 교차로횡단보도내,교차로,교차로횡단보도내,0,0,0,1,1,1,0,Y,N,가해,개인형이동수단(PM),남,21-30세,부상신고,승용,남,51-60세,상해없음,2023.xlsx
2023030977,2023-03,2023,3,강남구,야간,경상사고,차대사람 - 기타,차대사람,기타,안전운전불이행,건조,맑음,기타 - 기타,기타,기타,0,0,1,0,1,1,0,Y,N,가해,개인형이동수단(PM),남,20세 이하,상해없음,보행자,여,51-60세,경상,2023.xlsx
2023033296,2023-03,2023,3,강남구,주간,경상사고,차대차 - 기타,차대차,기타,신호위반,건조,맑음,기타 - 기타,기타,기타,0,0,1,0,1,1,0,N,Y,피해,승용,남,51-60세,상해없음,개인형이동수단(PM),남,21-30세,경상,2023.xlsx
2023033583,2023-03,2023,3,강남구,야간,경상사고,차대차 - 충돌,차대차,충돌,기타,건조,맑음,교차로 - 교차로안,교차로,교차로안,0,0,1,0,1,1,0,Y,N,가해,개인형이동수단(PM),남,41-50세,경상,승용,남,65세 이상,상해없음,2023.xlsx
2023033717,2023-03,2023,3,강남구,주간,중상사고,차대사람 - 보도통행중,차대사람,보도통행중,기타,건조,맑음,기타 - 기타,기타,기타,0,1,0,0,1,1,1,Y,N,가해,개인형이동수단(PM),여,21-30세,상해없음,보행자,여,65세 이상,중상,2023.xlsx
2023042693,2023-03,2023,3,강남구,주간,경상사고,차대사람 - 차도통행중,차대사람,차도통행중,안전운전불이행,건조,맑음,단일로 - 기타,단일로,기타,0,0,1,0,1,1,0,Y,N,가해,개인형이동수단(PM),여,21-30세,기타불명,보행자,남,51-60세,경상,2023.xlsx
2023029392,2023-03,2023,3,강동구,주간,경상사고,차대사람 - 보도통행중,차대사람,보도통행중,안전운전불이행,건조,맑음,단일로 - 기타,단일로,기타,0,0,1,0,1,1,0,Y,N,가해,개인형이동수단(PM),남,31-40세,상해없음,보행자,남,65세 이상,경상,2023.xlsx
2023041083,2023-03,2023,3,강동구,주간,경상사고,차대차 - 충돌,차대차,충돌,신호위반,건조,맑음,단일로 - 기타,단일로,기타,0,0,1,0,1,1,0,N,Y,피해,승용,여,41-50세,상해없음,개인형이동수단(PM),여,41-50세,경상,2023.xlsx
2023039363,2023-03,2023,3,강북구,야간,경상사고,차대차 - 충돌,차대차,충돌,신호위반,건조,맑음,교차로 - 교차로안,교차로,교차로안,0,0,1,0,1,1,0,Y,N,가해,개인형이동수단(PM),남,21-30세,기타불명,승용,여,31-40세,경상,2023.xlsx
2023038764,2023-03,2023,3,강서구,야간,중상사고,차대사람 - 보도통행중,차대사람,보도통행중,기타,건조,맑음,기타 - 기타,기타,기타,0,1,0,0,1,1,1,Y,N,가해,개인형이동수단(PM),남,20세 이하,상해없음,보행자,여,41-50세,중상,2023.xlsx
2023043651,2023-03,2023,3,강서구,야간,경상사고,차대사람 - 기타,차대사람,기타,안전운전불이행,건조,맑음,기타 - 기타,기타,기타,0,0,1,0,1,1,0,Y,N,가해,개인형이동수단(PM),여,41-50세,상해없음,보행자,남,31-40세,경상,2023.xlsx
2023041201,2023-03,2023,3,관악구,주간,경상사고,차대차 - 기타,차대차,기타,기타,건조,맑음,교차로 - 교차로부근,교차로,교차로부근,0,0,1,0,1,1,0,Y,N,가해,개인형이동수단(PM),남,41-50세,경상,화물,남,21-30세,상해없음,2023.xlsx
2023030678,2023-03,2023,3,구로구,주간,경상사고,차대차 - 충돌,차대차,충돌,신호위반,건조,맑음,교차로 - 교차로안,교차로,교차로안,0,0,1,1,2,2,0,Y,N,가해,개인형이동수단(PM),여,51-60세,부상신고,승용,여,41-50세,경상,2023.xlsx
2023033017,2023-03,2023,3,구로구,주간,중상사고,차대차 - 기타,차대차,기타,신호위반,건조,맑음,교차로 - 교차로횡단보도내,교차로,교차로횡단보도내,0,1,1,0,2,2,1,Y,N,가해,개인형이동수단(PM),남,20세 이하,상해없음,자전거,남,21-30세,경상,2023.xlsx
2023040131,2023-03,2023,3,금천구,주간,부상신고사고,차대차 - 기타,차대차,기타,보행자보호의무위반,건조,맑음,교차로 - 교차로안,교차로,교차로안,0,0,0,1,1,1,0,Y,N,가해,개인형이동수단(PM),남,51-60세,부상신고,승용,남,51-60세,상해없음,2023.xlsx
2023033491,2023-03,2023,3,노원구,주간,경상사고,차대사람 - 보도통행중,차대사람,보도통행중,기타,건조,맑음,기타 - 기타,기타,기타,0,0,1,0,1,1,0,Y,N,가해,개인형이동수단(PM),기타불명,기타불명,기타불명,보행자,남,21-30세,경상,2023.xlsx
2023037015,2023-03,2023,3,노원구,주간,중상사고,차대사람 - 보도통행중,차대사람,보도통행중,기타,건조,맑음,단일로 - 기타,단일로,기타,0,1,0,0,1,1,1,Y,N,가해,개인형이동수단(PM),남,20세 이하,상해없음,보행자,여,65세 이상,중상,2023.xlsx
2023032679,2023-03,2023,3,동대문구,야간,경상사고,차대차 - 충돌,차대차,충돌,안전운전불이행,건조,맑음,단일로 - 기타,단일로,기타,0,0,1,0,1,1,0,Y,N,가해,개인형이동수단(PM),기타불명,기타불명,기타불명,자전거,남,31-40세,경상,2023.xlsx
2023031585,2023-03,2023,3,동작구,야간,경상사고,차대차 - 충돌,차대차,충돌,안전운전불이행,젖음/습기,비,단일로 - 기타,단일로,기타,0,0,1,0,1,1,0,N,Y,피해,이륜,남,51-60세,상해없음,개인형이동수단(PM),남,21-30세,경상,2023.xlsx
2023031307,2023-03,2023,3,마포구,주간,경상사고,차대사람 - 기타,차대사람,기타,안전운전불이행,건조,맑음,교차로 - 교차로안,교차로,교차로안,0,0,1,0,1,1,0,Y,N,가해,개인형이동수단(PM),여,21-30세,상해없음,보행자,여,51-60세,경상,2023.xlsx
2023033751,2023-03,2023,3,마포구,주간,중상사고,차대사람 - 보도통행중,차대사람,보도통행중,기타,건조,맑음,기타 - 기타,기타,기타,0,1,0,0,1,1,1,Y,N,가해,개인형이동수단(PM),남,21-30세,상해없음,보행자,여,31-40세,중상,2023.xlsx
2023036269,2023-03,2023,3,마포구,야간,경상사고,차대사람 - 횡단중,차대사람,횡단중,신호위반,건조,맑음,교차로 - 교차로안,교차로,교차로안,0,0,1,0,1,1,0,Y,N,가해,개인형이동수단(PM),남,20세 이하,상해없음,보행자,남,13-20세,경상,2023.xlsx
2023043506,2023-03,2023,3,마포구,주간,경상사고,차대사람 - 횡단중,차대사람,횡단중,신호위반,건조,맑음,교차로 - 교차로부근,교차로,교차로부근,0,0,1,0,1,1,0,Y,N,가해,개인형이동수단(PM),여,31-40세,기타불명,보행자,남,21-30세,경상,2023.xlsx
2023036314,2023-03,2023,3,서대문구,야간,중상사고,차대차 - 기타,차대차,기타,안전운전불이행,건조,흐림,단일로 - 기타,단일로,기타,0,1,0,0,1,1,1,N,Y,피해,자전거,남,41-50세,상해없음,개인형이동수단(PM),남,31-40세,중상,2023.xlsx
2023043342,2023-03,2023,3,서대문구,주간,중상사고,차대사람 - 보도통행중,차대사람,보도통행중,기타,건조,맑음,단일로 - 기타,단일로,기타,0,1,0,0,1,1,1,Y,N,가해,개인형이동수단(PM),여,21-30세,상해없음,보행자,남,51-60세,중상,2023.xlsx
2023039387,2023-03,2023,3,서초구,야간,중상사고,차대차 - 추돌,차대차,추돌,안전운전불이행,건조,맑음,단일로 - 기타,단일로,기타,0,1,0,0,1,1,1,N,Y,피해,승용,남,31-40세,상해없음,개인형이동수단(PM),남,31-40세,중상,2023.xlsx
2023030255,2023-03,2023,3,성동구,주간,경상사고,차대차 - 추돌,차대차,추돌,안전거리미확보,건조,맑음,단일로 - 기타,단일로,기타,0,0,1,0,1,1,0,Y,N,가해,개인형이동수단(PM),여,31-40세,상해없음,자전거,여,41-50세,경상,2023.xlsx
2023032824,2023-03,2023,3,성동구,주간,중상사고,차대차 - 충돌,차대차,충돌,안전운전불이행,건조,맑음,단일로 - 기타,단일로,기타,0,1,0,0,1,1,1,N,Y,피해,승용,여,51-60세,상해없음,개인형이동수단(PM),남,21-30세,중상,2023.xlsx
2023033982,2023-03,2023,3,성동구,주간,경상사고,차대사람 - 보도통행중,차대사람,보도통행중,기타,건조,맑음,단일로 - 기타,단일로,기타,0,0,1,0,1,1,0,Y,N,가해,개인형이동수단(PM),여,41-50세,상해없음,보행자,남,21-30세,경상,2023.xlsx
2023038185,2023-03,2023,3,성북구,야간,중상사고,차대차 - 충돌,차대차,충돌,기타,건조,맑음,단일로 - 기타,단일로,기타,0,1,0,0,1,1,1,Y,N,가해,개인형이동수단(PM),남,65세 이상,중상,승용,여,31-40세,상해없음,2023.xlsx
2023038845,2023-03,2023,3,성북구,야간,경상사고,차대차 - 충돌,차대차,충돌,안전운전불이행,기타,맑음,교차로 - 교차로안,교차로,교차로안,0,0,1,0,1,1,0,Y,N,가해,개인형이동수단(PM),남,20세 이하,기타불명,자전거,남,21-30세,경상,2023.xlsx
2023030462,2023-03,2023,3,송파구,야간,중상사고,차대차 - 충돌,차대차,충돌,안전운전불이행,건조,맑음,단일로 - 기타,단일로,기타,0,1,0,0,1,1,1,Y,N,가해,개인형이동수단(PM),남,65세 이상,중상,승용,남,41-50세,상해없음,2023.xlsx
2023031079,2023-03,2023,3,송파구,야간,중상사고,차대차 - 추돌,차대차,추돌,기타,건조,맑음,교차로 - 교차로안,교차로,교차로안,0,1,0,0,1,1,1,N,Y,피해,승용,남,41-50세,상해없음,개인형이동수단(PM),남,41-50세,중상,2023.xlsx
2023035181,2023-03,2023,3,송파구,야간,중상사고,차대차 - 기타,차대차,기타,신호위반,건조,맑음,교차로 - 교차로횡단보도내,교차로,교차로횡단보도내,0,1,1,0,2,2,1,N,Y,피해,승용,여,31-40세,경상,개인형이동수단(PM),여,31-40세,중상,2023.xlsx
2023039138,2023-03,2023,3,송파구,주간,중상사고,차대사람 - 차도통행중,차대사람,차도통행중,안전운전불이행,건조,맑음,단일로 - 기타,단일로,기타,0,1,0,0,1,1,1,Y,N,가해,개인형이동수단(PM),남,41-50세,상해없음,보행자,여,65세 이상,중상,2023.xlsx
2023040013,2023-03,2023,3,송파구,야간,경상사고,차대차 - 충돌,차대차,충돌,교차로운행방법위반,건조,맑음,교차로 - 교차로횡단보도내,교차로,교차로횡단보도내,0,0,1,0,1,1,0,N,Y,피해,승용,여,41-50세,상해없음,개인형이동수단(PM),남,31-40세,경상,2023.xlsx
2023043405,2023-03,2023,3,송파구,주간,부상신고사고,차대차 - 충돌,차대차,충돌,안전운전불이행,건조,맑음,교차로 - 교차로횡단보도내,교차로,교차로횡단보도내,0,0,0,1,1,1,0,Y,N,가해,개인형이동수단(PM),남,20세 이하,부상신고,승용,남,31-40세,상해없음,2023.xlsx
2023032241,2023-03,2023,3,영등포구,주간,경상사고,차대차 - 기타,차대차,기타,안전운전불이행,건조,맑음,단일로 - 기타,단일로,기타,0,0,1,0,1,1,0,Y,N,가해,개인형이동수단(PM),남,41-50세,경상,승용,남,51-60세,상해없음,2023.xlsx
2023030835,2023-03,2023,3,용산구,주간,중상사고,차대차 - 충돌,차대차,충돌,신호위반,건조,맑음,교차로 - 교차로안,교차로,교차로안,0,1,0,0,1,1,1,N,Y,피해,승용,남,31-40세,상해없음,개인형이동수단(PM),남,31-40세,중상,2023.xlsx
2023031095,2023-03,2023,3,은평구,야간,부상신고사고,차대차 - 기타,차대차,기타,교차로운행방법위반,건조,맑음,교차로 - 교차로안,교차로,교차로안,0,0,0,1,1,1,0,N,Y,피해,승용,여,61-64세,상해없음,개인형이동수단(PM),여,41-50세,부상신고,2023.xlsx
2023031384,2023-03,2023,3,종로구,주간,경상사고,차대사람 - 기타,차대사람,기타,안전운전불이행,건조,맑음,단일로 - 기타,단일로,기타,0,0,1,0,1,1,0,Y,N,가해,개인형이동수단(PM),남,51-60세,상해없음,보행자,남,65세 이상,경상,2023.xlsx
2023033077,2023-03,2023,3,중구,주간,경상사고,차대차 - 추돌,차대차,추돌,안전운전불이행,건조,맑음,단일로 - 기타,단일로,기타,0,0,1,0,1,1,0,Y,N,가해,개인형이동수단(PM),남,21-30세,경상,승용,여,21-30세,상해없음,2023.xlsx
2023037342,2023-03,2023,3,중랑구,주간,경상사고,차대차 - 충돌,차대차,충돌,안전운전불이행,건조,맑음,단일로 - 기타,단일로,기타,0,0,1,0,1,1,0,N,Y,피해,자전거,남,51-60세,상해없음,개인형이동수단(PM),남,31-40세,경상,2023.xlsx
2023044309,2023-04,2023,4,강남구,야간,부상신고사고,차대사람 - 횡단중,차대사람,횡단중,기타,건조,맑음,단일로 - 기타,단일로,기타,0,0,0,1,1,1,0,Y,N,가해,개인형이동수단(PM),남,20세 이하,상해없음,보행자,남,13-20세,부상신고,2023.xlsx
2023045094,2023-04,2023,4,강남구,주간,경상사고,차대사람 - 보도통행중,차대사람,보도통행중,안전운전불이행,건조,맑음,기타 - 기타,기타,기타,0,0,1,0,1,1,0,Y,N,가해,개인형이동수단(PM),남,20세 이하,상해없음,보행자,여,31-40세,경상,2023.xlsx
2023047529,2023-04,2023,4,강남구,주간,중상사고,차대사람 - 보도통행중,차대사람,보도통행중,기타,건조,맑음,단일로 - 기타,단일로,기타,0,1,0,0,1,1,1,Y,N,가해,개인형이동수단(PM),남,31-40세,상해없음,보행자,남,65세 이상,중상,2023.xlsx
2023047588,2023-04,2023,4,강남구,야간,경상사고,차대사람 - 보도통행중,차대사람,보도통행중,기타,건조,맑음,단일로 - 기타,단일로,기타,0,0,1,0,1,1,0,Y,N,가해,개인형이동수단(PM),남,21-30세,상해없음,보행자,여,21-30세,경상,2023.xlsx
2023047671,2023-04,2023,4,강남구,야간,경상사고,차대사람 - 보도통행중,차대사람,보도통행중,안전운전불이행,건조,맑음,기타 - 기타,기타,기타,0,0,1,0,1,1,0,Y,N,가해,개인형이동수단(PM),남,21-30세,상해없음,보행자,남,12세 이하,경상,2023.xlsx
2023047674,2023-04,2023,4,강남구,야간,경상사고,차대사람 - 보도통행중,차대사람,보도통행중,안전운전불이행,건조,맑음,단일로 - 기타,단일로,기타,0,0,2,0,2,2,0,Y,N,가해,개인형이동수단(PM),남,21-30세,경상,보행자,남,12세 이하,경상,2023.xlsx
2023049310,2023-04,2023,4,강남구,야간,중상사고,차대사람 - 길가장자리구역통행중,차대사람,길가장자리구역통행중,안전운전불이행,건조,맑음,단일로 - 기타,단일로,기타,0,1,0,0,1,1,1,Y,N,가해,개인형이동수단(PM),남,31-40세,상해없음,보행자,남,21-30세,중상,2023.xlsx
2023050932,2023-04,2023,4,강남구,주간,경상사고,차대사람 - 기타,차대사람,기타,보행자보호의무위반,건조,맑음,기타 - 기타,기타,기타,0,0,1,0,1,1,0,Y,N,가해,개인형이동수단(PM),여,41-50세,상해없음,보행자,여,21-30세,경상,2023.xlsx
2023051281,2023-04,2023,4,강남구,야간,경상사고,차대사람 - 차도통행중,차대사람,차도통행중,안전운전불이행,건조,맑음,단일로 - 기타,단일로,기타,0,0,1,0,1,1,0,Y,N,가해,개인형이동수단(PM),여,21-30세,상해없음,보행자,남,31-40세,경상,2023.xlsx
2023051586,2023-04,2023,4,강남구,주간,경상사고,차대차 - 기타,차대차,기타,안전운전불이행,건조,맑음,단일로 - 기타,단일로,기타,0,0,1,0,1,1,0,Y,N,가해,개인형이동수단(PM),남,61-64세,경상,승용,남,65세 이상,상해없음,2023.xlsx
2023053812,2023-04,2023,4,강남구,주간,중상사고,차대사람 - 보도통행중,차대사람,보도통행중,안전운전불이행,건조,맑음,기타 - 기타,기타,기타,0,1,0,0,1,1,1,Y,N,가해,개인형이동수단(PM),남,20세 이하,상해없음,보행자,여,65세 이상,중상,2023.xlsx
2023054922,2023-04,2023,4,강남구,주간,경상사고,차대사람 - 기타,차대사람,기타,기타,건조,맑음,단일로 - 기타,단일로,기타,0,0,1,0,1,1,0,Y,N,가해,개인형이동수단(PM),여,20세 이하,상해없음,보행자,남,12세 이하,경상,2023.xlsx
2023055001,2023-04,2023,4,강남구,주간,경상사고,차대차 - 기타,차대차,기타,안전운전불이행,건조,맑음,교차로 - 교차로안,교차로,교차로안,0,0,1,0,1,1,0,N,Y,피해,승용,여,31-40세,상해없음,개인형이동수단(PM),남,31-40세,경상,2023.xlsx
2023056117,2023-04,2023,4,강남구,야간,중상사고,차대차 - 기타,차대차,기타,안전운전불이행,건조,맑음,단일로 - 기타,단일로,기타,0,1,1,0,2,2,1,Y,N,가해,개인형이동수단(PM),남,51-60세,기타불명,자전거,남,65세 이상,중상,2023.xlsx
2023056709,2023-04,2023,4,강남구,야간,경상사고,차대사람 - 보도통행중,차대사람,보도통행중,안전운전불이행,건조,맑음,단일로 - 기타,단일로,기타,0,0,1,0,1,1,0,Y,N,가해,개인형이동수단(PM),남,20세 이하,상해없음,보행자,여,13-20세,경상,2023.xlsx
2023057866,2023-04,2023,4,강남구,야간,경상사고,차대사람 - 보도통행중,차대사람,보도통행중,안전운전불이행,건조,맑음,단일로 - 기타,단일로,기타,0,0,1,0,1,1,0,Y,N,가해,개인형이동수단(PM),남,21-30세,상해없음,보행자,여,21-30세,경상,2023.xlsx
2023057936,2023-04,2023,4,강남구,주간,경상사고,차대사람 - 기타,차대사람,기타,안전운전불이행,건조,맑음,기타 - 기타,기타,기타,0,0,1,0,1,1,0,Y,N,가해,개인형이동수단(PM),남,21-30세,상해없음,보행자,여,21-30세,경상,2023.xlsx
2023058025,2023-04,2023,4,강남구,주간,부상신고사고,차대사람 - 기타,차대사람,기타,안전운전불이행,건조,맑음,단일로 - 기타,단일로,기타,0,0,0,1,1,1,0,Y,N,가해,개인형이동수단(PM),여,20세 이하,상해없음,보행자,여,13-20세,부상신고,2023.xlsx
2023058469,2023-04,2023,4,강남구,야간,경상사고,차대차 - 기타,차대차,기타,안전운전불이행,건조,맑음,단일로 - 기타,단일로,기타,0,0,1,0,1,1,0,N,Y,피해,승용,남,61-64세,상해없음,개인형이동수단(PM),여,21-30세,경상,2023.xlsx
2023058931,2023-04,2023,4,강남구,야간,중상사고,차대차 - 충돌,차대차,충돌,신호위반,건조,맑음,기타 - 기타,기타,기타,0,1,0,0,1,1,1,N,Y,피해,승용,남,41-50세,상해없음,개인형이동수단(PM),여,21-30세,중상,2023.xlsx
2023059859,2023-04,2023,4,강남구,주간,경상사고,차대차 - 충돌,차대차,충돌,신호위반,기타,맑음,교차로 - 교차로안,교차로,교차로안,0,0,1,0,1,1,0,Y,N,가해,개인형이동수단(PM),남,20세 이하,경상,화물,남,61-64세,상해없음,2023.xlsx
2023052231,2023-04,2023,4,강동구,주간,중상사고,차대차 - 충돌,차대차,충돌,안전운전불이행,건조,맑음,교차로 - 교차로안,교차로,교차로안,0,2,1,1,4,4,2,Y,N,가해,개인형이동수단(PM),남,65세 이상,부상신고,이륜,남,31-40세,중상,2023.xlsx
2023057474,2023-04,2023,4,강동구,주간,경상사고,차대사람 - 기타,차대사람,기타,안전운전불이행,건조,맑음,기타 - 기타,기타,기타,0,0,1,0,1,1,0,Y,N,가해,개인형이동수단(PM),남,20세 이하,상해없음,보행자,여,51-60세,경상,2023.xlsx
2023059894,2023-04,2023,4,강동구,주간,경상사고,차대사람 - 기타,차대사람,기타,안전운전불이행,건조,맑음,단일로 - 기타,단일로,기타,0,0,1,0,1,1,0,Y,N,가해,개인형이동수단(PM),남,41-50세,상해없음,보행자,남,21-30세,경상,2023.xlsx
2023044697,2023-04,2023,4,강북구,야간,부상신고사고,차대사람 - 차도통행중,차대사람,차도통행중,안전운전불이행,건조,맑음,단일로 - 기타,단일로,기타,0,0,0,1,1,1,0,Y,N,가해,개인형이동수단(PM),남,31-40세,기타불명,보행자,남,12세 이하,부상신고,2023.xlsx
2023053503,2023-04,2023,4,강서구,야간,중상사고,차대차 - 충돌,차대차,충돌,안전운전불이행,건조,맑음,교차로 - 교차로부근,교차로,교차로부근,0,1,0,0,1,1,1,N,Y,피해,승용,남,65세 이상,상해없음,개인형이동수단(PM),여,51-60세,중상,2023.xlsx
2023045441,2023-04,2023,4,관악구,주간,경상사고,차대차 - 기타,차대차,기타,안전운전불이행,건조,맑음,교차로 - 교차로횡단보도내,교차로,교차로횡단보도내,0,0,1,0,1,1,0,Y,N,가해,개인형이동수단(PM),여,21-30세,경상,승용,여,51-60세,상해없음,2023.xlsx
2023047333,2023-04,2023,4,관악구,주간,경상사고,차대차 - 기타,차대차,기타,신호위반,건조,맑음,기타 - 기타,기타,기타,0,0,1,0,1,1,0,N,Y,피해,이륜,남,41-50세,상해없음,개인형이동수단(PM),여,21-30세,경상,2023.xlsx
2023049857,2023-04,2023,4,관악구,주간,경상사고,차대차 - 기타,차대차,기타,기타,건조,맑음,교차로 - 교차로안,교차로,교차로안,0,0,1,0,1,1,0,Y,N,가해,개인형이동수단(PM),남,20세 이하,경상,승용,남,21-30세,상해없음,2023.xlsx
2023059047,2023-04,2023,4,관악구,야간,경상사고,차대사람 - 기타,차대사람,기타,안전운전불이행,건조,맑음,기타 - 기타,기타,기타,0,0,1,0,1,1,0,Y,N,가해,개인형이동수단(PM),여,21-30세,상해없음,보행자,남,13-20세,경상,2023.xlsx
2023059399,2023-04,2023,4,관악구,주간,경상사고,차대차 - 충돌,차대차,충돌,안전운전불이행,젖음/습기,비,교차로 - 교차로안,교차로,교차로안,0,0,2,0,2,2,0,N,Y,피해,승용,남,51-60세,상해없음,개인형이동수단(PM),남,21-30세,경상,2023.xlsx
2023048524,2023-04,2023,4,광진구,주간,중상사고,차대차 - 기타,차대차,기타,신호위반,건조,맑음,단일로 - 기타,단일로,기타,0,1,0,0,1,1,1,N,Y,피해,승용,남,65세 이상,상해없음,개인형이동수단(PM),여,21-30세,중상,2023.xlsx
2023050160,2023-04,2023,4,구로구,주간,경상사고,차대차 - 기타,차대차,기타,안전운전불이행,건조,맑음,기타 - 기타,기타,기타,0,0,1,0,1,1,0,N,Y,피해,승용,남,41-50세,상해없음,개인형이동수단(PM),여,31-40세,경상,2023.xlsx
2023052890,2023-04,2023,4,구로구,야간,경상사고,차대사람 - 보도통행중,차대사람,보도통행중,안전운전불이행,건조,맑음,기타 - 기타,기타,기타,0,0,1,0,1,1,0,Y,N,가해,개인형이동수단(PM),남,31-40세,기타불명,보행자,남,31-40세,경상,2023.xlsx
2023056325,2023-04,2023,4,구로구,주간,경상사고,차대차 - 추돌,차대차,추돌,안전운전불이행,건조,맑음,단일로 - 기타,단일로,기타,0,0,1,0,1,1,0,Y,N,가해,개인형이동수단(PM),여,51-60세,상해없음,자전거,남,65세 이상,경상,2023.xlsx
2023043785,2023-04,2023,4,금천구,야간,경상사고,차대차 - 기타,차대차,기타,안전운전불이행,건조,맑음,단일로 - 기타,단일로,기타,0,0,1,0,1,1,0,N,Y,피해,승용,남,21-30세,상해없음,개인형이동수단(PM),남,41-50세,경상,2023.xlsx
2023052229,2023-04,2023,4,금천구,주간,경상사고,차대차 - 기타,차대차,기타,신호위반,건조,맑음,단일로 - 기타,단일로,기타,0,0,1,0,1,1,0,Y,N,가해,개인형이동수단(PM),남,20세 이하,경상,승합,남,61-64세,상해없음,2023.xlsx
2023046251,2023-04,2023,4,노원구,주간,중상사고,차대차 - 기타,차대차,기타,신호위반,젖음/습기,비,교차로 - 교차로안,교차로,교차로안,0,1,0,0,1,1,1,N,Y,피해,승용,여,65세 이상,상해없음,개인형이동수단(PM),남,61-64세,중상,2023.xlsx
2023048688,2023-04,2023,4,노원구,야간,경상사고,차대차 - 충돌,차대차,충돌,기타,건조,맑음,교차로 - 교차로안,교차로,교차로안,0,0,1,0,1,1,0,Y,N,가해,개인형이동수단(PM),남,51-60세,경상,승용,남,51-60세,상해없음,2023.xlsx
2023049281,2023-04,2023,4,노원구,야간,중상사고,차대차 - 기타,차대차,기타,안전운전불이행,건조,맑음,교차로 - 교차로안,교차로,교차로안,0,1,0,0,1,1,1,N,Y,피해,화물,여,31-40세,상해없음,개인형이동수단(PM),남,41-50세,중상,2023.xlsx
2023057501,2023-04,2023,4,노원구,주간,부상신고사고,차대사람 - 기타,차대사람,기타,안전운전불이행,건조,맑음,단일로 - 기타,단일로,기타,0,0,0,1,1,1,0,Y,N,가해,개인형이동수단(PM),남,20세 이하,상해없음,보행자,여,51-60세,부상신고,2023.xlsx
2023049172,2023-04,2023,4,도봉구,야간,중상사고,차대차 - 추돌,차대차,추돌,신호위반,건조,맑음,단일로 - 기타,단일로,기타,0,1,1,0,2,2,1,N,Y,피해,이륜,남,51-60세,경상,개인형이동수단(PM),여,21-30세,중상,2023.xlsx
2023054330,2023-04,2023,4,도봉구,주간,중상사고,차대사람 - 보도통행중,차대사람,보도통행중,기타,건조,맑음,단일로 - 교량,단일로,교량,0,1,0,0,1,1,1,Y,N,가해,개인형이동수단(PM),남,20세 이하,상해없음,보행자,여,65세 이상,중상,2023.xlsx
2023043802,2023-04,2023,4,동대문구,야간,경상사고,차대차 - 충돌,차대차,충돌,중앙선침범,건조,맑음,단일로 - 기타,단일로,기타,0,0,1,0,1,1,0,Y,Y,가해+피해,개인형이동수단(PM),남,31-40세,상해없음,개인형이동수단(PM),남,31-40세,경상,2023.xlsx
2023047286,2023-04,2023,4,동대문구,주간,부상신고사고,차대차 - 충돌,차대차,충돌,안전운전불이행,건조,맑음,교차로 - 교차로안,교차로,교차로안,0,0,0,1,1,1,0,Y,N,가해,개인형이동수단(PM),남,21-30세,부상신고,승용,남,31-40세,상해없음,2023.xlsx
2023059731,2023-04,2023,4,동작구,주간,경상사고,차대사람 - 보도통행중,차대사람,보도통행중,보행자보호의무위반,건조,맑음,단일로 - 기타,단일로,기타,0,0,1,0,1,1,0,Y,N,가해,개인형이동수단(PM),남,21-30세,상해없음,보행자,여,31-40세,경상,2023.xlsx
2023044675,2023-04,2023,4,마포구,야간,경상사고,차대사람 - 횡단중,차대사람,횡단중,신호위반,건조,맑음,단일로 - 기타,단일로,기타,0,0,1,0,1,1,0,Y,N,가해,개인형이동수단(PM),남,31-40세,상해없음,보행자,여,21-30세,경상,2023.xlsx
2023048470,2023-04,2023,4,마포구,주간,경상사고,차대사람 - 보도통행중,차대사람,보도통행중,기타,건조,맑음,단일로 - 기타,단일로,기타,0,0,1,0,1,1,0,Y,N,가해,개인형이동수단(PM),남,21-30세,상해없음,보행자,남,31-40세,경상,2023.xlsx
2023059687,2023-04,2023,4,서대문구,야간,부상신고사고,차량단독 - 충돌,차량단독,충돌,안전운전불이행,건조,맑음,단일로 - 기타,단일로,기타,0,0,0,1,1,1,0,Y,N,가해,개인형이동수단(PM),남,21-30세,부상신고,,,,,2023.xlsx
2023059853,2023-04,2023,4,서대문구,주간,부상신고사고,차대차 - 충돌,차대차,충돌,안전운전불이행,건조,맑음,교차로 - 교차로안,교차로,교차로안,0,0,0,1,1,1,0,Y,N,가해,개인형이동수단(PM),남,20세 이하,부상신고,승용,남,31-40세,상해없음,2023.xlsx
2023046882,2023-04,2023,4,서초구,주간,경상사고,차대차 - 기타,차대차,기타,안전운전불이행,젖음/습기,흐림,교차로 - 교차로안,교차로,교차로안,0,0,1,0,1,1,0,N,Y,피해,승용,남,65세 이상,상해없음,개인형이동수단(PM),남,31-40세,경상,2023.xlsx
2023055285,2023-04,2023,4,서초구,야간,중상사고,차대차 - 충돌,차대차,충돌,안전운전불이행,건조,맑음,단일로 - 기타,단일로,기타,0,1,1,0,2,2,1,Y,N,가해,개인형이동수단(PM),여,31-40세,중상,자전거,남,41-50세,경상,2023.xlsx
2023048167,2023-04,2023,4,성동구,주간,중상사고,차대차 - 기타,차대차,기타,기타,건조,맑음,교차로 - 교차로부근,교차로,교차로부근,0,1,0,0,1,1,1,N,Y,피해,승용,남,51-60세,상해없음,개인형이동수단(PM),남,21-30세,중상,2023.xlsx
2023048471,2023-04,2023,4,성동구,주간,중상사고,차대차 - 충돌,차대차,충돌,교차로운행방법위반,건조,맑음,교차로 - 교차로안,교차로,교차로안,0,1,0,0,1,1,1,Y,N,가해,개인형이동수단(PM),남,21-30세,상해없음,자전거,여,61-64세,중상,2023.xlsx
2023044784,2023-04,2023,4,성북구,야간,부상신고사고,차대차 - 기타,차대차,기타,신호위반,건조,맑음,교차로 - 교차로횡단보도내,교차로,교차로횡단보도내,0,0,0,1,1,1,0,Y,N,가해,개인형이동수단(PM),남,21-30세,부상신고,기타불명,기타불명,기타불명,기타불명,2023.xlsx
2023043844,2023-04,2023,4,송파구,주간,중상사고,차대사람 - 보도통행중,차대사람,보도통행중,기타,건조,맑음,단일로 - 기타,단일로,기타,0,1,0,0,1,1,1,Y,N,가해,개인형이동수단(PM),여,41-50세,상해없음,보행자,여,31-40세,중상,2023.xlsx
2023045505,2023-04,2023,4,송파구,주간,경상사고,차대차 - 기타,차대차,기타,안전운전불이행,건조,맑음,교차로 - 교차로안,교차로,교차로안,0,0,1,2,3,3,0,Y,N,가해,개인형이동수단(PM),남,51-60세,부상신고,자전거,남,41-50세,부상신고,2023.xlsx
2023049354,2023-04,2023,4,송파구,주간,중상사고,차대차 - 추돌,차대차,추돌,신호위반,건조,맑음,단일로 - 기타,단일로,기타,0,1,0,0,1,1,1,N,Y,피해,승합,남,51-60세,상해없음,개인형이동수단(PM),여,41-50세,중상,2023.xlsx
2023049899,2023-04,2023,4,송파구,주간,중상사고,차대차 - 충돌,차대차,충돌,안전운전불이행,건조,맑음,단일로 - 기타,단일로,기타,0,1,0,0,1,1,1,N,Y,피해,화물,남,65세 이상,상해없음,개인형이동수단(PM),남,65세 이상,중상,2023.xlsx
2023052146,2023-04,2023,4,송파구,주간,경상사고,차대차 - 충돌,차대차,충돌,안전운전불이행,건조,맑음,단일로 - 기타,단일로,기타,0,0,1,0,1,1,0,Y,N,가해,개인형이동수단(PM),남,31-40세,상해없음,자전거,남,13-20세,상해없음,2023.xlsx
2023055471,2023-04,2023,4,송파구,주간,경상사고,차대차 - 기타,차대차,기타,안전거리미확보,건조,맑음,교차로 - 교차로부근,교차로,교차로부근,0,0,1,0,1,1,0,N,Y,피해,기타불명,기타불명,기타불명,기타불명,개인형이동수단(PM),남,41-50세,경상,2023.xlsx
2023055782,2023-04,2023,4,송파구,야간,경상사고,차대사람 - 차도통행중,차대사람,차도통행중,기타,건조,맑음,단일로 - 기타,단일로,기타,0,0,1,0,1,1,0,Y,N,가해,개인형이동수단(PM),여,21-30세,상해없음,보행자,여,41-50세,경상,2023.xlsx
2023057347,2023-04,2023,4,송파구,주간,경상사고,차대사람 - 기타,차대사람,기타,안전운전불이행,건조,맑음,기타 - 기타,기타,기타,0,0,1,0,1,1,0,Y,N,가해,개인형이동수단(PM),여,20세 이하,상해없음,보행자,남,21-30세,경상,2023.xlsx
2023053998,2023-04,2023,4,영등포구,야간,경상사고,차대차 - 추돌,차대차,추돌,안전운전불이행,건조,맑음,교차로 - 교차로부근,교차로,교차로부근,0,0,1,0,1,1,0,N,Y,피해,승용,남,61-64세,상해없음,개인형이동수단(PM),여,31-40세,경상,2023.xlsx
2023045324,2023-04,2023,4,은평구,야간,경상사고,차대차 - 충돌,차대차,충돌,안전운전불이행,젖음/습기,흐림,교차로 - 교차로안,교차로,교차로안,0,0,1,0,1,1,0,N,Y,피해,승용,여,41-50세,상해없음,개인형이동수단(PM),여,41-50세,경상,2023.xlsx
2023052264,2023-04,2023,4,은평구,주간,경상사고,차대차 - 기타,차대차,기타,기타,건조,맑음,단일로 - 기타,단일로,기타,0,0,1,0,1,1,0,N,Y,피해,승용,여,31-40세,상해없음,개인형이동수단(PM),여,21-30세,경상,2023.xlsx
2023066102,2023-05,2023,5,강남구,야간,중상사고,차대사람 - 기타,차대사람,기타,안전운전불이행,건조,맑음,단일로 - 기타,단일로,기타,0,1,0,0,1,1,1,Y,N,가해,개인형이동수단(PM),여,20세 이하,상해없음,보행자,여,21-30세,중상,2023.xlsx
2023066777,2023-05,2023,5,강남구,야간,경상사고,차대사람 - 기타,차대사람,기타,안전운전불이행,기타,기타,단일로 - 기타,단일로,기타,0,0,1,0,1,1,0,Y,N,가해,개인형이동수단(PM),여,20세 이하,상해없음,보행자,남,21-30세,경상,2023.xlsx
2023066937,2023-05,2023,5,강남구,주간,부상신고사고,차대차 - 충돌,차대차,충돌,안전운전불이행,건조,맑음,단일로 - 기타,단일로,기타,0,0,0,1,1,1,0,Y,N,가해,개인형이동수단(PM),남,41-50세,부상신고,승용,남,51-60세,상해없음,2023.xlsx
2023068138,2023-05,2023,5,강남구,주간,경상사고,차대사람 - 보도통행중,차대사람,보도통행중,안전운전불이행,기타,기타,단일로 - 기타,단일로,기타,0,0,1,0,1,1,0,Y,N,가해,개인형이동수단(PM),남,31-40세,상해없음,보행자,여,12세 이하,경상,2023.xlsx
2023070624,2023-05,2023,5,강남구,주간,경상사고,차대사람 - 보도통행중,차대사람,보도통행중,안전운전불이행,건조,맑음,단일로 - 기타,단일로,기타,0,0,1,0,1,1,0,Y,N,가해,개인형이동수단(PM),남,41-50세,상해없음,보행자,여,21-30세,경상,2023.xlsx
2023071109,2023-05,2023,5,강남구,주간,경상사고,차대사람 - 보도통행중,차대사람,보도통행중,기타,기타,맑음,단일로 - 기타,단일로,기타,0,0,1,0,1,1,0,Y,N,가해,개인형이동수단(PM),남,31-40세,상해없음,보행자,여,51-60세,경상,2023.xlsx
2023072068,2023-05,2023,5,강남구,주간,중상사고,차대사람 - 기타,차대사람,기타,신호위반,건조,맑음,단일로 - 기타,단일로,기타,0,1,0,0,1,1,1,Y,N,가해,개인형이동수단(PM),여,21-30세,상해없음,보행자,여,31-40세,중상,2023.xlsx
2023073713,2023-05,2023,5,강남구,야간,중상사고,차대차 - 기타,차대차,기타,신호위반,건조,맑음,교차로 - 교차로부근,교차로,교차로부근,0,1,0,0,1,1,1,N,Y,피해,이륜,남,21-30세,상해없음,개인형이동수단(PM),여,31-40세,중상,2023.xlsx
2023074760,2023-05,2023,5,강남구,주간,경상사고,차대사람 - 보도통행중,차대사람,보도통행중,기타,건조,맑음,기타 - 기타,기타,기타,0,0,1,0,1,1,0,Y,N,가해,개인형이동수단(PM),남,20세 이하,상해없음,보행자,남,21-30세,경상,2023.xlsx
2023075031,2023-05,2023,5,강남구,야간,경상사고,차대사람 - 기타,차대사람,기타,기타,건조,맑음,기타 - 기타,기타,기타,0,0,1,0,1,1,0,Y,N,가해,개인형이동수단(PM),여,31-40세,상해없음,보행자,남,13-20세,경상,2023.xlsx
2023076717,2023-05,2023,5,강남구,주간,경상사고,차대사람 - 차도통행중,차대사람,차도통행중,안전운전불이행,건조,맑음,단일로 - 기타,단일로,기타,0,0,1,0,1,1,0,Y,N,가해,개인형이동수단(PM),여,20세 이하,상해없음,보행자,여,31-40세,경상,2023.xlsx
2023077062,2023-05,2023,5,강남구,야간,경상사고,차대사람 - 기타,차대사람,기타,안전운전불이행,건조,맑음,기타 - 기타,기타,기타,0,0,1,0,1,1,0,Y,N,가해,개인형이동수단(PM),남,21-30세,기타불명,보행자,여,21-30세,경상,2023.xlsx
2023060708,2023-05,2023,5,강북구,주간,경상사고,차대차 - 충돌,차대차,충돌,신호위반,건조,맑음,교차로 - 교차로안,교차로,교차로안,0,0,1,0,1,1,0,N,Y,피해,승용,여,65세 이상,상해없음,개인형이동수단(PM),여,21-30세,경상,2023.xlsx
2023065978,2023-05,2023,5,강북구,야간,경상사고,차대차 - 충돌,차대차,충돌,안전운전불이행,건조,맑음,교차로 - 교차로안,교차로,교차로안,0,0,1,0,1,1,0,Y,N,가해,개인형이동수단(PM),여,21-30세,경상,승용,남,41-50세,상해없음,2023.xlsx
2023065481,2023-05,2023,5,강서구,야간,중상사고,차대차 - 기타,차대차,기타,안전운전불이행,건조,맑음,단일로 - 기타,단일로,기타,0,1,0,0,1,1,1,N,Y,피해,이륜,남,31-40세,상해없음,개인형이동수단(PM),남,41-50세,중상,2023.xlsx
2023071592,2023-05,2023,5,강서구,야간,경상사고,차량단독 - 기타,차량단독,기타,안전운전불이행,건조,흐림,교차로 - 교차로안,교차로,교차로안,0,0,1,0,1,1,0,Y,N,가해,개인형이동수단(PM),남,21-30세,경상,,,,,2023.xlsx
2023065503,2023-05,2023,5,관악구,야간,부상신고사고,차대사람 - 길가장자리구역통행중,차대사람,길가장자리구역통행중,안전운전불이행,건조,맑음,단일로 - 기타,단일로,기타,0,0,0,1,1,1,0,Y,N,가해,개인형이동수단(PM),남,51-60세,상해없음,보행자,여,21-30세,부상신고,2023.xlsx
2023067161,2023-05,2023,5,광진구,주간,경상사고,차대사람 - 보도통행중,차대사람,보도통행중,보행자보호의무위반,건조,맑음,교차로 - 교차로부근,교차로,교차로부근,0,0,1,0,1,1,0,Y,N,가해,개인형이동수단(PM),남,20세 이하,상해없음,보행자,여,41-50세,경상,2023.xlsx
2023067687,2023-05,2023,5,광진구,야간,경상사고,차대사람 - 기타,차대사람,기타,안전운전불이행,건조,맑음,기타 - 기타,기타,기타,0,0,1,0,1,1,0,Y,N,가해,개인형이동수단(PM),여,51-60세,상해없음,보행자,여,65세 이상,경상,2023.xlsx
2023072067,2023-05,2023,5,광진구,주간,경상사고,차대차 - 기타,차대차,기타,안전운전불이행,건조,맑음,교차로 - 교차로안,교차로,교차로안,0,0,1,0,1,1,0,N,Y,피해,이륜,남,31-40세,상해없음,개인형이동수단(PM),여,31-40세,경상,2023.xlsx
2023067772,2023-05,2023,5,구로구,야간,중상사고,차대차 - 충돌,차대차,충돌,신호위반,건조,맑음,교차로 - 교차로안,교차로,교차로안,0,1,0,0,1,1,1,N,Y,피해,승용,남,21-30세,상해없음,개인형이동수단(PM),남,41-50세,중상,2023.xlsx
2023070009,2023-05,2023,5,구로구,주간,중상사고,차대사람 - 횡단중,차대사람,횡단중,보행자보호의무위반,건조,맑음,단일로 - 기타,단일로,기타,0,1,0,0,1,1,1,Y,N,가해,개인형이동수단(PM),남,20세 이하,상해없음,보행자,여,31-40세,중상,2023.xlsx
2023065937,2023-05,2023,5,노원구,주간,경상사고,차대차 - 충돌,차대차,충돌,안전운전불이행,건조,맑음,단일로 - 기타,단일로,기타,0,0,1,0,1,1,0,Y,N,가해,개인형이동수단(PM),남,20세 이하,경상,승용,남,31-40세,상해없음,2023.xlsx
2023068109,2023-05,2023,5,노원구,주간,경상사고,차대차 - 기타,차대차,기타,신호위반,건조,맑음,기타 - 기타,기타,기타,0,0,1,0,1,1,0,Y,N,가해,개인형이동수단(PM),남,51-60세,경상,승용,여,51-60세,상해없음,2023.xlsx
2023068436,2023-05,2023,5,노원구,주간,경상사고,차대사람 - 보도통행중,차대사람,보도통행중,안전운전불이행,건조,맑음,기타 - 기타,기타,기타,0,0,1,0,1,1,0,Y,N,가해,개인형이동수단(PM),남,20세 이하,상해없음,보행자,여,51-60세,경상,2023.xlsx
2023070372,2023-05,2023,5,노원구,주간,경상사고,차대차 - 충돌,차대차,충돌,중앙선침범,건조,맑음,교차로 - 교차로횡단보도내,교차로,교차로횡단보도내,0,0,2,0,2,2,0,Y,N,가해,개인형이동수단(PM),남,20세 이하,경상,승용,남,51-60세,상해없음,2023.xlsx
2023073712,2023-05,2023,5,노원구,야간,경상사고,차대사람 - 보도통행중,차대사람,보도통행중,기타,건조,맑음,기타 - 기타,기타,기타,0,0,1,0,1,1,0,Y,N,가해,개인형이동수단(PM),남,20세 이하,상해없음,보행자,여,65세 이상,경상,2023.xlsx
2023073902,2023-05,2023,5,노원구,주간,경상사고,차대차 - 기타,차대차,기타,신호위반,건조,맑음,교차로 - 교차로횡단보도내,교차로,교차로횡단보도내,0,0,1,0,1,1,0,N,Y,피해,승합,남,51-60세,상해없음,개인형이동수단(PM),여,21-30세,경상,2023.xlsx
2023076946,2023-05,2023,5,도봉구,야간,부상신고사고,차대차 - 충돌,차대차,충돌,안전운전불이행,건조,맑음,주차장 - 주차장,주차장,주차장,0,0,0,1,1,1,0,Y,N,가해,개인형이동수단(PM),남,20세 이하,부상신고,승용,여,41-50세,상해없음,2023.xlsx
2023072260,2023-05,2023,5,동대문구,주간,경상사고,차대사람 - 횡단중,차대사람,횡단중,기타,건조,맑음,기타 - 기타,기타,기타,0,0,1,0,1,1,0,Y,N,가해,개인형이동수단(PM),남,21-30세,상해없음,보행자,여,21-30세,경상,2023.xlsx
2023074056,2023-05,2023,5,동대문구,주간,중상사고,차대사람 - 보도통행중,차대사람,보도통행중,기타,건조,맑음,기타 - 기타,기타,기타,0,1,0,0,1,1,1,Y,N,가해,개인형이동수단(PM),남,21-30세,기타불명,보행자,여,21-30세,중상,2023.xlsx
2023077439,2023-05,2023,5,동대문구,주간,중상사고,차대차 - 기타,차대차,기타,기타,건조,맑음,단일로 - 기타,단일로,기타,0,1,0,0,1,1,1,N,Y,피해,승용,여,41-50세,상해없음,개인형이동수단(PM),여,41-50세,중상,2023.xlsx
2023061616,2023-05,2023,5,동작구,주간,경상사고,차대차 - 충돌,차대차,충돌,안전운전불이행,건조,맑음,단일로 - 기타,단일로,기타,0,0,1,0,1,1,0,N,Y,피해,승용,남,51-60세,상해없음,개인형이동수단(PM),남,41-50세,경상,2023.xlsx
2023066211,2023-05,2023,5,마포구,주간,경상사고,차대사람 - 보도통행중,차대사람,보도통행중,기타,건조,맑음,기타 - 기타,기타,기타,0,0,1,0,1,1,0,Y,N,가해,개인형이동수단(PM),여,21-30세,상해없음,보행자,여,31-40세,경상,2023.xlsx
2023064505,2023-05,2023,5,서초구,주간,중상사고,차대차 - 기타,차대차,기타,안전운전불이행,건조,맑음,교차로 - 교차로부근,교차로,교차로부근,0,1,0,0,1,1,1,N,Y,피해,기타불명,기타불명,기타불명,기타불명,개인형이동수단(PM),여,41-50세,중상,2023.xlsx
2023068369,2023-05,2023,5,서초구,야간,사망사고,차대차 - 기타,차대차,기타,기타,건조,맑음,단일로 - 기타,단일로,기타,1,2,0,0,2,3,3,Y,N,가해,개인형이동수단(PM),여,20세 이하,중상,승용,남,61-64세,상해없음,2023.xlsx
2023070134,2023-05,2023,5,서초구,야간,경상사고,차대사람 - 보도통행중,차대사람,보도통행중,안전운전불이행,건조,맑음,단일로 - 기타,단일로,기타,0,0,1,0,1,1,0,Y,N,가해,개인형이동수단(PM),남,20세 이하,상해없음,보행자,남,21-30세,경상,2023.xlsx
2023062321,2023-05,2023,5,성북구,야간,부상신고사고,차대차 - 충돌,차대차,충돌,안전운전불이행,건조,맑음,교차로 - 교차로부근,교차로,교차로부근,0,0,0,1,1,1,0,Y,N,가해,개인형이동수단(PM),여,51-60세,부상신고,승용,남,51-60세,상해없음,2023.xlsx
2023063268,2023-05,2023,5,성북구,야간,경상사고,차대사람 - 기타,차대사람,기타,안전운전불이행,건조,기타,단일로 - 기타,단일로,기타,0,0,1,0,1,1,0,Y,N,가해,개인형이동수단(PM),남,20세 이하,상해없음,보행자,남,21-30세,경상,2023.xlsx
2023065626,2023-05,2023,5,송파구,주간,중상사고,차대사람 - 보도통행중,차대사람,보도통행중,기타,건조,맑음,교차로 - 교차로부근,교차로,교차로부근,0,1,0,0,1,1,1,Y,N,가해,개인형이동수단(PM),여,21-30세,상해없음,보행자,여,13-20세,중상,2023.xlsx
2023075064,2023-05,2023,5,송파구,야간,경상사고,차대사람 - 횡단중,차대사람,횡단중,중앙선침범,건조,기타,단일로 - 기타,단일로,기타,0,0,1,0,1,1,0,Y,N,가해,개인형이동수단(PM),남,21-30세,상해없음,보행자,남,21-30세,경상,2023.xlsx
2023075074,2023-05,2023,5,송파구,야간,경상사고,차대차 - 충돌,차대차,충돌,안전운전불이행,건조,맑음,교차로 - 교차로안,교차로,교차로안,0,0,1,0,1,1,0,N,Y,피해,승용,남,41-50세,상해없음,개인형이동수단(PM),남,31-40세,경상,2023.xlsx
2023075608,2023-05,2023,5,송파구,야간,경상사고,차대차 - 기타,차대차,기타,안전운전불이행,젖음/습기,비,단일로 - 기타,단일로,기타,0,0,1,0,1,1,0,N,Y,피해,승용,남,51-60세,상해없음,개인형이동수단(PM),여,41-50세,경상,2023.xlsx
2023060473,2023-05,2023,5,영등포구,주간,경상사고,차대차 - 충돌,차대차,충돌,안전운전불이행,건조,맑음,단일로 - 기타,단일로,기타,0,0,1,0,1,1,0,Y,N,가해,개인형이동수단(PM),남,41-50세,상해없음,자전거,여,21-30세,경상,2023.xlsx
2023061255,2023-05,2023,5,영등포구,야간,경상사고,차대차 - 충돌,차대차,충돌,기타,건조,맑음,교차로 - 교차로안,교차로,교차로안,0,0,1,0,1,1,0,Y,N,가해,개인형이동수단(PM),남,21-30세,경상,승용,남,61-64세,상해없음,2023.xlsx
2023061167,2023-05,2023,5,용산구,야간,사망사고,차대사람 - 횡단중,차대사람,횡단중,안전운전불이행,건조,맑음,교차로 - 교차로부근,교차로,교차로부근,1,0,0,0,0,1,1,Y,N,가해,개인형이동수단(PM),남,31-40세,기타불명,보행자,여,61-64세,사망,2023.xlsx
2023068994,2023-05,2023,5,용산구,야간,중상사고,차대사람 - 보도통행중,차대사람,보도통행중,신호위반,건조,맑음,단일로 - 기타,단일로,기타,0,1,1,0,2,2,1,Y,N,가해,개인형이동수단(PM),남,20세 이하,상해없음,보행자,여,31-40세,중상,2023.xlsx
2023069603,2023-05,2023,5,용산구,야간,경상사고,차대사람 - 횡단중,차대사람,횡단중,안전운전불이행,건조,맑음,단일로 - 기타,단일로,기타,0,0,1,0,1,1,0,Y,N,가해,개인형이동수단(PM),남,20세 이하,상해없음,보행자,여,51-60세,경상,2023.xlsx
2023063761,2023-05,2023,5,은평구,주간,경상사고,차대차 - 기타,차대차,기타,안전운전불이행,건조,맑음,교차로 - 교차로안,교차로,교차로안,0,0,1,0,1,1,0,N,Y,피해,승용,여,61-64세,상해없음,개인형이동수단(PM),여,31-40세,경상,2023.xlsx
2023071962,2023-05,2023,5,은평구,야간,경상사고,차대사람 - 기타,차대사람,기타,신호위반,건조,맑음,교차로 - 교차로횡단보도내,교차로,교차로횡단보도내,0,0,1,0,1,1,0,Y,N,가해,개인형이동수단(PM),남,51-60세,상해없음,보행자,여,31-40세,경상,2023.xlsx
2023076977,2023-05,2023,5,중구,야간,경상사고,차대차 - 충돌,차대차,충돌,안전거리미확보,건조,맑음,단일로 - 지하차도(도로)내,단일로,지하차도(도로)내,0,0,1,0,1,1,0,N,Y,피해,승용,여,51-60세,상해없음,개인형이동수단(PM),남,21-30세,경상,2023.xlsx
2023077653,2023-06,2023,6,강남구,야간,경상사고,차대차 - 충돌,차대차,충돌,안전운전불이행,건조,맑음,교차로 - 교차로부근,교차로,교차로부근,0,0,1,0,1,1,0,Y,N,가해,개인형이동수단(PM),남,21-30세,경상,승용,남,65세 이상,상해없음,2023.xlsx
2023078398,2023-06,2023,6,강남구,주간,경상사고,차대차 - 기타,차대차,기타,안전운전불이행,건조,맑음,교차로 - 교차로안,교차로,교차로안,0,0,1,0,1,1,0,Y,N,가해,개인형이동수단(PM),여,20세 이하,경상,승용,남,31-40세,상해없음,2023.xlsx
2023079705,2023-06,2023,6,강남구,야간,중상사고,차대차 - 충돌,차대차,충돌,안전운전불이행,건조,맑음,교차로 - 교차로안,교차로,교차로안,0,1,0,0,1,1,1,Y,N,가해,개인형이동수단(PM),남,20세 이하,상해없음,승용,남,21-30세,상해없음,2023.xlsx
2023080231,2023-06,2023,6,강남구,야간,경상사고,차대사람 - 기타,차대사람,기타,기타,건조,맑음,단일로 - 기타,단일로,기타,0,0,1,0,1,1,0,Y,N,가해,개인형이동수단(PM),여,20세 이하,상해없음,보행자,여,51-60세,경상,2023.xlsx
2023080937,2023-06,2023,6,강남구,주간,경상사고,차대사람 - 기타,차대사람,기타,안전운전불이행,건조,맑음,단일로 - 기타,단일로,기타,0,0,1,0,1,1,0,Y,N,가해,개인형이동수단(PM),여,21-30세,상해없음,보행자,여,21-30세,경상,2023.xlsx
2023081820,2023-06,2023,6,강남구,주간,경상사고,차대차 - 추돌,차대차,추돌,안전운전불이행,건조,맑음,교차로 - 교차로부근,교차로,교차로부근,0,0,1,0,1,1,0,N,Y,피해,이륜,남,31-40세,상해없음,개인형이동수단(PM),남,41-50세,경상,2023.xlsx
2023082599,2023-06,2023,6,강남구,야간,중상사고,차대사람 - 보도통행중,차대사람,보도통행중,기타,건조,맑음,단일로 - 기타,단일로,기타,0,1,0,0,1,1,1,Y,N,가해,개인형이동수단(PM),여,20세 이하,기타불명,보행자,남,31-40세,중상,2023.xlsx
2023083183,2023-06,2023,6,강남구,야간,경상사고,차대차 - 충돌,차대차,충돌,안전운전불이행,건조,맑음,단일로 - 기타,단일로,기타,0,0,1,0,1,1,0,Y,N,가해,개인형이동수단(PM),남,41-50세,기타불명,승용,여,31-40세,경상,2023.xlsx
2023085219,2023-06,2023,6,강남구,야간,경상사고,차대사람 - 차도통행중,차대사람,차도통행중,안전운전불이행,건조,맑음,기타 - 기타,기타,기타,0,0,1,0,1,1,0,Y,N,가해,개인형이동수단(PM),남,21-30세,상해없음,보행자,여,21-30세,경상,2023.xlsx
2023085300,2023-06,2023,6,강남구,야간,중상사고,차대사람 - 기타,차대사람,기타,안전운전불이행,건조,기타,기타 - 기타,기타,기타,0,1,0,0,1,1,1,Y,N,가해,개인형이동수단(PM),여,20세 이하,상해없음,보행자,여,41-50세,중상,2023.xlsx
2023087341,2023-06,2023,6,강남구,주간,경상사고,차대차 - 충돌,차대차,충돌,안전운전불이행,건조,맑음,단일로 - 기타,단일로,기타,0,0,1,0,1,1,0,N,Y,피해,승용,여,21-30세,상해없음,개인형이동수단(PM),여,13-20세,경상,2023.xlsx
2023088742,2023-06,2023,6,강남구,야간,부상신고사고,차대차 - 충돌,차대차,충돌,안전운전불이행,건조,맑음,교차로 - 교차로부근,교차로,교차로부근,0,0,0,1,1,1,0,Y,N,가해,개인형이동수단(PM),남,31-40세,부상신고,승용,남,31-40세,상해없음,2023.xlsx
2023091363,2023-06,2023,6,강남구,주간,중상사고,차대차 - 기타,차대차,기타,안전운전불이행,건조,맑음,단일로 - 기타,단일로,기타,0,1,0,0,1,1,1,N,Y,피해,원동기,남,41-50세,상해없음,개인형이동수단(PM),남,13-20세,중상,2023.xlsx
2023091468,2023-06,2023,6,강남구,야간,부상신고사고,차대차 - 충돌,차대차,충돌,기타,건조,맑음,교차로 - 교차로횡단보도내,교차로,교차로횡단보도내,0,0,0,1,1,1,0,Y,N,가해,개인형이동수단(PM),남,21-30세,부상신고,이륜,남,21-30세,상해없음,2023.xlsx
2023094258,2023-06,2023,6,강남구,야간,경상사고,차대사람 - 기타,차대사람,기타,안전운전불이행,건조,맑음,단일로 - 기타,단일로,기타,0,0,1,0,1,1,0,Y,N,가해,개인형이동수단(PM),남,20세 이하,상해없음,보행자,남,13-20세,경상,2023.xlsx
2023080183,2023-06,2023,6,강북구,주간,경상사고,차대사람 - 기타,차대사람,기타,기타,건조,맑음,단일로 - 기타,단일로,기타,0,0,1,0,1,1,0,Y,N,가해,개인형이동수단(PM),남,20세 이하,상해없음,보행자,남,31-40세,경상,2023.xlsx
2023082564,2023-06,2023,6,강북구,야간,중상사고,차대차 - 충돌,차대차,충돌,신호위반,건조,맑음,교차로 - 교차로안,교차로,교차로안,0,1,1,0,2,2,1,N,Y,피해,원동기,남,51-60세,경상,개인형이동수단(PM),남,51-60세,중상,2023.xlsx
2023081985,2023-06,2023,6,강서구,야간,부상신고사고,차대차 - 충돌,차대차,충돌,안전운전불이행,젖음/습기,비,단일로 - 기타,단일로,기타,0,0,0,1,1,1,0,Y,N,가해,개인형이동수단(PM),남,20세 이하,부상신고,승용,여,41-50세,상해없음,2023.xlsx
2023085281,2023-06,2023,6,강서구,야간,부상신고사고,차대차 - 기타,차대차,기타,안전운전불이행,건조,맑음,단일로 - 기타,단일로,기타,0,0,0,1,1,1,0,Y,N,가해,개인형이동수단(PM),남,41-50세,부상신고,승용,남,41-50세,상해없음,2023.xlsx
2023086099,2023-06,2023,6,강서구,주간,경상사고,차대사람 - 기타,차대사람,기타,안전운전불이행,건조,맑음,단일로 - 기타,단일로,기타,0,0,1,0,1,1,0,Y,N,가해,개인형이동수단(PM),여,21-30세,상해없음,보행자,여,31-40세,경상,2023.xlsx
2023090156,2023-06,2023,6,강서구,주간,중상사고,차대차 - 충돌,차대차,충돌,안전운전불이행,건조,맑음,단일로 - 기타,단일로,기타,0,1,0,0,1,1,1,N,Y,피해,화물,남,51-60세,상해없음,개인형이동수단(PM),여,31-40세,중상,2023.xlsx
2023090636,2023-06,2023,6,강서구,야간,경상사고,차대사람 - 보도통행중,차대사람,보도통행중,기타,건조,맑음,단일로 - 기타,단일로,기타,0,0,1,0,1,1,0,Y,N,가해,개인형이동수단(PM),남,21-30세,기타불명,보행자,여,41-50세,경상,2023.xlsx
2023091188,2023-06,2023,6,관악구,야간,경상사고,차대차 - 충돌,차대차,충돌,안전운전불이행,건조,맑음,단일로 - 기타,단일로,기타,0,0,1,0,1,1,0,Y,N,가해,개인형이동수단(PM),여,21-30세,경상,승용,남,51-60세,상해없음,2023.xlsx
2023090047,2023-06,2023,6,광진구,주간,중상사고,차대사람 - 기타,차대사람,기타,안전운전불이행,건조,맑음,단일로 - 기타,단일로,기타,0,1,0,0,1,1,1,Y,N,가해,개인형이동수단(PM),남,21-30세,상해없음,보행자,남,31-40세,중상,2023.xlsx
2023081788,2023-06,2023,6,구로구,주간,경상사고,차대사람 - 보도통행중,차대사람,보도통행중,기타,건조,맑음,단일로 - 기타,단일로,기타,0,0,1,0,1,1,0,Y,N,가해,개인형이동수단(PM),남,20세 이하,상해없음,보행자,여,65세 이상,경상,2023.xlsx
2023087764,2023-06,2023,6,구로구,주간,경상사고,차대차 - 기타,차대차,기타,신호위반,건조,맑음,교차로 - 교차로안,교차로,교차로안,0,0,2,0,2,2,0,Y,N,가해,개인형이동수단(PM),여,20세 이하,경상,승용,남,21-30세,상해없음,2023.xlsx
2023088169,2023-06,2023,6,구로구,야간,부상신고사고,차대차 - 기타,차대차,기타,교차로운행방법위반,건조,맑음,교차로 - 교차로안,교차로,교차로안,0,0,0,1,1,1,0,N,Y,피해,이륜,남,21-30세,부상신고,개인형이동수단(PM),남,21-30세,상해없음,2023.xlsx
2023089869,2023-06,2023,6,구로구,야간,경상사고,차대차 - 기타,차대차,기타,안전운전불이행,건조,맑음,교차로 - 교차로부근,교차로,교차로부근,0,0,2,0,2,2,0,Y,N,가해,개인형이동수단(PM),여,31-40세,경상,이륜,남,51-60세,경상,2023.xlsx
2023078981,2023-06,2023,6,노원구,주간,경상사고,차대차 - 충돌,차대차,충돌,안전운전불이행,건조,맑음,단일로 - 기타,단일로,기타,0,0,1,0,1,1,0,Y,N,가해,개인형이동수단(PM),남,20세 이하,기타불명,이륜,남,51-60세,경상,2023.xlsx
2023081065,2023-06,2023,6,노원구,주간,경상사고,차대사람 - 기타,차대사람,기타,안전운전불이행,건조,맑음,기타 - 기타,기타,기타,0,0,1,0,1,1,0,Y,N,가해,개인형이동수단(PM),여,20세 이하,기타불명,보행자,여,21-30세,경상,2023.xlsx
2023088292,2023-06,2023,6,노원구,야간,중상사고,차대차 - 기타,차대차,기타,기타,건조,맑음,단일로 - 기타,단일로,기타,0,1,0,0,1,1,1,Y,N,가해,개인형이동수단(PM),남,21-30세,상해없음,이륜,남,31-40세,중상,2023.xlsx
2023089194,2023-06,2023,6,노원구,주간,부상신고사고,차대사람 - 보도통행중,차대사람,보도통행중,안전운전불이행,젖음/습기,흐림,단일로 - 기타,단일로,기타,0,0,0,1,1,1,0,Y,N,가해,개인형이동수단(PM),남,20세 이하,기타불명,보행자,여,31-40세,부상신고,2023.xlsx
2023089959,2023-06,2023,6,노원구,야간,경상사고,차대차 - 기타,차대차,기타,안전거리미확보,건조,맑음,단일로 - 기타,단일로,기타,0,0,1,0,1,1,0,Y,N,가해,개인형이동수단(PM),남,41-50세,경상,승용,여,41-50세,상해없음,2023.xlsx
2023081185,2023-06,2023,6,도봉구,주간,경상사고,차대사람 - 기타,차대사람,기타,안전운전불이행,건조,맑음,교차로 - 교차로안,교차로,교차로안,0,0,1,0,1,1,0,Y,N,가해,개인형이동수단(PM),남,21-30세,상해없음,보행자,남,61-64세,경상,2023.xlsx
2023084128,2023-06,2023,6,도봉구,야간,중상사고,차대차 - 충돌,차대차,충돌,안전운전불이행,건조,맑음,단일로 - 기타,단일로,기타,0,1,0,0,1,1,1,N,Y,피해,자전거,남,51-60세,상해없음,개인형이동수단(PM),남,13-20세,중상,2023.xlsx
2023079767,2023-06,2023,6,동대문구,야간,부상신고사고,차대차 - 기타,차대차,기타,안전운전불이행,건조,맑음,교차로 - 교차로부근,교차로,교차로부근,0,0,0,1,1,1,0,Y,N,가해,개인형이동수단(PM),남,51-60세,부상신고,화물,남,31-40세,상해없음,2023.xlsx
2023086655,2023-06,2023,6,동대문구,야간,부상신고사고,차량단독 - 기타,차량단독,기타,안전운전불이행,건조,맑음,단일로 - 기타,단일로,기타,0,0,0,1,1,1,0,Y,N,가해,개인형이동수단(PM),남,21-30세,부상신고,,,,,2023.xlsx
2023091718,2023-06,2023,6,동대문구,주간,경상사고,차대차 - 기타,차대차,기타,안전운전불이행,젖음/습기,비,교차로 - 교차로안,교차로,교차로안,0,0,1,0,1,1,0,Y,N,가해,개인형이동수단(PM),남,21-30세,경상,이륜,남,31-40세,상해없음,2023.xlsx
2023078022,2023-06,2023,6,동작구,야간,경상사고,차대차 - 기타,차대차,기타,중앙선침범,건조,맑음,단일로 - 기타,단일로,기타,0,0,1,0,1,1,0,N,Y,피해,이륜,남,20세 이하,상해없음,개인형이동수단(PM),남,21-30세,경상,2023.xlsx
2023082618,2023-06,2023,6,동작구,야간,중상사고,차대차 - 충돌,차대차,충돌,안전운전불이행,건조,맑음,교차로 - 교차로안,교차로,교차로안,0,1,0,0,1,1,1,Y,N,가해,개인형이동수단(PM),여,20세 이하,기타불명,이륜,남,21-30세,중상,2023.xlsx
2023083471,2023-06,2023,6,동작구,야간,중상사고,차대사람 - 차도통행중,차대사람,차도통행중,안전운전불이행,건조,맑음,단일로 - 기타,단일로,기타,0,1,0,0,1,1,1,Y,N,가해,개인형이동수단(PM),남,21-30세,상해없음,보행자,여,51-60세,중상,2023.xlsx
2023087243,2023-06,2023,6,동작구,야간,경상사고,차대사람 - 기타,차대사람,기타,안전운전불이행,건조,맑음,단일로 - 기타,단일로,기타,0,0,1,0,1,1,0,Y,N,가해,개인형이동수단(PM),남,21-30세,상해없음,보행자,남,41-50세,경상,2023.xlsx
2023085553,2023-06,2023,6,서대문구,주간,경상사고,차대사람 - 보도통행중,차대사람,보도통행중,기타,건조,맑음,기타 - 기타,기타,기타,0,0,1,0,1,1,0,Y,N,가해,개인형이동수단(PM),남,21-30세,상해없음,보행자,여,65세 이상,경상,2023.xlsx
2023078734,2023-06,2023,6,서초구,야간,중상사고,차대차 - 충돌,차대차,충돌,안전운전불이행,건조,맑음,교차로 - 교차로안,교차로,교차로안,0,1,1,0,2,2,1,Y,N,가해,개인형이동수단(PM),남,41-50세,중상,승용,여,21-30세,경상,2023.xlsx
2023090438,2023-06,2023,6,서초구,야간,경상사고,차대차 - 충돌,차대차,충돌,중앙선침범,건조,맑음,단일로 - 기타,단일로,기타,0,0,1,0,1,1,0,Y,N,가해,개인형이동수단(PM),여,31-40세,상해없음,자전거,남,51-60세,경상,2023.xlsx
2023090564,2023-06,2023,6,서초구,야간,경상사고,차대사람 - 보도통행중,차대사람,보도통행중,기타,건조,맑음,기타 - 기타,기타,기타,0,0,1,0,1,1,0,Y,N,가해,개인형이동수단(PM),남,21-30세,상해없음,보행자,여,21-30세,경상,2023.xlsx
2023092179,2023-06,2023,6,서초구,주간,경상사고,차대차 - 기타,차대차,기타,안전운전불이행,건조,맑음,교차로 - 교차로횡단보도내,교차로,교차로횡단보도내,0,0,1,0,1,1,0,Y,N,가해,개인형이동수단(PM),남,31-40세,경상,승용,남,41-50세,기타불명,2023.xlsx
2023093944,2023-06,2023,6,서초구,주간,경상사고,차대사람 - 기타,차대사람,기타,안전운전불이행,건조,맑음,단일로 - 기타,단일로,기타,0,0,1,0,1,1,0,Y,N,가해,개인형이동수단(PM),남,21-30세,기타불명,보행자,남,31-40세,경상,2023.xlsx
2023094090,2023-06,2023,6,서초구,주간,경상사고,차대차 - 충돌,차대차,충돌,안전운전불이행,건조,맑음,단일로 - 기타,단일로,기타,0,0,1,0,1,1,0,Y,N,가해,개인형이동수단(PM),남,21-30세,경상,화물,남,61-64세,상해없음,2023.xlsx
2023094285,2023-06,2023,6,서초구,야간,경상사고,차대차 - 기타,차대차,기타,안전거리미확보,건조,맑음,기타 - 기타,기타,기타,0,0,1,0,1,1,0,N,Y,피해,승용,남,31-40세,상해없음,개인형이동수단(PM),여,31-40세,경상,2023.xlsx
2023088483,2023-06,2023,6,성동구,주간,경상사고,차대차 - 기타,차대차,기타,중앙선침범,건조,맑음,교차로 - 교차로안,교차로,교차로안,0,0,1,0,1,1,0,Y,N,가해,개인형이동수단(PM),남,20세 이하,경상,승용,여,31-40세,상해없음,2023.xlsx
2023078211,2023-06,2023,6,성북구,주간,부상신고사고,차대차 - 충돌,차대차,충돌,안전운전불이행,건조,맑음,교차로 - 교차로횡단보도내,교차로,교차로횡단보도내,0,0,0,1,1,1,0,Y,N,가해,개인형이동수단(PM),남,41-50세,부상신고,승용,남,31-40세,상해없음,2023.xlsx
2023086471,2023-06,2023,6,성북구,야간,중상사고,차대차 - 기타,차대차,기타,안전운전불이행,건조,맑음,단일로 - 기타,단일로,기타,0,1,0,0,1,1,1,N,Y,피해,승용,남,51-60세,상해없음,개인형이동수단(PM),남,65세 이상,중상,2023.xlsx
2023077752,2023-06,2023,6,송파구,주간,경상사고,차대사람 - 기타,차대사람,기타,기타,건조,맑음,기타 - 기타,기타,기타,0,0,1,0,1,1,0,Y,N,가해,개인형이동수단(PM),여,20세 이하,상해없음,보행자,여,51-60세,경상,2023.xlsx
2023078367,2023-06,2023,6,송파구,주간,부상신고사고,차대차 - 충돌,차대차,충돌,안전운전불이행,건조,흐림,단일로 - 기타,단일로,기타,0,0,0,1,1,1,0,Y,N,가해,개인형이동수단(PM),여,21-30세,부상신고,승용,남,65세 이상,상해없음,2023.xlsx
2023080393,2023-06,2023,6,송파구,야간,경상사고,차대사람 - 보도통행중,차대사람,보도통행중,기타,건조,맑음,단일로 - 기타,단일로,기타,0,0,1,0,1,1,0,Y,N,가해,개인형이동수단(PM),여,20세 이하,상해없음,보행자,남,21-30세,경상,2023.xlsx
2023082007,2023-06,2023,6,송파구,야간,중상사고,차대사람 - 차도통행중,차대사람,차도통행중,안전운전불이행,건조,맑음,단일로 - 기타,단일로,기타,0,1,0,0,1,1,1,Y,N,가해,개인형이동수단(PM),남,41-50세,상해없음,보행자,남,41-50세,중상,2023.xlsx
2023082674,2023-06,2023,6,송파구,야간,중상사고,차대사람 - 보도통행중,차대사람,보도통행중,기타,건조,맑음,단일로 - 기타,단일로,기타,0,1,0,0,1,1,1,Y,N,가해,개인형이동수단(PM),여,61-64세,상해없음,보행자,여,31-40세,중상,2023.xlsx
2023083133,2023-06,2023,6,송파구,야간,경상사고,차대차 - 기타,차대차,기타,안전운전불이행,건조,맑음,단일로 - 기타,단일로,기타,0,0,1,0,1,1,0,N,Y,피해,승용,남,31-40세,상해없음,개인형이동수단(PM),남,51-60세,경상,2023.xlsx
2023088280,2023-06,2023,6,송파구,야간,중상사고,차대차 - 기타,차대차,기타,신호위반,건조,흐림,교차로 - 교차로안,교차로,교차로안,0,1,0,0,1,1,1,N,Y,피해,이륜,남,21-30세,상해없음,개인형이동수단(PM),남,41-50세,중상,2023.xlsx
2023092003,2023-06,2023,6,송파구,야간,경상사고,차대사람 - 기타,차대사람,기타,기타,젖음/습기,비,교차로 - 교차로부근,교차로,교차로부근,0,0,1,0,1,1,0,Y,N,가해,개인형이동수단(PM),남,20세 이하,상해없음,보행자,여,51-60세,경상,2023.xlsx
2023093248,2023-06,2023,6,송파구,야간,경상사고,차대사람 - 보도통행중,차대사람,보도통행중,기타,건조,맑음,단일로 - 기타,단일로,기타,0,0,1,0,1,1,0,Y,N,가해,개인형이동수단(PM),남,21-30세,상해없음,보행자,여,21-30세,경상,2023.xlsx
2023090667,2023-06,2023,6,영등포구,주간,경상사고,차대사람 - 보도통행중,차대사람,보도통행중,기타,건조,맑음,단일로 - 기타,단일로,기타,0,0,1,0,1,1,0,Y,N,가해,개인형이동수단(PM),남,21-30세,상해없음,보행자,여,31-40세,경상,2023.xlsx
2023081578,2023-06,2023,6,용산구,주간,경상사고,차대사람 - 기타,차대사람,기타,보행자보호의무위반,건조,기타,교차로 - 교차로횡단보도내,교차로,교차로횡단보도내,0,0,1,0,1,1,0,Y,N,가해,개인형이동수단(PM),남,51-60세,상해없음,보행자,남,21-30세,경상,2023.xlsx
2023085410,2023-06,2023,6,종로구,주간,경상사고,차대사람 - 횡단중,차대사람,횡단중,신호위반,건조,맑음,단일로 - 기타,단일로,기타,0,0,3,0,3,3,0,Y,N,가해,개인형이동수단(PM),여,31-40세,경상,보행자,여,31-40세,경상,2023.xlsx
2023088481,2023-06,2023,6,종로구,주간,경상사고,차대사람 - 기타,차대사람,기타,안전운전불이행,젖음/습기,비,기타 - 기타,기타,기타,0,0,1,0,1,1,0,Y,N,가해,개인형이동수단(PM),여,20세 이하,상해없음,보행자,여,21-30세,경상,2023.xlsx
2023089867,2023-06,2023,6,종로구,야간,중상사고,차대사람 - 횡단중,차대사람,횡단중,신호위반,건조,맑음,단일로 - 기타,단일로,기타,0,1,0,0,1,1,1,Y,N,가해,개인형이동수단(PM),남,51-60세,상해없음,보행자,남,41-50세,중상,2023.xlsx
2023091314,2023-06,2023,6,종로구,주간,중상사고,차대차 - 기타,차대차,기타,안전운전불이행,건조,맑음,교차로 - 교차로부근,교차로,교차로부근,0,1,1,0,2,2,1,Y,N,가해,개인형이동수단(PM),남,21-30세,경상,이륜,남,31-40세,중상,2023.xlsx
2023079412,2023-06,2023,6,중구,주간,경상사고,차대차 - 기타,차대차,기타,안전운전불이행,건조,맑음,단일로 - 기타,단일로,기타,0,0,1,0,1,1,0,N,Y,피해,승용,여,31-40세,상해없음,개인형이동수단(PM),남,41-50세,경상,2023.xlsx
2023088843,2023-06,2023,6,중구,야간,경상사고,차대차 - 기타,차대차,기타,안전운전불이행,젖음/습기,비,단일로 - 기타,단일로,기타,0,0,1,0,1,1,0,N,Y,피해,승용,남,31-40세,기타불명,개인형이동수단(PM),여,21-30세,경상,2023.xlsx
2023088881,2023-06,2023,6,중구,야간,부상신고사고,차대차 - 추돌,차대차,추돌,안전운전불이행,젖음/습기,맑음,단일로 - 기타,단일로,기타,0,0,0,1,1,1,0,Y,N,가해,개인형이동수단(PM),남,31-40세,부상신고,승용,남,51-60세,상해없음,2023.xlsx
2023079876,2023-06,2023,6,중랑구,주간,경상사고,차대차 - 충돌,차대차,충돌,안전운전불이행,건조,맑음,교차로 - 교차로안,교차로,교차로안,0,0,1,0,1,1,0,N,Y,피해,승용,남,51-60세,상해없음,개인형이동수단(PM),여,31-40세,경상,2023.xlsx
2023080185,2023-06,2023,6,중랑구,주간,중상사고,차대사람 - 횡단중,차대사람,횡단중,신호위반,건조,맑음,교차로 - 교차로안,교차로,교차로안,0,1,0,0,1,1,1,Y,N,가해,개인형이동수단(PM),남,61-64세,상해없음,보행자,여,61-64세,중상,2023.xlsx
2023084491,2023-06,2023,6,중랑구,주간,중상사고,차대사람 - 기타,차대사람,기타,안전운전불이행,건조,맑음,교차로 - 교차로횡단보도내,교차로,교차로횡단보도내,0,1,0,0,1,1,1,Y,N,가해,개인형이동수단(PM),남,65세 이상,상해없음,보행자,여,65세 이상,중상,2023.xlsx
2023086220,2023-06,2023,6,중랑구,주간,경상사고,차대차 - 충돌,차대차,충돌,교차로운행방법위반,건조,맑음,교차로 - 교차로안,교차로,교차로안,0,0,1,0,1,1,0,N,Y,피해,건설기계,남,61-64세,상해없음,개인형이동수단(PM),여,61-64세,경상,2023.xlsx
2023091465,2023-06,2023,6,중랑구,야간,중상사고,차대사람 - 차도통행중,차대사람,차도통행중,안전운전불이행,건조,맑음,단일로 - 기타,단일로,기타,0,1,0,0,1,1,1,Y,N,가해,개인형이동수단(PM),남,51-60세,상해없음,보행자,여,41-50세,중상,2023.xlsx
2023095536,2023-07,2023,7,강남구,주간,경상사고,차대사람 - 기타,차대사람,기타,안전운전불이행,건조,맑음,단일로 - 기타,단일로,기타,0,0,1,0,1,1,0,Y,N,가해,개인형이동수단(PM),남,20세 이하,상해없음,보행자,여,21-30세,경상,2023.xlsx
2023096023,2023-07,2023,7,강남구,주간,경상사고,차대사람 - 보도통행중,차대사람,보도통행중,안전운전불이행,기타,기타,단일로 - 기타,단일로,기타,0,0,1,0,1,1,0,Y,N,가해,개인형이동수단(PM),남,20세 이하,상해없음,보행자,남,21-30세,경상,2023.xlsx
2023096099,2023-07,2023,7,강남구,주간,경상사고,차대사람 - 보도통행중,차대사람,보도통행중,안전운전불이행,건조,맑음,단일로 - 기타,단일로,기타,0,0,1,0,1,1,0,Y,N,가해,개인형이동수단(PM),남,20세 이하,상해없음,보행자,남,21-30세,경상,2023.xlsx
2023097001,2023-07,2023,7,강남구,야간,중상사고,차대차 - 추돌,차대차,추돌,안전운전불이행,건조,맑음,교차로 - 교차로안,교차로,교차로안,0,1,0,0,1,1,1,N,Y,피해,이륜,남,20세 이하,기타불명,개인형이동수단(PM),남,21-30세,중상,2023.xlsx
2023097173,2023-07,2023,7,강남구,주간,중상사고,차대차 - 기타,차대차,기타,기타,건조,맑음,교차로 - 교차로횡단보도내,교차로,교차로횡단보도내,0,1,0,0,1,1,1,Y,N,가해,개인형이동수단(PM),여,31-40세,중상,승용,남,41-50세,상해없음,2023.xlsx
2023097588,2023-07,2023,7,강남구,야간,경상사고,차대차 - 추돌,차대차,추돌,안전운전불이행,건조,맑음,단일로 - 기타,단일로,기타,0,0,1,0,1,1,0,Y,N,가해,개인형이동수단(PM),남,31-40세,경상,승용,여,51-60세,상해없음,2023.xlsx
2023097675,2023-07,2023,7,강남구,주간,중상사고,차대사람 - 보도통행중,차대사람,보도통행중,기타,건조,맑음,기타 - 기타,기타,기타,0,1,0,0,1,1,1,Y,N,가해,개인형이동수단(PM),남,21-30세,상해없음,보행자,여,31-40세,중상,2023.xlsx
2023098456,2023-07,2023,7,강남구,주간,경상사고,차대사람 - 보도통행중,차대사람,보도통행중,안전운전불이행,건조,맑음,기타 - 기타,기타,기타,0,0,1,0,1,1,0,Y,N,가해,개인형이동수단(PM),남,20세 이하,상해없음,보행자,남,41-50세,경상,2023.xlsx
2023098581,2023-07,2023,7,강남구,주간,경상사고,차대사람 - 보도통행중,차대사람,보도통행중,안전운전불이행,건조,맑음,기타 - 기타,기타,기타,0,0,1,0,1,1,0,Y,N,가해,개인형이동수단(PM),남,20세 이하,상해없음,보행자,여,13-20세,경상,2023.xlsx
2023099527,2023-07,2023,7,강남구,야간,경상사고,차대사람 - 보도통행중,차대사람,보도통행중,기타,건조,맑음,단일로 - 기타,단일로,기타,0,0,1,0,1,1,0,Y,N,가해,개인형이동수단(PM),남,41-50세,상해없음,보행자,남,31-40세,경상,2023.xlsx
2023100548,2023-07,2023,7,강남구,주간,경상사고,차대사람 - 기타,차대사람,기타,안전운전불이행,건조,맑음,단일로 - 기타,단일로,기타,0,0,1,0,1,1,0,Y,N,가해,개인형이동수단(PM),남,20세 이하,상해없음,보행자,여,41-50세,경상,2023.xlsx
2023100753,2023-07,2023,7,강남구,야간,중상사고,차대차 - 기타,차대차,기타,안전운전불이행,젖음/습기,비,단일로 - 기타,단일로,기타,0,1,0,0,1,1,1,Y,N,가해,개인형이동수단(PM),남,31-40세,중상,기타불명,기타불명,기타불명,기타불명,2023.xlsx
2023100771,2023-07,2023,7,강남구,야간,경상사고,차대사람 - 보도통행중,차대사람,보도통행중,안전운전불이행,건조,맑음,기타 - 기타,기타,기타,0,0,1,0,1,1,0,Y,N,가해,개인형이동수단(PM),남,31-40세,상해없음,보행자,남,31-40세,경상,2023.xlsx
2023102202,2023-07,2023,7,강남구,주간,경상사고,차대사람 - 보도통행중,차대사람,보도통행중,기타,젖음/습기,비,기타 - 기타,기타,기타,0,0,1,0,1,1,0,Y,N,가해,개인형이동수단(PM),여,21-30세,기타불명,보행자,여,31-40세,경상,2023.xlsx
2023103314,2023-07,2023,7,강남구,야간,부상신고사고,차대차 - 충돌,차대차,충돌,안전운전불이행,젖음/습기,흐림,기타 - 기타,기타,기타,0,0,0,1,1,1,0,Y,N,가해,개인형이동수단(PM),남,41-50세,부상신고,승용,남,65세 이상,상해없음,2023.xlsx
2023103976,2023-07,2023,7,강남구,주간,경상사고,차대사람 - 보도통행중,차대사람,보도통행중,안전운전불이행,기타,맑음,단일로 - 기타,단일로,기타,0,0,1,0,1,1,0,Y,N,가해,개인형이동수단(PM),여,21-30세,상해없음,보행자,여,21-30세,경상,2023.xlsx
2023104511,2023-07,2023,7,강남구,주간,부상신고사고,차대사람 - 기타,차대사람,기타,안전운전불이행,건조,맑음,기타 - 기타,기타,기타,0,0,0,1,1,1,0,Y,N,가해,개인형이동수단(PM),여,31-40세,상해없음,보행자,남,41-50세,부상신고,2023.xlsx
2023107076,2023-07,2023,7,강남구,야간,경상사고,차대차 - 기타,차대차,기타,안전운전불이행,건조,맑음,기타 - 기타,기타,기타,0,0,1,0,1,1,0,N,Y,피해,승용,남,51-60세,상해없음,개인형이동수단(PM),여,21-30세,경상,2023.xlsx
2023109558,2023-07,2023,7,강남구,주간,중상사고,차대차 - 충돌,차대차,충돌,신호위반,건조,맑음,기타 - 기타,기타,기타,0,1,0,0,1,1,1,N,Y,피해,화물,남,61-64세,상해없음,개인형이동수단(PM),여,13-20세,중상,2023.xlsx
2023109609,2023-07,2023,7,강남구,주간,부상신고사고,차대차 - 기타,차대차,기타,안전운전불이행,건조,맑음,단일로 - 기타,단일로,기타,0,0,0,1,1,1,0,N,Y,피해,자전거,남,31-40세,상해없음,개인형이동수단(PM),남,41-50세,부상신고,2023.xlsx
2023099295,2023-07,2023,7,강동구,주간,경상사고,차대차 - 충돌,차대차,충돌,안전운전불이행,건조,맑음,교차로 - 교차로안,교차로,교차로안,0,0,1,0,1,1,0,N,Y,피해,자전거,여,51-60세,상해없음,개인형이동수단(PM),남,31-40세,경상,2023.xlsx
2023100258,2023-07,2023,7,강북구,야간,중상사고,차대사람 - 차도통행중,차대사람,차도통행중,안전운전불이행,건조,맑음,단일로 - 기타,단일로,기타,0,1,1,0,2,2,1,Y,N,가해,개인형이동수단(PM),남,51-60세,경상,보행자,여,65세 이상,중상,2023.xlsx
2023098986,2023-07,2023,7,강서구,주간,경상사고,차대차 - 충돌,차대차,충돌,신호위반,건조,흐림,교차로 - 교차로안,교차로,교차로안,0,0,1,0,1,1,0,Y,N,가해,개인형이동수단(PM),남,20세 이하,상해없음,승용,남,65세 이상,상해없음,2023.xlsx
2023099480,2023-07,2023,7,강서구,주간,경상사고,차대차 - 충돌,차대차,충돌,안전운전불이행,건조,맑음,기타 - 기타,기타,기타,0,0,2,0,2,2,0,Y,N,가해,개인형이동수단(PM),남,20세 이하,기타불명,승용,남,41-50세,경상,2023.xlsx
2023104541,2023-07,2023,7,강서구,주간,경상사고,차대사람 - 횡단중,차대사람,횡단중,보행자보호의무위반,건조,맑음,단일로 - 기타,단일로,기타,0,0,1,0,1,1,0,Y,N,가해,개인형이동수단(PM),남,20세 이하,경상,보행자,남,41-50세,상해없음,2023.xlsx
2023097843,2023-07,2023,7,관악구,주간,경상사고,차대사람 - 기타,차대사람,기타,안전운전불이행,건조,맑음,기타 - 기타,기타,기타,0,0,1,0,1,1,0,Y,N,가해,개인형이동수단(PM),남,21-30세,상해없음,보행자,남,21-30세,경상,2023.xlsx
2023098066,2023-07,2023,7,관악구,야간,경상사고,차대사람 - 기타,차대사람,기타,안전운전불이행,건조,맑음,단일로 - 기타,단일로,기타,0,0,1,0,1,1,0,Y,N,가해,개인형이동수단(PM),남,20세 이하,상해없음,보행자,여,21-30세,경상,2023.xlsx
2023102760,2023-07,2023,7,광진구,야간,경상사고,차대사람 - 보도통행중,차대사람,보도통행중,안전운전불이행,건조,맑음,단일로 - 기타,단일로,기타,0,0,1,0,1,1,0,Y,N,가해,개인형이동수단(PM),남,20세 이하,상해없음,보행자,남,21-30세,경상,2023.xlsx
2023098170,2023-07,2023,7,구로구,야간,경상사고,차대사람 - 기타,차대사람,기타,안전운전불이행,건조,맑음,단일로 - 지하차도(도로)내,단일로,지하차도(도로)내,0,0,1,0,1,1,0,Y,N,가해,개인형이동수단(PM),남,41-50세,상해없음,보행자,남,41-50세,경상,2023.xlsx
2023101816,2023-07,2023,7,구로구,야간,경상사고,차대차 - 추돌,차대차,추돌,안전운전불이행,젖음/습기,안개,단일로 - 기타,단일로,기타,0,0,2,1,3,3,0,N,Y,피해,이륜,남,20세 이하,부상신고,개인형이동수단(PM),남,31-40세,경상,2023.xlsx
2023106325,2023-07,2023,7,구로구,주간,부상신고사고,차대차 - 기타,차대차,기타,안전운전불이행,젖음/습기,비,교차로 - 교차로안,교차로,교차로안,0,0,0,1,1,1,0,Y,N,가해,개인형이동수단(PM),남,20세 이하,부상신고,승용,남,41-50세,상해없음,2023.xlsx
2023094426,2023-07,2023,7,금천구,야간,중상사고,차대사람 - 기타,차대사람,기타,기타,건조,맑음,단일로 - 기타,단일로,기타,0,1,0,0,1,1,1,Y,N,가해,개인형이동수단(PM),남,20세 이하,상해없음,보행자,여,61-64세,중상,2023.xlsx
2023096022,2023-07,2023,7,금천구,주간,경상사고,차대차 - 기타,차대차,기타,안전운전불이행,건조,맑음,기타 - 기타,기타,기타,0,0,1,0,1,1,0,Y,N,가해,개인형이동수단(PM),남,21-30세,상해없음,승용,여,31-40세,경상,2023.xlsx
2023105521,2023-07,2023,7,금천구,야간,중상사고,차대사람 - 기타,차대사람,기타,안전운전불이행,건조,맑음,기타 - 기타,기타,기타,0,1,0,0,1,1,1,Y,N,가해,개인형이동수단(PM),남,20세 이하,상해없음,보행자,여,51-60세,중상,2023.xlsx
2023110072,2023-07,2023,7,금천구,주간,경상사고,차대차 - 기타,차대차,기타,안전운전불이행,건조,맑음,교차로 - 교차로안,교차로,교차로안,0,0,1,0,1,1,0,Y,N,가해,개인형이동수단(PM),남,41-50세,경상,승용,여,51-60세,상해없음,2023.xlsx
2023095885,2023-07,2023,7,노원구,야간,경상사고,차량단독 - 충돌,차량단독,충돌,안전운전불이행,건조,맑음,단일로 - 기타,단일로,기타,0,0,1,0,1,1,0,Y,N,가해,개인형이동수단(PM),남,21-30세,경상,,,,,2023.xlsx
2023104861,2023-07,2023,7,노원구,야간,중상사고,차대차 - 기타,차대차,기타,안전운전불이행,건조,맑음,단일로 - 기타,단일로,기타,0,2,0,0,2,2,2,N,Y,피해,자전거,남,65세 이상,중상,개인형이동수단(PM),남,31-40세,중상,2023.xlsx
2023102263,2023-07,2023,7,도봉구,야간,부상신고사고,차대차 - 충돌,차대차,충돌,안전운전불이행,기타,흐림,교차로 - 교차로안,교차로,교차로안,0,0,0,1,1,1,0,Y,N,가해,개인형이동수단(PM),여,20세 이하,부상신고,승용,남,21-30세,상해없음,2023.xlsx
2023106566,2023-07,2023,7,도봉구,야간,경상사고,차대차 - 기타,차대차,기타,신호위반,건조,맑음,교차로 - 교차로횡단보도내,교차로,교차로횡단보도내,0,0,1,0,1,1,0,N,Y,피해,화물,남,21-30세,상해없음,개인형이동수단(PM),남,41-50세,경상,2023.xlsx
2023110017,2023-07,2023,7,도봉구,야간,경상사고,차대차 - 충돌,차대차,충돌,기타,건조,맑음,교차로 - 교차로안,교차로,교차로안,0,0,1,0,1,1,0,Y,N,가해,개인형이동수단(PM),남,20세 이하,경상,승용,남,51-60세,상해없음,2023.xlsx
2023096713,2023-07,2023,7,동대문구,주간,중상사고,차대차 - 기타,차대차,기타,기타,건조,맑음,단일로 - 기타,단일로,기타,0,1,0,0,1,1,1,N,Y,피해,승용,남,31-40세,상해없음,개인형이동수단(PM),남,21-30세,중상,2023.xlsx
2023097543,2023-07,2023,7,동대문구,야간,중상사고,차대사람 - 기타,차대사람,기타,안전운전불이행,건조,맑음,단일로 - 기타,단일로,기타,0,1,0,0,1,1,1,Y,N,가해,개인형이동수단(PM),여,21-30세,기타불명,보행자,여,65세 이상,중상,2023.xlsx
2023105921,2023-07,2023,7,동대문구,주간,경상사고,차대차 - 기타,차대차,기타,기타,건조,맑음,교차로 - 교차로안,교차로,교차로안,0,0,1,0,1,1,0,Y,N,가해,개인형이동수단(PM),남,21-30세,경상,승용,여,21-30세,상해없음,2023.xlsx
2023094583,2023-07,2023,7,동작구,주간,경상사고,차대차 - 충돌,차대차,충돌,안전운전불이행,건조,맑음,교차로 - 교차로안,교차로,교차로안,0,0,1,0,1,1,0,N,Y,피해,승용,남,61-64세,상해없음,개인형이동수단(PM),남,21-30세,경상,2023.xlsx
2023105279,2023-07,2023,7,동작구,주간,경상사고,차대차 - 충돌,차대차,충돌,기타,건조,맑음,교차로 - 교차로안,교차로,교차로안,0,0,1,0,1,1,0,Y,N,가해,개인형이동수단(PM),남,41-50세,경상,승용,남,65세 이상,상해없음,2023.xlsx
2023110800,2023-07,2023,7,동작구,야간,경상사고,차대차 - 기타,차대차,기타,안전운전불이행,건조,맑음,단일로 - 기타,단일로,기타,0,0,1,0,1,1,0,N,Y,피해,화물,남,31-40세,상해없음,개인형이동수단(PM),남,31-40세,경상,2023.xlsx
2023099099,2023-07,2023,7,마포구,야간,경상사고,차대차 - 기타,차대차,기타,안전운전불이행,건조,맑음,기타 - 기타,기타,기타,0,0,2,0,2,2,0,N,Y,피해,이륜,남,31-40세,경상,개인형이동수단(PM),남,41-50세,경상,2023.xlsx
2023102148,2023-07,2023,7,마포구,주간,중상사고,차대차 - 기타,차대차,기타,안전운전불이행,건조,맑음,교차로 - 교차로부근,교차로,교차로부근,0,1,0,0,1,1,1,Y,N,가해,개인형이동수단(PM),남,20세 이하,중상,승용,남,31-40세,상해없음,2023.xlsx
2023106303,2023-07,2023,7,마포구,주간,경상사고,차대사람 - 횡단중,차대사람,횡단중,보행자보호의무위반,젖음/습기,흐림,교차로 - 교차로부근,교차로,교차로부근,0,0,1,0,1,1,0,Y,N,가해,개인형이동수단(PM),남,20세 이하,상해없음,보행자,여,51-60세,경상,2023.xlsx
2023108742,2023-07,2023,7,마포구,야간,부상신고사고,차대사람 - 보도통행중,차대사람,보도통행중,기타,건조,맑음,기타 - 기타,기타,기타,0,0,0,1,1,1,0,Y,N,가해,개인형이동수단(PM),남,20세 이하,상해없음,보행자,남,65세 이상,부상신고,2023.xlsx
2023094554,2023-07,2023,7,서초구,주간,경상사고,차대사람 - 횡단중,차대사람,횡단중,보행자보호의무위반,건조,맑음,교차로 - 교차로횡단보도내,교차로,교차로횡단보도내,0,0,1,0,1,1,0,Y,N,가해,개인형이동수단(PM),여,20세 이하,상해없음,보행자,여,12세 이하,경상,2023.xlsx
2023094981,2023-07,2023,7,서초구,야간,경상사고,차량단독 - 기타,차량단독,기타,안전운전불이행,건조,맑음,단일로 - 기타,단일로,기타,0,0,1,0,1,1,0,Y,N,가해,개인형이동수단(PM),남,21-30세,경상,,,,,2023.xlsx
2023095883,2023-07,2023,7,서초구,야간,중상사고,차대차 - 충돌,차대차,충돌,기타,건조,맑음,교차로 - 교차로횡단보도내,교차로,교차로횡단보도내,0,1,1,0,2,2,1,Y,N,가해,개인형이동수단(PM),남,21-30세,중상,이륜,남,31-40세,경상,2023.xlsx
2023103173,2023-07,2023,7,서초구,야간,경상사고,차대차 - 충돌,차대차,충돌,안전운전불이행,건조,맑음,교차로 - 교차로안,교차로,교차로안,0,0,1,0,1,1,0,N,Y,피해,승용,남,41-50세,상해없음,개인형이동수단(PM),남,21-30세,경상,2023.xlsx
2023108488,2023-07,2023,7,서초구,주간,경상사고,차대사람 - 보도통행중,차대사람,보도통행중,기타,건조,맑음,기타 - 기타,기타,기타,0,0,1,0,1,1,0,Y,N,가해,개인형이동수단(PM),남,20세 이하,기타불명,보행자,여,12세 이하,경상,2023.xlsx
2023110252,2023-07,2023,7,성동구,주간,중상사고,차대차 - 기타,차대차,기타,안전운전불이행,건조,맑음,단일로 - 기타,단일로,기타,0,1,0,0,1,1,1,N,Y,피해,화물,여,41-50세,상해없음,개인형이동수단(PM),남,51-60세,중상,2023.xlsx
2023109949,2023-07,2023,7,성북구,야간,부상신고사고,차대차 - 추돌,차대차,추돌,안전운전불이행,건조,맑음,단일로 - 기타,단일로,기타,0,0,0,1,1,1,0,Y,N,가해,개인형이동수단(PM),남,21-30세,부상신고,승합,남,65세 이상,상해없음,2023.xlsx
2023095633,2023-07,2023,7,송파구,주간,경상사고,차대차 - 충돌,차대차,충돌,신호위반,건조,맑음,단일로 - 기타,단일로,기타,0,0,1,0,1,1,0,Y,N,가해,개인형이동수단(PM),남,21-30세,경상,승용,남,51-60세,상해없음,2023.xlsx
2023095693,2023-07,2023,7,송파구,주간,경상사고,차대사람 - 기타,차대사람,기타,안전운전불이행,건조,맑음,기타 - 기타,기타,기타,0,0,1,0,1,1,0,Y,N,가해,개인형이동수단(PM),남,20세 이하,상해없음,보행자,여,61-64세,경상,2023.xlsx
2023103127,2023-07,2023,7,송파구,주간,부상신고사고,차대차 - 추돌,차대차,추돌,안전운전불이행,건조,맑음,단일로 - 기타,단일로,기타,0,0,0,1,1,1,0,Y,N,가해,개인형이동수단(PM),남,21-30세,부상신고,승용,남,61-64세,상해없음,2023.xlsx
2023104922,2023-07,2023,7,송파구,야간,경상사고,차대차 - 기타,차대차,기타,안전운전불이행,건조,맑음,교차로 - 교차로안,교차로,교차로안,0,0,1,0,1,1,0,N,Y,피해,기타불명,기타불명,기타불명,기타불명,개인형이동수단(PM),여,31-40세,경상,2023.xlsx
2023105239,2023-07,2023,7,송파구,주간,중상사고,차대사람 - 횡단중,차대사람,횡단중,보행자보호의무위반,건조,맑음,교차로 - 교차로횡단보도내,교차로,교차로횡단보도내,0,1,0,0,1,1,1,Y,N,가해,개인형이동수단(PM),남,51-60세,상해없음,보행자,여,65세 이상,중상,2023.xlsx
2023109419,2023-07,2023,7,송파구,야간,중상사고,차대사람 - 기타,차대사람,기타,안전운전불이행,건조,맑음,교차로 - 교차로안,교차로,교차로안,0,1,0,0,1,1,1,Y,N,가해,개인형이동수단(PM),남,65세 이상,상해없음,보행자,여,31-40세,중상,2023.xlsx
2023100221,2023-07,2023,7,양천구,야간,경상사고,차대사람 - 차도통행중,차대사람,차도통행중,안전운전불이행,건조,맑음,단일로 - 기타,단일로,기타,0,0,1,0,1,1,0,Y,N,가해,개인형이동수단(PM),남,20세 이하,상해없음,보행자,남,61-64세,경상,2023.xlsx
2023108010,2023-07,2023,7,양천구,주간,경상사고,차대사람 - 기타,차대사람,기타,안전운전불이행,건조,맑음,단일로 - 기타,단일로,기타,0,0,1,0,1,1,0,Y,N,가해,개인형이동수단(PM),여,20세 이하,상해없음,보행자,여,65세 이상,경상,2023.xlsx
2023099376,2023-07,2023,7,영등포구,주간,중상사고,차대차 - 충돌,차대차,충돌,안전운전불이행,건조,맑음,단일로 - 기타,단일로,기타,0,1,0,0,1,1,1,N,Y,피해,자전거,남,41-50세,상해없음,개인형이동수단(PM),남,41-50세,중상,2023.xlsx
2023103974,2023-07,2023,7,영등포구,주간,중상사고,차대차 - 충돌,차대차,충돌,신호위반,건조,맑음,교차로 - 교차로안,교차로,교차로안,0,1,0,0,1,1,1,N,Y,피해,승용,여,21-30세,상해없음,개인형이동수단(PM),남,65세 이상,중상,2023.xlsx
2023109418,2023-07,2023,7,영등포구,야간,중상사고,차량단독 - 전도전복,차량단독,전도전복,안전운전불이행,건조,맑음,단일로 - 지하차도(도로)내,단일로,지하차도(도로)내,0,1,0,0,1,1,1,Y,N,가해,개인형이동수단(PM),남,61-64세,중상,,,,,2023.xlsx
2023110895,2023-07,2023,7,용산구,야간,경상사고,차대사람 - 기타,차대사람,기타,안전거리미확보,건조,맑음,단일로 - 기타,단일로,기타,0,0,1,0,1,1,0,Y,N,가해,개인형이동수단(PM),남,20세 이하,상해없음,보행자,남,41-50세,경상,2023.xlsx
2023094752,2023-07,2023,7,종로구,주간,경상사고,차대사람 - 보도통행중,차대사람,보도통행중,기타,건조,맑음,단일로 - 기타,단일로,기타,0,0,1,0,1,1,0,Y,N,가해,개인형이동수단(PM),여,21-30세,상해없음,보행자,남,41-50세,경상,2023.xlsx
2023108221,2023-07,2023,7,종로구,야간,경상사고,차대사람 - 기타,차대사람,기타,안전운전불이행,건조,맑음,기타 - 기타,기타,기타,0,0,1,0,1,1,0,Y,N,가해,개인형이동수단(PM),남,61-64세,상해없음,보행자,여,13-20세,경상,2023.xlsx
2023108278,2023-07,2023,7,종로구,주간,경상사고,차대차 - 기타,차대차,기타,안전운전불이행,건조,맑음,단일로 - 기타,단일로,기타,0,0,1,0,1,1,0,N,Y,피해,승용,남,21-30세,상해없음,개인형이동수단(PM),남,41-50세,경상,2023.xlsx
2023110756,2023-07,2023,7,종로구,주간,경상사고,차대차 - 기타,차대차,기타,안전운전불이행,건조,맑음,단일로 - 기타,단일로,기타,0,0,1,0,1,1,0,N,Y,피해,승용,남,41-50세,상해없음,개인형이동수단(PM),남,31-40세,경상,2023.xlsx
2023106817,2023-07,2023,7,중구,주간,경상사고,차대차 - 충돌,차대차,충돌,안전거리미확보,건조,맑음,단일로 - 기타,단일로,기타,0,0,1,0,1,1,0,Y,N,가해,개인형이동수단(PM),여,65세 이상,경상,승합,남,41-50세,상해없음,2023.xlsx
2023107933,2023-07,2023,7,중구,주간,경상사고,차대차 - 기타,차대차,기타,안전운전불이행,건조,맑음,단일로 - 기타,단일로,기타,0,0,1,0,1,1,0,N,Y,피해,승합,여,61-64세,상해없음,개인형이동수단(PM),남,31-40세,경상,2023.xlsx
2023110455,2023-07,2023,7,중랑구,주간,중상사고,차대차 - 충돌,차대차,충돌,안전운전불이행,건조,맑음,기타 - 기타,기타,기타,0,1,0,1,2,2,1,Y,N,가해,개인형이동수단(PM),남,21-30세,부상신고,자전거,여,51-60세,중상,2023.xlsx
2023111105,2023-08,2023,8,강남구,주간,중상사고,차대사람 - 기타,차대사람,기타,기타,건조,맑음,기타 - 기타,기타,기타,0,1,0,0,1,1,1,Y,N,가해,개인형이동수단(PM),남,41-50세,상해없음,보행자,여,31-40세,중상,2023.xlsx
2023114844,2023-08,2023,8,강남구,야간,경상사고,차대차 - 기타,차대차,기타,신호위반,건조,맑음,교차로 - 교차로안,교차로,교차로안,0,0,1,0,1,1,0,Y,N,가해,개인형이동수단(PM),남,41-50세,상해없음,승용,남,41-50세,경상,2023.xlsx
2023115244,2023-08,2023,8,강남구,주간,경상사고,차대사람 - 차도통행중,차대사람,차도통행중,안전운전불이행,건조,맑음,단일로 - 기타,단일로,기타,0,0,1,0,1,1,0,Y,N,가해,개인형이동수단(PM),남,20세 이하,기타불명,보행자,남,31-40세,경상,2023.xlsx
2023115525,2023-08,2023,8,강남구,주간,부상신고사고,차대차 - 기타,차대차,기타,안전운전불이행,건조,맑음,교차로 - 교차로안,교차로,교차로안,0,0,0,1,1,1,0,Y,N,가해,개인형이동수단(PM),여,20세 이하,부상신고,화물,남,61-64세,상해없음,2023.xlsx
2023116013,2023-08,2023,8,강남구,야간,경상사고,차대차 - 기타,차대차,기타,안전운전불이행,젖음/습기,비,교차로 - 교차로횡단보도내,교차로,교차로횡단보도내,0,0,1,0,1,1,0,N,Y,피해,승용,남,51-60세,상해없음,개인형이동수단(PM),남,31-40세,경상,2023.xlsx
2023118098,2023-08,2023,8,강남구,주간,부상신고사고,차대차 - 충돌,차대차,충돌,기타,건조,맑음,교차로 - 교차로안,교차로,교차로안,0,0,0,1,1,1,0,Y,N,가해,개인형이동수단(PM),남,21-30세,부상신고,승용,남,65세 이상,상해없음,2023.xlsx
2023118530,2023-08,2023,8,강남구,야간,경상사고,차대차 - 기타,차대차,기타,중앙선침범,건조,맑음,단일로 - 기타,단일로,기타,0,0,1,0,1,1,0,N,Y,피해,이륜,남,51-60세,상해없음,개인형이동수단(PM),남,21-30세,경상,2023.xlsx
2023122955,2023-08,2023,8,강남구,야간,부상신고사고,차대차 - 충돌,차대차,충돌,안전운전불이행,건조,맑음,단일로 - 기타,단일로,기타,0,0,0,2,2,2,0,Y,N,가해,개인형이동수단(PM),남,21-30세,부상신고,자전거,남,65세 이상,부상신고,2023.xlsx
2023123067,2023-08,2023,8,강남구,주간,경상사고,차대사람 - 차도통행중,차대사람,차도통행중,신호위반,젖음/습기,비,단일로 - 기타,단일로,기타,0,0,1,0,1,1,0,Y,N,가해,개인형이동수단(PM),여,20세 이하,상해없음,보행자,여,31-40세,경상,2023.xlsx
2023123158,2023-08,2023,8,강남구,주간,경상사고,차대차 - 기타,차대차,기타,기타,젖음/습기,비,교차로 - 교차로안,교차로,교차로안,0,0,1,0,1,1,0,N,Y,피해,승용,남,41-50세,상해없음,개인형이동수단(PM),남,51-60세,경상,2023.xlsx
2023124122,2023-08,2023,8,강남구,주간,경상사고,차대사람 - 보도통행중,차대사람,보도통행중,안전운전불이행,젖음/습기,비,기타 - 기타,기타,기타,0,0,1,0,1,1,0,Y,N,가해,개인형이동수단(PM),여,31-40세,상해없음,보행자,여,51-60세,경상,2023.xlsx
2023125838,2023-08,2023,8,강남구,야간,경상사고,차대차 - 추돌,차대차,추돌,안전운전불이행,건조,맑음,단일로 - 기타,단일로,기타,0,0,1,0,1,1,0,N,Y,피해,화물,남,31-40세,상해없음,개인형이동수단(PM),남,51-60세,경상,2023.xlsx
2023126875,2023-08,2023,8,강남구,야간,부상신고사고,차대차 - 기타,차대차,기타,안전운전불이행,건조,맑음,단일로 - 기타,단일로,기타,0,0,0,1,1,1,0,N,Y,피해,기타불명,기타불명,기타불명,기타불명,개인형이동수단(PM),여,21-30세,부상신고,2023.xlsx
2023127849,2023-08,2023,8,강남구,주간,경상사고,차대사람 - 보도통행중,차대사람,보도통행중,보행자보호의무위반,건조,맑음,단일로 - 기타,단일로,기타,0,0,1,0,1,1,0,Y,N,가해,개인형이동수단(PM),여,31-40세,상해없음,보행자,남,12세 이하,경상,2023.xlsx
2023121179,2023-08,2023,8,강동구,야간,중상사고,차대차 - 기타,차대차,기타,안전운전불이행,건조,맑음,기타 - 기타,기타,기타,0,1,0,0,1,1,1,Y,N,가해,개인형이동수단(PM),남,20세 이하,상해없음,자전거,남,13-20세,중상,2023.xlsx
2023122221,2023-08,2023,8,강북구,야간,중상사고,차대사람 - 차도통행중,차대사람,차도통행중,안전운전불이행,건조,맑음,단일로 - 기타,단일로,기타,0,1,0,0,1,1,1,Y,N,가해,개인형이동수단(PM),남,21-30세,상해없음,보행자,여,65세 이상,중상,2023.xlsx
2023124931,2023-08,2023,8,강북구,주간,부상신고사고,차대차 - 기타,차대차,기타,기타,건조,맑음,교차로 - 교차로안,교차로,교차로안,0,0,0,1,1,1,0,Y,N,가해,개인형이동수단(PM),남,21-30세,부상신고,화물,남,51-60세,상해없음,2023.xlsx
2023127496,2023-08,2023,8,강북구,야간,경상사고,차대사람 - 기타,차대사람,기타,안전운전불이행,젖음/습기,비,단일로 - 기타,단일로,기타,0,0,1,0,1,1,0,Y,N,가해,개인형이동수단(PM),남,20세 이하,상해없음,보행자,여,51-60세,경상,2023.xlsx
2023127679,2023-08,2023,8,강서구,주간,경상사고,차대차 - 충돌,차대차,충돌,신호위반,건조,맑음,교차로 - 교차로횡단보도내,교차로,교차로횡단보도내,0,0,1,0,1,1,0,N,Y,피해,승용,남,65세 이상,상해없음,개인형이동수단(PM),남,21-30세,경상,2023.xlsx
2023117871,2023-08,2023,8,관악구,주간,경상사고,차대차 - 충돌,차대차,충돌,중앙선침범,건조,맑음,교차로 - 교차로부근,교차로,교차로부근,0,0,1,0,1,1,0,Y,N,가해,개인형이동수단(PM),남,51-60세,기타불명,이륜,남,31-40세,경상,2023.xlsx
2023123810,2023-08,2023,8,관악구,주간,경상사고,차대차 - 기타,차대차,기타,안전운전불이행,건조,맑음,교차로 - 교차로안,교차로,교차로안,0,0,1,0,1,1,0,Y,N,가해,개인형이동수단(PM),여,41-50세,경상,승용,남,41-50세,상해없음,2023.xlsx
2023111812,2023-08,2023,8,광진구,주간,중상사고,차대차 - 기타,차대차,기타,안전운전불이행,건조,맑음,교차로 - 교차로부근,교차로,교차로부근,0,1,0,0,1,1,1,Y,Y,가해+피해,개인형이동수단(PM),남,21-30세,상해없음,개인형이동수단(PM),여,21-30세,중상,2023.xlsx
2023118126,2023-08,2023,8,광진구,주간,경상사고,차대차 - 충돌,차대차,충돌,안전운전불이행,건조,맑음,교차로 - 교차로부근,교차로,교차로부근,0,0,1,0,1,1,0,Y,N,가해,개인형이동수단(PM),여,20세 이하,상해없음,원동기,남,65세 이상,경상,2023.xlsx
2023120699,2023-08,2023,8,광진구,야간,부상신고사고,차대사람 - 기타,차대사람,기타,안전운전불이행,기타,맑음,단일로 - 기타,단일로,기타,0,0,0,1,1,1,0,Y,N,가해,개인형이동수단(PM),남,31-40세,상해없음,보행자,남,21-30세,부상신고,2023.xlsx
2023124410,2023-08,2023,8,광진구,주간,경상사고,차대차 - 충돌,차대차,충돌,신호위반,건조,맑음,교차로 - 교차로횡단보도내,교차로,교차로횡단보도내,0,0,1,0,1,1,0,N,Y,피해,승용,여,21-30세,상해없음,개인형이동수단(PM),남,21-30세,경상,2023.xlsx
2023126424,2023-08,2023,8,광진구,야간,경상사고,차대사람 - 기타,차대사람,기타,안전운전불이행,건조,맑음,단일로 - 기타,단일로,기타,0,0,1,0,1,1,0,Y,N,가해,개인형이동수단(PM),남,21-30세,상해없음,보행자,남,21-30세,경상,2023.xlsx
2023126987,2023-08,2023,8,광진구,야간,부상신고사고,차대차 - 기타,차대차,기타,안전운전불이행,건조,맑음,단일로 - 기타,단일로,기타,0,0,0,2,2,2,0,Y,N,가해,개인형이동수단(PM),남,41-50세,부상신고,이륜,남,21-30세,부상신고,2023.xlsx
2023119811,2023-08,2023,8,구로구,주간,경상사고,차대차 - 기타,차대차,기타,기타,건조,맑음,교차로 - 교차로안,교차로,교차로안,0,0,1,0,1,1,0,N,Y,피해,화물,남,41-50세,상해없음,개인형이동수단(PM),남,51-60세,경상,2023.xlsx
2023122175,2023-08,2023,8,구로구,야간,부상신고사고,차대사람 - 보도통행중,차대사람,보도통행중,신호위반,건조,맑음,단일로 - 기타,단일로,기타,0,0,0,1,1,1,0,Y,N,가해,개인형이동수단(PM),남,51-60세,상해없음,보행자,여,61-64세,부상신고,2023.xlsx
2023119077,2023-08,2023,8,금천구,주간,중상사고,차대사람 - 길가장자리구역통행중,차대사람,길가장자리구역통행중,안전운전불이행,건조,맑음,단일로 - 기타,단일로,기타,0,1,1,0,2,2,1,Y,N,가해,개인형이동수단(PM),여,51-60세,중상,보행자,여,51-60세,경상,2023.xlsx
2023118616,2023-08,2023,8,노원구,야간,중상사고,차대사람 - 보도통행중,차대사람,보도통행중,기타,건조,맑음,기타 - 기타,기타,기타,0,1,0,0,1,1,1,Y,N,가해,개인형이동수단(PM),남,20세 이하,상해없음,보행자,남,41-50세,중상,2023.xlsx
2023118647,2023-08,2023,8,노원구,주간,중상사고,차대차 - 충돌,차대차,충돌,신호위반,건조,맑음,교차로 - 교차로안,교차로,교차로안,0,1,0,0,1,1,1,N,Y,피해,승용,남,65세 이상,상해없음,개인형이동수단(PM),남,13-20세,중상,2023.xlsx
2023117582,2023-08,2023,8,도봉구,야간,부상신고사고,차대차 - 충돌,차대차,충돌,중앙선침범,젖음/습기,맑음,단일로 - 기타,단일로,기타,0,0,0,1,1,1,0,Y,N,가해,개인형이동수단(PM),남,21-30세,부상신고,승용,남,21-30세,상해없음,2023.xlsx
2023127811,2023-08,2023,8,도봉구,주간,부상신고사고,차대차 - 충돌,차대차,충돌,안전운전불이행,기타,맑음,교차로 - 교차로안,교차로,교차로안,0,0,0,1,1,1,0,Y,N,가해,개인형이동수단(PM),남,21-30세,부상신고,화물,남,65세 이상,상해없음,2023.xlsx
2023118367,2023-08,2023,8,동대문구,주간,중상사고,차대차 - 기타,차대차,기타,신호위반,건조,맑음,교차로 - 교차로횡단보도내,교차로,교차로횡단보도내,0,1,0,0,1,1,1,N,Y,피해,승용,남,65세 이상,상해없음,개인형이동수단(PM),남,51-60세,중상,2023.xlsx
2023119964,2023-08,2023,8,동대문구,주간,부상신고사고,차대차 - 기타,차대차,기타,안전운전불이행,건조,맑음,교차로 - 교차로안,교차로,교차로안,0,0,0,1,1,1,0,Y,N,가해,개인형이동수단(PM),여,41-50세,부상신고,화물,남,31-40세,상해없음,2023.xlsx
2023124527,2023-08,2023,8,동대문구,주간,경상사고,차대차 - 충돌,차대차,충돌,안전운전불이행,건조,맑음,교차로 - 교차로안,교차로,교차로안,0,0,1,0,1,1,0,Y,N,가해,개인형이동수단(PM),여,21-30세,상해없음,원동기,기타불명,기타불명,기타불명,2023.xlsx
2023119625,2023-08,2023,8,동작구,야간,중상사고,차량단독 - 충돌,차량단독,충돌,안전운전불이행,건조,맑음,단일로 - 기타,단일로,기타,0,1,0,0,1,1,1,Y,N,가해,개인형이동수단(PM),남,31-40세,중상,,,,,2023.xlsx
2023125830,2023-08,2023,8,동작구,야간,경상사고,차대차 - 충돌,차대차,충돌,기타,건조,맑음,교차로 - 교차로안,교차로,교차로안,0,0,1,0,1,1,0,Y,N,가해,개인형이동수단(PM),남,20세 이하,기타불명,승용,남,31-40세,경상,2023.xlsx
2023119429,2023-08,2023,8,마포구,주간,경상사고,차대차 - 기타,차대차,기타,안전운전불이행,건조,맑음,단일로 - 기타,단일로,기타,0,0,1,0,1,1,0,Y,N,가해,개인형이동수단(PM),남,21-30세,경상,이륜,남,41-50세,상해없음,2023.xlsx
2023119518,2023-08,2023,8,마포구,야간,부상신고사고,차대사람 - 길가장자리구역통행중,차대사람,길가장자리구역통행중,안전운전불이행,건조,맑음,단일로 - 기타,단일로,기타,0,0,0,1,1,1,0,Y,N,가해,개인형이동수단(PM),남,20세 이하,상해없음,보행자,남,41-50세,부상신고,2023.xlsx
2023122761,2023-08,2023,8,마포구,야간,중상사고,차대사람 - 기타,차대사람,기타,신호위반,건조,맑음,교차로 - 교차로횡단보도내,교차로,교차로횡단보도내,0,1,0,0,1,1,1,Y,N,가해,개인형이동수단(PM),여,21-30세,상해없음,보행자,여,31-40세,중상,2023.xlsx
2023123658,2023-08,2023,8,마포구,주간,중상사고,차대차 - 충돌,차대차,충돌,안전운전불이행,건조,흐림,교차로 - 교차로횡단보도내,교차로,교차로횡단보도내,0,1,0,0,1,1,1,N,Y,피해,화물,남,65세 이상,상해없음,개인형이동수단(PM),남,51-60세,중상,2023.xlsx
2023119428,2023-08,2023,8,서대문구,주간,경상사고,차대차 - 충돌,차대차,충돌,교차로운행방법위반,건조,맑음,교차로 - 교차로부근,교차로,교차로부근,0,0,1,0,1,1,0,N,Y,피해,승합,남,51-60세,상해없음,개인형이동수단(PM),남,51-60세,경상,2023.xlsx
2023112088,2023-08,2023,8,서초구,주간,중상사고,차량단독 - 기타,차량단독,기타,안전운전불이행,건조,맑음,기타 - 기타,기타,기타,0,1,0,0,1,1,1,Y,N,가해,개인형이동수단(PM),여,41-50세,중상,,,,,2023.xlsx
2023113589,2023-08,2023,8,서초구,주간,중상사고,차대차 - 충돌,차대차,충돌,중앙선침범,건조,맑음,교차로 - 교차로부근,교차로,교차로부근,0,1,0,0,1,1,1,N,Y,피해,자전거,남,65세 이상,중상,개인형이동수단(PM),남,21-30세,상해없음,2023.xlsx
2023120919,2023-08,2023,8,서초구,주간,중상사고,차대차 - 기타,차대차,기타,안전운전불이행,건조,맑음,기타 - 기타,기타,기타,0,1,0,0,1,1,1,Y,N,가해,개인형이동수단(PM),남,20세 이하,중상,승용,남,21-30세,기타불명,2023.xlsx
2023117559,2023-08,2023,8,성북구,야간,중상사고,차대사람 - 보도통행중,차대사람,보도통행중,기타,건조,기타,기타 - 기타,기타,기타,0,1,0,0,1,1,1,Y,N,가해,개인형이동수단(PM),남,21-30세,상해없음,보행자,남,65세 이상,중상,2023.xlsx
2023111245,2023-08,2023,8,송파구,주간,경상사고,차대차 - 충돌,차대차,충돌,안전운전불이행,건조,맑음,교차로 - 교차로부근,교차로,교차로부근,0,0,1,0,1,1,0,Y,N,가해,개인형이동수단(PM),남,20세 이하,상해없음,자전거,남,13-20세,경상,2023.xlsx
2023114866,2023-08,2023,8,송파구,야간,부상신고사고,차대차 - 기타,차대차,기타,안전운전불이행,건조,맑음,단일로 - 기타,단일로,기타,0,0,0,1,1,1,0,Y,N,가해,개인형이동수단(PM),남,20세 이하,부상신고,자전거,남,51-60세,상해없음,2023.xlsx
2023119809,2023-08,2023,8,송파구,주간,부상신고사고,차대차 - 충돌,차대차,충돌,안전운전불이행,건조,맑음,단일로 - 기타,단일로,기타,0,0,0,2,2,2,0,Y,N,가해,개인형이동수단(PM),여,31-40세,부상신고,자전거,남,65세 이상,부상신고,2023.xlsx
2023119935,2023-08,2023,8,송파구,주간,경상사고,차대사람 - 기타,차대사람,기타,기타,건조,맑음,단일로 - 기타,단일로,기타,0,0,1,0,1,1,0,Y,N,가해,개인형이동수단(PM),남,20세 이하,상해없음,보행자,남,12세 이하,경상,2023.xlsx
2023120514,2023-08,2023,8,송파구,주간,중상사고,차대사람 - 보도통행중,차대사람,보도통행중,안전운전불이행,건조,맑음,단일로 - 기타,단일로,기타,0,1,0,0,1,1,1,Y,N,가해,개인형이동수단(PM),남,20세 이하,상해없음,보행자,여,31-40세,중상,2023.xlsx
2023121798,2023-08,2023,8,송파구,주간,중상사고,차대사람 - 보도통행중,차대사람,보도통행중,기타,건조,맑음,단일로 - 기타,단일로,기타,0,1,0,0,1,1,1,Y,N,가해,개인형이동수단(PM),남,21-30세,상해없음,보행자,남,61-64세,중상,2023.xlsx
2023122021,2023-08,2023,8,송파구,주간,중상사고,차대차 - 추돌,차대차,추돌,안전운전불이행,건조,맑음,단일로 - 기타,단일로,기타,0,1,0,0,1,1,1,Y,N,가해,개인형이동수단(PM),남,21-30세,중상,화물,남,41-50세,상해없음,2023.xlsx
2023122532,2023-08,2023,8,송파구,주간,경상사고,차대사람 - 보도통행중,차대사람,보도통행중,기타,건조,맑음,단일로 - 기타,단일로,기타,0,0,1,0,1,1,0,Y,N,가해,개인형이동수단(PM),남,20세 이하,상해없음,보행자,여,51-60세,경상,2023.xlsx
2023124306,2023-08,2023,8,송파구,주간,경상사고,차대차 - 충돌,차대차,충돌,기타,건조,맑음,교차로 - 교차로안,교차로,교차로안,0,0,2,0,2,2,0,N,Y,피해,승용,남,41-50세,경상,개인형이동수단(PM),남,41-50세,경상,2023.xlsx
2023127635,2023-08,2023,8,송파구,주간,경상사고,차대차 - 기타,차대차,기타,신호위반,건조,맑음,교차로 - 교차로부근,교차로,교차로부근,0,0,1,0,1,1,0,N,Y,피해,승용,여,41-50세,상해없음,개인형이동수단(PM),남,65세 이상,경상,2023.xlsx
2023121629,2023-08,2023,8,양천구,야간,경상사고,차대차 - 충돌,차대차,충돌,안전운전불이행,건조,맑음,단일로 - 기타,단일로,기타,0,0,2,0,2,2,0,N,Y,피해,승용,남,21-30세,상해없음,개인형이동수단(PM),남,13-20세,경상,2023.xlsx
2023115732,2023-08,2023,8,영등포구,주간,부상신고사고,차대차 - 추돌,차대차,추돌,안전거리미확보,건조,맑음,단일로 - 기타,단일로,기타,0,0,0,1,1,1,0,Y,N,가해,개인형이동수단(PM),남,21-30세,부상신고,승용,남,51-60세,상해없음,2023.xlsx
2023118243,2023-08,2023,8,영등포구,주간,부상신고사고,차대사람 - 횡단중,차대사람,횡단중,보행자보호의무위반,건조,맑음,교차로 - 교차로횡단보도내,교차로,교차로횡단보도내,0,0,0,1,1,1,0,Y,N,가해,개인형이동수단(PM),남,51-60세,상해없음,보행자,남,41-50세,부상신고,2023.xlsx
2023124148,2023-08,2023,8,영등포구,주간,경상사고,차대사람 - 보도통행중,차대사람,보도통행중,기타,건조,맑음,단일로 - 기타,단일로,기타,0,0,1,0,1,1,0,Y,N,가해,개인형이동수단(PM),여,20세 이하,상해없음,보행자,여,51-60세,경상,2023.xlsx
2023115807,2023-08,2023,8,은평구,주간,중상사고,차대차 - 기타,차대차,기타,안전운전불이행,건조,맑음,교차로 - 교차로횡단보도내,교차로,교차로횡단보도내,0,1,0,0,1,1,1,Y,N,가해,개인형이동수단(PM),여,21-30세,중상,승용,여,41-50세,상해없음,2023.xlsx
2023110972,2023-08,2023,8,중구,야간,경상사고,차량단독 - 기타,차량단독,기타,안전운전불이행,건조,맑음,단일로 - 기타,단일로,기타,0,0,1,0,1,1,0,Y,N,가해,개인형이동수단(PM),남,51-60세,경상,,,,,2023.xlsx
2023118501,2023-08,2023,8,중구,야간,경상사고,차대사람 - 기타,차대사람,기타,안전운전불이행,건조,맑음,단일로 - 기타,단일로,기타,0,0,1,1,2,2,0,Y,N,가해,개인형이동수단(PM),여,51-60세,부상신고,보행자,여,21-30세,경상,2023.xlsx
2023128163,2023-09,2023,9,강남구,야간,중상사고,차대차 - 기타,차대차,기타,기타,건조,맑음,교차로 - 교차로안,교차로,교차로안,0,1,0,0,1,1,1,N,Y,피해,이륜,남,21-30세,상해없음,개인형이동수단(PM),남,41-50세,중상,2023.xlsx
2023129323,2023-09,2023,9,강남구,야간,중상사고,차대사람 - 보도통행중,차대사람,보도통행중,기타,건조,맑음,단일로 - 기타,단일로,기타,0,1,0,0,1,1,1,Y,N,가해,개인형이동수단(PM),남,20세 이하,상해없음,보행자,남,41-50세,중상,2023.xlsx
2023132208,2023-09,2023,9,강남구,야간,경상사고,차대차 - 충돌,차대차,충돌,안전운전불이행,건조,맑음,기타 - 기타,기타,기타,0,0,1,0,1,1,0,Y,N,가해,개인형이동수단(PM),남,41-50세,경상,승합,남,51-60세,상해없음,2023.xlsx
2023134214,2023-09,2023,9,강남구,주간,경상사고,차대차 - 기타,차대차,기타,기타,기타,맑음,기타 - 기타,기타,기타,0,0,1,0,1,1,0,Y,N,가해,개인형이동수단(PM),여,31-40세,경상,승용,여,31-40세,상해없음,2023.xlsx
2023137336,2023-09,2023,9,강남구,야간,부상신고사고,차대차 - 충돌,차대차,충돌,안전운전불이행,젖음/습기,비,기타 - 기타,기타,기타,0,0,0,1,1,1,0,N,Y,피해,승용,남,65세 이상,상해없음,개인형이동수단(PM),남,41-50세,부상신고,2023.xlsx
2023140435,2023-09,2023,9,강남구,주간,부상신고사고,차대사람 - 기타,차대사람,기타,안전운전불이행,건조,맑음,단일로 - 기타,단일로,기타,0,0,0,2,2,2,0,Y,N,가해,개인형이동수단(PM),남,21-30세,부상신고,보행자,여,21-30세,부상신고,2023.xlsx
2023142568,2023-09,2023,9,강남구,주간,경상사고,차대사람 - 차도통행중,차대사람,차도통행중,안전운전불이행,건조,맑음,단일로 - 기타,단일로,기타,0,0,1,0,1,1,0,Y,N,가해,개인형이동수단(PM),남,20세 이하,상해없음,보행자,여,13-20세,경상,2023.xlsx
2023142670,2023-09,2023,9,강남구,야간,부상신고사고,차대차 - 기타,차대차,기타,신호위반,건조,맑음,단일로 - 기타,단일로,기타,0,0,0,1,1,1,0,N,Y,피해,승용,남,65세 이상,상해없음,개인형이동수단(PM),남,31-40세,부상신고,2023.xlsx
2023141859,2023-09,2023,9,강동구,주간,경상사고,차대차 - 기타,차대차,기타,중앙선침범,건조,맑음,교차로 - 교차로횡단보도내,교차로,교차로횡단보도내,0,0,3,0,3,3,0,Y,N,가해,개인형이동수단(PM),남,65세 이상,경상,승용,여,31-40세,경상,2023.xlsx
2023145703,2023-09,2023,9,강동구,주간,경상사고,차대차 - 충돌,차대차,충돌,안전운전불이행,건조,맑음,교차로 - 교차로횡단보도내,교차로,교차로횡단보도내,0,0,1,0,1,1,0,N,Y,피해,승용,남,61-64세,상해없음,개인형이동수단(PM),남,65세 이상,경상,2023.xlsx
2023129510,2023-09,2023,9,강서구,주간,부상신고사고,차대차 - 충돌,차대차,충돌,안전운전불이행,건조,맑음,단일로 - 기타,단일로,기타,0,0,0,1,1,1,0,Y,N,가해,개인형이동수단(PM),남,21-30세,부상신고,승용,남,41-50세,상해없음,2023.xlsx
2023129641,2023-09,2023,9,강서구,주간,부상신고사고,차대차 - 충돌,차대차,충돌,신호위반,건조,맑음,단일로 - 기타,단일로,기타,0,0,0,1,1,1,0,Y,N,가해,개인형이동수단(PM),남,20세 이하,상해없음,이륜,남,21-30세,부상신고,2023.xlsx
2023130476,2023-09,2023,9,강서구,야간,경상사고,차대사람 - 보도통행중,차대사람,보도통행중,안전거리미확보,건조,맑음,기타 - 기타,기타,기타,0,0,1,0,1,1,0,Y,N,가해,개인형이동수단(PM),여,21-30세,상해없음,보행자,남,31-40세,경상,2023.xlsx
2023131120,2023-09,2023,9,강서구,주간,중상사고,차대차 - 충돌,차대차,충돌,기타,건조,맑음,교차로 - 교차로횡단보도내,교차로,교차로횡단보도내,0,1,0,0,1,1,1,N,Y,피해,승용,남,41-50세,상해없음,개인형이동수단(PM),남,13-20세,중상,2023.xlsx
2023132580,2023-09,2023,9,강서구,주간,경상사고,차대차 - 충돌,차대차,충돌,기타,건조,맑음,단일로 - 기타,단일로,기타,0,0,1,0,1,1,0,N,Y,피해,승용,남,65세 이상,상해없음,개인형이동수단(PM),남,41-50세,경상,2023.xlsx
2023139982,2023-09,2023,9,강서구,주간,경상사고,차대차 - 충돌,차대차,충돌,중앙선침범,젖음/습기,비,단일로 - 기타,단일로,기타,0,0,1,1,2,2,0,N,Y,피해,화물,남,41-50세,부상신고,개인형이동수단(PM),여,21-30세,경상,2023.xlsx
2023130148,2023-09,2023,9,관악구,주간,경상사고,차대사람 - 보도통행중,차대사람,보도통행중,기타,건조,맑음,기타 - 기타,기타,기타,0,0,1,0,1,1,0,Y,N,가해,개인형이동수단(PM),남,20세 이하,상해없음,보행자,여,65세 이상,경상,2023.xlsx
2023130450,2023-09,2023,9,관악구,야간,경상사고,차대차 - 충돌,차대차,충돌,기타,건조,맑음,단일로 - 기타,단일로,기타,0,0,1,0,1,1,0,Y,N,가해,개인형이동수단(PM),남,21-30세,경상,승용,여,41-50세,상해없음,2023.xlsx
2023139154,2023-09,2023,9,광진구,주간,경상사고,차대사람 - 기타,차대사람,기타,기타,건조,맑음,단일로 - 기타,단일로,기타,0,0,1,0,1,1,0,Y,N,가해,개인형이동수단(PM),여,21-30세,상해없음,보행자,여,51-60세,경상,2023.xlsx
2023144187,2023-09,2023,9,광진구,주간,경상사고,차대사람 - 기타,차대사람,기타,안전운전불이행,건조,맑음,단일로 - 기타,단일로,기타,0,0,1,0,1,1,0,Y,N,가해,개인형이동수단(PM),여,21-30세,상해없음,보행자,남,21-30세,경상,2023.xlsx
2023144778,2023-09,2023,9,광진구,야간,경상사고,차대사람 - 보도통행중,차대사람,보도통행중,기타,건조,맑음,기타 - 기타,기타,기타,0,0,1,0,1,1,0,Y,N,가해,개인형이동수단(PM),남,21-30세,상해없음,보행자,남,31-40세,경상,2023.xlsx
2023130268,2023-09,2023,9,구로구,야간,중상사고,차대사람 - 횡단중,차대사람,횡단중,보행자보호의무위반,건조,맑음,교차로 - 교차로횡단보도내,교차로,교차로횡단보도내,0,1,0,0,1,1,1,Y,N,가해,개인형이동수단(PM),여,21-30세,상해없음,보행자,여,51-60세,중상,2023.xlsx
2023132390,2023-09,2023,9,구로구,야간,경상사고,차대차 - 기타,차대차,기타,안전운전불이행,건조,맑음,교차로 - 교차로안,교차로,교차로안,0,0,1,0,1,1,0,N,Y,피해,원동기,남,20세 이하,상해없음,개인형이동수단(PM),남,41-50세,경상,2023.xlsx
2023133570,2023-09,2023,9,구로구,야간,경상사고,차대사람 - 기타,차대사람,기타,교차로운행방법위반,건조,맑음,교차로 - 교차로안,교차로,교차로안,0,0,1,0,1,1,0,Y,N,가해,개인형이동수단(PM),남,21-30세,상해없음,보행자,여,65세 이상,경상,2023.xlsx
2023140230,2023-09,2023,9,구로구,야간,중상사고,차대사람 - 기타,차대사람,기타,안전운전불이행,건조,맑음,단일로 - 기타,단일로,기타,0,1,0,0,1,1,1,Y,N,가해,개인형이동수단(PM),여,20세 이하,상해없음,보행자,여,21-30세,중상,2023.xlsx
2023131384,2023-09,2023,9,금천구,주간,중상사고,차대사람 - 기타,차대사람,기타,안전운전불이행,건조,맑음,기타 - 기타,기타,기타,0,1,0,0,1,1,1,Y,N,가해,개인형이동수단(PM),여,20세 이하,상해없음,보행자,여,65세 이상,중상,2023.xlsx
2023137298,2023-09,2023,9,금천구,야간,부상신고사고,차대차 - 충돌,차대차,충돌,안전운전불이행,젖음/습기,비,기타 - 기타,기타,기타,0,0,0,1,1,1,0,Y,N,가해,개인형이동수단(PM),남,21-30세,부상신고,이륜,남,51-60세,상해없음,2023.xlsx
2023134143,2023-09,2023,9,노원구,야간,부상신고사고,차대차 - 기타,차대차,기타,기타,건조,맑음,단일로 - 기타,단일로,기타,0,0,0,1,1,1,0,N,Y,피해,이륜,남,41-50세,상해없음,개인형이동수단(PM),남,21-30세,상해없음,2023.xlsx
2023134531,2023-09,2023,9,노원구,주간,중상사고,차대차 - 충돌,차대차,충돌,안전운전불이행,건조,맑음,단일로 - 기타,단일로,기타,0,1,0,0,1,1,1,Y,N,가해,개인형이동수단(PM),남,21-30세,상해없음,자전거,여,41-50세,중상,2023.xlsx
2023142223,2023-09,2023,9,노원구,야간,경상사고,차대사람 - 기타,차대사람,기타,보행자보호의무위반,건조,맑음,교차로 - 교차로안,교차로,교차로안,0,0,1,0,1,1,0,Y,N,가해,개인형이동수단(PM),남,20세 이하,상해없음,보행자,여,21-30세,경상,2023.xlsx
2023145259,2023-09,2023,9,노원구,야간,경상사고,차대차 - 충돌,차대차,충돌,교차로운행방법위반,건조,맑음,교차로 - 교차로안,교차로,교차로안,0,0,1,0,1,1,0,N,Y,피해,승용,남,41-50세,상해없음,개인형이동수단(PM),남,41-50세,경상,2023.xlsx
2023141608,2023-09,2023,9,도봉구,야간,부상신고사고,차대차 - 기타,차대차,기타,안전거리미확보,건조,맑음,단일로 - 기타,단일로,기타,0,0,0,1,1,1,0,Y,N,가해,개인형이동수단(PM),남,41-50세,부상신고,승합,남,65세 이상,상해없음,2023.xlsx
2023145657,2023-09,2023,9,도봉구,야간,중상사고,차량단독 - 기타,차량단독,기타,안전운전불이행,건조,맑음,단일로 - 기타,단일로,기타,0,1,0,0,1,1,1,Y,N,가해,개인형이동수단(PM),남,20세 이하,상해없음,,,,,2023.xlsx
2023133641,2023-09,2023,9,동작구,야간,경상사고,차대사람 - 기타,차대사람,기타,안전운전불이행,건조,맑음,단일로 - 기타,단일로,기타,0,0,1,0,1,1,0,Y,N,가해,개인형이동수단(PM),여,21-30세,상해없음,보행자,여,41-50세,경상,2023.xlsx
2023128895,2023-09,2023,9,마포구,야간,중상사고,차대사람 - 보도통행중,차대사람,보도통행중,기타,건조,맑음,기타 - 기타,기타,기타,0,1,0,0,1,1,1,Y,N,가해,개인형이동수단(PM),남,21-30세,상해없음,보행자,남,41-50세,중상,2023.xlsx
2023133756,2023-09,2023,9,마포구,야간,경상사고,차대사람 - 보도통행중,차대사람,보도통행중,기타,건조,맑음,기타 - 기타,기타,기타,0,0,1,0,1,1,0,Y,N,가해,개인형이동수단(PM),남,31-40세,상해없음,보행자,여,31-40세,경상,2023.xlsx
2023139216,2023-09,2023,9,마포구,주간,경상사고,차대차 - 기타,차대차,기타,안전운전불이행,건조,맑음,교차로 - 교차로안,교차로,교차로안,0,0,2,0,2,2,0,Y,N,가해,개인형이동수단(PM),남,21-30세,경상,이륜,남,41-50세,경상,2023.xlsx
2023140559,2023-09,2023,9,마포구,주간,경상사고,차대사람 - 기타,차대사람,기타,안전운전불이행,건조,맑음,단일로 - 기타,단일로,기타,0,0,1,0,1,1,0,Y,N,가해,개인형이동수단(PM),남,21-30세,상해없음,보행자,남,41-50세,경상,2023.xlsx
2023145991,2023-09,2023,9,마포구,야간,경상사고,차대차 - 기타,차대차,기타,안전운전불이행,건조,맑음,단일로 - 기타,단일로,기타,0,0,1,0,1,1,0,Y,N,가해,개인형이동수단(PM),남,31-40세,경상,승용,남,41-50세,상해없음,2023.xlsx
2023138976,2023-09,2023,9,서대문구,야간,경상사고,차대차 - 기타,차대차,기타,안전운전불이행,건조,맑음,단일로 - 기타,단일로,기타,0,0,1,0,1,1,0,N,Y,피해,승용,남,41-50세,상해없음,개인형이동수단(PM),남,51-60세,경상,2023.xlsx
2023144091,2023-09,2023,9,서대문구,야간,부상신고사고,차대차 - 기타,차대차,기타,신호위반,건조,맑음,교차로 - 교차로안,교차로,교차로안,0,0,0,1,1,1,0,Y,N,가해,개인형이동수단(PM),남,20세 이하,부상신고,승용,남,41-50세,상해없음,2023.xlsx
2023130587,2023-09,2023,9,서초구,주간,중상사고,차대사람 - 보도통행중,차대사람,보도통행중,기타,건조,맑음,단일로 - 기타,단일로,기타,0,1,0,0,1,1,1,Y,N,가해,개인형이동수단(PM),남,31-40세,상해없음,보행자,여,65세 이상,중상,2023.xlsx
2023131714,2023-09,2023,9,서초구,야간,중상사고,차대사람 - 보도통행중,차대사람,보도통행중,기타,건조,맑음,단일로 - 기타,단일로,기타,0,1,0,0,1,1,1,Y,N,가해,개인형이동수단(PM),남,21-30세,상해없음,보행자,여,65세 이상,중상,2023.xlsx
2023131163,2023-09,2023,9,성북구,주간,경상사고,차대차 - 충돌,차대차,충돌,안전운전불이행,건조,맑음,교차로 - 교차로안,교차로,교차로안,0,0,1,0,1,1,0,N,Y,피해,승용,남,41-50세,상해없음,개인형이동수단(PM),남,21-30세,경상,2023.xlsx
2023135437,2023-09,2023,9,성북구,주간,중상사고,차대사람 - 기타,차대사람,기타,안전운전불이행,건조,맑음,단일로 - 기타,단일로,기타,0,1,0,0,1,1,1,Y,N,가해,개인형이동수단(PM),여,21-30세,기타불명,보행자,남,41-50세,중상,2023.xlsx
2023136294,2023-09,2023,9,성북구,주간,경상사고,차대사람 - 차도통행중,차대사람,차도통행중,신호위반,건조,맑음,교차로 - 교차로횡단보도내,교차로,교차로횡단보도내,0,0,1,0,1,1,0,Y,N,가해,개인형이동수단(PM),남,65세 이상,기타불명,보행자,여,41-50세,경상,2023.xlsx
2023132260,2023-09,2023,9,송파구,야간,경상사고,차대차 - 충돌,차대차,충돌,신호위반,건조,맑음,교차로 - 교차로안,교차로,교차로안,0,0,1,0,1,1,0,N,Y,피해,이륜,남,21-30세,상해없음,개인형이동수단(PM),여,31-40세,경상,2023.xlsx
2023135175,2023-09,2023,9,송파구,주간,경상사고,차대사람 - 보도통행중,차대사람,보도통행중,기타,건조,맑음,기타 - 기타,기타,기타,0,0,1,0,1,1,0,Y,N,가해,개인형이동수단(PM),남,20세 이하,상해없음,보행자,남,21-30세,경상,2023.xlsx
2023137864,2023-09,2023,9,송파구,야간,부상신고사고,차대차 - 기타,차대차,기타,신호위반,젖음/습기,비,교차로 - 교차로안,교차로,교차로안,0,0,0,1,1,1,0,Y,N,가해,개인형이동수단(PM),남,31-40세,부상신고,승용,남,51-60세,상해없음,2023.xlsx
2023139495,2023-09,2023,9,송파구,야간,중상사고,차대차 - 기타,차대차,기타,기타,건조,맑음,교차로 - 교차로안,교차로,교차로안,0,1,1,0,2,2,1,Y,N,가해,개인형이동수단(PM),여,20세 이하,경상,승용,남,31-40세,중상,2023.xlsx
2023139984,2023-09,2023,9,송파구,주간,중상사고,차대차 - 기타,차대차,기타,안전운전불이행,젖음/습기,비,교차로 - 교차로횡단보도내,교차로,교차로횡단보도내,0,1,0,0,1,1,1,Y,N,가해,개인형이동수단(PM),남,21-30세,중상,승용,남,41-50세,상해없음,2023.xlsx
2023140434,2023-09,2023,9,송파구,주간,경상사고,차대차 - 충돌,차대차,충돌,신호위반,건조,맑음,교차로 - 교차로횡단보도내,교차로,교차로횡단보도내,0,0,2,0,2,2,0,Y,N,가해,개인형이동수단(PM),여,20세 이하,경상,승용,여,51-60세,경상,2023.xlsx
2023140475,2023-09,2023,9,송파구,주간,경상사고,차대차 - 충돌,차대차,충돌,안전운전불이행,건조,맑음,단일로 - 기타,단일로,기타,0,0,1,0,1,1,0,Y,N,가해,개인형이동수단(PM),남,20세 이하,상해없음,이륜,남,31-40세,경상,2023.xlsx
2023128906,2023-09,2023,9,영등포구,야간,경상사고,차대차 - 충돌,차대차,충돌,안전운전불이행,건조,맑음,교차로 - 교차로부근,교차로,교차로부근,0,0,1,0,1,1,0,Y,N,가해,개인형이동수단(PM),여,41-50세,경상,화물,남,31-40세,상해없음,2023.xlsx
2023131910,2023-09,2023,9,영등포구,주간,중상사고,차대사람 - 횡단중,차대사람,횡단중,안전운전불이행,건조,맑음,단일로 - 기타,단일로,기타,0,1,0,0,1,1,1,Y,N,가해,개인형이동수단(PM),남,20세 이하,상해없음,보행자,여,51-60세,중상,2023.xlsx
2023138653,2023-09,2023,9,영등포구,주간,중상사고,차량단독 - 기타,차량단독,기타,안전운전불이행,건조,맑음,교차로 - 교차로부근,교차로,교차로부근,0,1,0,0,1,1,1,Y,N,가해,개인형이동수단(PM),여,51-60세,중상,,,,,2023.xlsx
2023142907,2023-09,2023,9,영등포구,주간,중상사고,차대차 - 기타,차대차,기타,신호위반,건조,맑음,교차로 - 교차로안,교차로,교차로안,0,1,0,0,1,1,1,Y,N,가해,개인형이동수단(PM),남,41-50세,중상,이륜,남,31-40세,기타불명,2023.xlsx
2023141602,2023-09,2023,9,종로구,야간,경상사고,차대사람 - 보도통행중,차대사람,보도통행중,기타,건조,맑음,기타 - 기타,기타,기타,0,0,1,0,1,1,0,Y,N,가해,개인형이동수단(PM),남,31-40세,상해없음,보행자,여,41-50세,경상,2023.xlsx
2023142381,2023-09,2023,9,종로구,주간,경상사고,차대차 - 기타,차대차,기타,안전운전불이행,건조,맑음,교차로 - 교차로부근,교차로,교차로부근,0,0,1,0,1,1,0,N,Y,피해,승용,남,65세 이상,상해없음,개인형이동수단(PM),남,31-40세,경상,2023.xlsx
2023128563,2023-09,2023,9,중랑구,주간,경상사고,차대차 - 기타,차대차,기타,안전운전불이행,건조,맑음,기타 - 기타,기타,기타,0,0,2,0,2,2,0,Y,N,가해,개인형이동수단(PM),여,41-50세,상해없음,승용,남,31-40세,상해없음,2023.xlsx
2023145689,2023-09,2023,9,중랑구,주간,경상사고,차대차 - 충돌,차대차,충돌,안전운전불이행,건조,맑음,교차로 - 교차로안,교차로,교차로안,0,0,1,0,1,1,0,Y,N,가해,개인형이동수단(PM),남,20세 이하,상해없음,자전거,남,65세 이상,경상,2023.xlsx
2023146143,2023-10,2023,10,강남구,주간,부상신고사고,차대차 - 충돌,차대차,충돌,안전운전불이행,건조,맑음,교차로 - 교차로안,교차로,교차로안,0,0,0,1,1,1,0,Y,N,가해,개인형이동수단(PM),여,31-40세,부상신고,승용,여,51-60세,상해없음,2023.xlsx
2023147311,2023-10,2023,10,강남구,주간,경상사고,차대사람 - 보도통행중,차대사람,보도통행중,안전운전불이행,건조,맑음,기타 - 기타,기타,기타,0,0,1,0,1,1,0,Y,N,가해,개인형이동수단(PM),여,31-40세,상해없음,보행자,여,31-40세,경상,2023.xlsx
2023148223,2023-10,2023,10,강남구,야간,경상사고,차대차 - 충돌,차대차,충돌,중앙선침범,건조,맑음,기타 - 기타,기타,기타,0,0,1,0,1,1,0,Y,N,가해,개인형이동수단(PM),남,41-50세,경상,승용,남,61-64세,상해없음,2023.xlsx
2023149169,2023-10,2023,10,강남구,주간,경상사고,차대차 - 기타,차대차,기타,안전운전불이행,건조,맑음,교차로 - 교차로안,교차로,교차로안,0,0,1,0,1,1,0,Y,N,가해,개인형이동수단(PM),남,41-50세,경상,승용,남,41-50세,상해없음,2023.xlsx
2023149841,2023-10,2023,10,강남구,야간,경상사고,차대차 - 기타,차대차,기타,안전운전불이행,건조,맑음,기타 - 기타,기타,기타,0,0,1,0,1,1,0,Y,N,가해,개인형이동수단(PM),남,20세 이하,경상,승용,남,61-64세,상해없음,2023.xlsx
2023150318,2023-10,2023,10,강남구,주간,경상사고,차대사람 - 보도통행중,차대사람,보도통행중,기타,건조,맑음,단일로 - 기타,단일로,기타,0,0,1,0,1,1,0,Y,N,가해,개인형이동수단(PM),남,20세 이하,상해없음,보행자,여,41-50세,경상,2023.xlsx
2023150365,2023-10,2023,10,강남구,주간,경상사고,차대차 - 기타,차대차,기타,안전운전불이행,건조,맑음,교차로 - 교차로안,교차로,교차로안,0,0,2,0,2,2,0,Y,N,가해,개인형이동수단(PM),남,31-40세,경상,승용,남,65세 이상,상해없음,2023.xlsx
2023151173,2023-10,2023,10,강남구,주간,경상사고,차대사람 - 기타,차대사람,기타,안전운전불이행,건조,맑음,교차로 - 교차로부근,교차로,교차로부근,0,0,1,0,1,1,0,Y,N,가해,개인형이동수단(PM),여,21-30세,상해없음,보행자,남,21-30세,경상,2023.xlsx
2023153076,2023-10,2023,10,강남구,주간,경상사고,차대차 - 기타,차대차,기타,기타,건조,맑음,교차로 - 교차로부근,교차로,교차로부근,0,0,1,0,1,1,0,Y,N,가해,개인형이동수단(PM),남,20세 이하,경상,승용,여,41-50세,상해없음,2023.xlsx
2023154088,2023-10,2023,10,강남구,주간,부상신고사고,차대사람 - 기타,차대사람,기타,보행자보호의무위반,건조,맑음,단일로 - 기타,단일로,기타,0,0,0,1,1,1,0,Y,N,가해,개인형이동수단(PM),남,31-40세,상해없음,보행자,여,12세 이하,부상신고,2023.xlsx
2023154164,2023-10,2023,10,강남구,주간,경상사고,차대사람 - 횡단중,차대사람,횡단중,보행자보호의무위반,건조,맑음,교차로 - 교차로부근,교차로,교차로부근,0,0,1,0,1,1,0,Y,N,가해,개인형이동수단(PM),여,20세 이하,상해없음,보행자,여,65세 이상,경상,2023.xlsx
2023155489,2023-10,2023,10,강남구,주간,경상사고,차대차 - 기타,차대차,기타,안전운전불이행,건조,맑음,단일로 - 기타,단일로,기타,0,0,1,0,1,1,0,Y,N,가해,개인형이동수단(PM),여,20세 이하,경상,승용,여,31-40세,상해없음,2023.xlsx
2023157388,2023-10,2023,10,강남구,주간,중상사고,차대사람 - 기타,차대사람,기타,기타,건조,맑음,단일로 - 기타,단일로,기타,0,1,0,0,1,1,1,Y,N,가해,개인형이동수단(PM),남,20세 이하,상해없음,보행자,여,12세 이하,중상,2023.xlsx
2023160250,2023-10,2023,10,강남구,야간,부상신고사고,차대차 - 기타,차대차,기타,안전운전불이행,건조,맑음,단일로 - 기타,단일로,기타,0,0,0,1,1,1,0,Y,N,가해,개인형이동수단(PM),남,20세 이하,부상신고,승용,남,65세 이상,상해없음,2023.xlsx
2023160439,2023-10,2023,10,강남구,야간,경상사고,차대차 - 기타,차대차,기타,안전운전불이행,건조,맑음,교차로 - 교차로횡단보도내,교차로,교차로횡단보도내,0,0,1,0,1,1,0,N,Y,피해,승용,남,61-64세,상해없음,개인형이동수단(PM),남,21-30세,경상,2023.xlsx
2023160738,2023-10,2023,10,강남구,주간,경상사고,차대차 - 기타,차대차,기타,교차로운행방법위반,건조,맑음,교차로 - 교차로부근,교차로,교차로부근,0,0,1,0,1,1,0,Y,N,가해,개인형이동수단(PM),남,21-30세,상해없음,승용,남,51-60세,경상,2023.xlsx
2023163095,2023-10,2023,10,강남구,주간,경상사고,차대사람 - 보도통행중,차대사람,보도통행중,기타,건조,맑음,기타 - 기타,기타,기타,0,0,1,0,1,1,0,Y,N,가해,개인형이동수단(PM),남,20세 이하,상해없음,보행자,여,31-40세,경상,2023.xlsx
2023158500,2023-10,2023,10,강동구,야간,중상사고,차대사람 - 보도통행중,차대사람,보도통행중,기타,건조,맑음,단일로 - 기타,단일로,기타,0,1,0,0,1,1,1,Y,N,가해,개인형이동수단(PM),여,20세 이하,상해없음,보행자,여,21-30세,중상,2023.xlsx
2023157939,2023-10,2023,10,강북구,주간,경상사고,차대사람 - 차도통행중,차대사람,차도통행중,안전운전불이행,건조,맑음,교차로 - 교차로안,교차로,교차로안,0,0,1,0,1,1,0,Y,N,가해,개인형이동수단(PM),남,20세 이하,상해없음,보행자,남,61-64세,경상,2023.xlsx
2023146552,2023-10,2023,10,강서구,주간,중상사고,차대차 - 충돌,차대차,충돌,신호위반,건조,맑음,단일로 - 기타,단일로,기타,0,1,1,0,2,2,1,N,Y,피해,승용,남,65세 이상,상해없음,개인형이동수단(PM),남,41-50세,중상,2023.xlsx
2023150005,2023-10,2023,10,강서구,주간,경상사고,차대차 - 기타,차대차,기타,안전운전불이행,건조,맑음,교차로 - 교차로안,교차로,교차로안,0,0,1,0,1,1,0,Y,N,가해,개인형이동수단(PM),남,20세 이하,경상,승용,여,21-30세,상해없음,2023.xlsx
2023156380,2023-10,2023,10,강서구,주간,부상신고사고,차대차 - 기타,차대차,기타,안전운전불이행,건조,맑음,교차로 - 교차로부근,교차로,교차로부근,0,0,0,1,1,1,0,Y,N,가해,개인형이동수단(PM),남,21-30세,부상신고,화물,남,51-60세,상해없음,2023.xlsx
2023153467,2023-10,2023,10,관악구,주간,부상신고사고,차대차 - 충돌,차대차,충돌,기타,건조,맑음,교차로 - 교차로부근,교차로,교차로부근,0,0,0,1,1,1,0,Y,N,가해,개인형이동수단(PM),남,21-30세,부상신고,승용,남,65세 이상,상해없음,2023.xlsx
2023155671,2023-10,2023,10,관악구,야간,경상사고,차대사람 - 보도통행중,차대사람,보도통행중,기타,건조,맑음,단일로 - 기타,단일로,기타,0,0,1,0,1,1,0,Y,N,가해,개인형이동수단(PM),남,20세 이하,상해없음,보행자,남,41-50세,경상,2023.xlsx
2023157187,2023-10,2023,10,관악구,주간,중상사고,차대사람 - 횡단중,차대사람,횡단중,신호위반,건조,맑음,교차로 - 교차로횡단보도내,교차로,교차로횡단보도내,0,1,0,0,1,1,1,Y,N,가해,개인형이동수단(PM),남,61-64세,상해없음,보행자,여,65세 이상,중상,2023.xlsx
2023162230,2023-10,2023,10,관악구,주간,경상사고,차대사람 - 기타,차대사람,기타,안전운전불이행,건조,맑음,교차로 - 교차로부근,교차로,교차로부근,0,0,1,0,1,1,0,Y,N,가해,개인형이동수단(PM),남,41-50세,상해없음,보행자,여,51-60세,경상,2023.xlsx
2023151911,2023-10,2023,10,광진구,주간,경상사고,차대차 - 기타,차대차,기타,신호위반,기타,맑음,단일로 - 기타,단일로,기타,0,0,2,0,2,2,0,Y,N,가해,개인형이동수단(PM),남,21-30세,경상,자전거,남,65세 이상,경상,2023.xlsx
2023162657,2023-10,2023,10,광진구,야간,경상사고,차대차 - 기타,차대차,기타,신호위반,건조,맑음,교차로 - 교차로횡단보도내,교차로,교차로횡단보도내,0,0,1,0,1,1,0,N,Y,피해,승용,여,21-30세,상해없음,개인형이동수단(PM),남,51-60세,경상,2023.xlsx
2023147262,2023-10,2023,10,구로구,야간,경상사고,차량단독 - 기타,차량단독,기타,기타,건조,맑음,교차로 - 교차로부근,교차로,교차로부근,0,0,1,0,1,1,0,Y,N,가해,개인형이동수단(PM),남,20세 이하,경상,,,,,2023.xlsx
2023152802,2023-10,2023,10,구로구,야간,중상사고,차대차 - 충돌,차대차,충돌,중앙선침범,건조,맑음,교차로 - 교차로안,교차로,교차로안,0,1,1,0,2,2,1,N,Y,피해,자전거,남,21-30세,중상,개인형이동수단(PM),남,31-40세,경상,2023.xlsx
2023163256,2023-10,2023,10,구로구,야간,부상신고사고,차대사람 - 횡단중,차대사람,횡단중,보행자보호의무위반,건조,맑음,교차로 - 교차로횡단보도내,교차로,교차로횡단보도내,0,0,0,1,1,1,0,Y,N,가해,개인형이동수단(PM),남,65세 이상,상해없음,보행자,남,12세 이하,부상신고,2023.xlsx
2023151368,2023-10,2023,10,금천구,야간,경상사고,차대사람 - 보도통행중,차대사람,보도통행중,기타,건조,맑음,단일로 - 기타,단일로,기타,0,0,1,0,1,1,0,Y,N,가해,개인형이동수단(PM),남,20세 이하,상해없음,보행자,여,65세 이상,경상,2023.xlsx
2023152440,2023-10,2023,10,금천구,주간,경상사고,차대차 - 충돌,차대차,충돌,안전운전불이행,건조,맑음,교차로 - 교차로안,교차로,교차로안,0,0,2,1,3,3,0,Y,N,가해,개인형이동수단(PM),남,21-30세,상해없음,기타불명,남,65세 이상,경상,2023.xlsx
2023161572,2023-10,2023,10,금천구,야간,중상사고,차대차 - 충돌,차대차,충돌,신호위반,건조,맑음,교차로 - 교차로안,교차로,교차로안,0,1,1,0,2,2,1,Y,N,가해,개인형이동수단(PM),남,31-40세,중상,원동기,남,21-30세,경상,2023.xlsx
2023161846,2023-10,2023,10,금천구,주간,경상사고,차대사람 - 보도통행중,차대사람,보도통행중,보행자보호의무위반,건조,맑음,기타 - 기타,기타,기타,0,0,1,0,1,1,0,Y,N,가해,개인형이동수단(PM),남,41-50세,상해없음,보행자,남,61-64세,경상,2023.xlsx
2023149677,2023-10,2023,10,노원구,주간,부상신고사고,차대차 - 충돌,차대차,충돌,기타,건조,맑음,교차로 - 교차로안,교차로,교차로안,0,0,0,1,1,1,0,Y,N,가해,개인형이동수단(PM),남,20세 이하,부상신고,승용,남,41-50세,상해없음,2023.xlsx
2023151009,2023-10,2023,10,노원구,주간,중상사고,차대사람 - 보도통행중,차대사람,보도통행중,안전운전불이행,건조,맑음,단일로 - 기타,단일로,기타,0,1,0,0,1,1,1,Y,N,가해,개인형이동수단(PM),남,20세 이하,기타불명,보행자,여,65세 이상,중상,2023.xlsx
2023151372,2023-10,2023,10,노원구,야간,중상사고,차대차 - 충돌,차대차,충돌,안전운전불이행,건조,맑음,교차로 - 교차로안,교차로,교차로안,0,1,0,0,1,1,1,Y,N,가해,개인형이동수단(PM),여,20세 이하,상해없음,승용,여,41-50세,상해없음,2023.xlsx
2023151509,2023-10,2023,10,노원구,야간,경상사고,차대차 - 기타,차대차,기타,중앙선침범,건조,맑음,단일로 - 기타,단일로,기타,0,0,1,0,1,1,0,Y,N,가해,개인형이동수단(PM),남,20세 이하,경상,승용,남,51-60세,상해없음,2023.xlsx
2023151947,2023-10,2023,10,노원구,야간,경상사고,차대차 - 충돌,차대차,충돌,안전운전불이행,건조,맑음,단일로 - 기타,단일로,기타,0,0,1,0,1,1,0,Y,N,가해,개인형이동수단(PM),남,65세 이상,경상,승합,남,61-64세,상해없음,2023.xlsx
2023153530,2023-10,2023,10,노원구,주간,경상사고,차대차 - 기타,차대차,기타,신호위반,건조,맑음,단일로 - 기타,단일로,기타,0,0,1,0,1,1,0,N,Y,피해,승용,여,41-50세,상해없음,개인형이동수단(PM),남,13-20세,경상,2023.xlsx
2023153604,2023-10,2023,10,노원구,주간,경상사고,차대사람 - 횡단중,차대사람,횡단중,신호위반,건조,맑음,교차로 - 교차로횡단보도내,교차로,교차로횡단보도내,0,0,1,0,1,1,0,Y,N,가해,개인형이동수단(PM),남,20세 이하,상해없음,보행자,여,65세 이상,경상,2023.xlsx
2023154695,2023-10,2023,10,노원구,주간,경상사고,차대사람 - 보도통행중,차대사람,보도통행중,안전운전불이행,건조,맑음,단일로 - 기타,단일로,기타,0,0,1,0,1,1,0,Y,N,가해,개인형이동수단(PM),여,20세 이하,상해없음,보행자,여,31-40세,경상,2023.xlsx
2023156951,2023-10,2023,10,동대문구,야간,경상사고,차대차 - 기타,차대차,기타,안전운전불이행,건조,맑음,교차로 - 교차로안,교차로,교차로안,0,0,1,0,1,1,0,Y,N,가해,개인형이동수단(PM),남,20세 이하,상해없음,이륜,남,31-40세,경상,2023.xlsx
2023163342,2023-10,2023,10,동대문구,야간,경상사고,차대사람 - 보도통행중,차대사람,보도통행중,기타,건조,맑음,단일로 - 기타,단일로,기타,0,0,1,0,1,1,0,Y,N,가해,개인형이동수단(PM),남,31-40세,상해없음,보행자,남,41-50세,경상,2023.xlsx
2023155985,2023-10,2023,10,동작구,주간,부상신고사고,차대사람 - 기타,차대사람,기타,안전운전불이행,건조,맑음,단일로 - 기타,단일로,기타,0,0,0,1,1,1,0,Y,N,가해,개인형이동수단(PM),남,20세 이하,상해없음,보행자,남,65세 이상,부상신고,2023.xlsx
2023161174,2023-10,2023,10,동작구,주간,부상신고사고,차대차 - 충돌,차대차,충돌,교차로운행방법위반,건조,기타,교차로 - 교차로안,교차로,교차로안,0,0,0,1,1,1,0,Y,N,가해,개인형이동수단(PM),남,20세 이하,부상신고,승용,남,65세 이상,상해없음,2023.xlsx
2023161796,2023-10,2023,10,동작구,주간,중상사고,차대사람 - 보도통행중,차대사람,보도통행중,기타,건조,맑음,교차로 - 교차로안,교차로,교차로안,0,1,0,0,1,1,1,Y,N,가해,개인형이동수단(PM),남,20세 이하,상해없음,보행자,남,65세 이상,중상,2023.xlsx
2023147822,2023-10,2023,10,마포구,야간,중상사고,차대차 - 기타,차대차,기타,안전운전불이행,건조,맑음,교차로 - 교차로횡단보도내,교차로,교차로횡단보도내,0,1,0,0,1,1,1,N,Y,피해,자전거,여,61-64세,중상,개인형이동수단(PM),남,21-30세,상해없음,2023.xlsx
2023151239,2023-10,2023,10,마포구,주간,중상사고,차대사람 - 보도통행중,차대사람,보도통행중,보행자보호의무위반,건조,맑음,교차로 - 교차로횡단보도내,교차로,교차로횡단보도내,0,1,0,0,1,1,1,Y,N,가해,개인형이동수단(PM),남,65세 이상,상해없음,보행자,여,41-50세,중상,2023.xlsx
2023160555,2023-10,2023,10,서대문구,주간,중상사고,차대사람 - 기타,차대사람,기타,신호위반,건조,맑음,교차로 - 교차로횡단보도내,교차로,교차로횡단보도내,0,1,0,0,1,1,1,Y,N,가해,개인형이동수단(PM),남,20세 이하,상해없음,보행자,남,65세 이상,중상,2023.xlsx
2023148360,2023-10,2023,10,서초구,야간,부상신고사고,차대차 - 충돌,차대차,충돌,안전운전불이행,건조,맑음,교차로 - 교차로부근,교차로,교차로부근,0,0,0,1,1,1,0,Y,N,가해,개인형이동수단(PM),남,20세 이하,상해없음,이륜,여,21-30세,부상신고,2023.xlsx
2023149327,2023-10,2023,10,서초구,야간,경상사고,차대사람 - 보도통행중,차대사람,보도통행중,기타,건조,맑음,단일로 - 기타,단일로,기타,0,0,1,0,1,1,0,Y,N,가해,개인형이동수단(PM),남,31-40세,상해없음,보행자,여,31-40세,경상,2023.xlsx
2023154163,2023-10,2023,10,서초구,주간,경상사고,차대사람 - 기타,차대사람,기타,기타,건조,맑음,교차로 - 교차로횡단보도내,교차로,교차로횡단보도내,0,0,1,0,1,1,0,Y,N,가해,개인형이동수단(PM),남,20세 이하,상해없음,보행자,여,13-20세,경상,2023.xlsx
2023159984,2023-10,2023,10,서초구,주간,경상사고,차대차 - 기타,차대차,기타,신호위반,건조,맑음,교차로 - 교차로안,교차로,교차로안,0,0,1,0,1,1,0,Y,N,가해,개인형이동수단(PM),여,21-30세,경상,승용,남,65세 이상,상해없음,2023.xlsx
2023163187,2023-10,2023,10,서초구,야간,중상사고,차량단독 - 기타,차량단독,기타,안전운전불이행,건조,기타,단일로 - 터널,단일로,터널,0,1,0,0,1,1,1,Y,N,가해,개인형이동수단(PM),남,31-40세,중상,,,,,2023.xlsx
2023159951,2023-10,2023,10,성동구,주간,경상사고,차대차 - 기타,차대차,기타,중앙선침범,건조,맑음,단일로 - 기타,단일로,기타,0,0,1,0,1,1,0,N,Y,피해,승용,남,31-40세,상해없음,개인형이동수단(PM),남,31-40세,경상,2023.xlsx
2023150921,2023-10,2023,10,성북구,주간,부상신고사고,차대차 - 기타,차대차,기타,안전운전불이행,건조,맑음,기타 - 기타,기타,기타,0,0,0,1,1,1,0,Y,N,가해,개인형이동수단(PM),여,20세 이하,부상신고,승용,여,41-50세,상해없음,2023.xlsx
2023151767,2023-10,2023,10,성북구,주간,경상사고,차대사람 - 보도통행중,차대사람,보도통행중,기타,건조,맑음,단일로 - 기타,단일로,기타,0,0,1,0,1,1,0,Y,N,가해,개인형이동수단(PM),남,20세 이하,상해없음,보행자,남,51-60세,경상,2023.xlsx
2023162386,2023-10,2023,10,성북구,주간,중상사고,차대차 - 기타,차대차,기타,안전운전불이행,건조,맑음,단일로 - 기타,단일로,기타,0,1,0,0,1,1,1,Y,N,가해,개인형이동수단(PM),남,31-40세,중상,승용,남,51-60세,상해없음,2023.xlsx
2023147792,2023-10,2023,10,송파구,야간,부상신고사고,차대사람 - 기타,차대사람,기타,안전운전불이행,건조,맑음,단일로 - 기타,단일로,기타,0,0,0,1,1,1,0,Y,N,가해,개인형이동수단(PM),남,20세 이하,상해없음,보행자,여,13-20세,부상신고,2023.xlsx
2023149971,2023-10,2023,10,송파구,주간,중상사고,차대차 - 추돌,차대차,추돌,안전거리미확보,건조,맑음,단일로 - 기타,단일로,기타,0,1,1,0,2,2,1,Y,N,가해,개인형이동수단(PM),남,65세 이상,중상,자전거,여,41-50세,경상,2023.xlsx
2023151478,2023-10,2023,10,송파구,야간,경상사고,차대차 - 기타,차대차,기타,안전거리미확보,건조,맑음,교차로 - 교차로부근,교차로,교차로부근,0,0,2,0,2,2,0,Y,N,가해,개인형이동수단(PM),남,20세 이하,상해없음,승합,남,41-50세,상해없음,2023.xlsx
2023153179,2023-10,2023,10,송파구,주간,경상사고,차대차 - 기타,차대차,기타,안전거리미확보,건조,맑음,단일로 - 기타,단일로,기타,0,0,1,0,1,1,0,N,Y,피해,승합,남,51-60세,상해없음,개인형이동수단(PM),남,61-64세,경상,2023.xlsx
2023153686,2023-10,2023,10,송파구,야간,중상사고,차대차 - 충돌,차대차,충돌,안전운전불이행,건조,맑음,단일로 - 기타,단일로,기타,0,1,0,0,1,1,1,N,Y,피해,승용,남,31-40세,상해없음,개인형이동수단(PM),남,65세 이상,중상,2023.xlsx
2023153845,2023-10,2023,10,송파구,주간,중상사고,차대차 - 추돌,차대차,추돌,교차로운행방법위반,건조,맑음,교차로 - 교차로안,교차로,교차로안,0,1,0,0,1,1,1,Y,N,가해,개인형이동수단(PM),남,65세 이상,상해없음,자전거,여,61-64세,중상,2023.xlsx
2023157390,2023-10,2023,10,송파구,주간,경상사고,차대사람 - 기타,차대사람,기타,안전운전불이행,건조,맑음,기타 - 기타,기타,기타,0,0,1,0,1,1,0,Y,N,가해,개인형이동수단(PM),남,20세 이하,상해없음,보행자,남,12세 이하,경상,2023.xlsx
2023158120,2023-10,2023,10,송파구,주간,중상사고,차대사람 - 기타,차대사람,기타,안전운전불이행,건조,맑음,기타 - 기타,기타,기타,0,1,0,0,1,1,1,Y,N,가해,개인형이동수단(PM),남,20세 이하,상해없음,보행자,여,41-50세,중상,2023.xlsx
2023159713,2023-10,2023,10,송파구,야간,경상사고,차대사람 - 길가장자리구역통행중,차대사람,길가장자리구역통행중,기타,침수,기타,기타 - 기타,기타,기타,0,0,1,0,1,1,0,Y,N,가해,개인형이동수단(PM),남,20세 이하,상해없음,보행자,남,21-30세,경상,2023.xlsx
2023162459,2023-10,2023,10,송파구,주간,중상사고,차량단독 - 기타,차량단독,기타,안전운전불이행,건조,맑음,단일로 - 기타,단일로,기타,0,1,0,0,1,1,1,Y,N,가해,개인형이동수단(PM),남,31-40세,중상,,,,,2023.xlsx
2023146768,2023-10,2023,10,양천구,야간,경상사고,차대차 - 충돌,차대차,충돌,안전운전불이행,건조,맑음,단일로 - 기타,단일로,기타,0,0,1,0,1,1,0,N,Y,피해,승용,남,31-40세,상해없음,개인형이동수단(PM),남,31-40세,경상,2023.xlsx
2023158939,2023-10,2023,10,양천구,주간,중상사고,차대차 - 충돌,차대차,충돌,신호위반,건조,맑음,교차로 - 교차로안,교차로,교차로안,0,1,0,0,1,1,1,Y,N,가해,개인형이동수단(PM),남,41-50세,중상,화물,남,41-50세,상해없음,2023.xlsx
2023161359,2023-10,2023,10,양천구,주간,경상사고,차대차 - 기타,차대차,기타,기타,건조,맑음,단일로 - 기타,단일로,기타,0,0,1,0,1,1,0,N,Y,피해,승용,여,61-64세,상해없음,개인형이동수단(PM),남,51-60세,경상,2023.xlsx
2023154404,2023-10,2023,10,영등포구,야간,경상사고,차대차 - 충돌,차대차,충돌,안전운전불이행,건조,맑음,단일로 - 기타,단일로,기타,0,0,1,0,1,1,0,N,Y,피해,승용,남,21-30세,상해없음,개인형이동수단(PM),남,21-30세,경상,2023.xlsx
2023158639,2023-10,2023,10,영등포구,야간,경상사고,차대사람 - 기타,차대사람,기타,안전운전불이행,건조,맑음,단일로 - 기타,단일로,기타,0,0,1,0,1,1,0,Y,N,가해,개인형이동수단(PM),남,41-50세,상해없음,보행자,여,31-40세,경상,2023.xlsx
2023150311,2023-10,2023,10,용산구,주간,경상사고,차대사람 - 보도통행중,차대사람,보도통행중,기타,건조,맑음,단일로 - 기타,단일로,기타,0,0,1,0,1,1,0,Y,N,가해,개인형이동수단(PM),남,31-40세,상해없음,보행자,남,41-50세,경상,2023.xlsx
2023156262,2023-10,2023,10,은평구,야간,경상사고,차대차 - 충돌,차대차,충돌,신호위반,건조,맑음,교차로 - 교차로안,교차로,교차로안,0,0,2,0,2,2,0,N,Y,피해,이륜,여,20세 이하,경상,개인형이동수단(PM),남,21-30세,경상,2023.xlsx
2023160380,2023-10,2023,10,은평구,야간,중상사고,차대차 - 기타,차대차,기타,신호위반,젖음/습기,비,단일로 - 기타,단일로,기타,0,1,0,0,1,1,1,N,Y,피해,승용,남,31-40세,기타불명,개인형이동수단(PM),여,21-30세,중상,2023.xlsx
2023152751,2023-10,2023,10,종로구,야간,경상사고,차대사람 - 보도통행중,차대사람,보도통행중,안전운전불이행,건조,맑음,기타 - 기타,기타,기타,0,0,1,0,1,1,0,Y,N,가해,개인형이동수단(PM),남,21-30세,상해없음,보행자,여,13-20세,경상,2023.xlsx
2023153718,2023-10,2023,10,종로구,야간,중상사고,차대차 - 충돌,차대차,충돌,기타,건조,맑음,단일로 - 기타,단일로,기타,0,1,0,0,1,1,1,N,Y,피해,승용,남,61-64세,상해없음,개인형이동수단(PM),남,13-20세,중상,2023.xlsx
2023160584,2023-10,2023,10,종로구,주간,경상사고,차대사람 - 보도통행중,차대사람,보도통행중,기타,건조,맑음,단일로 - 기타,단일로,기타,0,0,1,0,1,1,0,Y,N,가해,개인형이동수단(PM),남,65세 이상,상해없음,보행자,여,41-50세,경상,2023.xlsx
2023147384,2023-10,2023,10,중구,주간,경상사고,차대사람 - 기타,차대사람,기타,신호위반,건조,맑음,기타 - 기타,기타,기타,0,0,1,0,1,1,0,Y,N,가해,개인형이동수단(PM),여,31-40세,상해없음,보행자,여,41-50세,경상,2023.xlsx
2023148419,2023-10,2023,10,중구,주간,중상사고,차대사람 - 보도통행중,차대사람,보도통행중,기타,건조,맑음,기타 - 기타,기타,기타,0,1,0,0,1,1,1,Y,N,가해,개인형이동수단(PM),남,31-40세,상해없음,보행자,남,41-50세,중상,2023.xlsx
2023148781,2023-10,2023,10,중랑구,야간,경상사고,차대차 - 기타,차대차,기타,안전운전불이행,건조,맑음,기타 - 기타,기타,기타,0,0,1,0,1,1,0,Y,N,가해,개인형이동수단(PM),남,31-40세,상해없음,자전거,남,65세 이상,경상,2023.xlsx
2023152002,2023-10,2023,10,중랑구,야간,경상사고,차대차 - 기타,차대차,기타,교차로운행방법위반,건조,맑음,교차로 - 교차로안,교차로,교차로안,0,0,1,0,1,1,0,N,Y,피해,승용,남,65세 이상,상해없음,개인형이동수단(PM),남,51-60세,경상,2023.xlsx
2023152441,2023-10,2023,10,중랑구,주간,부상신고사고,차량단독 - 기타,차량단독,기타,안전운전불이행,건조,맑음,단일로 - 기타,단일로,기타,0,0,0,1,1,1,0,Y,N,가해,개인형이동수단(PM),남,61-64세,부상신고,,,,,2023.xlsx
2023163393,2023-11,2023,11,강남구,주간,사망사고,차대차 - 기타,차대차,기타,안전운전불이행,건조,맑음,단일로 - 기타,단일로,기타,1,0,0,0,0,1,1,N,Y,피해,화물,남,51-60세,상해없음,개인형이동수단(PM),남,31-40세,사망,2023.xlsx
2023164261,2023-11,2023,11,강남구,주간,부상신고사고,차대사람 - 보도통행중,차대사람,보도통행중,기타,건조,맑음,단일로 - 기타,단일로,기타,0,0,0,1,1,1,0,Y,N,가해,개인형이동수단(PM),여,20세 이하,상해없음,보행자,여,31-40세,부상신고,2023.xlsx
2023165247,2023-11,2023,11,강남구,야간,부상신고사고,차대차 - 기타,차대차,기타,안전운전불이행,건조,맑음,단일로 - 기타,단일로,기타,0,0,0,1,1,1,0,Y,N,가해,개인형이동수단(PM),남,21-30세,부상신고,승용,남,65세 이상,상해없음,2023.xlsx
2023165559,2023-11,2023,11,강남구,주간,경상사고,차대사람 - 기타,차대사람,기타,안전운전불이행,건조,맑음,단일로 - 기타,단일로,기타,0,0,1,0,1,1,0,Y,N,가해,개인형이동수단(PM),남,20세 이하,상해없음,보행자,남,51-60세,경상,2023.xlsx
2023166561,2023-11,2023,11,강남구,주간,경상사고,차대사람 - 기타,차대사람,기타,기타,젖음/습기,비,기타 - 기타,기타,기타,0,0,1,0,1,1,0,Y,N,가해,개인형이동수단(PM),남,21-30세,상해없음,보행자,남,21-30세,경상,2023.xlsx
2023167366,2023-11,2023,11,강남구,야간,경상사고,차대차 - 기타,차대차,기타,안전운전불이행,건조,맑음,단일로 - 기타,단일로,기타,0,0,2,0,2,2,0,N,Y,피해,이륜,남,41-50세,경상,개인형이동수단(PM),여,13-20세,경상,2023.xlsx
2023167596,2023-11,2023,11,강남구,주간,경상사고,차대사람 - 보도통행중,차대사람,보도통행중,안전운전불이행,기타,맑음,단일로 - 기타,단일로,기타,0,0,1,0,1,1,0,Y,N,가해,개인형이동수단(PM),여,21-30세,상해없음,보행자,남,21-30세,경상,2023.xlsx
2023168178,2023-11,2023,11,강남구,주간,경상사고,차대차 - 기타,차대차,기타,기타,건조,맑음,단일로 - 기타,단일로,기타,0,0,1,0,1,1,0,Y,N,가해,개인형이동수단(PM),남,41-50세,경상,승용,남,41-50세,상해없음,2023.xlsx
2023168433,2023-11,2023,11,강남구,주간,경상사고,차대차 - 기타,차대차,기타,안전운전불이행,건조,맑음,기타 - 기타,기타,기타,0,0,1,0,1,1,0,Y,N,가해,개인형이동수단(PM),남,20세 이하,경상,승용,남,65세 이상,상해없음,2023.xlsx
2023169630,2023-11,2023,11,강남구,주간,경상사고,차대사람 - 보도통행중,차대사람,보도통행중,기타,건조,맑음,단일로 - 기타,단일로,기타,0,0,1,0,1,1,0,Y,N,가해,개인형이동수단(PM),남,20세 이하,상해없음,보행자,남,21-30세,경상,2023.xlsx
2023171144,2023-11,2023,11,강남구,주간,부상신고사고,차대차 - 충돌,차대차,충돌,안전운전불이행,건조,맑음,단일로 - 기타,단일로,기타,0,0,0,1,1,1,0,Y,N,가해,개인형이동수단(PM),여,31-40세,부상신고,승용,남,65세 이상,상해없음,2023.xlsx
2023171189,2023-11,2023,11,강남구,주간,부상신고사고,차대사람 - 기타,차대사람,기타,기타,건조,맑음,단일로 - 기타,단일로,기타,0,0,0,1,1,1,0,Y,N,가해,개인형이동수단(PM),여,21-30세,상해없음,보행자,여,21-30세,부상신고,2023.xlsx
2023168503,2023-11,2023,11,강동구,주간,경상사고,차대차 - 충돌,차대차,충돌,안전운전불이행,젖음/습기,비,교차로 - 교차로부근,교차로,교차로부근,0,0,1,0,1,1,0,N,Y,피해,승용,남,51-60세,상해없음,개인형이동수단(PM),남,65세 이상,경상,2023.xlsx
2023173274,2023-11,2023,11,강동구,주간,경상사고,차대사람 - 보도통행중,차대사람,보도통행중,기타,건조,맑음,기타 - 기타,기타,기타,0,0,1,0,1,1,0,Y,N,가해,개인형이동수단(PM),남,20세 이하,상해없음,보행자,남,12세 이하,경상,2023.xlsx
2023178256,2023-11,2023,11,강동구,야간,경상사고,차대차 - 기타,차대차,기타,안전운전불이행,건조,맑음,단일로 - 기타,단일로,기타,0,0,1,0,1,1,0,N,Y,피해,승용,남,31-40세,상해없음,개인형이동수단(PM),여,41-50세,경상,2023.xlsx
2023179868,2023-11,2023,11,강동구,야간,중상사고,차대사람 - 보도통행중,차대사람,보도통행중,안전운전불이행,건조,맑음,기타 - 기타,기타,기타,0,1,0,0,1,1,1,Y,N,가해,개인형이동수단(PM),남,20세 이하,기타불명,보행자,여,61-64세,중상,2023.xlsx
2023165206,2023-11,2023,11,강서구,야간,부상신고사고,차대차 - 충돌,차대차,충돌,안전운전불이행,건조,맑음,단일로 - 기타,단일로,기타,0,0,0,1,1,1,0,Y,N,가해,개인형이동수단(PM),남,21-30세,부상신고,승용,여,51-60세,상해없음,2023.xlsx
2023173433,2023-11,2023,11,광진구,야간,경상사고,차대차 - 기타,차대차,기타,기타,건조,흐림,기타 - 기타,기타,기타,0,0,1,0,1,1,0,N,Y,피해,승용,남,65세 이상,상해없음,개인형이동수단(PM),남,31-40세,경상,2023.xlsx
2023173709,2023-11,2023,11,광진구,주간,경상사고,차대차 - 충돌,차대차,충돌,안전운전불이행,건조,맑음,교차로 - 교차로안,교차로,교차로안,0,0,1,0,1,1,0,N,Y,피해,자전거,여,51-60세,경상,개인형이동수단(PM),기타불명,기타불명,기타불명,2023.xlsx
2023173983,2023-11,2023,11,광진구,주간,경상사고,차대차 - 충돌,차대차,충돌,신호위반,건조,맑음,단일로 - 터널,단일로,터널,0,0,1,0,1,1,0,N,Y,피해,승용,남,65세 이상,상해없음,개인형이동수단(PM),여,13-20세,경상,2023.xlsx
2023175154,2023-11,2023,11,광진구,야간,경상사고,차대사람 - 기타,차대사람,기타,안전운전불이행,건조,흐림,기타 - 기타,기타,기타,0,0,1,0,1,1,0,Y,N,가해,개인형이동수단(PM),남,20세 이하,상해없음,보행자,남,41-50세,경상,2023.xlsx
2023164521,2023-11,2023,11,구로구,야간,경상사고,차대사람 - 기타,차대사람,기타,안전운전불이행,건조,맑음,단일로 - 기타,단일로,기타,0,0,2,0,2,2,0,Y,N,가해,개인형이동수단(PM),남,51-60세,경상,보행자,남,51-60세,경상,2023.xlsx
2023167035,2023-11,2023,11,금천구,주간,경상사고,차대차 - 기타,차대차,기타,신호위반,건조,맑음,단일로 - 기타,단일로,기타,0,0,1,0,1,1,0,Y,N,가해,개인형이동수단(PM),남,65세 이상,경상,승합,남,65세 이상,상해없음,2023.xlsx
2023167932,2023-11,2023,11,노원구,주간,중상사고,차대차 - 충돌,차대차,충돌,안전운전불이행,건조,맑음,교차로 - 교차로횡단보도내,교차로,교차로횡단보도내,0,1,0,0,1,1,1,N,Y,피해,자전거,여,41-50세,중상,개인형이동수단(PM),남,13-20세,상해없음,2023.xlsx
2023170893,2023-11,2023,11,노원구,야간,경상사고,차대사람 - 횡단중,차대사람,횡단중,안전운전불이행,건조,맑음,기타 - 기타,기타,기타,0,0,1,0,1,1,0,Y,N,가해,개인형이동수단(PM),남,21-30세,상해없음,보행자,여,21-30세,경상,2023.xlsx
2023180881,2023-11,2023,11,도봉구,주간,경상사고,차대차 - 충돌,차대차,충돌,안전운전불이행,건조,맑음,기타 - 기타,기타,기타,0,0,1,0,1,1,0,N,Y,피해,승용,남,65세 이상,상해없음,개인형이동수단(PM),남,61-64세,경상,2023.xlsx
2023165630,2023-11,2023,11,동대문구,야간,부상신고사고,차대차 - 기타,차대차,기타,안전운전불이행,건조,맑음,단일로 - 기타,단일로,기타,0,0,0,1,1,1,0,Y,N,가해,개인형이동수단(PM),남,51-60세,부상신고,승용,남,41-50세,상해없음,2023.xlsx
2023170549,2023-11,2023,11,동대문구,주간,중상사고,차대차 - 기타,차대차,기타,안전운전불이행,건조,맑음,교차로 - 교차로안,교차로,교차로안,0,1,0,0,1,1,1,N,Y,피해,승용,남,65세 이상,상해없음,개인형이동수단(PM),여,41-50세,중상,2023.xlsx
2023172169,2023-11,2023,11,동작구,야간,경상사고,차대사람 - 보도통행중,차대사람,보도통행중,기타,건조,맑음,단일로 - 기타,단일로,기타,0,0,1,0,1,1,0,Y,N,가해,개인형이동수단(PM),남,20세 이하,상해없음,보행자,여,21-30세,경상,2023.xlsx
2023175381,2023-11,2023,11,동작구,주간,중상사고,차대차 - 기타,차대차,기타,안전운전불이행,건조,기타,교차로 - 교차로안,교차로,교차로안,0,1,0,0,1,1,1,N,Y,피해,승용,여,41-50세,상해없음,개인형이동수단(PM),여,31-40세,중상,2023.xlsx
2023164255,2023-11,2023,11,마포구,주간,경상사고,차대차 - 충돌,차대차,충돌,안전운전불이행,건조,맑음,교차로 - 교차로안,교차로,교차로안,0,0,1,0,1,1,0,Y,N,가해,개인형이동수단(PM),남,21-30세,상해없음,자전거,여,51-60세,경상,2023.xlsx
2023179480,2023-11,2023,11,마포구,주간,중상사고,차대사람 - 차도통행중,차대사람,차도통행중,안전운전불이행,건조,맑음,단일로 - 기타,단일로,기타,0,1,0,0,1,1,1,Y,N,가해,개인형이동수단(PM),여,21-30세,상해없음,보행자,여,65세 이상,중상,2023.xlsx
2023169409,2023-11,2023,11,서대문구,야간,경상사고,차대사람 - 보도통행중,차대사람,보도통행중,기타,건조,맑음,단일로 - 기타,단일로,기타,0,0,1,0,1,1,0,Y,N,가해,개인형이동수단(PM),남,20세 이하,상해없음,보행자,여,51-60세,경상,2023.xlsx
2023168409,2023-11,2023,11,서초구,주간,중상사고,차대차 - 충돌,차대차,충돌,안전운전불이행,건조,맑음,교차로 - 교차로횡단보도내,교차로,교차로횡단보도내,0,1,0,0,1,1,1,Y,N,가해,개인형이동수단(PM),여,20세 이하,중상,승용,남,65세 이상,상해없음,2023.xlsx
2023173031,2023-11,2023,11,서초구,주간,경상사고,차대차 - 충돌,차대차,충돌,안전운전불이행,건조,맑음,교차로 - 교차로안,교차로,교차로안,0,0,1,0,1,1,0,N,Y,피해,승용,남,51-60세,상해없음,개인형이동수단(PM),여,21-30세,경상,2023.xlsx
2023177393,2023-11,2023,11,서초구,주간,경상사고,차대사람 - 보도통행중,차대사람,보도통행중,기타,건조,맑음,기타 - 기타,기타,기타,0,0,1,0,1,1,0,Y,N,가해,개인형이동수단(PM),남,20세 이하,상해없음,보행자,여,65세 이상,경상,2023.xlsx
2023166423,2023-11,2023,11,성동구,주간,경상사고,차대사람 - 보도통행중,차대사람,보도통행중,신호위반,건조,맑음,단일로 - 기타,단일로,기타,0,0,1,0,1,1,0,Y,N,가해,개인형이동수단(PM),남,21-30세,상해없음,보행자,여,65세 이상,경상,2023.xlsx
2023179967,2023-11,2023,11,성북구,주간,사망사고,차대차 - 충돌,차대차,충돌,안전운전불이행,건조,기타,기타 - 기타,기타,기타,1,0,0,0,0,1,1,N,Y,피해,승합,남,61-64세,상해없음,개인형이동수단(PM),여,65세 이상,사망,2023.xlsx
2023170198,2023-11,2023,11,송파구,주간,중상사고,차대사람 - 기타,차대사람,기타,안전운전불이행,건조,맑음,단일로 - 기타,단일로,기타,0,1,0,0,1,1,1,Y,N,가해,개인형이동수단(PM),남,20세 이하,상해없음,보행자,남,31-40세,중상,2023.xlsx
2023174663,2023-11,2023,11,송파구,주간,경상사고,차대차 - 기타,차대차,기타,안전운전불이행,건조,맑음,단일로 - 기타,단일로,기타,0,0,2,0,2,2,0,Y,N,가해,개인형이동수단(PM),남,21-30세,경상,자전거,남,51-60세,경상,2023.xlsx
2023175732,2023-11,2023,11,송파구,야간,경상사고,차대사람 - 기타,차대사람,기타,안전운전불이행,건조,맑음,기타 - 기타,기타,기타,0,0,2,0,2,2,0,Y,N,가해,개인형이동수단(PM),남,21-30세,경상,보행자,남,51-60세,경상,2023.xlsx
2023177215,2023-11,2023,11,송파구,주간,경상사고,차대사람 - 기타,차대사람,기타,안전운전불이행,건조,맑음,단일로 - 기타,단일로,기타,0,0,1,0,1,1,0,Y,N,가해,개인형이동수단(PM),남,31-40세,상해없음,보행자,남,51-60세,경상,2023.xlsx
2023168817,2023-11,2023,11,영등포구,주간,중상사고,차대차 - 충돌,차대차,충돌,기타,건조,맑음,교차로 - 교차로안,교차로,교차로안,0,1,0,0,1,1,1,N,Y,피해,승용,남,41-50세,상해없음,개인형이동수단(PM),남,65세 이상,중상,2023.xlsx
2023175483,2023-11,2023,11,영등포구,주간,경상사고,차대사람 - 차도통행중,차대사람,차도통행중,안전운전불이행,건조,맑음,단일로 - 기타,단일로,기타,0,0,1,0,1,1,0,Y,N,가해,개인형이동수단(PM),남,65세 이상,상해없음,보행자,여,65세 이상,경상,2023.xlsx
2023164003,2023-11,2023,11,은평구,주간,경상사고,차대사람 - 기타,차대사람,기타,안전운전불이행,건조,맑음,단일로 - 기타,단일로,기타,0,0,1,0,1,1,0,Y,N,가해,개인형이동수단(PM),여,31-40세,상해없음,보행자,남,51-60세,경상,2023.xlsx
2023167042,2023-11,2023,11,은평구,주간,경상사고,차대사람 - 기타,차대사람,기타,안전운전불이행,건조,맑음,교차로 - 교차로부근,교차로,교차로부근,0,0,1,0,1,1,0,Y,N,가해,개인형이동수단(PM),남,21-30세,상해없음,보행자,여,51-60세,경상,2023.xlsx
2023167844,2023-11,2023,11,은평구,주간,경상사고,차대차 - 충돌,차대차,충돌,신호위반,건조,맑음,교차로 - 교차로안,교차로,교차로안,0,0,1,0,1,1,0,Y,N,가해,개인형이동수단(PM),여,31-40세,상해없음,화물,남,61-64세,상해없음,2023.xlsx
2023175907,2023-11,2023,11,중구,야간,중상사고,차대차 - 충돌,차대차,충돌,기타,건조,흐림,교차로 - 교차로부근,교차로,교차로부근,0,1,1,0,2,2,1,Y,N,가해,개인형이동수단(PM),여,21-30세,중상,승용,여,13-20세,경상,2023.xlsx
2023175909,2023-11,2023,11,중구,야간,중상사고,차대차 - 충돌,차대차,충돌,기타,건조,흐림,교차로 - 교차로횡단보도내,교차로,교차로횡단보도내,0,1,1,0,2,2,1,Y,N,가해,개인형이동수단(PM),여,21-30세,중상,승용,여,13-20세,경상,2023.xlsx
2023181864,2023-12,2023,12,강남구,주간,중상사고,차대차 - 기타,차대차,기타,안전운전불이행,건조,맑음,교차로 - 교차로횡단보도내,교차로,교차로횡단보도내,0,1,0,0,1,1,1,N,Y,피해,승용,남,21-30세,상해없음,개인형이동수단(PM),남,13-20세,중상,2023.xlsx
2023183698,2023-12,2023,12,강남구,야간,부상신고사고,차대차 - 충돌,차대차,충돌,안전운전불이행,건조,맑음,교차로 - 교차로안,교차로,교차로안,0,0,0,1,1,1,0,Y,N,가해,개인형이동수단(PM),남,21-30세,부상신고,승용,남,65세 이상,상해없음,2023.xlsx
2023184263,2023-12,2023,12,강남구,야간,중상사고,차대사람 - 기타,차대사람,기타,안전거리미확보,젖음/습기,흐림,단일로 - 기타,단일로,기타,0,1,0,0,1,1,1,Y,N,가해,개인형이동수단(PM),남,20세 이하,상해없음,보행자,남,31-40세,중상,2023.xlsx
2023190164,2023-12,2023,12,강남구,주간,중상사고,차대사람 - 기타,차대사람,기타,기타,건조,맑음,단일로 - 기타,단일로,기타,0,1,0,0,1,1,1,Y,N,가해,개인형이동수단(PM),여,21-30세,상해없음,보행자,여,41-50세,중상,2023.xlsx
2023196589,2023-12,2023,12,강남구,주간,경상사고,차대차 - 기타,차대차,기타,안전운전불이행,건조,맑음,단일로 - 기타,단일로,기타,0,0,1,0,1,1,0,Y,N,가해,개인형이동수단(PM),남,21-30세,경상,승용,남,41-50세,상해없음,2023.xlsx
2023183347,2023-12,2023,12,강동구,주간,경상사고,차대차 - 추돌,차대차,추돌,신호위반,건조,맑음,교차로 - 교차로안,교차로,교차로안,0,0,1,0,1,1,0,N,Y,피해,승용,남,41-50세,상해없음,개인형이동수단(PM),남,31-40세,경상,2023.xlsx
2023188702,2023-12,2023,12,강서구,주간,경상사고,차대사람 - 보도통행중,차대사람,보도통행중,안전운전불이행,젖음/습기,비,단일로 - 기타,단일로,기타,0,0,1,0,1,1,0,Y,N,가해,개인형이동수단(PM),기타불명,기타불명,기타불명,보행자,여,31-40세,경상,2023.xlsx
2023184260,2023-12,2023,12,관악구,야간,중상사고,차대차 - 기타,차대차,기타,신호위반,건조,맑음,기타 - 기타,기타,기타,0,1,0,0,1,1,1,N,Y,피해,화물,남,41-50세,상해없음,개인형이동수단(PM),남,13-20세,중상,2023.xlsx
2023194015,2023-12,2023,12,관악구,주간,중상사고,차대차 - 추돌,차대차,추돌,안전운전불이행,건조,맑음,단일로 - 기타,단일로,기타,0,1,0,0,1,1,1,N,Y,피해,이륜,남,31-40세,상해없음,개인형이동수단(PM),남,31-40세,중상,2023.xlsx
2023183947,2023-12,2023,12,광진구,주간,중상사고,차대차 - 기타,차대차,기타,안전운전불이행,건조,맑음,교차로 - 교차로부근,교차로,교차로부근,0,1,0,0,1,1,1,N,Y,피해,승용,여,41-50세,상해없음,개인형이동수단(PM),여,21-30세,중상,2023.xlsx
2023186196,2023-12,2023,12,광진구,야간,중상사고,차대차 - 기타,차대차,기타,기타,건조,맑음,교차로 - 교차로부근,교차로,교차로부근,0,1,0,0,1,1,1,N,Y,피해,승용,남,65세 이상,상해없음,개인형이동수단(PM),남,21-30세,중상,2023.xlsx
2023195028,2023-12,2023,12,구로구,야간,부상신고사고,차대차 - 충돌,차대차,충돌,신호위반,건조,맑음,교차로 - 교차로부근,교차로,교차로부근,0,0,0,1,1,1,0,Y,N,가해,개인형이동수단(PM),여,20세 이하,부상신고,승용,남,65세 이상,상해없음,2023.xlsx
2023181972,2023-12,2023,12,노원구,주간,부상신고사고,차대사람 - 기타,차대사람,기타,안전운전불이행,건조,맑음,단일로 - 기타,단일로,기타,0,0,0,1,1,1,0,Y,N,가해,개인형이동수단(PM),여,20세 이하,상해없음,보행자,여,31-40세,부상신고,2023.xlsx
2023189464,2023-12,2023,12,노원구,주간,경상사고,차대차 - 기타,차대차,기타,중앙선침범,건조,맑음,단일로 - 기타,단일로,기타,0,0,1,0,1,1,0,Y,N,가해,개인형이동수단(PM),남,20세 이하,상해없음,승용,여,41-50세,경상,2023.xlsx
2023190338,2023-12,2023,12,노원구,야간,부상신고사고,차대차 - 충돌,차대차,충돌,기타,건조,맑음,교차로 - 교차로안,교차로,교차로안,0,0,0,1,1,1,0,Y,N,가해,개인형이동수단(PM),남,65세 이상,부상신고,승용,여,41-50세,상해없음,2023.xlsx
2023191097,2023-12,2023,12,노원구,주간,중상사고,차대차 - 충돌,차대차,충돌,신호위반,건조,맑음,교차로 - 교차로횡단보도내,교차로,교차로횡단보도내,0,1,0,0,1,1,1,Y,N,가해,개인형이동수단(PM),여,20세 이하,상해없음,자전거,여,65세 이상,중상,2023.xlsx
2023185691,2023-12,2023,12,도봉구,주간,중상사고,차대차 - 충돌,차대차,충돌,기타,건조,맑음,교차로 - 교차로안,교차로,교차로안,0,1,0,0,1,1,1,N,Y,피해,승용,여,65세 이상,상해없음,개인형이동수단(PM),여,31-40세,중상,2023.xlsx
2023197517,2023-12,2023,12,동대문구,야간,부상신고사고,차대차 - 기타,차대차,기타,안전운전불이행,건조,맑음,교차로 - 교차로안,교차로,교차로안,0,0,0,1,1,1,0,Y,N,가해,개인형이동수단(PM),남,31-40세,부상신고,기타불명,기타불명,기타불명,기타불명,2023.xlsx
2023186198,2023-12,2023,12,동작구,야간,중상사고,차량단독 - 기타,차량단독,기타,기타,건조,맑음,교차로 - 교차로안,교차로,교차로안,0,1,0,0,1,1,1,Y,N,가해,개인형이동수단(PM),남,41-50세,중상,,,,,2023.xlsx
2023186347,2023-12,2023,12,동작구,주간,중상사고,차대차 - 충돌,차대차,충돌,기타,건조,맑음,교차로 - 교차로안,교차로,교차로안,0,1,0,0,1,1,1,N,Y,피해,이륜,남,41-50세,중상,개인형이동수단(PM),남,21-30세,상해없음,2023.xlsx
2023189490,2023-12,2023,12,동작구,주간,경상사고,차대사람 - 보도통행중,차대사람,보도통행중,기타,건조,맑음,단일로 - 기타,단일로,기타,0,0,1,0,1,1,0,Y,N,가해,개인형이동수단(PM),남,20세 이하,상해없음,보행자,여,51-60세,경상,2023.xlsx
2023195005,2023-12,2023,12,동작구,야간,부상신고사고,차대사람 - 기타,차대사람,기타,안전운전불이행,건조,맑음,교차로 - 교차로안,교차로,교차로안,0,0,0,1,1,1,0,Y,N,가해,개인형이동수단(PM),남,41-50세,상해없음,보행자,여,51-60세,부상신고,2023.xlsx
2023181246,2023-12,2023,12,마포구,주간,중상사고,차대차 - 추돌,차대차,추돌,안전거리미확보,건조,맑음,단일로 - 기타,단일로,기타,0,1,0,0,1,1,1,N,Y,피해,승용,남,51-60세,상해없음,개인형이동수단(PM),남,65세 이상,중상,2023.xlsx
2023183294,2023-12,2023,12,마포구,야간,부상신고사고,차대차 - 충돌,차대차,충돌,신호위반,건조,맑음,교차로 - 교차로안,교차로,교차로안,0,0,0,1,1,1,0,Y,N,가해,개인형이동수단(PM),남,21-30세,부상신고,승합,남,41-50세,상해없음,2023.xlsx
2023193044,2023-12,2023,12,마포구,야간,경상사고,차대차 - 추돌,차대차,추돌,안전운전불이행,건조,맑음,교차로 - 교차로부근,교차로,교차로부근,0,0,1,0,1,1,0,Y,N,가해,개인형이동수단(PM),남,31-40세,상해없음,승용,남,41-50세,경상,2023.xlsx
2023196340,2023-12,2023,12,마포구,주간,중상사고,차대사람 - 보도통행중,차대사람,보도통행중,기타,건조,맑음,기타 - 기타,기타,기타,0,1,0,0,1,1,1,Y,N,가해,개인형이동수단(PM),남,31-40세,상해없음,보행자,여,51-60세,중상,2023.xlsx
2023181164,2023-12,2023,12,서대문구,주간,중상사고,차대차 - 기타,차대차,기타,신호위반,건조,맑음,단일로 - 기타,단일로,기타,0,1,0,0,1,1,1,Y,N,가해,개인형이동수단(PM),남,31-40세,상해없음,이륜,남,41-50세,중상,2023.xlsx
2023183372,2023-12,2023,12,서대문구,주간,중상사고,차대사람 - 횡단중,차대사람,횡단중,기타,건조,맑음,단일로 - 기타,단일로,기타,0,1,0,0,1,1,1,Y,N,가해,개인형이동수단(PM),여,21-30세,상해없음,보행자,여,21-30세,중상,2023.xlsx
2023197515,2023-12,2023,12,서대문구,야간,중상사고,차대차 - 충돌,차대차,충돌,중앙선침범,건조,맑음,교차로 - 교차로부근,교차로,교차로부근,0,2,0,0,2,2,2,Y,N,가해,개인형이동수단(PM),남,31-40세,중상,승용,남,31-40세,상해없음,2023.xlsx
2023181925,2023-12,2023,12,서초구,주간,부상신고사고,차대차 - 기타,차대차,기타,안전운전불이행,건조,맑음,교차로 - 교차로안,교차로,교차로안,0,0,0,1,1,1,0,Y,N,가해,개인형이동수단(PM),남,31-40세,부상신고,승용,남,41-50세,상해없음,2023.xlsx
2023187362,2023-12,2023,12,송파구,주간,경상사고,차대사람 - 보도통행중,차대사람,보도통행중,기타,건조,맑음,단일로 - 기타,단일로,기타,0,0,1,0,1,1,0,Y,N,가해,개인형이동수단(PM),남,31-40세,상해없음,보행자,여,21-30세,경상,2023.xlsx
2023189192,2023-12,2023,12,송파구,주간,중상사고,차대차 - 충돌,차대차,충돌,신호위반,젖음/습기,비,단일로 - 기타,단일로,기타,0,1,0,0,1,1,1,N,Y,피해,승용,남,51-60세,상해없음,개인형이동수단(PM),남,65세 이상,중상,2023.xlsx
2023189798,2023-12,2023,12,송파구,야간,경상사고,차대사람 - 보도통행중,차대사람,보도통행중,기타,건조,맑음,단일로 - 기타,단일로,기타,0,0,2,0,2,2,0,Y,N,가해,개인형이동수단(PM),남,21-30세,경상,보행자,남,41-50세,경상,2023.xlsx
2023196490,2023-12,2023,12,송파구,주간,경상사고,차대차 - 기타,차대차,기타,안전운전불이행,건조,맑음,단일로 - 기타,단일로,기타,0,0,1,0,1,1,0,N,Y,피해,승용,남,21-30세,상해없음,개인형이동수단(PM),남,51-60세,경상,2023.xlsx
2023198105,2023-12,2023,12,송파구,주간,부상신고사고,차대차 - 추돌,차대차,추돌,기타,건조,맑음,단일로 - 기타,단일로,기타,0,0,0,1,1,1,0,N,Y,피해,승용,남,51-60세,상해없음,개인형이동수단(PM),남,13-20세,부상신고,2023.xlsx
2023183034,2023-12,2023,12,영등포구,주간,중상사고,차대사람 - 횡단중,차대사람,횡단중,안전운전불이행,건조,맑음,단일로 - 기타,단일로,기타,0,1,0,0,1,1,1,Y,N,가해,개인형이동수단(PM),남,41-50세,기타불명,보행자,여,13-20세,중상,2023.xlsx
2023183098,2023-12,2023,12,영등포구,주간,경상사고,차대사람 - 보도통행중,차대사람,보도통행중,기타,건조,맑음,단일로 - 기타,단일로,기타,0,0,1,0,1,1,0,Y,N,가해,개인형이동수단(PM),남,51-60세,상해없음,보행자,여,51-60세,경상,2023.xlsx
2023188454,2023-12,2023,12,영등포구,야간,경상사고,차대차 - 기타,차대차,기타,안전운전불이행,건조,맑음,교차로 - 교차로부근,교차로,교차로부근,0,0,1,0,1,1,0,Y,N,가해,개인형이동수단(PM),남,21-30세,상해없음,승용,남,31-40세,기타불명,2023.xlsx
2023196780,2023-12,2023,12,영등포구,야간,경상사고,차대차 - 충돌,차대차,충돌,신호위반,건조,맑음,교차로 - 교차로안,교차로,교차로안,0,0,1,0,1,1,0,Y,N,가해,개인형이동수단(PM),여,51-60세,경상,승용,남,41-50세,상해없음,2023.xlsx
2023191000,2023-12,2023,12,용산구,주간,경상사고,차대차 - 기타,차대차,기타,안전운전불이행,건조,맑음,교차로 - 교차로안,교차로,교차로안,0,0,1,0,1,1,0,Y,N,가해,개인형이동수단(PM),남,31-40세,상해없음,이륜,남,31-40세,경상,2023.xlsx
2023193613,2023-12,2023,12,용산구,야간,경상사고,차대차 - 기타,차대차,기타,중앙선침범,건조,맑음,단일로 - 기타,단일로,기타,0,0,1,0,1,1,0,Y,N,가해,개인형이동수단(PM),남,41-50세,상해없음,이륜,남,41-50세,경상,2023.xlsx
2023181681,2023-12,2023,12,중구,야간,경상사고,차대사람 - 보도통행중,차대사람,보도통행중,안전운전불이행,건조,맑음,기타 - 기타,기타,기타,0,0,1,0,1,1,0,Y,N,가해,개인형이동수단(PM),남,21-30세,상해없음,보행자,남,41-50세,경상,2023.xlsx
2023187507,2023-12,2023,12,중랑구,주간,중상사고,차대사람 - 횡단중,차대사람,횡단중,신호위반,건조,맑음,교차로 - 교차로안,교차로,교차로안,0,1,0,0,1,1,1,Y,N,가해,개인형이동수단(PM),남,51-60세,상해없음,보행자,여,65세 이상,중상,2023.xlsx
2023197215,2023-12,2023,12,중랑구,주간,경상사고,차대차 - 기타,차대차,기타,안전거리미확보,건조,맑음,단일로 - 기타,단일로,기타,0,0,1,0,1,1,0,N,Y,피해,승용,남,51-60세,상해없음,개인형이동수단(PM),여,51-60세,경상,2023.xlsx
PM-2024-02701,2024-01,2024,1,강남구,주간,경상사고,차대차 - 충돌,차대차,충돌,안전운전불이행,건조,맑음,교차로 - 교차로안,교차로,교차로안,0,0,1,0,1,1,0,Y,N,가해,개인형이동수단(PM),남,20세 이하,경상,승용,남,51-60세,상해없음,2024.xlsx
PM-2024-02712,2024-01,2024,1,강남구,야간,부상신고사고,차대차 - 기타,차대차,기타,안전운전불이행,건조,맑음,단일로 - 기타,단일로,기타,0,0,0,1,1,1,0,Y,N,가해,개인형이동수단(PM),남,21-30세,부상신고,승용,남,51-60세,상해없음,2024.xlsx
PM-2024-02714,2024-01,2024,1,강남구,주간,경상사고,차대차 - 기타,차대차,기타,신호위반,건조,흐림,단일로 - 기타,단일로,기타,0,0,1,0,1,1,0,N,Y,피해,승용,여,51-60세,상해없음,개인형이동수단(PM),남,31-40세,경상,2024.xlsx
PM-2024-02715,2024-01,2024,1,강남구,주간,경상사고,차대차 - 충돌,차대차,충돌,안전운전불이행,젖음/습기,비,교차로 - 교차로부근,교차로,교차로부근,0,0,1,0,1,1,0,N,Y,피해,승용,남,61-64세,상해없음,개인형이동수단(PM),남,31-40세,경상,2024.xlsx
PM-2024-02716,2024-01,2024,1,강남구,주간,경상사고,차대사람 - 보도통행중,차대사람,보도통행중,기타,건조,맑음,단일로 - 기타,단일로,기타,0,0,1,0,1,1,0,Y,N,가해,개인형이동수단(PM),남,20세 이하,상해없음,보행자,여,21-30세,경상,2024.xlsx
PM-2024-02721,2024-01,2024,1,강동구,주간,중상사고,차대차 - 추돌,차대차,추돌,안전운전불이행,건조,맑음,교차로 - 교차로부근,교차로,교차로부근,0,1,0,0,1,1,1,N,Y,피해,승용,여,21-30세,상해없음,개인형이동수단(PM),남,51-60세,중상,2024.xlsx
PM-2024-02702,2024-01,2024,1,강서구,주간,경상사고,차대차 - 충돌,차대차,충돌,신호위반,건조,맑음,교차로 - 교차로안,교차로,교차로안,0,0,1,0,1,1,0,N,Y,피해,승용,여,21-30세,상해없음,개인형이동수단(PM),여,21-30세,경상,2024.xlsx
PM-2024-02706,2024-01,2024,1,강서구,주간,경상사고,차대차 - 기타,차대차,기타,중앙선침범,건조,맑음,단일로 - 기타,단일로,기타,0,0,1,0,1,1,0,Y,N,가해,개인형이동수단(PM),여,61-64세,경상,승용,남,61-64세,상해없음,2024.xlsx
PM-2024-02703,2024-01,2024,1,구로구,주간,경상사고,차대차 - 기타,차대차,기타,기타,건조,맑음,단일로 - 기타,단일로,기타,0,0,1,0,1,1,0,N,Y,피해,승용,남,65세 이상,상해없음,개인형이동수단(PM),남,21-30세,경상,2024.xlsx
PM-2024-02723,2024-01,2024,1,구로구,야간,경상사고,차대차 - 충돌,차대차,충돌,안전운전불이행,건조,맑음,교차로 - 교차로부근,교차로,교차로부근,0,0,1,0,1,1,0,N,N,기타,승용,남,41-50세,상해없음,특수,남,41-50세,경상,2024.xlsx
PM-2024-02718,2024-01,2024,1,금천구,야간,부상신고사고,차대차 - 기타,차대차,기타,안전거리미확보,건조,맑음,단일로 - 기타,단일로,기타,0,0,0,1,1,1,0,Y,N,가해,개인형이동수단(PM),남,31-40세,부상신고,승용,남,61-64세,상해없음,2024.xlsx
PM-2024-02719,2024-01,2024,1,금천구,야간,경상사고,차대차 - 기타,차대차,기타,안전운전불이행,건조,맑음,기타 - 기타,기타,기타,0,0,1,0,1,1,0,Y,N,가해,개인형이동수단(PM),여,51-60세,경상,승용,여,51-60세,상해없음,2024.xlsx
PM-2024-02708,2024-01,2024,1,노원구,야간,경상사고,차대차 - 충돌,차대차,충돌,신호위반,건조,맑음,기타 - 기타,기타,기타,0,0,1,0,1,1,0,N,Y,피해,이륜,여,51-60세,상해없음,개인형이동수단(PM),남,21-30세,경상,2024.xlsx
PM-2024-02709,2024-01,2024,1,동작구,야간,중상사고,차대사람 - 보도통행중,차대사람,보도통행중,기타,건조,흐림,기타 - 기타,기타,기타,0,1,0,0,1,1,1,Y,N,가해,개인형이동수단(PM),남,21-30세,상해없음,보행자,남,21-30세,중상,2024.xlsx
PM-2024-02704,2024-01,2024,1,서초구,야간,경상사고,차대사람 - 기타,차대사람,기타,기타,건조,맑음,단일로 - 기타,단일로,기타,0,0,1,0,1,1,0,Y,N,가해,개인형이동수단(PM),남,31-40세,상해없음,보행자,여,13-20세,경상,2024.xlsx
PM-2024-02720,2024-01,2024,1,송파구,야간,경상사고,차대차 - 충돌,차대차,충돌,안전운전불이행,건조,맑음,교차로 - 교차로안,교차로,교차로안,0,0,1,2,3,3,0,Y,N,가해,개인형이동수단(PM),여,21-30세,부상신고,승용,남,51-60세,부상신고,2024.xlsx
PM-2024-02707,2024-01,2024,1,양천구,주간,경상사고,차대차 - 추돌,차대차,추돌,안전운전불이행,건조,맑음,교차로 - 교차로부근,교차로,교차로부근,0,0,1,0,1,1,0,N,N,기타,승용,여,41-50세,상해없음,특수,남,51-60세,경상,2024.xlsx
PM-2024-02710,2024-01,2024,1,양천구,야간,중상사고,차대사람 - 횡단중,차대사람,횡단중,보행자보호의무위반,건조,맑음,교차로 - 교차로횡단보도내,교차로,교차로횡단보도내,0,1,0,0,1,1,1,Y,N,가해,개인형이동수단(PM),남,20세 이하,상해없음,보행자,여,65세 이상,중상,2024.xlsx
PM-2024-02711,2024-01,2024,1,양천구,야간,경상사고,차대차 - 충돌,차대차,충돌,안전운전불이행,젖음/습기,눈,교차로 - 교차로안,교차로,교차로안,0,0,1,0,1,1,0,N,Y,피해,승용,여,51-60세,상해없음,개인형이동수단(PM),남,41-50세,경상,2024.xlsx
PM-2024-02722,2024-01,2024,1,양천구,야간,경상사고,차대차 - 충돌,차대차,충돌,안전운전불이행,건조,맑음,기타 - 기타,기타,기타,0,0,1,0,1,1,0,Y,N,가해,개인형이동수단(PM),남,21-30세,경상,승용,남,65세 이상,기타불명,2024.xlsx
PM-2024-02713,2024-01,2024,1,종로구,주간,경상사고,차대차 - 충돌,차대차,충돌,안전운전불이행,건조,흐림,교차로 - 교차로안,교차로,교차로안,0,0,2,0,2,2,0,Y,Y,가해+피해,개인형이동수단(PM),여,21-30세,경상,개인형이동수단(PM),남,21-30세,경상,2024.xlsx
PM-2024-02717,2024-01,2024,1,중구,야간,경상사고,차대차 - 기타,차대차,기타,기타,건조,맑음,단일로 - 기타,단일로,기타,0,0,2,0,2,2,0,Y,N,가해,개인형이동수단(PM),남,21-30세,경상,화물,여,41-50세,상해없음,2024.xlsx
PM-2024-02705,2024-01,2024,1,중랑구,야간,경상사고,차대차 - 충돌,차대차,충돌,신호위반,건조,맑음,교차로 - 교차로안,교차로,교차로안,0,0,1,0,1,1,0,N,Y,피해,승용,여,51-60세,상해없음,개인형이동수단(PM),여,21-30세,경상,2024.xlsx
PM-2024-02724,2024-02,2024,2,강남구,주간,경상사고,차대사람 - 보도통행중,차대사람,보도통행중,안전운전불이행,건조,맑음,단일로 - 기타,단일로,기타,0,0,1,0,1,1,0,Y,N,가해,개인형이동수단(PM),여,21-30세,상해없음,보행자,여,31-40세,경상,2024.xlsx
PM-2024-02731,2024-02,2024,2,강남구,주간,경상사고,차대차 - 충돌,차대차,충돌,신호위반,건조,맑음,단일로 - 기타,단일로,기타,0,0,1,0,1,1,0,Y,N,가해,개인형이동수단(PM),남,31-40세,경상,승용,남,65세 이상,상해없음,2024.xlsx
PM-2024-02734,2024-02,2024,2,강남구,야간,경상사고,차대차 - 기타,차대차,기타,안전운전불이행,건조,맑음,교차로 - 교차로횡단보도내,교차로,교차로횡단보도내,0,0,1,0,1,1,0,N,Y,피해,승용,여,31-40세,상해없음,개인형이동수단(PM),여,13-20세,경상,2024.xlsx
PM-2024-02743,2024-02,2024,2,강남구,주간,경상사고,차대차 - 충돌,차대차,충돌,신호위반,젖음/습기,흐림,교차로 - 교차로부근,교차로,교차로부근,0,0,1,0,1,1,0,N,N,기타,승용,여,65세 이상,상해없음,특수,남,21-30세,경상,2024.xlsx
PM-2024-02745,2024-02,2024,2,강남구,주간,부상신고사고,차대차 - 기타,차대차,기타,보행자보호의무위반,건조,맑음,기타 - 기타,기타,기타,0,0,0,1,1,1,0,Y,N,가해,개인형이동수단(PM),여,31-40세,부상신고,화물,남,41-50세,상해없음,2024.xlsx
PM-2024-02735,2024-02,2024,2,관악구,야간,경상사고,차대차 - 충돌,차대차,충돌,안전운전불이행,건조,흐림,단일로 - 기타,단일로,기타,0,0,1,0,1,1,0,Y,N,가해,개인형이동수단(PM),여,61-64세,경상,승합,남,31-40세,상해없음,2024.xlsx
PM-2024-02739,2024-02,2024,2,관악구,주간,경상사고,차대사람 - 기타,차대사람,기타,기타,기타,맑음,기타 - 기타,기타,기타,0,0,1,0,1,1,0,Y,N,가해,개인형이동수단(PM),남,20세 이하,상해없음,보행자,여,65세 이상,경상,2024.xlsx
PM-2024-02730,2024-02,2024,2,구로구,주간,중상사고,차대차 - 기타,차대차,기타,안전운전불이행,건조,맑음,단일로 - 기타,단일로,기타,0,1,0,0,1,1,1,Y,N,가해,개인형이동수단(PM),여,41-50세,중상,기타불명,기타불명,기타불명,기타불명,2024.xlsx
PM-2024-02738,2024-02,2024,2,구로구,주간,경상사고,차대사람 - 횡단중,차대사람,횡단중,신호위반,젖음/습기,흐림,단일로 - 기타,단일로,기타,0,0,1,0,1,1,0,Y,N,가해,개인형이동수단(PM),남,31-40세,상해없음,보행자,남,65세 이상,경상,2024.xlsx
PM-2024-02750,2024-02,2024,2,구로구,야간,부상신고사고,차대차 - 충돌,차대차,충돌,신호위반,건조,맑음,단일로 - 기타,단일로,기타,0,0,0,1,1,1,0,Y,N,가해,개인형이동수단(PM),남,41-50세,부상신고,승용,남,65세 이상,상해없음,2024.xlsx
PM-2024-02729,2024-02,2024,2,금천구,야간,경상사고,차대차 - 충돌,차대차,충돌,안전운전불이행,건조,맑음,기타 - 기타,기타,기타,0,0,1,0,1,1,0,Y,N,가해,개인형이동수단(PM),여,20세 이하,경상,승합,남,61-64세,상해없음,2024.xlsx
PM-2024-02744,2024-02,2024,2,노원구,주간,경상사고,차대차 - 기타,차대차,기타,안전운전불이행,건조,맑음,교차로 - 교차로안,교차로,교차로안,0,0,1,0,1,1,0,N,Y,피해,승용,여,41-50세,상해없음,개인형이동수단(PM),남,31-40세,경상,2024.xlsx
PM-2024-02751,2024-02,2024,2,노원구,주간,중상사고,차대차 - 충돌,차대차,충돌,신호위반,건조,맑음,교차로 - 교차로부근,교차로,교차로부근,0,2,0,0,2,2,2,N,Y,피해,승용,남,51-60세,상해없음,개인형이동수단(PM),여,13-20세,중상,2024.xlsx
PM-2024-02732,2024-02,2024,2,동대문구,야간,경상사고,차대차 - 기타,차대차,기타,안전운전불이행,건조,맑음,교차로 - 교차로안,교차로,교차로안,0,0,1,0,1,1,0,Y,N,가해,개인형이동수단(PM),남,20세 이하,경상,승용,여,41-50세,상해없음,2024.xlsx
PM-2024-02733,2024-02,2024,2,동대문구,야간,중상사고,차대차 - 기타,차대차,기타,교차로운행방법위반,건조,맑음,교차로 - 교차로안,교차로,교차로안,0,1,0,0,1,1,1,N,N,기타,승용,남,21-30세,상해없음,사륜오토바이(ATV),남,65세 이상,중상,2024.xlsx
PM-2024-02741,2024-02,2024,2,동대문구,주간,경상사고,차대차 - 충돌,차대차,충돌,교차로운행방법위반,젖음/습기,비,교차로 - 교차로안,교차로,교차로안,0,0,1,0,1,1,0,N,Y,피해,승용,남,41-50세,상해없음,개인형이동수단(PM),남,65세 이상,경상,2024.xlsx
PM-2024-02726,2024-02,2024,2,동작구,야간,중상사고,차대사람 - 기타,차대사람,기타,보행자보호의무위반,건조,맑음,단일로 - 기타,단일로,기타,0,1,0,0,1,1,1,Y,N,가해,개인형이동수단(PM),여,20세 이하,상해없음,보행자,여,65세 이상,중상,2024.xlsx
PM-2024-02749,2024-02,2024,2,동작구,야간,경상사고,차대사람 - 보도통행중,차대사람,보도통행중,기타,건조,맑음,단일로 - 기타,단일로,기타,0,0,1,0,1,1,0,Y,N,가해,개인형이동수단(PM),남,21-30세,상해없음,보행자,남,21-30세,경상,2024.xlsx
PM-2024-02728,2024-02,2024,2,서초구,주간,중상사고,차대사람 - 보도통행중,차대사람,보도통행중,기타,건조,맑음,단일로 - 기타,단일로,기타,0,1,0,0,1,1,1,Y,N,가해,개인형이동수단(PM),남,51-60세,상해없음,보행자,여,51-60세,중상,2024.xlsx
PM-2024-02737,2024-02,2024,2,성동구,야간,경상사고,차대차 - 기타,차대차,기타,신호위반,건조,맑음,교차로 - 교차로횡단보도내,교차로,교차로횡단보도내,0,0,1,0,1,1,0,N,Y,피해,승합,남,51-60세,상해없음,개인형이동수단(PM),남,21-30세,경상,2024.xlsx
PM-2024-02746,2024-02,2024,2,성동구,주간,중상사고,차대사람 - 보도통행중,차대사람,보도통행중,기타,건조,맑음,단일로 - 기타,단일로,기타,0,1,0,0,1,1,1,Y,N,가해,개인형이동수단(PM),남,31-40세,기타불명,보행자,남,12세 이하,중상,2024.xlsx
PM-2024-02725,2024-02,2024,2,성북구,야간,경상사고,차대차 - 기타,차대차,기타,안전거리미확보,건조,맑음,단일로 - 기타,단일로,기타,0,0,1,0,1,1,0,N,N,기타,승용,남,61-64세,상해없음,사륜오토바이(ATV),남,21-30세,경상,2024.xlsx
PM-2024-02747,2024-02,2024,2,송파구,야간,경상사고,차대차 - 충돌,차대차,충돌,신호위반,건조,맑음,교차로 - 교차로횡단보도내,교차로,교차로횡단보도내,0,0,1,0,1,1,0,N,Y,피해,승용,남,65세 이상,상해없음,개인형이동수단(PM),남,41-50세,경상,2024.xlsx
PM-2024-02736,2024-02,2024,2,양천구,야간,경상사고,차대차 - 충돌,차대차,충돌,안전운전불이행,건조,맑음,교차로 - 교차로안,교차로,교차로안,0,0,2,0,2,2,0,Y,N,가해,개인형이동수단(PM),남,41-50세,경상,승용,여,31-40세,경상,2024.xlsx
PM-2024-02740,2024-02,2024,2,양천구,주간,경상사고,차대차 - 추돌,차대차,추돌,안전거리미확보,건조,맑음,단일로 - 기타,단일로,기타,0,0,1,0,1,1,0,N,N,기타,승용,여,61-64세,상해없음,특수,남,51-60세,경상,2024.xlsx
PM-2024-02727,2024-02,2024,2,종로구,야간,경상사고,차대차 - 충돌,차대차,충돌,신호위반,젖음/습기,눈,교차로 - 교차로부근,교차로,교차로부근,0,0,1,0,1,1,0,N,Y,피해,원동기,남,51-60세,상해없음,개인형이동수단(PM),여,21-30세,경상,2024.xlsx
PM-2024-02742,2024-02,2024,2,종로구,주간,경상사고,차대사람 - 보도통행중,차대사람,보도통행중,기타,건조,맑음,단일로 - 기타,단일로,기타,0,0,1,0,1,1,0,Y,N,가해,개인형이동수단(PM),남,61-64세,기타불명,보행자,여,31-40세,경상,2024.xlsx
PM-2024-02748,2024-02,2024,2,종로구,주간,경상사고,차대사람 - 길가장자리구역통행중,차대사람,길가장자리구역통행중,안전운전불이행,건조,맑음,교차로 - 교차로안,교차로,교차로안,0,0,1,0,1,1,0,Y,N,가해,개인형이동수단(PM),남,41-50세,상해없음,보행자,여,61-64세,경상,2024.xlsx
PM-2024-02752,2024-02,2024,2,중랑구,야간,중상사고,차대사람 - 기타,차대사람,기타,안전운전불이행,건조,맑음,단일로 - 기타,단일로,기타,0,1,0,0,1,1,1,Y,N,가해,개인형이동수단(PM),남,41-50세,상해없음,보행자,남,65세 이상,중상,2024.xlsx
PM-2024-02764,2024-03,2024,3,강남구,주간,부상신고사고,차대차 - 기타,차대차,기타,기타,건조,맑음,단일로 - 기타,단일로,기타,0,0,0,2,2,2,0,Y,N,가해,개인형이동수단(PM),남,41-50세,부상신고,이륜,남,51-60세,부상신고,2024.xlsx
PM-2024-02766,2024-03,2024,3,강남구,야간,경상사고,차대차 - 기타,차대차,기타,안전운전불이행,건조,맑음,기타 - 기타,기타,기타,0,0,1,1,2,2,0,Y,N,가해,개인형이동수단(PM),남,41-50세,부상신고,승용,남,21-30세,경상,2024.xlsx
PM-2024-02767,2024-03,2024,3,강남구,야간,중상사고,차대사람 - 보도통행중,차대사람,보도통행중,안전운전불이행,건조,맑음,단일로 - 기타,단일로,기타,0,1,0,0,1,1,1,Y,N,가해,개인형이동수단(PM),여,41-50세,상해없음,보행자,여,51-60세,중상,2024.xlsx
PM-2024-02768,2024-03,2024,3,강남구,야간,중상사고,차대차 - 충돌,차대차,충돌,안전운전불이행,건조,맑음,교차로 - 교차로횡단보도내,교차로,교차로횡단보도내,0,1,0,0,1,1,1,N,Y,피해,승용,여,41-50세,상해없음,개인형이동수단(PM),남,61-64세,중상,2024.xlsx
PM-2024-02775,2024-03,2024,3,강남구,주간,부상신고사고,차대사람 - 기타,차대사람,기타,보행자보호의무위반,건조,맑음,단일로 - 기타,단일로,기타,0,0,0,1,1,1,0,Y,N,가해,개인형이동수단(PM),여,21-30세,상해없음,보행자,남,21-30세,부상신고,2024.xlsx
PM-2024-02786,2024-03,2024,3,강남구,주간,부상신고사고,차대사람 - 기타,차대사람,기타,안전운전불이행,건조,맑음,교차로 - 교차로횡단보도내,교차로,교차로횡단보도내,0,0,0,1,1,1,0,Y,N,가해,개인형이동수단(PM),남,20세 이하,상해없음,보행자,여,13-20세,부상신고,2024.xlsx
PM-2024-02787,2024-03,2024,3,강남구,야간,경상사고,차대사람 - 보도통행중,차대사람,보도통행중,기타,건조,맑음,단일로 - 기타,단일로,기타,0,0,1,0,1,1,0,Y,N,가해,개인형이동수단(PM),남,20세 이하,상해없음,보행자,여,31-40세,경상,2024.xlsx
PM-2024-02765,2024-03,2024,3,강동구,주간,경상사고,차대차 - 추돌,차대차,추돌,안전운전불이행,건조,맑음,단일로 - 기타,단일로,기타,0,0,1,0,1,1,0,N,N,기타,승용,여,61-64세,상해없음,특수,남,21-30세,경상,2024.xlsx
PM-2024-02776,2024-03,2024,3,강동구,야간,부상신고사고,차대사람 - 보도통행중,차대사람,보도통행중,안전운전불이행,건조,맑음,단일로 - 기타,단일로,기타,0,0,0,1,1,1,0,Y,N,가해,개인형이동수단(PM),여,20세 이하,상해없음,보행자,여,61-64세,부상신고,2024.xlsx
PM-2024-02758,2024-03,2024,3,강서구,주간,중상사고,차대사람 - 기타,차대사람,기타,안전운전불이행,건조,맑음,단일로 - 기타,단일로,기타,0,1,0,0,1,1,1,Y,N,가해,개인형이동수단(PM),남,20세 이하,상해없음,보행자,여,51-60세,중상,2024.xlsx
PM-2024-02755,2024-03,2024,3,관악구,야간,경상사고,차대차 - 기타,차대차,기타,교차로운행방법위반,건조,맑음,교차로 - 교차로안,교차로,교차로안,0,0,1,0,1,1,0,N,Y,피해,이륜,남,21-30세,상해없음,개인형이동수단(PM),남,31-40세,경상,2024.xlsx
PM-2024-02773,2024-03,2024,3,관악구,야간,경상사고,차대사람 - 기타,차대사람,기타,안전운전불이행,건조,맑음,교차로 - 교차로횡단보도내,교차로,교차로횡단보도내,0,0,1,0,1,1,0,Y,N,가해,개인형이동수단(PM),남,41-50세,상해없음,보행자,여,31-40세,경상,2024.xlsx
PM-2024-02756,2024-03,2024,3,광진구,야간,경상사고,차대사람 - 보도통행중,차대사람,보도통행중,기타,건조,맑음,기타 - 기타,기타,기타,0,0,1,0,1,1,0,Y,N,가해,개인형이동수단(PM),남,20세 이하,상해없음,보행자,여,41-50세,경상,2024.xlsx
PM-2024-02759,2024-03,2024,3,구로구,야간,경상사고,차대차 - 기타,차대차,기타,기타,건조,맑음,단일로 - 기타,단일로,기타,0,0,1,0,1,1,0,N,Y,피해,승용,남,51-60세,상해없음,개인형이동수단(PM),여,51-60세,경상,2024.xlsx
PM-2024-02769,2024-03,2024,3,구로구,주간,경상사고,차대사람 - 횡단중,차대사람,횡단중,신호위반,젖음/습기,비,교차로 - 교차로안,교차로,교차로안,0,0,1,0,1,1,0,Y,N,가해,개인형이동수단(PM),남,31-40세,상해없음,보행자,남,31-40세,경상,2024.xlsx
PM-2024-02779,2024-03,2024,3,구로구,주간,부상신고사고,차대차 - 추돌,차대차,추돌,안전운전불이행,건조,맑음,교차로 - 교차로부근,교차로,교차로부근,0,0,0,1,1,1,0,N,N,기타,승용,남,21-30세,상해없음,특수,남,41-50세,부상신고,2024.xlsx
PM-2024-02753,2024-03,2024,3,금천구,야간,경상사고,차대차 - 충돌,차대차,충돌,안전운전불이행,건조,맑음,단일로 - 기타,단일로,기타,0,0,1,0,1,1,0,N,N,기타,승용,남,31-40세,상해없음,사륜오토바이(ATV),남,21-30세,경상,2024.xlsx
PM-2024-02771,2024-03,2024,3,금천구,주간,경상사고,차대사람 - 보도통행중,차대사람,보도통행중,기타,건조,맑음,단일로 - 기타,단일로,기타,0,0,1,0,1,1,0,Y,N,가해,개인형이동수단(PM),남,20세 이하,상해없음,보행자,여,13-20세,경상,2024.xlsx
PM-2024-02761,2024-03,2024,3,노원구,야간,중상사고,차대사람 - 기타,차대사람,기타,안전운전불이행,건조,맑음,기타 - 기타,기타,기타,0,1,1,0,2,2,1,Y,N,가해,개인형이동수단(PM),여,51-60세,경상,보행자,남,41-50세,중상,2024.xlsx
PM-2024-02762,2024-03,2024,3,노원구,주간,경상사고,차대차 - 충돌,차대차,충돌,안전운전불이행,건조,맑음,교차로 - 교차로안,교차로,교차로안,0,0,1,0,1,1,0,N,N,기타,화물,남,61-64세,상해없음,특수,남,51-60세,경상,2024.xlsx
PM-2024-02772,2024-03,2024,3,노원구,주간,중상사고,차대사람 - 보도통행중,차대사람,보도통행중,안전운전불이행,건조,맑음,단일로 - 기타,단일로,기타,0,1,0,0,1,1,1,Y,N,가해,개인형이동수단(PM),남,20세 이하,상해없음,보행자,여,41-50세,중상,2024.xlsx
PM-2024-02777,2024-03,2024,3,노원구,야간,경상사고,차대차 - 충돌,차대차,충돌,안전운전불이행,건조,맑음,교차로 - 교차로안,교차로,교차로안,0,0,1,0,1,1,0,N,N,기타,승용,여,65세 이상,상해없음,사륜오토바이(ATV),남,41-50세,경상,2024.xlsx
PM-2024-02785,2024-03,2024,3,노원구,주간,경상사고,차대차 - 충돌,차대차,충돌,기타,건조,맑음,교차로 - 교차로부근,교차로,교차로부근,0,0,1,0,1,1,0,Y,N,가해,개인형이동수단(PM),여,51-60세,경상,승용,남,41-50세,기타불명,2024.xlsx
PM-2024-02789,2024-03,2024,3,노원구,주간,경상사고,차대사람 - 보도통행중,차대사람,보도통행중,안전운전불이행,건조,맑음,기타 - 기타,기타,기타,0,0,1,0,1,1,0,Y,N,가해,개인형이동수단(PM),남,20세 이하,상해없음,보행자,남,12세 이하,경상,2024.xlsx
PM-2024-02784,2024-03,2024,3,도봉구,야간,중상사고,차대차 - 충돌,차대차,충돌,신호위반,건조,맑음,교차로 - 교차로안,교차로,교차로안,0,1,0,0,1,1,1,N,Y,피해,승합,남,65세 이상,상해없음,개인형이동수단(PM),남,31-40세,중상,2024.xlsx
PM-2024-02781,2024-03,2024,3,동작구,주간,부상신고사고,차대차 - 기타,차대차,기타,안전운전불이행,건조,맑음,교차로 - 교차로부근,교차로,교차로부근,0,0,0,1,1,1,0,Y,N,가해,개인형이동수단(PM),여,31-40세,부상신고,화물,남,61-64세,상해없음,2024.xlsx
PM-2024-02774,2024-03,2024,3,성동구,주간,경상사고,차대사람 - 길가장자리구역통행중,차대사람,길가장자리구역통행중,안전운전불이행,건조,맑음,단일로 - 기타,단일로,기타,0,0,1,0,1,1,0,Y,N,가해,개인형이동수단(PM),여,61-64세,상해없음,보행자,남,21-30세,경상,2024.xlsx
PM-2024-02763,2024-03,2024,3,송파구,주간,부상신고사고,차대사람 - 기타,차대사람,기타,안전운전불이행,건조,맑음,단일로 - 기타,단일로,기타,0,0,0,1,1,1,0,Y,N,가해,개인형이동수단(PM),남,21-30세,상해없음,보행자,여,65세 이상,부상신고,2024.xlsx
PM-2024-02778,2024-03,2024,3,송파구,주간,경상사고,차대차 - 충돌,차대차,충돌,안전운전불이행,건조,맑음,단일로 - 기타,단일로,기타,0,0,1,0,1,1,0,Y,N,가해,개인형이동수단(PM),남,20세 이하,경상,승용,여,41-50세,상해없음,2024.xlsx
PM-2024-02780,2024-03,2024,3,송파구,야간,경상사고,차대차 - 추돌,차대차,추돌,신호위반,건조,맑음,교차로 - 교차로부근,교차로,교차로부근,0,0,1,0,1,1,0,Y,N,가해,개인형이동수단(PM),남,31-40세,경상,승용,여,51-60세,상해없음,2024.xlsx
PM-2024-02782,2024-03,2024,3,송파구,주간,경상사고,차대사람 - 보도통행중,차대사람,보도통행중,보행자보호의무위반,건조,맑음,교차로 - 교차로횡단보도내,교차로,교차로횡단보도내,0,0,1,0,1,1,0,Y,N,가해,개인형이동수단(PM),남,20세 이하,상해없음,보행자,남,41-50세,경상,2024.xlsx
PM-2024-02790,2024-03,2024,3,송파구,야간,경상사고,차대사람 - 보도통행중,차대사람,보도통행중,안전운전불이행,건조,맑음,단일로 - 기타,단일로,기타,0,0,1,0,1,1,0,Y,N,가해,개인형이동수단(PM),남,21-30세,상해없음,보행자,여,51-60세,경상,2024.xlsx
PM-2024-02757,2024-03,2024,3,영등포구,야간,경상사고,차대차 - 충돌,차대차,충돌,안전운전불이행,건조,맑음,단일로 - 기타,단일로,기타,0,0,1,0,1,1,0,N,Y,피해,이륜,남,51-60세,상해없음,개인형이동수단(PM),남,41-50세,경상,2024.xlsx
PM-2024-02770,2024-03,2024,3,영등포구,주간,중상사고,차대차 - 충돌,차대차,충돌,안전거리미확보,건조,맑음,단일로 - 기타,단일로,기타,0,1,0,0,1,1,1,Y,N,가해,개인형이동수단(PM),남,31-40세,중상,자전거,남,41-50세,상해없음,2024.xlsx
PM-2024-02783,2024-03,2024,3,영등포구,주간,중상사고,차대차 - 충돌,차대차,충돌,안전운전불이행,건조,맑음,단일로 - 기타,단일로,기타,0,1,1,0,2,2,1,Y,N,가해,개인형이동수단(PM),남,51-60세,중상,자전거,남,31-40세,상해없음,2024.xlsx
PM-2024-02754,2024-03,2024,3,은평구,야간,경상사고,차대차 - 충돌,차대차,충돌,안전운전불이행,건조,맑음,단일로 - 기타,단일로,기타,0,0,1,0,1,1,0,N,Y,피해,승용,남,65세 이상,상해없음,개인형이동수단(PM),여,31-40세,경상,2024.xlsx
PM-2024-02760,2024-03,2024,3,은평구,주간,경상사고,차대차 - 충돌,차대차,충돌,안전운전불이행,건조,맑음,교차로 - 교차로안,교차로,교차로안,0,0,1,0,1,1,0,N,Y,피해,승용,남,31-40세,상해없음,개인형이동수단(PM),남,13-20세,경상,2024.xlsx
PM-2024-02788,2024-03,2024,3,중구,주간,중상사고,차대차 - 기타,차대차,기타,신호위반,젖음/습기,비,교차로 - 교차로안,교차로,교차로안,0,1,0,0,1,1,1,Y,N,가해,개인형이동수단(PM),남,31-40세,중상,화물,남,41-50세,상해없음,2024.xlsx
PM-2024-02793,2024-04,2024,4,강남구,주간,경상사고,차대사람 - 보도통행중,차대사람,보도통행중,안전운전불이행,기타,기타,기타 - 기타,기타,기타,0,0,1,0,1,1,0,Y,N,가해,개인형이동수단(PM),남,31-40세,상해없음,보행자,여,21-30세,경상,2024.xlsx
PM-2024-02797,2024-04,2024,4,강남구,주간,경상사고,차대차 - 충돌,차대차,충돌,안전운전불이행,건조,맑음,교차로 - 교차로횡단보도내,교차로,교차로횡단보도내,0,0,1,0,1,1,0,N,Y,피해,승용,여,41-50세,상해없음,개인형이동수단(PM),남,31-40세,경상,2024.xlsx
PM-2024-02804,2024-04,2024,4,강남구,주간,경상사고,차대차 - 충돌,차대차,충돌,안전운전불이행,건조,맑음,단일로 - 기타,단일로,기타,0,0,1,0,1,1,0,Y,N,가해,개인형이동수단(PM),남,20세 이하,경상,승용,남,65세 이상,상해없음,2024.xlsx
PM-2024-02810,2024-04,2024,4,강남구,주간,경상사고,차대사람 - 보도통행중,차대사람,보도통행중,기타,건조,맑음,단일로 - 기타,단일로,기타,0,0,1,0,1,1,0,Y,N,가해,개인형이동수단(PM),남,20세 이하,상해없음,보행자,남,13-20세,경상,2024.xlsx
PM-2024-02811,2024-04,2024,4,강남구,주간,경상사고,차대사람 - 기타,차대사람,기타,보행자보호의무위반,건조,맑음,교차로 - 교차로횡단보도내,교차로,교차로횡단보도내,0,0,1,0,1,1,0,Y,N,가해,개인형이동수단(PM),남,20세 이하,상해없음,보행자,여,12세 이하,경상,2024.xlsx
PM-2024-02823,2024-04,2024,4,강남구,야간,중상사고,차대차 - 충돌,차대차,충돌,안전운전불이행,건조,기타,단일로 - 기타,단일로,기타,0,1,0,0,1,1,1,Y,N,가해,개인형이동수단(PM),남,31-40세,기타불명,원동기,남,51-60세,중상,2024.xlsx
PM-2024-02825,2024-04,2024,4,강남구,주간,부상신고사고,차대차 - 기타,차대차,기타,안전운전불이행,건조,맑음,교차로 - 교차로안,교차로,교차로안,0,0,0,2,2,2,0,Y,N,가해,개인형이동수단(PM),남,41-50세,부상신고,이륜,남,31-40세,부상신고,2024.xlsx
PM-2024-02832,2024-04,2024,4,강남구,야간,부상신고사고,차대차 - 충돌,차대차,충돌,안전운전불이행,건조,맑음,교차로 - 교차로안,교차로,교차로안,0,0,0,1,1,1,0,Y,N,가해,개인형이동수단(PM),여,20세 이하,상해없음,이륜,남,31-40세,부상신고,2024.xlsx
PM-2024-02833,2024-04,2024,4,강남구,야간,경상사고,차대사람 - 기타,차대사람,기타,안전운전불이행,건조,맑음,기타 - 기타,기타,기타,0,0,1,0,1,1,0,Y,N,가해,개인형이동수단(PM),남,51-60세,기타불명,보행자,여,31-40세,경상,2024.xlsx
PM-2024-02837,2024-04,2024,4,강남구,야간,경상사고,차대차 - 기타,차대차,기타,안전운전불이행,건조,맑음,교차로 - 교차로횡단보도내,교차로,교차로횡단보도내,0,0,1,0,1,1,0,Y,N,가해,개인형이동수단(PM),남,31-40세,경상,승용,남,61-64세,상해없음,2024.xlsx
PM-2024-02838,2024-04,2024,4,강남구,주간,부상신고사고,차대차 - 기타,차대차,기타,안전운전불이행,건조,맑음,교차로 - 교차로횡단보도내,교차로,교차로횡단보도내,0,0,0,1,1,1,0,Y,N,가해,개인형이동수단(PM),여,20세 이하,부상신고,승용,여,41-50세,상해없음,2024.xlsx
PM-2024-02846,2024-04,2024,4,강남구,야간,경상사고,차대차 - 기타,차대차,기타,안전운전불이행,건조,맑음,교차로 - 교차로안,교차로,교차로안,0,0,1,0,1,1,0,Y,N,가해,개인형이동수단(PM),남,20세 이하,경상,승용,남,51-60세,상해없음,2024.xlsx
PM-2024-02847,2024-04,2024,4,강남구,주간,부상신고사고,차대차 - 기타,차대차,기타,안전운전불이행,건조,맑음,교차로 - 교차로횡단보도내,교차로,교차로횡단보도내,0,0,0,2,2,2,0,Y,N,가해,개인형이동수단(PM),여,20세 이하,부상신고,승합,남,65세 이상,상해없음,2024.xlsx
PM-2024-02839,2024-04,2024,4,강동구,주간,중상사고,차대사람 - 보도통행중,차대사람,보도통행중,안전운전불이행,건조,맑음,기타 - 기타,기타,기타,0,1,0,0,1,1,1,Y,N,가해,개인형이동수단(PM),남,20세 이하,상해없음,보행자,여,51-60세,중상,2024.xlsx
PM-2024-02795,2024-04,2024,4,강서구,야간,부상신고사고,차대차 - 충돌,차대차,충돌,안전운전불이행,건조,맑음,교차로 - 교차로부근,교차로,교차로부근,0,0,0,1,1,1,0,Y,N,가해,개인형이동수단(PM),남,21-30세,부상신고,승용,남,31-40세,상해없음,2024.xlsx
PM-2024-02819,2024-04,2024,4,강서구,주간,중상사고,차대사람 - 보도통행중,차대사람,보도통행중,기타,젖음/습기,비,단일로 - 기타,단일로,기타,0,1,0,0,1,1,1,Y,N,가해,개인형이동수단(PM),남,41-50세,상해없음,보행자,여,51-60세,중상,2024.xlsx
PM-2024-02829,2024-04,2024,4,강서구,주간,부상신고사고,차대차 - 추돌,차대차,추돌,안전운전불이행,건조,맑음,단일로 - 기타,단일로,기타,0,0,0,1,1,1,0,Y,N,가해,개인형이동수단(PM),남,31-40세,부상신고,승용,남,65세 이상,상해없음,2024.xlsx
PM-2024-02843,2024-04,2024,4,강서구,야간,중상사고,차대사람 - 보도통행중,차대사람,보도통행중,기타,건조,맑음,단일로 - 기타,단일로,기타,0,1,0,0,1,1,1,Y,N,가해,개인형이동수단(PM),여,20세 이하,상해없음,보행자,여,65세 이상,중상,2024.xlsx
PM-2024-02813,2024-04,2024,4,구로구,야간,경상사고,차대사람 - 기타,차대사람,기타,안전운전불이행,건조,맑음,교차로 - 교차로부근,교차로,교차로부근,0,0,1,0,1,1,0,Y,N,가해,개인형이동수단(PM),여,20세 이하,상해없음,보행자,남,65세 이상,경상,2024.xlsx
PM-2024-02826,2024-04,2024,4,구로구,야간,경상사고,차대차 - 기타,차대차,기타,신호위반,건조,맑음,교차로 - 교차로안,교차로,교차로안,0,0,1,0,1,1,0,Y,N,가해,개인형이동수단(PM),여,51-60세,경상,승용,남,65세 이상,상해없음,2024.xlsx
PM-2024-02814,2024-04,2024,4,노원구,주간,경상사고,차대사람 - 보도통행중,차대사람,보도통행중,기타,건조,맑음,단일로 - 기타,단일로,기타,0,0,1,0,1,1,0,Y,N,가해,개인형이동수단(PM),여,20세 이하,상해없음,보행자,남,21-30세,경상,2024.xlsx
PM-2024-02796,2024-04,2024,4,도봉구,야간,경상사고,차대차 - 기타,차대차,기타,안전운전불이행,건조,맑음,교차로 - 교차로안,교차로,교차로안,0,0,1,0,1,1,0,Y,N,가해,개인형이동수단(PM),여,20세 이하,경상,승용,여,41-50세,상해없음,2024.xlsx
PM-2024-02799,2024-04,2024,4,도봉구,주간,경상사고,차대사람 - 횡단중,차대사람,횡단중,신호위반,건조,맑음,교차로 - 교차로부근,교차로,교차로부근,0,0,2,0,2,2,0,Y,N,가해,개인형이동수단(PM),남,20세 이하,경상,보행자,여,51-60세,경상,2024.xlsx
PM-2024-02822,2024-04,2024,4,동대문구,야간,경상사고,차대차 - 기타,차대차,기타,안전운전불이행,건조,맑음,기타 - 기타,기타,기타,0,0,1,0,1,1,0,N,Y,피해,자전거,남,65세 이상,상해없음,개인형이동수단(PM),남,41-50세,경상,2024.xlsx
PM-2024-02808,2024-04,2024,4,동작구,주간,경상사고,차대사람 - 기타,차대사람,기타,보행자보호의무위반,건조,맑음,교차로 - 교차로횡단보도내,교차로,교차로횡단보도내,0,0,1,0,1,1,0,Y,N,가해,개인형이동수단(PM),남,31-40세,기타불명,보행자,여,21-30세,경상,2024.xlsx
PM-2024-02831,2024-04,2024,4,동작구,주간,부상신고사고,차대차 - 기타,차대차,기타,안전운전불이행,건조,맑음,단일로 - 기타,단일로,기타,0,0,0,2,2,2,0,Y,Y,가해+피해,개인형이동수단(PM),남,51-60세,부상신고,개인형이동수단(PM),남,41-50세,부상신고,2024.xlsx
PM-2024-02845,2024-04,2024,4,동작구,야간,부상신고사고,차량단독 - 기타,차량단독,기타,안전운전불이행,건조,맑음,단일로 - 기타,단일로,기타,0,0,0,1,1,1,0,Y,N,가해,개인형이동수단(PM),여,21-30세,부상신고,,,,,2024.xlsx
PM-2024-02792,2024-04,2024,4,마포구,주간,경상사고,차대사람 - 기타,차대사람,기타,보행자보호의무위반,건조,맑음,기타 - 기타,기타,기타,0,0,1,0,1,1,0,Y,N,가해,개인형이동수단(PM),여,31-40세,상해없음,보행자,여,31-40세,경상,2024.xlsx
PM-2024-02848,2024-04,2024,4,마포구,주간,경상사고,차대차 - 추돌,차대차,추돌,안전운전불이행,건조,맑음,단일로 - 기타,단일로,기타,0,0,1,0,1,1,0,Y,N,가해,개인형이동수단(PM),남,20세 이하,경상,자전거,남,51-60세,상해없음,2024.xlsx
PM-2024-02816,2024-04,2024,4,서대문구,야간,경상사고,차대사람 - 보도통행중,차대사람,보도통행중,기타,건조,맑음,기타 - 기타,기타,기타,0,0,1,0,1,1,0,Y,N,가해,개인형이동수단(PM),남,20세 이하,상해없음,보행자,남,21-30세,경상,2024.xlsx
PM-2024-02818,2024-04,2024,4,서대문구,주간,경상사고,차대차 - 충돌,차대차,충돌,안전운전불이행,건조,맑음,교차로 - 교차로안,교차로,교차로안,0,0,1,0,1,1,0,N,Y,피해,승용,남,65세 이상,상해없음,개인형이동수단(PM),남,31-40세,경상,2024.xlsx
PM-2024-02827,2024-04,2024,4,서대문구,주간,경상사고,차대차 - 충돌,차대차,충돌,신호위반,건조,맑음,교차로 - 교차로횡단보도내,교차로,교차로횡단보도내,0,0,1,0,1,1,0,N,Y,피해,화물,남,65세 이상,상해없음,개인형이동수단(PM),남,21-30세,경상,2024.xlsx
PM-2024-02828,2024-04,2024,4,서초구,주간,경상사고,차대사람 - 기타,차대사람,기타,안전운전불이행,건조,맑음,단일로 - 기타,단일로,기타,0,0,1,0,1,1,0,Y,N,가해,개인형이동수단(PM),여,41-50세,상해없음,보행자,여,41-50세,경상,2024.xlsx
PM-2024-02830,2024-04,2024,4,서초구,주간,중상사고,차대차 - 기타,차대차,기타,기타,건조,흐림,기타 - 기타,기타,기타,0,1,0,0,1,1,1,Y,N,가해,개인형이동수단(PM),여,31-40세,중상,승용,남,51-60세,상해없음,2024.xlsx
PM-2024-02835,2024-04,2024,4,서초구,주간,경상사고,차대차 - 충돌,차대차,충돌,안전운전불이행,건조,맑음,교차로 - 교차로부근,교차로,교차로부근,0,0,3,0,3,3,0,Y,N,가해,개인형이동수단(PM),남,20세 이하,경상,승용,남,31-40세,경상,2024.xlsx
PM-2024-02840,2024-04,2024,4,서초구,주간,중상사고,차대차 - 충돌,차대차,충돌,안전거리미확보,건조,맑음,단일로 - 기타,단일로,기타,0,1,0,0,1,1,1,N,N,기타,승용,남,41-50세,상해없음,특수,남,41-50세,중상,2024.xlsx
PM-2024-02815,2024-04,2024,4,성북구,야간,경상사고,차대사람 - 길가장자리구역통행중,차대사람,길가장자리구역통행중,안전운전불이행,건조,맑음,교차로 - 교차로안,교차로,교차로안,0,0,1,0,1,1,0,Y,N,가해,개인형이동수단(PM),남,65세 이상,상해없음,보행자,여,13-20세,경상,2024.xlsx
PM-2024-02836,2024-04,2024,4,성북구,주간,경상사고,차대차 - 기타,차대차,기타,안전운전불이행,건조,맑음,교차로 - 교차로안,교차로,교차로안,0,0,1,0,1,1,0,Y,N,가해,개인형이동수단(PM),여,21-30세,상해없음,승용,남,65세 이상,상해없음,2024.xlsx
PM-2024-02801,2024-04,2024,4,송파구,주간,경상사고,차대사람 - 보도통행중,차대사람,보도통행중,안전운전불이행,건조,맑음,단일로 - 기타,단일로,기타,0,0,2,0,2,2,0,Y,N,가해,개인형이동수단(PM),남,41-50세,상해없음,보행자,여,31-40세,경상,2024.xlsx
PM-2024-02803,2024-04,2024,4,송파구,야간,경상사고,차대차 - 충돌,차대차,충돌,보행자보호의무위반,건조,맑음,교차로 - 교차로횡단보도내,교차로,교차로횡단보도내,0,0,2,0,2,2,0,N,Y,피해,이륜,남,21-30세,경상,개인형이동수단(PM),남,31-40세,경상,2024.xlsx
PM-2024-02805,2024-04,2024,4,송파구,야간,경상사고,차대차 - 기타,차대차,기타,안전운전불이행,건조,맑음,단일로 - 기타,단일로,기타,0,0,2,0,2,2,0,Y,N,가해,개인형이동수단(PM),여,20세 이하,경상,자전거,남,12세 이하,경상,2024.xlsx
PM-2024-02807,2024-04,2024,4,송파구,야간,중상사고,차대차 - 추돌,차대차,추돌,안전운전불이행,건조,맑음,단일로 - 기타,단일로,기타,0,1,1,0,2,2,1,Y,N,가해,개인형이동수단(PM),여,65세 이상,중상,승용,남,41-50세,경상,2024.xlsx
PM-2024-02821,2024-04,2024,4,송파구,주간,경상사고,차대차 - 충돌,차대차,충돌,안전운전불이행,젖음/습기,비,단일로 - 기타,단일로,기타,0,0,1,0,1,1,0,N,Y,피해,승용,여,31-40세,상해없음,개인형이동수단(PM),남,31-40세,경상,2024.xlsx
PM-2024-02841,2024-04,2024,4,송파구,주간,경상사고,차대사람 - 보도통행중,차대사람,보도통행중,기타,건조,맑음,단일로 - 기타,단일로,기타,0,0,1,0,1,1,0,Y,N,가해,개인형이동수단(PM),남,20세 이하,상해없음,보행자,여,31-40세,경상,2024.xlsx
PM-2024-02844,2024-04,2024,4,송파구,야간,경상사고,차대사람 - 보도통행중,차대사람,보도통행중,안전운전불이행,건조,맑음,단일로 - 기타,단일로,기타,0,0,1,0,1,1,0,Y,N,가해,개인형이동수단(PM),남,20세 이하,상해없음,보행자,여,31-40세,경상,2024.xlsx
PM-2024-02802,2024-04,2024,4,영등포구,주간,중상사고,차대차 - 기타,차대차,기타,중앙선침범,건조,맑음,기타 - 기타,기타,기타,0,1,0,0,1,1,1,N,Y,피해,승합,여,41-50세,상해없음,개인형이동수단(PM),남,41-50세,중상,2024.xlsx
PM-2024-02806,2024-04,2024,4,영등포구,야간,부상신고사고,차대차 - 충돌,차대차,충돌,안전운전불이행,건조,맑음,교차로 - 교차로안,교차로,교차로안,0,0,0,1,1,1,0,N,Y,피해,자전거,남,61-64세,부상신고,개인형이동수단(PM),남,31-40세,상해없음,2024.xlsx
PM-2024-02812,2024-04,2024,4,영등포구,야간,경상사고,차대차 - 충돌,차대차,충돌,안전운전불이행,건조,맑음,단일로 - 기타,단일로,기타,0,0,1,0,1,1,0,N,Y,피해,화물,남,41-50세,상해없음,개인형이동수단(PM),남,65세 이상,경상,2024.xlsx
PM-2024-02842,2024-04,2024,4,용산구,야간,경상사고,차대차 - 추돌,차대차,추돌,기타,건조,맑음,단일로 - 기타,단일로,기타,0,0,1,0,1,1,0,N,Y,피해,승용,남,51-60세,상해없음,개인형이동수단(PM),여,41-50세,경상,2024.xlsx
PM-2024-02800,2024-04,2024,4,은평구,주간,중상사고,차대사람 - 횡단중,차대사람,횡단중,안전운전불이행,건조,맑음,기타 - 기타,기타,기타,0,1,1,0,2,2,1,Y,N,가해,개인형이동수단(PM),남,65세 이상,경상,보행자,여,65세 이상,중상,2024.xlsx
PM-2024-02820,2024-04,2024,4,은평구,야간,경상사고,차대차 - 기타,차대차,기타,신호위반,건조,맑음,교차로 - 교차로안,교차로,교차로안,0,0,1,0,1,1,0,N,Y,피해,화물,남,31-40세,상해없음,개인형이동수단(PM),남,21-30세,경상,2024.xlsx
PM-2024-02849,2024-04,2024,4,은평구,주간,경상사고,차대차 - 충돌,차대차,충돌,안전운전불이행,건조,맑음,교차로 - 교차로횡단보도내,교차로,교차로횡단보도내,0,0,1,0,1,1,0,N,Y,피해,승용,남,41-50세,상해없음,개인형이동수단(PM),여,31-40세,경상,2024.xlsx
PM-2024-02817,2024-04,2024,4,종로구,주간,경상사고,차대사람 - 보도통행중,차대사람,보도통행중,기타,건조,맑음,교차로 - 교차로부근,교차로,교차로부근,0,0,1,0,1,1,0,Y,N,가해,개인형이동수단(PM),남,21-30세,상해없음,보행자,여,51-60세,경상,2024.xlsx
PM-2024-02791,2024-04,2024,4,중구,주간,경상사고,차대차 - 기타,차대차,기타,안전운전불이행,건조,맑음,단일로 - 기타,단일로,기타,0,0,2,0,2,2,0,Y,N,가해,개인형이동수단(PM),남,21-30세,경상,원동기,남,61-64세,경상,2024.xlsx
PM-2024-02798,2024-04,2024,4,중구,주간,경상사고,차대차 - 충돌,차대차,충돌,신호위반,건조,맑음,교차로 - 교차로안,교차로,교차로안,0,0,1,0,1,1,0,N,Y,피해,원동기,남,21-30세,상해없음,개인형이동수단(PM),여,31-40세,경상,2024.xlsx
PM-2024-02809,2024-04,2024,4,중구,주간,부상신고사고,차대차 - 기타,차대차,기타,안전운전불이행,건조,맑음,단일로 - 기타,단일로,기타,0,0,0,1,1,1,0,N,Y,피해,자전거,여,65세 이상,부상신고,개인형이동수단(PM),남,13-20세,상해없음,2024.xlsx
PM-2024-02824,2024-04,2024,4,중구,주간,경상사고,차대사람 - 기타,차대사람,기타,안전운전불이행,건조,맑음,기타 - 기타,기타,기타,0,0,1,0,1,1,0,Y,N,가해,개인형이동수단(PM),남,21-30세,상해없음,보행자,남,31-40세,경상,2024.xlsx
PM-2024-02794,2024-04,2024,4,중랑구,주간,중상사고,차대차 - 충돌,차대차,충돌,안전운전불이행,건조,맑음,교차로 - 교차로부근,교차로,교차로부근,0,1,0,0,1,1,1,Y,N,가해,개인형이동수단(PM),여,61-64세,중상,승용,남,65세 이상,상해없음,2024.xlsx
PM-2024-02834,2024-04,2024,4,중랑구,야간,부상신고사고,차대차 - 기타,차대차,기타,중앙선침범,건조,맑음,교차로 - 교차로안,교차로,교차로안,0,0,0,1,1,1,0,Y,N,가해,개인형이동수단(PM),여,51-60세,부상신고,승용,남,31-40세,상해없음,2024.xlsx
PM-2024-02878,2024-05,2024,5,강남구,야간,경상사고,차대사람 - 보도통행중,차대사람,보도통행중,기타,건조,맑음,단일로 - 기타,단일로,기타,0,0,1,0,1,1,0,Y,N,가해,개인형이동수단(PM),여,20세 이하,상해없음,보행자,여,65세 이상,경상,2024.xlsx
PM-2024-02886,2024-05,2024,5,강남구,주간,경상사고,차대차 - 기타,차대차,기타,신호위반,건조,맑음,교차로 - 교차로안,교차로,교차로안,0,0,1,0,1,1,0,Y,N,가해,개인형이동수단(PM),남,21-30세,경상,승용,여,21-30세,상해없음,2024.xlsx
PM-2024-02892,2024-05,2024,5,강남구,주간,경상사고,차대사람 - 기타,차대사람,기타,기타,건조,맑음,단일로 - 기타,단일로,기타,0,0,1,0,1,1,0,Y,N,가해,개인형이동수단(PM),여,20세 이하,상해없음,보행자,여,41-50세,경상,2024.xlsx
PM-2024-02901,2024-05,2024,5,강남구,주간,부상신고사고,차대차 - 기타,차대차,기타,안전운전불이행,건조,맑음,교차로 - 교차로안,교차로,교차로안,0,0,0,1,1,1,0,Y,N,가해,개인형이동수단(PM),남,20세 이하,부상신고,승용,남,41-50세,상해없음,2024.xlsx
PM-2024-02903,2024-05,2024,5,강남구,주간,경상사고,차대사람 - 보도통행중,차대사람,보도통행중,안전운전불이행,건조,맑음,단일로 - 기타,단일로,기타,0,0,1,0,1,1,0,Y,N,가해,개인형이동수단(PM),남,20세 이하,상해없음,보행자,여,12세 이하,경상,2024.xlsx
PM-2024-02906,2024-05,2024,5,강남구,주간,경상사고,차대사람 - 보도통행중,차대사람,보도통행중,안전운전불이행,건조,맑음,단일로 - 기타,단일로,기타,0,0,1,0,1,1,0,Y,N,가해,개인형이동수단(PM),여,31-40세,상해없음,보행자,여,51-60세,경상,2024.xlsx
PM-2024-02915,2024-05,2024,5,강남구,주간,중상사고,차대사람 - 기타,차대사람,기타,안전운전불이행,건조,맑음,기타 - 기타,기타,기타,0,1,0,0,1,1,1,Y,N,가해,개인형이동수단(PM),여,31-40세,상해없음,보행자,여,21-30세,중상,2024.xlsx
PM-2024-02857,2024-05,2024,5,강동구,야간,경상사고,차량단독 - 기타,차량단독,기타,기타,건조,맑음,기타 - 기타,기타,기타,0,0,1,0,1,1,0,Y,N,가해,개인형이동수단(PM),남,31-40세,경상,,,,,2024.xlsx
PM-2024-02871,2024-05,2024,5,강동구,주간,경상사고,차대차 - 기타,차대차,기타,안전운전불이행,건조,맑음,교차로 - 교차로안,교차로,교차로안,0,0,1,0,1,1,0,N,Y,피해,화물,남,65세 이상,상해없음,개인형이동수단(PM),여,41-50세,경상,2024.xlsx
PM-2024-02889,2024-05,2024,5,강동구,주간,경상사고,차대차 - 충돌,차대차,충돌,안전운전불이행,건조,맑음,단일로 - 기타,단일로,기타,0,0,1,0,1,1,0,N,N,기타,승용,여,21-30세,상해없음,특수,남,51-60세,상해없음,2024.xlsx
PM-2024-02904,2024-05,2024,5,강동구,주간,경상사고,차대차 - 기타,차대차,기타,안전운전불이행,건조,맑음,교차로 - 교차로안,교차로,교차로안,0,0,1,0,1,1,0,N,Y,피해,승용,남,21-30세,상해없음,개인형이동수단(PM),남,31-40세,경상,2024.xlsx
PM-2024-02912,2024-05,2024,5,강동구,야간,경상사고,차대사람 - 기타,차대사람,기타,기타,건조,맑음,기타 - 기타,기타,기타,0,0,1,0,1,1,0,Y,N,가해,개인형이동수단(PM),남,20세 이하,상해없음,보행자,남,21-30세,경상,2024.xlsx
PM-2024-02914,2024-05,2024,5,강동구,야간,중상사고,차대차 - 충돌,차대차,충돌,안전운전불이행,건조,맑음,단일로 - 기타,단일로,기타,0,1,0,0,1,1,1,Y,N,가해,개인형이동수단(PM),남,51-60세,상해없음,자전거,남,51-60세,중상,2024.xlsx
PM-2024-02860,2024-05,2024,5,강서구,주간,경상사고,차대차 - 기타,차대차,기타,안전운전불이행,건조,맑음,교차로 - 교차로부근,교차로,교차로부근,0,0,1,0,1,1,0,N,N,기타,이륜,남,41-50세,경상,특수,남,61-64세,상해없음,2024.xlsx
PM-2024-02874,2024-05,2024,5,강서구,주간,경상사고,차대차 - 충돌,차대차,충돌,안전운전불이행,건조,맑음,교차로 - 교차로부근,교차로,교차로부근,0,0,2,1,3,3,0,Y,N,가해,개인형이동수단(PM),여,20세 이하,부상신고,승용,여,41-50세,경상,2024.xlsx
PM-2024-02883,2024-05,2024,5,강서구,야간,경상사고,차대차 - 기타,차대차,기타,안전운전불이행,건조,맑음,교차로 - 교차로안,교차로,교차로안,0,0,1,0,1,1,0,N,Y,피해,화물,남,41-50세,상해없음,개인형이동수단(PM),여,13-20세,경상,2024.xlsx
PM-2024-02916,2024-05,2024,5,강서구,주간,중상사고,차대사람 - 기타,차대사람,기타,안전운전불이행,건조,맑음,기타 - 기타,기타,기타,0,1,0,0,1,1,1,Y,N,가해,개인형이동수단(PM),남,20세 이하,상해없음,보행자,남,51-60세,중상,2024.xlsx
PM-2024-02850,2024-05,2024,5,관악구,야간,중상사고,차량단독 - 전도전복,차량단독,전도전복,안전운전불이행,건조,맑음,단일로 - 기타,단일로,기타,0,1,0,0,1,1,1,Y,N,가해,개인형이동수단(PM),남,31-40세,중상,,,,,2024.xlsx
PM-2024-02866,2024-05,2024,5,광진구,주간,경상사고,차대사람 - 기타,차대사람,기타,안전운전불이행,건조,맑음,기타 - 기타,기타,기타,0,0,1,0,1,1,0,Y,N,가해,개인형이동수단(PM),여,20세 이하,상해없음,보행자,여,31-40세,경상,2024.xlsx
PM-2024-02879,2024-05,2024,5,광진구,야간,경상사고,차대차 - 기타,차대차,기타,안전운전불이행,건조,흐림,교차로 - 교차로횡단보도내,교차로,교차로횡단보도내,0,0,1,0,1,1,0,Y,N,가해,개인형이동수단(PM),남,20세 이하,기타불명,원동기,남,41-50세,경상,2024.xlsx
PM-2024-02877,2024-05,2024,5,구로구,주간,경상사고,차대차 - 기타,차대차,기타,안전거리미확보,건조,맑음,단일로 - 기타,단일로,기타,0,0,1,0,1,1,0,Y,N,가해,개인형이동수단(PM),남,61-64세,경상,승용,여,51-60세,상해없음,2024.xlsx
PM-2024-02854,2024-05,2024,5,노원구,주간,경상사고,차대사람 - 기타,차대사람,기타,기타,건조,맑음,단일로 - 기타,단일로,기타,0,0,1,0,1,1,0,Y,N,가해,개인형이동수단(PM),남,20세 이하,상해없음,보행자,남,12세 이하,경상,2024.xlsx
PM-2024-02910,2024-05,2024,5,노원구,주간,경상사고,차대사람 - 횡단중,차대사람,횡단중,보행자보호의무위반,건조,맑음,교차로 - 교차로안,교차로,교차로안,0,0,1,0,1,1,0,Y,N,가해,개인형이동수단(PM),남,20세 이하,상해없음,보행자,여,31-40세,경상,2024.xlsx
PM-2024-02855,2024-05,2024,5,도봉구,주간,경상사고,차대사람 - 보도통행중,차대사람,보도통행중,기타,건조,맑음,기타 - 기타,기타,기타,0,0,1,0,1,1,0,Y,N,가해,개인형이동수단(PM),남,41-50세,상해없음,보행자,여,61-64세,경상,2024.xlsx
PM-2024-02881,2024-05,2024,5,도봉구,주간,중상사고,차대차 - 충돌,차대차,충돌,안전운전불이행,기타,맑음,교차로 - 교차로안,교차로,교차로안,0,1,0,0,1,1,1,N,N,기타,승용,남,31-40세,상해없음,특수,남,31-40세,중상,2024.xlsx
PM-2024-02861,2024-05,2024,5,동대문구,주간,경상사고,차대차 - 충돌,차대차,충돌,안전운전불이행,건조,맑음,단일로 - 기타,단일로,기타,0,0,1,0,1,1,0,N,N,기타,승용,남,65세 이상,상해없음,특수,남,21-30세,기타불명,2024.xlsx
PM-2024-02865,2024-05,2024,5,동대문구,야간,경상사고,차대차 - 충돌,차대차,충돌,기타,건조,맑음,교차로 - 교차로안,교차로,교차로안,0,0,2,0,2,2,0,N,Y,피해,승용,남,21-30세,상해없음,개인형이동수단(PM),남,31-40세,경상,2024.xlsx
PM-2024-02868,2024-05,2024,5,동대문구,야간,중상사고,차대차 - 기타,차대차,기타,안전운전불이행,건조,맑음,교차로 - 교차로부근,교차로,교차로부근,0,1,0,1,2,2,1,Y,N,가해,개인형이동수단(PM),남,20세 이하,부상신고,승용,남,65세 이상,상해없음,2024.xlsx
PM-2024-02888,2024-05,2024,5,동대문구,주간,경상사고,차대사람 - 기타,차대사람,기타,안전운전불이행,건조,맑음,기타 - 기타,기타,기타,0,0,1,0,1,1,0,Y,N,가해,개인형이동수단(PM),여,21-30세,상해없음,보행자,여,51-60세,경상,2024.xlsx
PM-2024-02864,2024-05,2024,5,마포구,주간,부상신고사고,차대차 - 충돌,차대차,충돌,안전운전불이행,건조,맑음,단일로 - 기타,단일로,기타,0,0,0,1,1,1,0,N,Y,피해,자전거,여,51-60세,부상신고,개인형이동수단(PM),남,65세 이상,상해없음,2024.xlsx
PM-2024-02867,2024-05,2024,5,마포구,야간,경상사고,차대사람 - 기타,차대사람,기타,신호위반,기타,기타,단일로 - 기타,단일로,기타,0,0,1,0,1,1,0,Y,N,가해,개인형이동수단(PM),남,21-30세,상해없음,보행자,남,21-30세,경상,2024.xlsx
PM-2024-02870,2024-05,2024,5,마포구,주간,경상사고,차대사람 - 길가장자리구역통행중,차대사람,길가장자리구역통행중,안전운전불이행,젖음/습기,비,단일로 - 기타,단일로,기타,0,0,1,0,1,1,0,Y,N,가해,개인형이동수단(PM),남,21-30세,기타불명,보행자,여,31-40세,경상,2024.xlsx
PM-2024-02884,2024-05,2024,5,마포구,야간,경상사고,차대사람 - 기타,차대사람,기타,기타,건조,맑음,기타 - 기타,기타,기타,0,0,1,0,1,1,0,Y,N,가해,개인형이동수단(PM),남,21-30세,상해없음,보행자,여,31-40세,경상,2024.xlsx
PM-2024-02887,2024-05,2024,5,마포구,야간,경상사고,차대차 - 기타,차대차,기타,안전운전불이행,건조,기타,단일로 - 기타,단일로,기타,0,0,1,0,1,1,0,Y,N,가해,개인형이동수단(PM),여,20세 이하,경상,승용,여,41-50세,상해없음,2024.xlsx
PM-2024-02891,2024-05,2024,5,마포구,주간,경상사고,차대사람 - 보도통행중,차대사람,보도통행중,기타,건조,맑음,단일로 - 기타,단일로,기타,0,0,1,0,1,1,0,Y,N,가해,개인형이동수단(PM),남,21-30세,상해없음,보행자,남,31-40세,경상,2024.xlsx
PM-2024-02898,2024-05,2024,5,서대문구,야간,경상사고,차대차 - 충돌,차대차,충돌,교차로운행방법위반,건조,맑음,교차로 - 교차로안,교차로,교차로안,0,0,1,0,1,1,0,N,Y,피해,이륜,남,31-40세,경상,개인형이동수단(PM),남,21-30세,상해없음,2024.xlsx
PM-2024-02869,2024-05,2024,5,서초구,야간,경상사고,차대사람 - 기타,차대사람,기타,안전운전불이행,건조,맑음,단일로 - 기타,단일로,기타,0,0,1,0,1,1,0,Y,N,가해,개인형이동수단(PM),남,51-60세,상해없음,보행자,여,21-30세,경상,2024.xlsx
PM-2024-02882,2024-05,2024,5,서초구,주간,경상사고,차대사람 - 기타,차대사람,기타,안전운전불이행,건조,맑음,단일로 - 기타,단일로,기타,0,0,1,0,1,1,0,Y,N,가해,개인형이동수단(PM),남,31-40세,상해없음,보행자,여,21-30세,경상,2024.xlsx
PM-2024-02895,2024-05,2024,5,서초구,주간,중상사고,차대차 - 기타,차대차,기타,기타,건조,맑음,교차로 - 교차로안,교차로,교차로안,0,1,0,0,1,1,1,N,Y,피해,승용,남,65세 이상,상해없음,개인형이동수단(PM),남,21-30세,중상,2024.xlsx
PM-2024-02900,2024-05,2024,5,서초구,주간,중상사고,차대사람 - 보도통행중,차대사람,보도통행중,기타,건조,맑음,기타 - 기타,기타,기타,0,1,0,0,1,1,1,Y,N,가해,개인형이동수단(PM),남,20세 이하,상해없음,보행자,여,51-60세,중상,2024.xlsx
PM-2024-02863,2024-05,2024,5,성동구,주간,경상사고,차대사람 - 기타,차대사람,기타,안전운전불이행,건조,맑음,단일로 - 기타,단일로,기타,0,0,1,0,1,1,0,Y,N,가해,개인형이동수단(PM),여,21-30세,상해없음,보행자,남,41-50세,경상,2024.xlsx
PM-2024-02905,2024-05,2024,5,성동구,주간,경상사고,차대차 - 충돌,차대차,충돌,안전거리미확보,건조,맑음,교차로 - 교차로부근,교차로,교차로부근,0,0,3,0,3,3,0,N,N,기타,승합,남,65세 이상,상해없음,특수,남,21-30세,경상,2024.xlsx
PM-2024-02908,2024-05,2024,5,성동구,야간,경상사고,차대사람 - 기타,차대사람,기타,안전운전불이행,건조,맑음,기타 - 기타,기타,기타,0,0,1,0,1,1,0,Y,N,가해,개인형이동수단(PM),여,20세 이하,상해없음,보행자,여,51-60세,경상,2024.xlsx
PM-2024-02880,2024-05,2024,5,성북구,주간,부상신고사고,차대사람 - 기타,차대사람,기타,기타,건조,맑음,단일로 - 기타,단일로,기타,0,0,0,1,1,1,0,Y,N,가해,개인형이동수단(PM),남,21-30세,부상신고,보행자,남,41-50세,상해없음,2024.xlsx
PM-2024-02913,2024-05,2024,5,성북구,야간,중상사고,차대사람 - 기타,차대사람,기타,기타,건조,맑음,기타 - 기타,기타,기타,0,1,0,0,1,1,1,Y,N,가해,개인형이동수단(PM),여,20세 이하,상해없음,보행자,여,21-30세,중상,2024.xlsx
PM-2024-02851,2024-05,2024,5,송파구,주간,경상사고,차대차 - 추돌,차대차,추돌,안전거리미확보,건조,맑음,교차로 - 교차로횡단보도내,교차로,교차로횡단보도내,0,0,1,0,1,1,0,N,Y,피해,승용,남,65세 이상,상해없음,개인형이동수단(PM),남,41-50세,경상,2024.xlsx
PM-2024-02852,2024-05,2024,5,송파구,주간,경상사고,차대사람 - 기타,차대사람,기타,안전운전불이행,건조,맑음,단일로 - 기타,단일로,기타,0,0,1,0,1,1,0,Y,N,가해,개인형이동수단(PM),여,20세 이하,상해없음,보행자,남,65세 이상,경상,2024.xlsx
PM-2024-02853,2024-05,2024,5,송파구,주간,경상사고,차대사람 - 기타,차대사람,기타,신호위반,건조,맑음,교차로 - 교차로횡단보도내,교차로,교차로횡단보도내,0,0,1,0,1,1,0,Y,N,가해,개인형이동수단(PM),남,20세 이하,상해없음,보행자,남,12세 이하,경상,2024.xlsx
PM-2024-02858,2024-05,2024,5,송파구,야간,경상사고,차대차 - 충돌,차대차,충돌,안전운전불이행,젖음/습기,비,교차로 - 교차로안,교차로,교차로안,0,0,1,0,1,1,0,Y,N,가해,개인형이동수단(PM),여,41-50세,경상,승용,남,51-60세,상해없음,2024.xlsx
PM-2024-02862,2024-05,2024,5,송파구,주간,경상사고,차대사람 - 보도통행중,차대사람,보도통행중,안전운전불이행,건조,맑음,단일로 - 기타,단일로,기타,0,0,1,0,1,1,0,Y,N,가해,개인형이동수단(PM),남,20세 이하,상해없음,보행자,남,31-40세,경상,2024.xlsx
PM-2024-02885,2024-05,2024,5,송파구,주간,경상사고,차대사람 - 기타,차대사람,기타,안전운전불이행,건조,맑음,기타 - 기타,기타,기타,0,0,2,0,2,2,0,Y,N,가해,개인형이동수단(PM),여,21-30세,경상,보행자,남,41-50세,경상,2024.xlsx
PM-2024-02890,2024-05,2024,5,송파구,주간,경상사고,차대차 - 충돌,차대차,충돌,안전운전불이행,건조,맑음,교차로 - 교차로횡단보도내,교차로,교차로횡단보도내,0,0,1,0,1,1,0,N,Y,피해,승용,남,65세 이상,상해없음,개인형이동수단(PM),여,31-40세,경상,2024.xlsx
PM-2024-02893,2024-05,2024,5,송파구,야간,부상신고사고,차대차 - 충돌,차대차,충돌,기타,건조,맑음,교차로 - 교차로횡단보도내,교차로,교차로횡단보도내,0,0,0,1,1,1,0,Y,N,가해,개인형이동수단(PM),남,31-40세,부상신고,승용,남,41-50세,상해없음,2024.xlsx
PM-2024-02896,2024-05,2024,5,송파구,야간,경상사고,차대사람 - 기타,차대사람,기타,안전운전불이행,건조,맑음,단일로 - 기타,단일로,기타,0,0,1,0,1,1,0,Y,N,가해,개인형이동수단(PM),남,21-30세,상해없음,보행자,여,61-64세,경상,2024.xlsx
PM-2024-02897,2024-05,2024,5,송파구,야간,부상신고사고,차대차 - 충돌,차대차,충돌,안전운전불이행,건조,맑음,교차로 - 교차로안,교차로,교차로안,0,0,0,1,1,1,0,Y,N,가해,개인형이동수단(PM),남,31-40세,부상신고,승용,남,21-30세,상해없음,2024.xlsx
PM-2024-02899,2024-05,2024,5,송파구,주간,경상사고,차대차 - 기타,차대차,기타,안전거리미확보,건조,맑음,단일로 - 기타,단일로,기타,0,0,1,0,1,1,0,N,N,기타,승용,남,65세 이상,상해없음,특수,남,51-60세,경상,2024.xlsx
PM-2024-02907,2024-05,2024,5,송파구,주간,중상사고,차대차 - 충돌,차대차,충돌,신호위반,건조,맑음,교차로 - 교차로안,교차로,교차로안,0,2,0,0,2,2,2,Y,N,가해,개인형이동수단(PM),여,61-64세,중상,이륜,남,51-60세,중상,2024.xlsx
PM-2024-02872,2024-05,2024,5,영등포구,주간,경상사고,차량단독 - 기타,차량단독,기타,안전운전불이행,건조,맑음,단일로 - 기타,단일로,기타,0,0,1,0,1,1,0,Y,N,가해,개인형이동수단(PM),남,21-30세,경상,,,,,2024.xlsx
PM-2024-02875,2024-05,2024,5,영등포구,주간,경상사고,차대차 - 충돌,차대차,충돌,안전운전불이행,건조,맑음,단일로 - 기타,단일로,기타,0,0,1,0,1,1,0,N,N,기타,이륜,남,21-30세,경상,특수,남,65세 이상,상해없음,2024.xlsx
PM-2024-02894,2024-05,2024,5,영등포구,주간,경상사고,차대차 - 기타,차대차,기타,안전운전불이행,건조,맑음,교차로 - 교차로안,교차로,교차로안,0,0,1,0,1,1,0,Y,N,가해,개인형이동수단(PM),남,41-50세,경상,승용,여,41-50세,상해없음,2024.xlsx
PM-2024-02909,2024-05,2024,5,영등포구,주간,중상사고,차대차 - 충돌,차대차,충돌,교차로운행방법위반,건조,맑음,교차로 - 교차로안,교차로,교차로안,0,1,0,0,1,1,1,Y,N,가해,개인형이동수단(PM),남,51-60세,상해없음,자전거,남,65세 이상,중상,2024.xlsx
PM-2024-02873,2024-05,2024,5,용산구,주간,경상사고,차대차 - 충돌,차대차,충돌,안전운전불이행,건조,맑음,교차로 - 교차로안,교차로,교차로안,0,0,1,0,1,1,0,N,Y,피해,승용,남,31-40세,상해없음,개인형이동수단(PM),여,21-30세,경상,2024.xlsx
PM-2024-02856,2024-05,2024,5,은평구,야간,경상사고,차대차 - 기타,차대차,기타,기타,건조,맑음,교차로 - 교차로안,교차로,교차로안,0,0,1,0,1,1,0,Y,N,가해,개인형이동수단(PM),남,31-40세,경상,승용,여,41-50세,상해없음,2024.xlsx
PM-2024-02859,2024-05,2024,5,은평구,주간,경상사고,차대차 - 기타,차대차,기타,기타,젖음/습기,비,교차로 - 교차로안,교차로,교차로안,0,0,1,0,1,1,0,Y,N,가해,개인형이동수단(PM),남,21-30세,경상,승용,남,41-50세,상해없음,2024.xlsx
PM-2024-02876,2024-05,2024,5,은평구,주간,경상사고,차대사람 - 횡단중,차대사람,횡단중,신호위반,건조,맑음,교차로 - 교차로횡단보도내,교차로,교차로횡단보도내,0,0,1,0,1,1,0,Y,N,가해,개인형이동수단(PM),남,65세 이상,상해없음,보행자,여,65세 이상,경상,2024.xlsx
PM-2024-02911,2024-05,2024,5,종로구,주간,경상사고,차대차 - 충돌,차대차,충돌,안전거리미확보,기타,맑음,단일로 - 기타,단일로,기타,0,0,1,0,1,1,0,N,N,기타,승용,여,31-40세,상해없음,특수,남,31-40세,경상,2024.xlsx
PM-2024-02902,2024-05,2024,5,중랑구,야간,경상사고,차대차 - 기타,차대차,기타,안전운전불이행,건조,맑음,단일로 - 지하차도(도로)내,단일로,지하차도(도로)내,0,0,1,0,1,1,0,Y,N,가해,개인형이동수단(PM),남,21-30세,경상,승용,남,51-60세,기타불명,2024.xlsx
PM-2024-02919,2024-06,2024,6,강남구,주간,중상사고,차대사람 - 기타,차대사람,기타,안전운전불이행,건조,맑음,단일로 - 기타,단일로,기타,0,1,1,0,2,2,1,Y,N,가해,개인형이동수단(PM),남,20세 이하,상해없음,보행자,남,21-30세,경상,2024.xlsx
PM-2024-02930,2024-06,2024,6,강남구,주간,중상사고,차대사람 - 기타,차대사람,기타,안전운전불이행,건조,맑음,기타 - 기타,기타,기타,0,1,0,0,1,1,1,Y,N,가해,개인형이동수단(PM),남,20세 이하,상해없음,보행자,여,61-64세,중상,2024.xlsx
PM-2024-02931,2024-06,2024,6,강남구,야간,경상사고,차대차 - 기타,차대차,기타,안전운전불이행,건조,맑음,기타 - 기타,기타,기타,0,0,1,0,1,1,0,Y,N,가해,개인형이동수단(PM),남,51-60세,경상,승용,남,21-30세,상해없음,2024.xlsx
PM-2024-02932,2024-06,2024,6,강남구,야간,경상사고,차대차 - 기타,차대차,기타,안전운전불이행,건조,기타,교차로 - 교차로횡단보도내,교차로,교차로횡단보도내,0,0,1,0,1,1,0,N,Y,피해,승용,남,21-30세,상해없음,개인형이동수단(PM),남,31-40세,경상,2024.xlsx
PM-2024-02938,2024-06,2024,6,강남구,야간,경상사고,차대사람 - 보도통행중,차대사람,보도통행중,안전운전불이행,건조,맑음,단일로 - 기타,단일로,기타,0,0,1,0,1,1,0,Y,N,가해,개인형이동수단(PM),여,20세 이하,상해없음,보행자,남,41-50세,경상,2024.xlsx
PM-2024-02939,2024-06,2024,6,강남구,야간,경상사고,차대차 - 기타,차대차,기타,안전운전불이행,건조,맑음,기타 - 기타,기타,기타,0,0,1,0,1,1,0,Y,N,가해,개인형이동수단(PM),남,31-40세,경상,승용,남,61-64세,상해없음,2024.xlsx
PM-2024-02944,2024-06,2024,6,강남구,주간,경상사고,차대사람 - 길가장자리구역통행중,차대사람,길가장자리구역통행중,안전운전불이행,건조,맑음,단일로 - 기타,단일로,기타,0,0,1,0,1,1,0,Y,N,가해,개인형이동수단(PM),여,21-30세,상해없음,보행자,여,61-64세,경상,2024.xlsx
PM-2024-02945,2024-06,2024,6,강남구,야간,중상사고,차대사람 - 기타,차대사람,기타,안전운전불이행,건조,맑음,기타 - 기타,기타,기타,0,1,0,0,1,1,1,Y,N,가해,개인형이동수단(PM),여,20세 이하,상해없음,보행자,남,31-40세,중상,2024.xlsx
PM-2024-02952,2024-06,2024,6,강남구,주간,경상사고,차대사람 - 보도통행중,차대사람,보도통행중,안전운전불이행,건조,맑음,기타 - 기타,기타,기타,0,0,1,0,1,1,0,Y,N,가해,개인형이동수단(PM),여,20세 이하,기타불명,보행자,여,31-40세,경상,2024.xlsx
PM-2024-02954,2024-06,2024,6,강남구,야간,중상사고,차대차 - 기타,차대차,기타,안전운전불이행,건조,맑음,교차로 - 교차로안,교차로,교차로안,0,1,0,0,1,1,1,N,Y,피해,승용,남,21-30세,상해없음,개인형이동수단(PM),남,13-20세,중상,2024.xlsx
PM-2024-02958,2024-06,2024,6,강남구,주간,경상사고,차대차 - 충돌,차대차,충돌,안전운전불이행,건조,맑음,기타 - 기타,기타,기타,0,0,1,0,1,1,0,N,Y,피해,이륜,남,31-40세,상해없음,개인형이동수단(PM),남,21-30세,경상,2024.xlsx
PM-2024-02959,2024-06,2024,6,강남구,야간,중상사고,차대사람 - 보도통행중,차대사람,보도통행중,안전운전불이행,건조,맑음,기타 - 기타,기타,기타,0,1,0,0,1,1,1,Y,N,가해,개인형이동수단(PM),남,21-30세,상해없음,보행자,여,51-60세,중상,2024.xlsx
PM-2024-02974,2024-06,2024,6,강남구,야간,경상사고,차대차 - 기타,차대차,기타,안전운전불이행,건조,기타,단일로 - 기타,단일로,기타,0,0,1,0,1,1,0,N,Y,피해,승용,남,51-60세,상해없음,개인형이동수단(PM),남,13-20세,경상,2024.xlsx
PM-2024-02979,2024-06,2024,6,강남구,야간,경상사고,차대차 - 기타,차대차,기타,기타,건조,맑음,단일로 - 기타,단일로,기타,0,0,1,0,1,1,0,Y,N,가해,개인형이동수단(PM),남,20세 이하,경상,승용,남,21-30세,상해없음,2024.xlsx
PM-2024-02980,2024-06,2024,6,강남구,주간,경상사고,차대차 - 충돌,차대차,충돌,안전운전불이행,건조,맑음,기타 - 기타,기타,기타,0,0,1,0,1,1,0,N,Y,피해,이륜,남,21-30세,기타불명,개인형이동수단(PM),여,31-40세,경상,2024.xlsx
PM-2024-02984,2024-06,2024,6,강남구,주간,중상사고,차대사람 - 보도통행중,차대사람,보도통행중,안전운전불이행,건조,맑음,기타 - 기타,기타,기타,0,1,0,0,1,1,1,Y,N,가해,개인형이동수단(PM),남,20세 이하,상해없음,보행자,여,61-64세,중상,2024.xlsx
PM-2024-02989,2024-06,2024,6,강남구,주간,경상사고,차대차 - 기타,차대차,기타,기타,건조,맑음,단일로 - 기타,단일로,기타,0,0,1,0,1,1,0,Y,N,가해,개인형이동수단(PM),여,20세 이하,상해없음,승용,남,41-50세,상해없음,2024.xlsx
PM-2024-02947,2024-06,2024,6,강동구,야간,경상사고,차대차 - 충돌,차대차,충돌,안전운전불이행,건조,맑음,교차로 - 교차로안,교차로,교차로안,0,0,2,0,2,2,0,N,Y,피해,승용,남,21-30세,상해없음,개인형이동수단(PM),남,13-20세,경상,2024.xlsx
PM-2024-02949,2024-06,2024,6,강동구,주간,경상사고,차대차 - 기타,차대차,기타,신호위반,건조,맑음,단일로 - 기타,단일로,기타,0,0,1,0,1,1,0,N,Y,피해,승용,여,51-60세,상해없음,개인형이동수단(PM),여,31-40세,경상,2024.xlsx
PM-2024-02969,2024-06,2024,6,강동구,주간,중상사고,차대차 - 기타,차대차,기타,안전운전불이행,건조,맑음,교차로 - 교차로부근,교차로,교차로부근,0,1,0,0,1,1,1,N,Y,피해,승용,남,41-50세,상해없음,개인형이동수단(PM),남,21-30세,중상,2024.xlsx
PM-2024-02987,2024-06,2024,6,강동구,주간,부상신고사고,차대사람 - 보도통행중,차대사람,보도통행중,기타,건조,맑음,기타 - 기타,기타,기타,0,0,0,1,1,1,0,Y,N,가해,개인형이동수단(PM),남,20세 이하,기타불명,보행자,남,12세 이하,부상신고,2024.xlsx
PM-2024-02924,2024-06,2024,6,강북구,주간,경상사고,차대사람 - 기타,차대사람,기타,기타,건조,맑음,기타 - 기타,기타,기타,0,0,1,0,1,1,0,Y,N,가해,개인형이동수단(PM),남,20세 이하,상해없음,보행자,남,31-40세,경상,2024.xlsx
PM-2024-02990,2024-06,2024,6,강북구,주간,경상사고,차대차 - 충돌,차대차,충돌,기타,건조,맑음,단일로 - 기타,단일로,기타,0,0,1,0,1,1,0,Y,N,가해,개인형이동수단(PM),여,20세 이하,상해없음,이륜,남,41-50세,경상,2024.xlsx
PM-2024-02950,2024-06,2024,6,강서구,주간,경상사고,차대사람 - 보도통행중,차대사람,보도통행중,기타,건조,맑음,단일로 - 기타,단일로,기타,0,0,1,0,1,1,0,Y,N,가해,개인형이동수단(PM),여,21-30세,상해없음,보행자,남,21-30세,경상,2024.xlsx
PM-2024-02926,2024-06,2024,6,관악구,주간,경상사고,차대차 - 기타,차대차,기타,안전운전불이행,건조,맑음,단일로 - 기타,단일로,기타,0,0,1,0,1,1,0,N,N,기타,특수,남,41-50세,상해없음,특수,남,51-60세,상해없음,2024.xlsx
PM-2024-02966,2024-06,2024,6,관악구,주간,경상사고,차대차 - 기타,차대차,기타,신호위반,건조,맑음,교차로 - 교차로부근,교차로,교차로부근,0,0,2,0,2,2,0,N,Y,피해,승용,남,41-50세,기타불명,개인형이동수단(PM),남,21-30세,경상,2024.xlsx
PM-2024-02988,2024-06,2024,6,관악구,야간,경상사고,차대사람 - 기타,차대사람,기타,안전운전불이행,젖음/습기,비,단일로 - 기타,단일로,기타,0,0,1,0,1,1,0,Y,N,가해,개인형이동수단(PM),남,20세 이하,상해없음,보행자,여,21-30세,경상,2024.xlsx
PM-2024-02951,2024-06,2024,6,광진구,주간,경상사고,차대사람 - 기타,차대사람,기타,안전운전불이행,건조,맑음,단일로 - 기타,단일로,기타,0,0,1,0,1,1,0,Y,N,가해,개인형이동수단(PM),남,20세 이하,상해없음,보행자,남,41-50세,경상,2024.xlsx
PM-2024-02970,2024-06,2024,6,광진구,주간,경상사고,차대차 - 기타,차대차,기타,안전운전불이행,건조,맑음,단일로 - 기타,단일로,기타,0,0,1,0,1,1,0,N,Y,피해,승합,남,41-50세,상해없음,개인형이동수단(PM),여,31-40세,경상,2024.xlsx
PM-2024-02922,2024-06,2024,6,구로구,야간,중상사고,차대차 - 기타,차대차,기타,신호위반,건조,맑음,교차로 - 교차로안,교차로,교차로안,0,1,0,0,1,1,1,N,Y,피해,승용,여,41-50세,상해없음,개인형이동수단(PM),남,13-20세,중상,2024.xlsx
PM-2024-02923,2024-06,2024,6,금천구,야간,부상신고사고,차대차 - 충돌,차대차,충돌,기타,건조,맑음,교차로 - 교차로안,교차로,교차로안,0,0,0,1,1,1,0,Y,N,가해,개인형이동수단(PM),여,20세 이하,상해없음,승용,남,31-40세,상해없음,2024.xlsx
PM-2024-02927,2024-06,2024,6,금천구,주간,경상사고,차대차 - 기타,차대차,기타,기타,건조,맑음,기타 - 기타,기타,기타,0,0,1,0,1,1,0,Y,N,가해,개인형이동수단(PM),여,61-64세,상해없음,자전거,여,51-60세,상해없음,2024.xlsx
PM-2024-02934,2024-06,2024,6,금천구,주간,경상사고,차대차 - 기타,차대차,기타,안전운전불이행,건조,맑음,교차로 - 교차로안,교차로,교차로안,0,0,1,0,1,1,0,N,N,기타,승합,남,65세 이상,상해없음,특수,남,31-40세,상해없음,2024.xlsx
PM-2024-02925,2024-06,2024,6,노원구,주간,경상사고,차대차 - 추돌,차대차,추돌,안전거리미확보,건조,맑음,교차로 - 교차로부근,교차로,교차로부근,0,0,1,0,1,1,0,N,N,기타,이륜,남,31-40세,경상,특수,남,41-50세,상해없음,2024.xlsx
PM-2024-02928,2024-06,2024,6,노원구,주간,경상사고,차대사람 - 기타,차대사람,기타,기타,건조,맑음,기타 - 기타,기타,기타,0,0,1,0,1,1,0,Y,N,가해,개인형이동수단(PM),남,20세 이하,상해없음,보행자,여,13-20세,경상,2024.xlsx
PM-2024-02940,2024-06,2024,6,노원구,주간,경상사고,차대차 - 충돌,차대차,충돌,안전운전불이행,건조,맑음,기타 - 기타,기타,기타,0,0,1,0,1,1,0,Y,N,가해,개인형이동수단(PM),남,20세 이하,상해없음,자전거,여,65세 이상,경상,2024.xlsx
PM-2024-02964,2024-06,2024,6,노원구,야간,경상사고,차대차 - 기타,차대차,기타,교차로운행방법위반,건조,맑음,교차로 - 교차로안,교차로,교차로안,0,0,1,0,1,1,0,N,Y,피해,화물,남,41-50세,상해없음,개인형이동수단(PM),남,21-30세,경상,2024.xlsx
PM-2024-02983,2024-06,2024,6,노원구,주간,중상사고,차대차 - 기타,차대차,기타,안전운전불이행,건조,맑음,기타 - 기타,기타,기타,0,1,0,0,1,1,1,Y,N,가해,개인형이동수단(PM),남,31-40세,상해없음,자전거,남,65세 이상,중상,2024.xlsx
PM-2024-02961,2024-06,2024,6,도봉구,주간,경상사고,차대차 - 추돌,차대차,추돌,안전운전불이행,건조,맑음,단일로 - 기타,단일로,기타,0,0,1,0,1,1,0,N,N,기타,화물,남,51-60세,상해없음,특수,남,41-50세,경상,2024.xlsx
PM-2024-02956,2024-06,2024,6,동대문구,주간,중상사고,차대차 - 충돌,차대차,충돌,신호위반,건조,맑음,교차로 - 교차로횡단보도내,교차로,교차로횡단보도내,0,1,0,0,1,1,1,N,Y,피해,승용,남,41-50세,상해없음,개인형이동수단(PM),남,51-60세,중상,2024.xlsx
PM-2024-02962,2024-06,2024,6,동대문구,주간,경상사고,차대차 - 충돌,차대차,충돌,기타,건조,맑음,교차로 - 교차로횡단보도내,교차로,교차로횡단보도내,0,0,1,0,1,1,0,Y,N,가해,개인형이동수단(PM),남,21-30세,경상,이륜,남,51-60세,상해없음,2024.xlsx
PM-2024-02978,2024-06,2024,6,동대문구,야간,경상사고,차대차 - 충돌,차대차,충돌,안전운전불이행,건조,맑음,단일로 - 기타,단일로,기타,0,0,1,0,1,1,0,Y,N,가해,개인형이동수단(PM),남,51-60세,상해없음,승용,남,21-30세,경상,2024.xlsx
PM-2024-02935,2024-06,2024,6,동작구,야간,부상신고사고,차대차 - 충돌,차대차,충돌,교차로운행방법위반,건조,맑음,교차로 - 교차로안,교차로,교차로안,0,0,0,3,3,3,0,N,Y,피해,이륜,남,31-40세,부상신고,개인형이동수단(PM),여,13-20세,부상신고,2024.xlsx
PM-2024-02941,2024-06,2024,6,마포구,주간,경상사고,차대차 - 기타,차대차,기타,안전운전불이행,건조,맑음,기타 - 기타,기타,기타,0,0,1,0,1,1,0,N,N,기타,승용,남,61-64세,상해없음,사륜오토바이(ATV),남,41-50세,경상,2024.xlsx
PM-2024-02955,2024-06,2024,6,마포구,야간,경상사고,차대사람 - 횡단중,차대사람,횡단중,안전운전불이행,건조,맑음,단일로 - 기타,단일로,기타,0,0,1,0,1,1,0,Y,N,가해,개인형이동수단(PM),남,21-30세,상해없음,보행자,여,13-20세,경상,2024.xlsx
PM-2024-02972,2024-06,2024,6,마포구,주간,경상사고,차대차 - 충돌,차대차,충돌,안전운전불이행,건조,맑음,교차로 - 교차로안,교차로,교차로안,0,0,1,0,1,1,0,N,N,기타,화물,남,51-60세,상해없음,특수,남,21-30세,경상,2024.xlsx
PM-2024-02985,2024-06,2024,6,마포구,야간,부상신고사고,차대사람 - 보도통행중,차대사람,보도통행중,기타,건조,맑음,기타 - 기타,기타,기타,0,0,0,1,1,1,0,Y,N,가해,개인형이동수단(PM),남,20세 이하,상해없음,보행자,남,21-30세,부상신고,2024.xlsx
PM-2024-02973,2024-06,2024,6,서초구,야간,경상사고,차대차 - 기타,차대차,기타,안전운전불이행,건조,맑음,교차로 - 교차로부근,교차로,교차로부근,0,0,1,0,1,1,0,Y,N,가해,개인형이동수단(PM),여,20세 이하,경상,이륜,남,41-50세,상해없음,2024.xlsx
PM-2024-02967,2024-06,2024,6,성북구,야간,중상사고,차대차 - 충돌,차대차,충돌,신호위반,건조,맑음,교차로 - 교차로부근,교차로,교차로부근,0,1,0,0,1,1,1,N,Y,피해,승용,남,21-30세,상해없음,개인형이동수단(PM),여,21-30세,중상,2024.xlsx
PM-2024-02918,2024-06,2024,6,송파구,주간,경상사고,차대차 - 기타,차대차,기타,신호위반,건조,맑음,교차로 - 교차로횡단보도내,교차로,교차로횡단보도내,0,0,1,0,1,1,0,N,Y,피해,승용,남,31-40세,상해없음,개인형이동수단(PM),남,41-50세,경상,2024.xlsx
PM-2024-02921,2024-06,2024,6,송파구,주간,경상사고,차대사람 - 보도통행중,차대사람,보도통행중,기타,건조,맑음,단일로 - 기타,단일로,기타,0,0,1,0,1,1,0,Y,N,가해,개인형이동수단(PM),남,20세 이하,상해없음,보행자,남,13-20세,경상,2024.xlsx
PM-2024-02933,2024-06,2024,6,송파구,주간,부상신고사고,차대차 - 기타,차대차,기타,안전운전불이행,건조,맑음,단일로 - 기타,단일로,기타,0,0,0,1,1,1,0,Y,N,가해,개인형이동수단(PM),남,31-40세,상해없음,이륜,남,41-50세,부상신고,2024.xlsx
PM-2024-02936,2024-06,2024,6,송파구,주간,중상사고,차대차 - 충돌,차대차,충돌,신호위반,건조,맑음,교차로 - 교차로부근,교차로,교차로부근,0,1,0,0,1,1,1,N,Y,피해,승용,여,41-50세,상해없음,개인형이동수단(PM),남,31-40세,중상,2024.xlsx
PM-2024-02937,2024-06,2024,6,송파구,주간,경상사고,차대사람 - 기타,차대사람,기타,안전운전불이행,건조,맑음,기타 - 기타,기타,기타,0,0,2,0,2,2,0,Y,N,가해,개인형이동수단(PM),여,20세 이하,상해없음,보행자,여,21-30세,경상,2024.xlsx
PM-2024-02943,2024-06,2024,6,송파구,야간,경상사고,차대차 - 충돌,차대차,충돌,안전운전불이행,건조,맑음,교차로 - 교차로부근,교차로,교차로부근,0,0,1,0,1,1,0,Y,N,가해,개인형이동수단(PM),남,20세 이하,경상,승용,여,41-50세,상해없음,2024.xlsx
PM-2024-02948,2024-06,2024,6,송파구,주간,경상사고,차대차 - 충돌,차대차,충돌,안전운전불이행,건조,맑음,교차로 - 교차로안,교차로,교차로안,0,0,1,0,1,1,0,N,Y,피해,자전거,남,20세 이하,경상,개인형이동수단(PM),남,13-20세,상해없음,2024.xlsx
PM-2024-02957,2024-06,2024,6,송파구,주간,중상사고,차대차 - 충돌,차대차,충돌,신호위반,건조,맑음,교차로 - 교차로횡단보도내,교차로,교차로횡단보도내,0,1,0,0,1,1,1,N,Y,피해,승용,여,61-64세,상해없음,개인형이동수단(PM),여,21-30세,중상,2024.xlsx
PM-2024-02971,2024-06,2024,6,송파구,야간,중상사고,차대사람 - 보도통행중,차대사람,보도통행중,기타,건조,맑음,단일로 - 기타,단일로,기타,0,1,0,0,1,1,1,Y,N,가해,개인형이동수단(PM),여,20세 이하,상해없음,보행자,여,41-50세,중상,2024.xlsx
PM-2024-02976,2024-06,2024,6,송파구,주간,경상사고,차대차 - 충돌,차대차,충돌,신호위반,건조,맑음,교차로 - 교차로횡단보도내,교차로,교차로횡단보도내,0,0,1,0,1,1,0,N,Y,피해,승용,여,41-50세,상해없음,개인형이동수단(PM),여,41-50세,경상,2024.xlsx
PM-2024-02977,2024-06,2024,6,송파구,주간,부상신고사고,차대차 - 충돌,차대차,충돌,신호위반,건조,맑음,교차로 - 교차로안,교차로,교차로안,0,0,0,1,1,1,0,Y,N,가해,개인형이동수단(PM),여,65세 이상,부상신고,승용,남,65세 이상,상해없음,2024.xlsx
PM-2024-02986,2024-06,2024,6,송파구,야간,부상신고사고,차대차 - 기타,차대차,기타,안전운전불이행,건조,맑음,단일로 - 기타,단일로,기타,0,0,0,1,1,1,0,Y,N,가해,개인형이동수단(PM),남,21-30세,부상신고,승용,남,41-50세,상해없음,2024.xlsx
PM-2024-02920,2024-06,2024,6,양천구,주간,경상사고,차대차 - 충돌,차대차,충돌,안전운전불이행,건조,맑음,단일로 - 기타,단일로,기타,0,0,1,0,1,1,0,N,N,기타,화물,남,31-40세,상해없음,특수,남,51-60세,경상,2024.xlsx
PM-2024-02942,2024-06,2024,6,양천구,주간,부상신고사고,차대차 - 충돌,차대차,충돌,신호위반,건조,맑음,교차로 - 교차로횡단보도내,교차로,교차로횡단보도내,0,0,0,1,1,1,0,N,Y,피해,승용,남,41-50세,상해없음,개인형이동수단(PM),여,13-20세,부상신고,2024.xlsx
PM-2024-02960,2024-06,2024,6,양천구,야간,부상신고사고,차대차 - 충돌,차대차,충돌,중앙선침범,건조,맑음,단일로 - 기타,단일로,기타,0,0,0,1,1,1,0,Y,N,가해,개인형이동수단(PM),남,21-30세,부상신고,승용,남,65세 이상,상해없음,2024.xlsx
PM-2024-02965,2024-06,2024,6,양천구,야간,경상사고,차대사람 - 보도통행중,차대사람,보도통행중,안전운전불이행,건조,맑음,단일로 - 기타,단일로,기타,0,0,1,0,1,1,0,Y,N,가해,개인형이동수단(PM),여,51-60세,기타불명,보행자,여,61-64세,경상,2024.xlsx
PM-2024-02929,2024-06,2024,6,영등포구,야간,부상신고사고,차대차 - 충돌,차대차,충돌,안전운전불이행,건조,맑음,단일로 - 기타,단일로,기타,0,0,0,2,2,2,0,Y,N,가해,개인형이동수단(PM),여,31-40세,부상신고,승용,남,51-60세,상해없음,2024.xlsx
PM-2024-02963,2024-06,2024,6,영등포구,주간,부상신고사고,차대차 - 기타,차대차,기타,안전운전불이행,건조,맑음,기타 - 기타,기타,기타,0,0,0,1,1,1,0,Y,N,가해,개인형이동수단(PM),남,31-40세,상해없음,자전거,여,51-60세,부상신고,2024.xlsx
PM-2024-02946,2024-06,2024,6,은평구,야간,경상사고,차대차 - 충돌,차대차,충돌,기타,건조,맑음,교차로 - 교차로안,교차로,교차로안,0,0,1,0,1,1,0,N,Y,피해,승용,남,65세 이상,상해없음,개인형이동수단(PM),남,13-20세,경상,2024.xlsx
PM-2024-02953,2024-06,2024,6,은평구,주간,중상사고,차대사람 - 차도통행중,차대사람,차도통행중,안전운전불이행,건조,맑음,단일로 - 지하차도(도로)내,단일로,지하차도(도로)내,0,1,0,0,1,1,1,Y,N,가해,개인형이동수단(PM),여,20세 이하,상해없음,보행자,여,65세 이상,중상,2024.xlsx
PM-2024-02981,2024-06,2024,6,은평구,야간,중상사고,차대차 - 충돌,차대차,충돌,안전운전불이행,건조,기타,교차로 - 교차로부근,교차로,교차로부근,0,1,0,0,1,1,1,Y,Y,가해+피해,개인형이동수단(PM),남,20세 이하,상해없음,개인형이동수단(PM),여,21-30세,중상,2024.xlsx
PM-2024-02982,2024-06,2024,6,은평구,야간,경상사고,차대차 - 추돌,차대차,추돌,안전운전불이행,건조,맑음,단일로 - 기타,단일로,기타,0,0,1,0,1,1,0,N,Y,피해,승용,남,61-64세,상해없음,개인형이동수단(PM),남,41-50세,경상,2024.xlsx
PM-2024-02968,2024-06,2024,6,종로구,주간,부상신고사고,차대차 - 충돌,차대차,충돌,신호위반,건조,맑음,교차로 - 교차로안,교차로,교차로안,0,0,0,1,1,1,0,Y,N,가해,개인형이동수단(PM),남,21-30세,부상신고,승용,남,41-50세,상해없음,2024.xlsx
PM-2024-02975,2024-06,2024,6,종로구,주간,경상사고,차대차 - 충돌,차대차,충돌,안전운전불이행,건조,맑음,단일로 - 기타,단일로,기타,0,0,1,0,1,1,0,N,N,기타,승용,남,51-60세,상해없음,특수,남,31-40세,경상,2024.xlsx
PM-2024-02917,2024-06,2024,6,중구,야간,부상신고사고,차량단독 - 기타,차량단독,기타,기타,건조,맑음,기타 - 기타,기타,기타,0,0,0,1,1,1,0,Y,N,가해,개인형이동수단(PM),남,21-30세,부상신고,,,,,2024.xlsx
PM-2024-02996,2024-07,2024,7,강남구,주간,경상사고,차대사람 - 기타,차대사람,기타,안전운전불이행,건조,맑음,단일로 - 기타,단일로,기타,0,0,1,0,1,1,0,Y,N,가해,개인형이동수단(PM),여,20세 이하,상해없음,보행자,남,65세 이상,경상,2024.xlsx
PM-2024-02997,2024-07,2024,7,강남구,주간,경상사고,차대차 - 기타,차대차,기타,안전운전불이행,건조,맑음,단일로 - 기타,단일로,기타,0,0,1,0,1,1,0,Y,N,가해,개인형이동수단(PM),여,20세 이하,상해없음,이륜,남,65세 이상,경상,2024.xlsx
PM-2024-03003,2024-07,2024,7,강남구,야간,경상사고,차대차 - 충돌,차대차,충돌,안전운전불이행,젖음/습기,비,교차로 - 교차로안,교차로,교차로안,0,0,1,0,1,1,0,N,Y,피해,승용,남,31-40세,상해없음,개인형이동수단(PM),남,12세 이하,상해없음,2024.xlsx
PM-2024-03007,2024-07,2024,7,강남구,야간,경상사고,차대차 - 기타,차대차,기타,신호위반,젖음/습기,비,교차로 - 교차로횡단보도내,교차로,교차로횡단보도내,0,0,1,0,1,1,0,N,Y,피해,승용,여,51-60세,기타불명,개인형이동수단(PM),남,31-40세,경상,2024.xlsx
PM-2024-03012,2024-07,2024,7,강남구,주간,경상사고,차대사람 - 보도통행중,차대사람,보도통행중,안전운전불이행,건조,맑음,기타 - 기타,기타,기타,0,0,1,0,1,1,0,Y,N,가해,개인형이동수단(PM),남,20세 이하,상해없음,보행자,남,31-40세,경상,2024.xlsx
PM-2024-03014,2024-07,2024,7,강남구,주간,경상사고,차대사람 - 기타,차대사람,기타,안전운전불이행,젖음/습기,비,기타 - 기타,기타,기타,0,0,1,0,1,1,0,Y,N,가해,개인형이동수단(PM),남,20세 이하,상해없음,보행자,남,41-50세,경상,2024.xlsx
PM-2024-03015,2024-07,2024,7,강남구,야간,경상사고,차대사람 - 보도통행중,차대사람,보도통행중,안전운전불이행,건조,맑음,기타 - 기타,기타,기타,0,0,1,0,1,1,0,Y,N,가해,개인형이동수단(PM),여,21-30세,상해없음,보행자,여,61-64세,경상,2024.xlsx
PM-2024-03017,2024-07,2024,7,강남구,야간,부상신고사고,차대차 - 충돌,차대차,충돌,안전운전불이행,건조,맑음,교차로 - 교차로안,교차로,교차로안,0,0,0,1,1,1,0,Y,N,가해,개인형이동수단(PM),여,21-30세,상해없음,이륜,남,31-40세,부상신고,2024.xlsx
PM-2024-03025,2024-07,2024,7,강남구,야간,경상사고,차대차 - 기타,차대차,기타,안전운전불이행,건조,맑음,단일로 - 기타,단일로,기타,0,0,1,0,1,1,0,Y,N,가해,개인형이동수단(PM),남,20세 이하,상해없음,이륜,남,51-60세,경상,2024.xlsx
PM-2024-03028,2024-07,2024,7,강남구,주간,경상사고,차대사람 - 보도통행중,차대사람,보도통행중,안전운전불이행,젖음/습기,비,기타 - 기타,기타,기타,0,0,1,0,1,1,0,Y,N,가해,개인형이동수단(PM),여,21-30세,상해없음,보행자,여,13-20세,경상,2024.xlsx
PM-2024-03030,2024-07,2024,7,강남구,야간,경상사고,차대사람 - 차도통행중,차대사람,차도통행중,기타,젖음/습기,맑음,기타 - 기타,기타,기타,0,0,1,0,1,1,0,Y,N,가해,개인형이동수단(PM),남,21-30세,상해없음,보행자,여,31-40세,경상,2024.xlsx
PM-2024-03033,2024-07,2024,7,강남구,주간,경상사고,차대차 - 충돌,차대차,충돌,안전운전불이행,건조,맑음,교차로 - 교차로안,교차로,교차로안,0,0,1,0,1,1,0,Y,N,가해,개인형이동수단(PM),남,21-30세,경상,승합,여,41-50세,상해없음,2024.xlsx
PM-2024-03008,2024-07,2024,7,강동구,야간,경상사고,차대차 - 충돌,차대차,충돌,기타,건조,흐림,기타 - 기타,기타,기타,0,0,1,0,1,1,0,N,Y,피해,승용,남,65세 이상,상해없음,개인형이동수단(PM),남,21-30세,경상,2024.xlsx
PM-2024-03024,2024-07,2024,7,강동구,야간,경상사고,차대사람 - 보도통행중,차대사람,보도통행중,보행자보호의무위반,건조,맑음,기타 - 기타,기타,기타,0,0,2,0,2,2,0,Y,N,가해,개인형이동수단(PM),남,31-40세,상해없음,보행자,여,61-64세,경상,2024.xlsx
PM-2024-03032,2024-07,2024,7,강북구,야간,중상사고,차대차 - 충돌,차대차,충돌,안전운전불이행,젖음/습기,비,교차로 - 교차로부근,교차로,교차로부근,0,1,1,0,2,2,1,Y,N,가해,개인형이동수단(PM),남,41-50세,경상,자전거,남,51-60세,중상,2024.xlsx
PM-2024-03001,2024-07,2024,7,강서구,주간,경상사고,차대차 - 충돌,차대차,충돌,기타,젖음/습기,맑음,교차로 - 교차로횡단보도내,교차로,교차로횡단보도내,0,0,2,0,2,2,0,Y,N,가해,개인형이동수단(PM),여,21-30세,경상,승용,남,65세 이상,상해없음,2024.xlsx
PM-2024-03038,2024-07,2024,7,강서구,주간,중상사고,차대차 - 충돌,차대차,충돌,안전운전불이행,건조,맑음,단일로 - 기타,단일로,기타,0,1,0,0,1,1,1,N,Y,피해,승용,여,41-50세,상해없음,개인형이동수단(PM),남,65세 이상,중상,2024.xlsx
PM-2024-03040,2024-07,2024,7,강서구,야간,경상사고,차대차 - 기타,차대차,기타,안전운전불이행,젖음/습기,비,교차로 - 교차로안,교차로,교차로안,0,0,1,0,1,1,0,N,Y,피해,승용,남,65세 이상,상해없음,개인형이동수단(PM),남,31-40세,경상,2024.xlsx
PM-2024-03048,2024-07,2024,7,강서구,야간,중상사고,차대사람 - 기타,차대사람,기타,기타,건조,맑음,단일로 - 기타,단일로,기타,0,1,0,0,1,1,1,Y,N,가해,개인형이동수단(PM),여,51-60세,상해없음,보행자,남,51-60세,중상,2024.xlsx
PM-2024-02998,2024-07,2024,7,관악구,야간,경상사고,차대차 - 충돌,차대차,충돌,안전운전불이행,건조,맑음,기타 - 기타,기타,기타,0,0,1,0,1,1,0,N,Y,피해,자전거,여,21-30세,기타불명,개인형이동수단(PM),남,31-40세,경상,2024.xlsx
PM-2024-02999,2024-07,2024,7,관악구,주간,중상사고,차대차 - 기타,차대차,기타,신호위반,건조,맑음,기타 - 기타,기타,기타,0,1,0,0,1,1,1,N,Y,피해,승용,남,41-50세,기타불명,개인형이동수단(PM),여,41-50세,중상,2024.xlsx
PM-2024-03042,2024-07,2024,7,광진구,주간,경상사고,차대차 - 기타,차대차,기타,신호위반,건조,맑음,교차로 - 교차로횡단보도내,교차로,교차로횡단보도내,0,0,1,0,1,1,0,N,Y,피해,승용,남,41-50세,상해없음,개인형이동수단(PM),남,21-30세,경상,2024.xlsx
PM-2024-03045,2024-07,2024,7,광진구,주간,중상사고,차대차 - 충돌,차대차,충돌,기타,건조,맑음,교차로 - 교차로안,교차로,교차로안,0,1,0,0,1,1,1,Y,N,가해,개인형이동수단(PM),여,31-40세,상해없음,자전거,여,41-50세,중상,2024.xlsx
PM-2024-02994,2024-07,2024,7,구로구,주간,경상사고,차대사람 - 보도통행중,차대사람,보도통행중,기타,건조,맑음,교차로 - 교차로부근,교차로,교차로부근,0,0,1,0,1,1,0,Y,N,가해,개인형이동수단(PM),남,41-50세,상해없음,보행자,남,65세 이상,경상,2024.xlsx
PM-2024-03013,2024-07,2024,7,금천구,주간,경상사고,차대사람 - 횡단중,차대사람,횡단중,신호위반,건조,맑음,교차로 - 교차로횡단보도내,교차로,교차로횡단보도내,0,0,1,0,1,1,0,Y,N,가해,개인형이동수단(PM),남,21-30세,기타불명,보행자,여,21-30세,경상,2024.xlsx
PM-2024-03037,2024-07,2024,7,금천구,야간,경상사고,차대차 - 기타,차대차,기타,안전운전불이행,건조,맑음,기타 - 기타,기타,기타,0,0,1,0,1,1,0,N,Y,피해,승용,여,51-60세,상해없음,개인형이동수단(PM),남,21-30세,경상,2024.xlsx
PM-2024-02995,2024-07,2024,7,노원구,주간,경상사고,차대사람 - 차도통행중,차대사람,차도통행중,기타,건조,맑음,기타 - 기타,기타,기타,0,0,1,0,1,1,0,Y,N,가해,개인형이동수단(PM),여,20세 이하,상해없음,보행자,남,13-20세,경상,2024.xlsx
PM-2024-03031,2024-07,2024,7,노원구,야간,경상사고,차량단독 - 기타,차량단독,기타,안전운전불이행,건조,맑음,기타 - 기타,기타,기타,0,0,1,0,1,1,0,Y,N,가해,개인형이동수단(PM),남,51-60세,경상,,,,,2024.xlsx
PM-2024-03002,2024-07,2024,7,동대문구,야간,경상사고,차대차 - 기타,차대차,기타,안전운전불이행,젖음/습기,흐림,단일로 - 기타,단일로,기타,0,0,1,0,1,1,0,N,Y,피해,원동기,남,65세 이상,상해없음,개인형이동수단(PM),남,51-60세,경상,2024.xlsx
PM-2024-03009,2024-07,2024,7,동대문구,주간,경상사고,차대사람 - 기타,차대사람,기타,안전운전불이행,건조,맑음,기타 - 기타,기타,기타,0,0,1,1,2,2,0,Y,N,가해,개인형이동수단(PM),여,61-64세,부상신고,보행자,여,12세 이하,경상,2024.xlsx
PM-2024-02991,2024-07,2024,7,동작구,주간,중상사고,차대사람 - 차도통행중,차대사람,차도통행중,안전운전불이행,건조,맑음,단일로 - 기타,단일로,기타,0,1,1,0,2,2,1,Y,N,가해,개인형이동수단(PM),남,20세 이하,중상,보행자,여,21-30세,경상,2024.xlsx
PM-2024-03019,2024-07,2024,7,동작구,야간,경상사고,차대차 - 충돌,차대차,충돌,안전운전불이행,건조,맑음,교차로 - 교차로횡단보도내,교차로,교차로횡단보도내,0,0,1,0,1,1,0,Y,N,가해,개인형이동수단(PM),남,21-30세,기타불명,이륜,남,21-30세,경상,2024.xlsx
PM-2024-03011,2024-07,2024,7,마포구,야간,부상신고사고,차대차 - 기타,차대차,기타,안전운전불이행,건조,맑음,교차로 - 교차로횡단보도내,교차로,교차로횡단보도내,0,0,0,1,1,1,0,N,Y,피해,승용,여,41-50세,상해없음,개인형이동수단(PM),남,13-20세,부상신고,2024.xlsx
PM-2024-03020,2024-07,2024,7,마포구,주간,경상사고,차대차 - 기타,차대차,기타,안전운전불이행,건조,맑음,기타 - 기타,기타,기타,0,0,1,0,1,1,0,Y,N,가해,개인형이동수단(PM),남,21-30세,상해없음,이륜,남,21-30세,경상,2024.xlsx
PM-2024-03044,2024-07,2024,7,마포구,주간,중상사고,차대사람 - 보도통행중,차대사람,보도통행중,기타,건조,맑음,단일로 - 기타,단일로,기타,0,1,0,0,1,1,1,Y,N,가해,개인형이동수단(PM),남,21-30세,상해없음,보행자,남,21-30세,중상,2024.xlsx
PM-2024-03006,2024-07,2024,7,서대문구,야간,경상사고,차대차 - 충돌,차대차,충돌,기타,건조,흐림,단일로 - 기타,단일로,기타,0,0,1,1,2,2,0,Y,N,가해,개인형이동수단(PM),남,20세 이하,부상신고,승용,남,51-60세,상해없음,2024.xlsx
PM-2024-02992,2024-07,2024,7,서초구,주간,경상사고,차대차 - 충돌,차대차,충돌,안전운전불이행,건조,맑음,교차로 - 교차로안,교차로,교차로안,0,0,1,0,1,1,0,N,Y,피해,승용,남,65세 이상,상해없음,개인형이동수단(PM),여,13-20세,경상,2024.xlsx
PM-2024-02993,2024-07,2024,7,서초구,주간,중상사고,차대차 - 기타,차대차,기타,안전운전불이행,건조,맑음,단일로 - 기타,단일로,기타,0,1,1,0,2,2,1,N,N,기타,승용,남,41-50세,상해없음,특수,기타불명,기타불명,기타불명,2024.xlsx
PM-2024-03004,2024-07,2024,7,서초구,야간,경상사고,차대차 - 충돌,차대차,충돌,안전운전불이행,젖음/습기,비,단일로 - 기타,단일로,기타,0,0,1,0,1,1,0,N,Y,피해,승용,남,51-60세,상해없음,개인형이동수단(PM),남,41-50세,경상,2024.xlsx
PM-2024-03005,2024-07,2024,7,서초구,야간,중상사고,차대사람 - 보도통행중,차대사람,보도통행중,기타,건조,맑음,단일로 - 기타,단일로,기타,0,1,0,0,1,1,1,Y,N,가해,개인형이동수단(PM),여,20세 이하,상해없음,보행자,여,31-40세,중상,2024.xlsx
PM-2024-03022,2024-07,2024,7,서초구,주간,경상사고,차대차 - 기타,차대차,기타,안전운전불이행,건조,맑음,기타 - 기타,기타,기타,0,0,1,0,1,1,0,N,Y,피해,승용,여,51-60세,상해없음,개인형이동수단(PM),남,13-20세,경상,2024.xlsx
PM-2024-03036,2024-07,2024,7,서초구,야간,경상사고,차대차 - 기타,차대차,기타,기타,건조,맑음,교차로 - 교차로부근,교차로,교차로부근,0,0,1,0,1,1,0,Y,N,가해,개인형이동수단(PM),남,41-50세,경상,승용,남,41-50세,상해없음,2024.xlsx
PM-2024-03041,2024-07,2024,7,서초구,야간,중상사고,차대사람 - 기타,차대사람,기타,보행자보호의무위반,젖음/습기,비,단일로 - 기타,단일로,기타,0,1,0,0,1,1,1,Y,N,가해,개인형이동수단(PM),남,21-30세,상해없음,보행자,여,41-50세,중상,2024.xlsx
PM-2024-03047,2024-07,2024,7,서초구,야간,경상사고,차대사람 - 기타,차대사람,기타,안전운전불이행,건조,맑음,단일로 - 기타,단일로,기타,0,0,1,0,1,1,0,Y,N,가해,개인형이동수단(PM),남,20세 이하,상해없음,보행자,남,31-40세,경상,2024.xlsx
PM-2024-03035,2024-07,2024,7,성동구,주간,경상사고,차대차 - 기타,차대차,기타,안전거리미확보,건조,맑음,교차로 - 교차로부근,교차로,교차로부근,0,0,1,0,1,1,0,N,N,기타,승용,남,51-60세,상해없음,특수,남,31-40세,경상,2024.xlsx
PM-2024-03043,2024-07,2024,7,성북구,야간,경상사고,차대차 - 충돌,차대차,충돌,신호위반,건조,맑음,기타 - 기타,기타,기타,0,0,1,0,1,1,0,Y,N,가해,개인형이동수단(PM),남,51-60세,상해없음,원동기,남,31-40세,경상,2024.xlsx
PM-2024-03000,2024-07,2024,7,송파구,주간,중상사고,차대차 - 기타,차대차,기타,안전운전불이행,건조,맑음,단일로 - 기타,단일로,기타,0,1,0,0,1,1,1,N,Y,피해,승용,남,65세 이상,상해없음,개인형이동수단(PM),여,13-20세,중상,2024.xlsx
PM-2024-03021,2024-07,2024,7,송파구,주간,경상사고,차대차 - 충돌,차대차,충돌,안전운전불이행,건조,맑음,단일로 - 교량,단일로,교량,0,0,1,0,1,1,0,N,Y,피해,기타불명,남,21-30세,상해없음,개인형이동수단(PM),남,21-30세,경상,2024.xlsx
PM-2024-03026,2024-07,2024,7,송파구,야간,부상신고사고,차량단독 - 기타,차량단독,기타,안전운전불이행,건조,맑음,단일로 - 기타,단일로,기타,0,0,0,1,1,1,0,Y,N,가해,개인형이동수단(PM),남,31-40세,부상신고,,,,,2024.xlsx
PM-2024-03027,2024-07,2024,7,송파구,야간,경상사고,차대차 - 충돌,차대차,충돌,신호위반,건조,맑음,교차로 - 교차로횡단보도내,교차로,교차로횡단보도내,0,0,1,0,1,1,0,N,Y,피해,원동기,남,31-40세,상해없음,개인형이동수단(PM),남,31-40세,경상,2024.xlsx
PM-2024-03010,2024-07,2024,7,양천구,주간,경상사고,차대사람 - 횡단중,차대사람,횡단중,신호위반,건조,맑음,교차로 - 교차로안,교차로,교차로안,0,0,1,0,1,1,0,Y,N,가해,개인형이동수단(PM),여,31-40세,상해없음,보행자,남,12세 이하,경상,2024.xlsx
PM-2024-03016,2024-07,2024,7,양천구,야간,중상사고,차량단독 - 기타,차량단독,기타,안전운전불이행,건조,맑음,단일로 - 기타,단일로,기타,0,1,1,0,2,2,1,Y,N,가해,개인형이동수단(PM),남,20세 이하,경상,,,,,2024.xlsx
PM-2024-03029,2024-07,2024,7,양천구,주간,중상사고,차대사람 - 기타,차대사람,기타,안전운전불이행,젖음/습기,비,단일로 - 기타,단일로,기타,0,1,0,0,1,1,1,Y,N,가해,개인형이동수단(PM),남,21-30세,상해없음,보행자,여,65세 이상,중상,2024.xlsx
PM-2024-03046,2024-07,2024,7,영등포구,주간,경상사고,차대차 - 기타,차대차,기타,안전운전불이행,건조,맑음,단일로 - 기타,단일로,기타,0,0,1,0,1,1,0,Y,N,가해,개인형이동수단(PM),남,61-64세,경상,승용,남,31-40세,상해없음,2024.xlsx
PM-2024-03018,2024-07,2024,7,용산구,야간,경상사고,차대사람 - 보도통행중,차대사람,보도통행중,기타,건조,맑음,기타 - 기타,기타,기타,0,0,1,0,1,1,0,Y,N,가해,개인형이동수단(PM),남,31-40세,상해없음,보행자,남,41-50세,경상,2024.xlsx
PM-2024-03023,2024-07,2024,7,용산구,야간,중상사고,차대차 - 기타,차대차,기타,안전운전불이행,건조,기타,단일로 - 교량,단일로,교량,0,1,0,0,1,1,1,Y,N,가해,개인형이동수단(PM),남,21-30세,중상,자전거,남,13-20세,상해없음,2024.xlsx
PM-2024-03034,2024-07,2024,7,종로구,주간,부상신고사고,차대사람 - 기타,차대사람,기타,안전운전불이행,젖음/습기,비,단일로 - 기타,단일로,기타,0,0,0,1,1,1,0,Y,N,가해,개인형이동수단(PM),남,65세 이상,상해없음,보행자,여,41-50세,부상신고,2024.xlsx
PM-2024-03039,2024-07,2024,7,중랑구,주간,부상신고사고,차대사람 - 기타,차대사람,기타,기타,건조,맑음,단일로 - 기타,단일로,기타,0,0,0,1,1,1,0,Y,N,가해,개인형이동수단(PM),여,51-60세,상해없음,보행자,남,12세 이하,부상신고,2024.xlsx
PM-2024-03049,2024-08,2024,8,강남구,주간,중상사고,차대차 - 기타,차대차,기타,신호위반,건조,맑음,교차로 - 교차로횡단보도내,교차로,교차로횡단보도내,0,1,0,0,1,1,1,N,Y,피해,화물,남,41-50세,상해없음,개인형이동수단(PM),남,41-50세,중상,2024.xlsx
PM-2024-03050,2024-08,2024,8,강남구,주간,경상사고,차대차 - 기타,차대차,기타,안전운전불이행,건조,맑음,단일로 - 기타,단일로,기타,0,0,1,0,1,1,0,Y,N,가해,개인형이동수단(PM),남,31-40세,상해없음,자전거,여,61-64세,경상,2024.xlsx
PM-2024-03052,2024-08,2024,8,강남구,주간,중상사고,차대사람 - 기타,차대사람,기타,기타,건조,맑음,단일로 - 기타,단일로,기타,0,1,0,0,1,1,1,Y,N,가해,개인형이동수단(PM),남,20세 이하,상해없음,보행자,남,21-30세,중상,2024.xlsx
PM-2024-03058,2024-08,2024,8,강남구,야간,중상사고,차대사람 - 기타,차대사람,기타,안전운전불이행,건조,맑음,단일로 - 기타,단일로,기타,0,1,0,0,1,1,1,Y,N,가해,개인형이동수단(PM),여,20세 이하,상해없음,보행자,남,31-40세,중상,2024.xlsx
PM-2024-03065,2024-08,2024,8,강남구,야간,경상사고,차대차 - 기타,차대차,기타,안전운전불이행,건조,맑음,교차로 - 교차로부근,교차로,교차로부근,0,0,2,0,2,2,0,N,Y,피해,승용,여,41-50세,경상,개인형이동수단(PM),남,41-50세,기타불명,2024.xlsx
PM-2024-03069,2024-08,2024,8,강남구,주간,부상신고사고,차량단독 - 기타,차량단독,기타,안전운전불이행,건조,맑음,단일로 - 기타,단일로,기타,0,0,0,1,1,1,0,Y,N,가해,개인형이동수단(PM),남,21-30세,부상신고,,,,,2024.xlsx
PM-2024-03076,2024-08,2024,8,강남구,주간,부상신고사고,차대사람 - 기타,차대사람,기타,중앙선침범,건조,맑음,단일로 - 기타,단일로,기타,0,0,0,1,1,1,0,Y,N,가해,개인형이동수단(PM),여,21-30세,상해없음,보행자,남,21-30세,부상신고,2024.xlsx
PM-2024-03077,2024-08,2024,8,강남구,주간,경상사고,차대차 - 충돌,차대차,충돌,안전운전불이행,건조,맑음,기타 - 기타,기타,기타,0,0,1,0,1,1,0,Y,N,가해,개인형이동수단(PM),남,51-60세,경상,승용,남,51-60세,상해없음,2024.xlsx
PM-2024-03078,2024-08,2024,8,강남구,주간,경상사고,차대차 - 기타,차대차,기타,안전운전불이행,건조,맑음,교차로 - 교차로안,교차로,교차로안,0,0,2,0,2,2,0,Y,N,가해,개인형이동수단(PM),남,21-30세,경상,이륜,남,51-60세,경상,2024.xlsx
PM-2024-03079,2024-08,2024,8,강남구,야간,중상사고,차대차 - 기타,차대차,기타,안전운전불이행,건조,맑음,교차로 - 교차로부근,교차로,교차로부근,0,1,0,0,1,1,1,Y,N,가해,개인형이동수단(PM),여,31-40세,중상,승용,남,51-60세,상해없음,2024.xlsx
PM-2024-03081,2024-08,2024,8,강남구,주간,경상사고,차대차 - 충돌,차대차,충돌,안전운전불이행,건조,맑음,단일로 - 기타,단일로,기타,0,0,1,0,1,1,0,N,Y,피해,승용,남,51-60세,상해없음,개인형이동수단(PM),여,21-30세,경상,2024.xlsx
PM-2024-03082,2024-08,2024,8,강남구,주간,경상사고,차대차 - 기타,차대차,기타,안전운전불이행,건조,맑음,단일로 - 기타,단일로,기타,0,0,1,0,1,1,0,Y,N,가해,개인형이동수단(PM),남,21-30세,경상,승용,남,51-60세,상해없음,2024.xlsx
PM-2024-03083,2024-08,2024,8,강남구,야간,경상사고,차대사람 - 보도통행중,차대사람,보도통행중,안전운전불이행,건조,맑음,기타 - 기타,기타,기타,0,0,1,0,1,1,0,Y,N,가해,개인형이동수단(PM),여,20세 이하,상해없음,보행자,남,21-30세,경상,2024.xlsx
PM-2024-03086,2024-08,2024,8,강남구,야간,부상신고사고,차량단독 - 도로외이탈 - 기타,차량단독,도로외이탈,안전운전불이행,건조,맑음,기타 - 기타,기타,기타,0,0,0,1,1,1,0,Y,N,가해,개인형이동수단(PM),남,31-40세,부상신고,,,,,2024.xlsx
PM-2024-03087,2024-08,2024,8,강남구,주간,경상사고,차대사람 - 차도통행중,차대사람,차도통행중,안전운전불이행,건조,맑음,기타 - 기타,기타,기타,0,0,1,0,1,1,0,Y,N,가해,개인형이동수단(PM),남,20세 이하,기타불명,보행자,여,13-20세,경상,2024.xlsx
PM-2024-03088,2024-08,2024,8,강남구,야간,중상사고,차대차 - 기타,차대차,기타,중앙선침범,건조,맑음,단일로 - 기타,단일로,기타,0,1,0,0,1,1,1,Y,N,가해,개인형이동수단(PM),남,21-30세,상해없음,이륜,남,31-40세,중상,2024.xlsx
PM-2024-03094,2024-08,2024,8,강남구,주간,중상사고,차대차 - 기타,차대차,기타,신호위반,건조,맑음,기타 - 기타,기타,기타,0,1,0,0,1,1,1,N,Y,피해,승용,여,31-40세,상해없음,개인형이동수단(PM),여,31-40세,중상,2024.xlsx
PM-2024-03098,2024-08,2024,8,강남구,주간,경상사고,차대사람 - 기타,차대사람,기타,안전운전불이행,건조,맑음,단일로 - 기타,단일로,기타,0,0,1,0,1,1,0,Y,N,가해,개인형이동수단(PM),남,31-40세,상해없음,보행자,여,31-40세,경상,2024.xlsx
PM-2024-03111,2024-08,2024,8,강남구,야간,경상사고,차대사람 - 차도통행중,차대사람,차도통행중,안전운전불이행,건조,맑음,기타 - 기타,기타,기타,0,0,1,0,1,1,0,Y,N,가해,개인형이동수단(PM),여,31-40세,상해없음,보행자,남,12세 이하,경상,2024.xlsx
PM-2024-03112,2024-08,2024,8,강남구,야간,경상사고,차대사람 - 기타,차대사람,기타,안전운전불이행,건조,기타,기타 - 기타,기타,기타,0,0,1,0,1,1,0,Y,N,가해,개인형이동수단(PM),남,20세 이하,상해없음,보행자,여,12세 이하,경상,2024.xlsx
PM-2024-03115,2024-08,2024,8,강남구,주간,경상사고,차대사람 - 기타,차대사람,기타,안전운전불이행,건조,맑음,단일로 - 기타,단일로,기타,0,0,1,0,1,1,0,Y,N,가해,개인형이동수단(PM),여,31-40세,상해없음,보행자,여,31-40세,경상,2024.xlsx
PM-2024-03116,2024-08,2024,8,강남구,주간,경상사고,차대차 - 충돌,차대차,충돌,기타,건조,맑음,교차로 - 교차로안,교차로,교차로안,0,0,1,0,1,1,0,N,Y,피해,승용,남,31-40세,상해없음,개인형이동수단(PM),남,31-40세,경상,2024.xlsx
PM-2024-03123,2024-08,2024,8,강남구,주간,경상사고,차대차 - 추돌,차대차,추돌,안전운전불이행,건조,맑음,단일로 - 기타,단일로,기타,0,0,1,0,1,1,0,N,Y,피해,승용,여,31-40세,기타불명,개인형이동수단(PM),남,41-50세,경상,2024.xlsx
PM-2024-03124,2024-08,2024,8,강남구,야간,경상사고,차대차 - 기타,차대차,기타,안전운전불이행,건조,맑음,단일로 - 기타,단일로,기타,0,0,1,0,1,1,0,N,Y,피해,화물,남,51-60세,상해없음,개인형이동수단(PM),여,21-30세,상해없음,2024.xlsx
PM-2024-03100,2024-08,2024,8,강동구,야간,경상사고,차대차 - 충돌,차대차,충돌,안전운전불이행,건조,맑음,교차로 - 교차로안,교차로,교차로안,0,0,1,0,1,1,0,Y,N,가해,개인형이동수단(PM),남,31-40세,상해없음,승용,남,51-60세,경상,2024.xlsx
PM-2024-03080,2024-08,2024,8,강북구,야간,경상사고,차대차 - 기타,차대차,기타,안전거리미확보,건조,맑음,단일로 - 지하차도(도로)내,단일로,지하차도(도로)내,0,0,1,0,1,1,0,N,Y,피해,승용,남,31-40세,상해없음,개인형이동수단(PM),남,21-30세,경상,2024.xlsx
PM-2024-03093,2024-08,2024,8,강북구,주간,경상사고,차대차 - 기타,차대차,기타,안전운전불이행,건조,맑음,단일로 - 기타,단일로,기타,0,0,1,0,1,1,0,Y,N,가해,개인형이동수단(PM),남,20세 이하,기타불명,자전거,여,21-30세,경상,2024.xlsx
PM-2024-03106,2024-08,2024,8,강북구,야간,경상사고,차대차 - 충돌,차대차,충돌,기타,건조,맑음,교차로 - 교차로횡단보도내,교차로,교차로횡단보도내,0,0,1,0,1,1,0,Y,N,가해,개인형이동수단(PM),남,20세 이하,상해없음,승용,남,51-60세,상해없음,2024.xlsx
PM-2024-03073,2024-08,2024,8,강서구,주간,부상신고사고,차대사람 - 기타,차대사람,기타,안전운전불이행,건조,맑음,기타 - 기타,기타,기타,0,0,0,1,1,1,0,Y,N,가해,개인형이동수단(PM),여,51-60세,상해없음,보행자,남,21-30세,부상신고,2024.xlsx
PM-2024-03090,2024-08,2024,8,강서구,야간,경상사고,차대차 - 기타,차대차,기타,교차로운행방법위반,건조,맑음,교차로 - 교차로안,교차로,교차로안,0,0,1,0,1,1,0,N,Y,피해,화물,남,51-60세,상해없음,개인형이동수단(PM),남,51-60세,경상,2024.xlsx
PM-2024-03117,2024-08,2024,8,강서구,야간,중상사고,차대차 - 충돌,차대차,충돌,안전운전불이행,건조,맑음,단일로 - 기타,단일로,기타,0,1,0,0,1,1,1,N,Y,피해,승용,남,65세 이상,상해없음,개인형이동수단(PM),여,41-50세,중상,2024.xlsx
PM-2024-03122,2024-08,2024,8,강서구,야간,부상신고사고,차대차 - 충돌,차대차,충돌,안전운전불이행,건조,맑음,기타 - 기타,기타,기타,0,0,0,1,1,1,0,Y,N,가해,개인형이동수단(PM),남,20세 이하,부상신고,승용,남,65세 이상,상해없음,2024.xlsx
PM-2024-03059,2024-08,2024,8,관악구,야간,중상사고,차대차 - 기타,차대차,기타,신호위반,건조,기타,교차로 - 교차로안,교차로,교차로안,0,1,1,0,2,2,1,N,Y,피해,이륜,남,41-50세,경상,개인형이동수단(PM),남,31-40세,중상,2024.xlsx
PM-2024-03062,2024-08,2024,8,관악구,야간,경상사고,차대사람 - 기타,차대사람,기타,안전운전불이행,건조,맑음,단일로 - 기타,단일로,기타,0,0,1,0,1,1,0,Y,N,가해,개인형이동수단(PM),남,31-40세,상해없음,보행자,여,21-30세,경상,2024.xlsx
PM-2024-03095,2024-08,2024,8,관악구,야간,경상사고,차대사람 - 기타,차대사람,기타,안전운전불이행,기타,맑음,단일로 - 기타,단일로,기타,0,0,1,0,1,1,0,Y,N,가해,개인형이동수단(PM),남,31-40세,상해없음,보행자,여,21-30세,경상,2024.xlsx
PM-2024-03103,2024-08,2024,8,광진구,야간,중상사고,차대차 - 기타,차대차,기타,안전운전불이행,건조,맑음,단일로 - 기타,단일로,기타,0,1,0,0,1,1,1,N,Y,피해,승용,남,65세 이상,상해없음,개인형이동수단(PM),남,21-30세,중상,2024.xlsx
PM-2024-03061,2024-08,2024,8,구로구,야간,중상사고,차대차 - 충돌,차대차,충돌,안전거리미확보,건조,맑음,교차로 - 교차로안,교차로,교차로안,0,1,0,0,1,1,1,N,Y,피해,이륜,남,31-40세,상해없음,개인형이동수단(PM),남,31-40세,중상,2024.xlsx
PM-2024-03075,2024-08,2024,8,구로구,주간,경상사고,차대차 - 충돌,차대차,충돌,안전운전불이행,건조,맑음,단일로 - 기타,단일로,기타,0,0,1,0,1,1,0,N,N,기타,승용,남,65세 이상,상해없음,특수,남,31-40세,경상,2024.xlsx
PM-2024-03089,2024-08,2024,8,금천구,야간,경상사고,차대차 - 충돌,차대차,충돌,안전거리미확보,건조,맑음,교차로 - 교차로안,교차로,교차로안,0,0,1,0,1,1,0,Y,N,가해,개인형이동수단(PM),남,51-60세,경상,승합,남,51-60세,상해없음,2024.xlsx
PM-2024-03056,2024-08,2024,8,노원구,야간,경상사고,차량단독 - 기타,차량단독,기타,안전운전불이행,건조,맑음,기타 - 기타,기타,기타,0,0,1,0,1,1,0,Y,N,가해,개인형이동수단(PM),남,21-30세,경상,,,,,2024.xlsx
PM-2024-03067,2024-08,2024,8,노원구,야간,경상사고,차대사람 - 보도통행중,차대사람,보도통행중,기타,건조,맑음,단일로 - 기타,단일로,기타,0,0,1,0,1,1,0,Y,N,가해,개인형이동수단(PM),남,20세 이하,상해없음,보행자,여,65세 이상,경상,2024.xlsx
PM-2024-03099,2024-08,2024,8,노원구,주간,경상사고,차대사람 - 길가장자리구역통행중,차대사람,길가장자리구역통행중,안전운전불이행,건조,맑음,단일로 - 기타,단일로,기타,0,0,1,0,1,1,0,Y,N,가해,개인형이동수단(PM),여,51-60세,상해없음,보행자,남,41-50세,경상,2024.xlsx
PM-2024-03102,2024-08,2024,8,노원구,야간,경상사고,차대사람 - 기타,차대사람,기타,안전운전불이행,건조,맑음,기타 - 기타,기타,기타,0,0,1,0,1,1,0,Y,N,가해,개인형이동수단(PM),남,20세 이하,상해없음,보행자,여,13-20세,경상,2024.xlsx
PM-2024-03109,2024-08,2024,8,동대문구,야간,중상사고,차대차 - 기타,차대차,기타,신호위반,건조,맑음,기타 - 기타,기타,기타,0,1,0,0,1,1,1,Y,N,가해,개인형이동수단(PM),남,41-50세,상해없음,자전거,여,51-60세,중상,2024.xlsx
PM-2024-03060,2024-08,2024,8,동작구,주간,부상신고사고,차대차 - 충돌,차대차,충돌,신호위반,건조,맑음,교차로 - 교차로안,교차로,교차로안,0,0,0,1,1,1,0,Y,N,가해,개인형이동수단(PM),남,20세 이하,부상신고,승용,남,51-60세,상해없음,2024.xlsx
PM-2024-03105,2024-08,2024,8,동작구,야간,경상사고,차대사람 - 기타,차대사람,기타,기타,건조,맑음,기타 - 기타,기타,기타,0,0,1,0,1,1,0,Y,N,가해,개인형이동수단(PM),남,21-30세,상해없음,보행자,여,51-60세,경상,2024.xlsx
PM-2024-03120,2024-08,2024,8,동작구,야간,중상사고,차대사람 - 횡단중,차대사람,횡단중,안전운전불이행,건조,맑음,단일로 - 기타,단일로,기타,0,1,0,0,1,1,1,Y,N,가해,개인형이동수단(PM),남,21-30세,상해없음,보행자,여,51-60세,중상,2024.xlsx
PM-2024-03055,2024-08,2024,8,마포구,야간,부상신고사고,차대차 - 기타,차대차,기타,안전운전불이행,건조,맑음,교차로 - 교차로부근,교차로,교차로부근,0,0,0,1,1,1,0,N,Y,피해,승용,남,61-64세,상해없음,개인형이동수단(PM),여,31-40세,부상신고,2024.xlsx
PM-2024-03119,2024-08,2024,8,마포구,야간,경상사고,차대사람 - 보도통행중,차대사람,보도통행중,기타,건조,맑음,기타 - 기타,기타,기타,0,0,1,0,1,1,0,Y,N,가해,개인형이동수단(PM),남,20세 이하,상해없음,보행자,여,21-30세,경상,2024.xlsx
PM-2024-03092,2024-08,2024,8,서초구,주간,경상사고,차대차 - 기타,차대차,기타,안전거리미확보,건조,맑음,단일로 - 기타,단일로,기타,0,0,2,0,2,2,0,N,N,기타,승용,여,65세 이상,상해없음,특수,남,21-30세,경상,2024.xlsx
PM-2024-03114,2024-08,2024,8,서초구,주간,경상사고,차대차 - 추돌,차대차,추돌,기타,건조,흐림,교차로 - 교차로안,교차로,교차로안,0,0,1,0,1,1,0,Y,N,가해,개인형이동수단(PM),여,21-30세,경상,승용,남,61-64세,상해없음,2024.xlsx
PM-2024-03121,2024-08,2024,8,서초구,야간,사망사고,차대차 - 충돌,차대차,충돌,기타,건조,맑음,교차로 - 교차로횡단보도내,교차로,교차로횡단보도내,1,0,1,0,1,2,1,Y,N,가해,개인형이동수단(PM),남,21-30세,사망,승용,남,21-30세,경상,2024.xlsx
PM-2024-03072,2024-08,2024,8,성동구,주간,경상사고,차대차 - 충돌,차대차,충돌,교차로운행방법위반,건조,맑음,기타 - 기타,기타,기타,0,0,2,0,2,2,0,Y,Y,가해+피해,개인형이동수단(PM),여,41-50세,경상,개인형이동수단(PM),남,65세 이상,경상,2024.xlsx
PM-2024-03113,2024-08,2024,8,성동구,주간,부상신고사고,차대차 - 충돌,차대차,충돌,안전운전불이행,건조,맑음,교차로 - 교차로부근,교차로,교차로부근,0,0,0,1,1,1,0,Y,N,가해,개인형이동수단(PM),남,51-60세,부상신고,화물,남,41-50세,상해없음,2024.xlsx
PM-2024-03097,2024-08,2024,8,성북구,주간,경상사고,차대차 - 충돌,차대차,충돌,신호위반,건조,맑음,교차로 - 교차로횡단보도내,교차로,교차로횡단보도내,0,0,1,0,1,1,0,N,Y,피해,승용,여,61-64세,상해없음,개인형이동수단(PM),남,31-40세,경상,2024.xlsx
PM-2024-03051,2024-08,2024,8,송파구,주간,중상사고,차대차 - 충돌,차대차,충돌,안전운전불이행,건조,맑음,교차로 - 교차로부근,교차로,교차로부근,0,1,0,0,1,1,1,N,Y,피해,승용,여,31-40세,상해없음,개인형이동수단(PM),남,21-30세,중상,2024.xlsx
PM-2024-03053,2024-08,2024,8,송파구,야간,경상사고,차대차 - 충돌,차대차,충돌,안전운전불이행,건조,맑음,단일로 - 기타,단일로,기타,0,0,1,0,1,1,0,N,Y,피해,화물,남,31-40세,상해없음,개인형이동수단(PM),남,51-60세,경상,2024.xlsx
PM-2024-03066,2024-08,2024,8,송파구,주간,경상사고,차대차 - 충돌,차대차,충돌,안전운전불이행,건조,맑음,교차로 - 교차로부근,교차로,교차로부근,0,0,1,0,1,1,0,Y,N,가해,개인형이동수단(PM),여,21-30세,경상,승용,여,51-60세,상해없음,2024.xlsx
PM-2024-03068,2024-08,2024,8,송파구,야간,경상사고,차대차 - 기타,차대차,기타,안전운전불이행,건조,맑음,교차로 - 교차로안,교차로,교차로안,0,0,2,0,2,2,0,N,N,기타,승용,남,61-64세,경상,특수,남,31-40세,경상,2024.xlsx
PM-2024-03070,2024-08,2024,8,송파구,주간,경상사고,차대차 - 기타,차대차,기타,안전운전불이행,건조,맑음,단일로 - 기타,단일로,기타,0,0,1,0,1,1,0,Y,N,가해,개인형이동수단(PM),남,20세 이하,기타불명,자전거,여,41-50세,경상,2024.xlsx
PM-2024-03074,2024-08,2024,8,송파구,주간,경상사고,차대차 - 충돌,차대차,충돌,안전운전불이행,건조,흐림,단일로 - 기타,단일로,기타,0,0,1,0,1,1,0,Y,N,가해,개인형이동수단(PM),남,51-60세,경상,승용,여,51-60세,상해없음,2024.xlsx
PM-2024-03084,2024-08,2024,8,송파구,주간,중상사고,차대차 - 기타,차대차,기타,신호위반,건조,맑음,교차로 - 교차로안,교차로,교차로안,0,1,0,0,1,1,1,Y,N,가해,개인형이동수단(PM),남,31-40세,중상,승용,남,61-64세,상해없음,2024.xlsx
PM-2024-03096,2024-08,2024,8,송파구,주간,경상사고,차대차 - 기타,차대차,기타,안전운전불이행,건조,맑음,단일로 - 기타,단일로,기타,0,0,1,0,1,1,0,Y,N,가해,개인형이동수단(PM),여,20세 이하,경상,화물,남,65세 이상,기타불명,2024.xlsx
PM-2024-03108,2024-08,2024,8,송파구,주간,중상사고,차대차 - 기타,차대차,기타,안전운전불이행,건조,맑음,단일로 - 기타,단일로,기타,0,1,1,0,2,2,1,Y,N,가해,개인형이동수단(PM),남,20세 이하,경상,이륜,남,31-40세,중상,2024.xlsx
PM-2024-03110,2024-08,2024,8,송파구,야간,부상신고사고,차대차 - 기타,차대차,기타,안전운전불이행,건조,맑음,단일로 - 기타,단일로,기타,0,0,0,2,2,2,0,Y,N,가해,개인형이동수단(PM),남,20세 이하,부상신고,이륜,남,21-30세,부상신고,2024.xlsx
PM-2024-03091,2024-08,2024,8,양천구,야간,경상사고,차대차 - 충돌,차대차,충돌,안전운전불이행,건조,맑음,단일로 - 기타,단일로,기타,0,0,1,0,1,1,0,N,Y,피해,승용,남,51-60세,상해없음,개인형이동수단(PM),남,13-20세,경상,2024.xlsx
PM-2024-03125,2024-08,2024,8,영등포구,야간,중상사고,차대사람 - 횡단중,차대사람,횡단중,기타,건조,맑음,단일로 - 기타,단일로,기타,0,1,0,0,1,1,1,Y,N,가해,개인형이동수단(PM),남,20세 이하,상해없음,보행자,여,65세 이상,중상,2024.xlsx
PM-2024-03054,2024-08,2024,8,은평구,주간,경상사고,차량단독 - 기타,차량단독,기타,안전운전불이행,건조,맑음,단일로 - 기타,단일로,기타,0,0,1,0,1,1,0,Y,N,가해,개인형이동수단(PM),여,51-60세,경상,,,,,2024.xlsx
PM-2024-03107,2024-08,2024,8,은평구,주간,중상사고,차대차 - 충돌,차대차,충돌,안전운전불이행,건조,맑음,교차로 - 교차로안,교차로,교차로안,0,1,0,0,1,1,1,N,Y,피해,화물,남,41-50세,상해없음,개인형이동수단(PM),여,65세 이상,중상,2024.xlsx
PM-2024-03071,2024-08,2024,8,종로구,야간,경상사고,차량단독 - 기타,차량단독,기타,안전운전불이행,건조,맑음,교차로 - 교차로부근,교차로,교차로부근,0,0,1,0,1,1,0,Y,N,가해,개인형이동수단(PM),여,21-30세,경상,,,,,2024.xlsx
PM-2024-03063,2024-08,2024,8,중구,주간,중상사고,차대차 - 기타,차대차,기타,중앙선침범,건조,맑음,단일로 - 기타,단일로,기타,0,1,0,0,1,1,1,Y,N,가해,개인형이동수단(PM),남,21-30세,중상,건설기계,남,51-60세,상해없음,2024.xlsx
PM-2024-03118,2024-08,2024,8,중구,야간,중상사고,차대사람 - 횡단중,차대사람,횡단중,신호위반,건조,맑음,단일로 - 기타,단일로,기타,0,1,0,0,1,1,1,Y,N,가해,개인형이동수단(PM),남,41-50세,상해없음,보행자,여,21-30세,중상,2024.xlsx
PM-2024-03057,2024-08,2024,8,중랑구,주간,부상신고사고,차대차 - 충돌,차대차,충돌,기타,건조,맑음,교차로 - 교차로안,교차로,교차로안,0,0,0,1,1,1,0,Y,N,가해,개인형이동수단(PM),여,31-40세,부상신고,승용,여,31-40세,상해없음,2024.xlsx
PM-2024-03064,2024-08,2024,8,중랑구,주간,경상사고,차대차 - 충돌,차대차,충돌,교차로운행방법위반,건조,맑음,교차로 - 교차로부근,교차로,교차로부근,0,0,1,0,1,1,0,N,Y,피해,승용,남,65세 이상,상해없음,개인형이동수단(PM),남,41-50세,경상,2024.xlsx
PM-2024-03085,2024-08,2024,8,중랑구,야간,부상신고사고,차대차 - 충돌,차대차,충돌,안전거리미확보,건조,맑음,교차로 - 교차로안,교차로,교차로안,0,0,0,1,1,1,0,Y,N,가해,개인형이동수단(PM),남,51-60세,부상신고,승용,남,21-30세,상해없음,2024.xlsx
PM-2024-03101,2024-08,2024,8,중랑구,야간,경상사고,차대차 - 기타,차대차,기타,안전운전불이행,건조,맑음,단일로 - 기타,단일로,기타,0,0,1,0,1,1,0,Y,N,가해,개인형이동수단(PM),여,21-30세,상해없음,이륜,남,31-40세,경상,2024.xlsx
PM-2024-03104,2024-08,2024,8,중랑구,주간,경상사고,차대차 - 기타,차대차,기타,안전운전불이행,건조,맑음,단일로 - 지하차도(도로)내,단일로,지하차도(도로)내,0,0,1,0,1,1,0,Y,N,가해,개인형이동수단(PM),남,65세 이상,경상,승용,남,41-50세,상해없음,2024.xlsx
PM-2024-03136,2024-09,2024,9,강남구,야간,경상사고,차대차 - 기타,차대차,기타,신호위반,건조,맑음,기타 - 기타,기타,기타,0,0,1,0,1,1,0,N,Y,피해,승용,남,31-40세,상해없음,개인형이동수단(PM),남,21-30세,경상,2024.xlsx
PM-2024-03141,2024-09,2024,9,강남구,주간,경상사고,차대사람 - 기타,차대사람,기타,안전운전불이행,기타,맑음,단일로 - 기타,단일로,기타,0,0,1,0,1,1,0,Y,N,가해,개인형이동수단(PM),여,21-30세,상해없음,보행자,여,21-30세,경상,2024.xlsx
PM-2024-03143,2024-09,2024,9,강남구,주간,경상사고,차대차 - 충돌,차대차,충돌,안전운전불이행,건조,맑음,교차로 - 교차로안,교차로,교차로안,0,0,1,0,1,1,0,N,Y,피해,승용,남,41-50세,상해없음,개인형이동수단(PM),남,41-50세,경상,2024.xlsx
PM-2024-03149,2024-09,2024,9,강남구,주간,경상사고,차대사람 - 기타,차대사람,기타,보행자보호의무위반,건조,맑음,교차로 - 교차로횡단보도내,교차로,교차로횡단보도내,0,0,1,0,1,1,0,Y,N,가해,개인형이동수단(PM),여,21-30세,상해없음,보행자,여,31-40세,경상,2024.xlsx
PM-2024-03154,2024-09,2024,9,강남구,주간,경상사고,차대차 - 충돌,차대차,충돌,안전운전불이행,젖음/습기,비,단일로 - 기타,단일로,기타,0,0,1,0,1,1,0,Y,N,가해,개인형이동수단(PM),남,51-60세,경상,승용,여,61-64세,상해없음,2024.xlsx
PM-2024-03162,2024-09,2024,9,강남구,주간,중상사고,차대사람 - 기타,차대사람,기타,안전운전불이행,건조,맑음,기타 - 기타,기타,기타,0,1,0,0,1,1,1,Y,N,가해,개인형이동수단(PM),여,20세 이하,상해없음,보행자,여,65세 이상,중상,2024.xlsx
PM-2024-03169,2024-09,2024,9,강남구,야간,경상사고,차대차 - 기타,차대차,기타,안전운전불이행,건조,맑음,기타 - 기타,기타,기타,0,0,1,0,1,1,0,N,Y,피해,승용,여,31-40세,상해없음,개인형이동수단(PM),여,21-30세,경상,2024.xlsx
PM-2024-03170,2024-09,2024,9,강남구,주간,경상사고,차대차 - 추돌,차대차,추돌,안전운전불이행,젖음/습기,맑음,단일로 - 기타,단일로,기타,0,0,1,0,1,1,0,Y,N,가해,개인형이동수단(PM),남,21-30세,상해없음,이륜,남,51-60세,경상,2024.xlsx
PM-2024-03180,2024-09,2024,9,강남구,주간,경상사고,차대차 - 충돌,차대차,충돌,안전운전불이행,건조,맑음,교차로 - 교차로부근,교차로,교차로부근,0,0,1,0,1,1,0,N,N,기타,승용,남,65세 이상,상해없음,특수,남,65세 이상,경상,2024.xlsx
PM-2024-03181,2024-09,2024,9,강남구,주간,경상사고,차대차 - 기타,차대차,기타,안전운전불이행,건조,맑음,기타 - 기타,기타,기타,0,0,1,0,1,1,0,Y,N,가해,개인형이동수단(PM),여,21-30세,경상,승용,남,51-60세,기타불명,2024.xlsx
PM-2024-03182,2024-09,2024,9,강남구,주간,경상사고,차대사람 - 보도통행중,차대사람,보도통행중,기타,건조,맑음,단일로 - 기타,단일로,기타,0,0,1,0,1,1,0,Y,N,가해,개인형이동수단(PM),남,20세 이하,상해없음,보행자,여,21-30세,경상,2024.xlsx
PM-2024-03188,2024-09,2024,9,강남구,야간,부상신고사고,차대차 - 기타,차대차,기타,기타,건조,맑음,단일로 - 기타,단일로,기타,0,0,0,1,1,1,0,N,Y,피해,기타불명,기타불명,기타불명,기타불명,개인형이동수단(PM),남,21-30세,부상신고,2024.xlsx
PM-2024-03194,2024-09,2024,9,강남구,주간,경상사고,차대사람 - 보도통행중,차대사람,보도통행중,안전운전불이행,건조,맑음,단일로 - 기타,단일로,기타,0,0,1,0,1,1,0,Y,N,가해,개인형이동수단(PM),남,20세 이하,상해없음,보행자,여,31-40세,경상,2024.xlsx
PM-2024-03197,2024-09,2024,9,강남구,주간,경상사고,차대사람 - 기타,차대사람,기타,안전운전불이행,건조,맑음,단일로 - 기타,단일로,기타,0,0,1,0,1,1,0,Y,N,가해,개인형이동수단(PM),남,31-40세,상해없음,보행자,여,21-30세,경상,2024.xlsx
PM-2024-03151,2024-09,2024,9,강동구,야간,중상사고,차대사람 - 횡단중,차대사람,횡단중,안전운전불이행,건조,맑음,교차로 - 교차로횡단보도내,교차로,교차로횡단보도내,0,1,0,0,1,1,1,Y,N,가해,개인형이동수단(PM),남,20세 이하,상해없음,보행자,여,61-64세,중상,2024.xlsx
PM-2024-03156,2024-09,2024,9,강동구,주간,경상사고,차대사람 - 기타,차대사람,기타,안전운전불이행,건조,맑음,단일로 - 기타,단일로,기타,0,0,1,0,1,1,0,Y,N,가해,개인형이동수단(PM),남,51-60세,상해없음,보행자,남,41-50세,경상,2024.xlsx
PM-2024-03196,2024-09,2024,9,강동구,주간,경상사고,차대차 - 기타,차대차,기타,안전운전불이행,건조,맑음,기타 - 기타,기타,기타,0,0,1,0,1,1,0,Y,N,가해,개인형이동수단(PM),남,21-30세,상해없음,자전거,남,65세 이상,경상,2024.xlsx
PM-2024-03133,2024-09,2024,9,강북구,주간,중상사고,차대사람 - 횡단중,차대사람,횡단중,보행자보호의무위반,건조,맑음,교차로 - 교차로횡단보도내,교차로,교차로횡단보도내,0,1,0,0,1,1,1,Y,N,가해,개인형이동수단(PM),남,31-40세,상해없음,보행자,여,65세 이상,중상,2024.xlsx
PM-2024-03134,2024-09,2024,9,강서구,야간,부상신고사고,차대차 - 기타,차대차,기타,안전운전불이행,건조,맑음,교차로 - 교차로안,교차로,교차로안,0,0,0,1,1,1,0,N,Y,피해,승용,여,51-60세,상해없음,개인형이동수단(PM),남,21-30세,부상신고,2024.xlsx
PM-2024-03135,2024-09,2024,9,강서구,야간,부상신고사고,차대차 - 충돌,차대차,충돌,안전운전불이행,건조,흐림,단일로 - 기타,단일로,기타,0,0,0,1,1,1,0,Y,N,가해,개인형이동수단(PM),남,21-30세,부상신고,승용,여,51-60세,상해없음,2024.xlsx
PM-2024-03147,2024-09,2024,9,강서구,주간,경상사고,차대차 - 충돌,차대차,충돌,안전운전불이행,건조,맑음,단일로 - 기타,단일로,기타,0,0,1,0,1,1,0,N,Y,피해,승용,남,31-40세,상해없음,개인형이동수단(PM),남,41-50세,경상,2024.xlsx
PM-2024-03148,2024-09,2024,9,강서구,주간,경상사고,차대사람 - 기타,차대사람,기타,신호위반,건조,맑음,교차로 - 교차로부근,교차로,교차로부근,0,0,1,0,1,1,0,Y,N,가해,개인형이동수단(PM),남,51-60세,상해없음,보행자,여,31-40세,경상,2024.xlsx
PM-2024-03157,2024-09,2024,9,강서구,야간,경상사고,차량단독 - 전도전복,차량단독,전도전복,안전운전불이행,젖음/습기,맑음,단일로 - 기타,단일로,기타,0,0,1,0,1,1,0,Y,N,가해,개인형이동수단(PM),남,21-30세,경상,,,,,2024.xlsx
PM-2024-03171,2024-09,2024,9,강서구,야간,부상신고사고,차량단독 - 기타,차량단독,기타,안전운전불이행,젖음/습기,비,단일로 - 기타,단일로,기타,0,0,0,1,1,1,0,Y,N,가해,개인형이동수단(PM),남,61-64세,부상신고,,,,,2024.xlsx
PM-2024-03175,2024-09,2024,9,강서구,야간,경상사고,차대차 - 기타,차대차,기타,신호위반,건조,맑음,교차로 - 교차로부근,교차로,교차로부근,0,0,1,0,1,1,0,N,Y,피해,승용,남,65세 이상,상해없음,개인형이동수단(PM),남,41-50세,경상,2024.xlsx
PM-2024-03140,2024-09,2024,9,관악구,주간,경상사고,차대사람 - 기타,차대사람,기타,안전운전불이행,건조,맑음,기타 - 기타,기타,기타,0,0,1,0,1,1,0,Y,N,가해,개인형이동수단(PM),남,31-40세,상해없음,보행자,여,12세 이하,경상,2024.xlsx
PM-2024-03163,2024-09,2024,9,관악구,주간,중상사고,차대차 - 기타,차대차,기타,중앙선침범,건조,맑음,단일로 - 기타,단일로,기타,0,1,1,0,2,2,1,Y,N,가해,개인형이동수단(PM),남,51-60세,중상,이륜,남,21-30세,경상,2024.xlsx
PM-2024-03150,2024-09,2024,9,광진구,주간,중상사고,차대사람 - 보도통행중,차대사람,보도통행중,기타,건조,맑음,단일로 - 기타,단일로,기타,0,1,0,0,1,1,1,Y,N,가해,개인형이동수단(PM),남,20세 이하,상해없음,보행자,여,21-30세,중상,2024.xlsx
PM-2024-03167,2024-09,2024,9,광진구,야간,경상사고,차대차 - 충돌,차대차,충돌,신호위반,건조,맑음,교차로 - 교차로횡단보도내,교차로,교차로횡단보도내,0,0,1,0,1,1,0,N,Y,피해,승용,여,51-60세,상해없음,개인형이동수단(PM),남,21-30세,경상,2024.xlsx
PM-2024-03177,2024-09,2024,9,광진구,야간,경상사고,차량단독 - 기타,차량단독,기타,기타,젖음/습기,맑음,교차로 - 교차로부근,교차로,교차로부근,0,0,1,0,1,1,0,Y,N,가해,개인형이동수단(PM),남,21-30세,경상,,,,,2024.xlsx
PM-2024-03189,2024-09,2024,9,구로구,주간,중상사고,차대사람 - 보도통행중,차대사람,보도통행중,기타,건조,맑음,기타 - 기타,기타,기타,0,1,0,0,1,1,1,Y,N,가해,개인형이동수단(PM),여,20세 이하,상해없음,보행자,여,65세 이상,중상,2024.xlsx
PM-2024-03131,2024-09,2024,9,금천구,야간,경상사고,차대차 - 충돌,차대차,충돌,신호위반,건조,맑음,교차로 - 교차로안,교차로,교차로안,0,0,2,0,2,2,0,N,N,기타,승용,남,51-60세,기타불명,특수,남,41-50세,경상,2024.xlsx
PM-2024-03174,2024-09,2024,9,금천구,야간,경상사고,차대차 - 기타,차대차,기타,안전운전불이행,건조,맑음,단일로 - 기타,단일로,기타,0,0,1,0,1,1,0,Y,N,가해,개인형이동수단(PM),남,31-40세,경상,기타불명,기타불명,기타불명,기타불명,2024.xlsx
PM-2024-03146,2024-09,2024,9,노원구,주간,경상사고,차대사람 - 보도통행중,차대사람,보도통행중,기타,건조,맑음,단일로 - 기타,단일로,기타,0,0,1,0,1,1,0,Y,N,가해,개인형이동수단(PM),여,20세 이하,상해없음,보행자,여,41-50세,경상,2024.xlsx
PM-2024-03153,2024-09,2024,9,노원구,주간,경상사고,차대사람 - 보도통행중,차대사람,보도통행중,기타,건조,맑음,기타 - 기타,기타,기타,0,0,1,0,1,1,0,Y,N,가해,개인형이동수단(PM),여,20세 이하,상해없음,보행자,남,21-30세,경상,2024.xlsx
PM-2024-03179,2024-09,2024,9,노원구,야간,경상사고,차대사람 - 보도통행중,차대사람,보도통행중,안전운전불이행,건조,맑음,기타 - 기타,기타,기타,0,0,1,0,1,1,0,Y,N,가해,개인형이동수단(PM),여,20세 이하,상해없음,보행자,여,13-20세,경상,2024.xlsx
PM-2024-03173,2024-09,2024,9,도봉구,주간,부상신고사고,차대사람 - 기타,차대사람,기타,안전운전불이행,건조,맑음,단일로 - 기타,단일로,기타,0,0,0,2,2,2,0,Y,N,가해,개인형이동수단(PM),여,31-40세,부상신고,보행자,여,65세 이상,부상신고,2024.xlsx
PM-2024-03130,2024-09,2024,9,동대문구,주간,경상사고,차대사람 - 기타,차대사람,기타,기타,건조,맑음,기타 - 기타,기타,기타,0,0,1,0,1,1,0,Y,N,가해,개인형이동수단(PM),남,20세 이하,기타불명,보행자,남,13-20세,경상,2024.xlsx
PM-2024-03145,2024-09,2024,9,동대문구,야간,경상사고,차대차 - 기타,차대차,기타,안전운전불이행,건조,맑음,교차로 - 교차로안,교차로,교차로안,0,0,1,0,1,1,0,N,N,기타,승용,여,41-50세,상해없음,특수,남,41-50세,경상,2024.xlsx
PM-2024-03152,2024-09,2024,9,동대문구,주간,경상사고,차대사람 - 차도통행중,차대사람,차도통행중,안전운전불이행,젖음/습기,비,기타 - 기타,기타,기타,0,0,1,0,1,1,0,Y,N,가해,개인형이동수단(PM),남,20세 이하,상해없음,보행자,남,21-30세,경상,2024.xlsx
PM-2024-03158,2024-09,2024,9,동작구,주간,경상사고,차대사람 - 보도통행중,차대사람,보도통행중,안전운전불이행,건조,맑음,단일로 - 기타,단일로,기타,0,0,1,0,1,1,0,Y,N,가해,개인형이동수단(PM),남,41-50세,상해없음,보행자,남,61-64세,경상,2024.xlsx
PM-2024-03132,2024-09,2024,9,마포구,주간,경상사고,차대사람 - 보도통행중,차대사람,보도통행중,안전운전불이행,건조,맑음,단일로 - 기타,단일로,기타,0,0,1,0,1,1,0,Y,N,가해,개인형이동수단(PM),남,31-40세,상해없음,보행자,남,31-40세,경상,2024.xlsx
PM-2024-03195,2024-09,2024,9,마포구,주간,경상사고,차대차 - 기타,차대차,기타,안전운전불이행,건조,맑음,교차로 - 교차로안,교차로,교차로안,0,0,1,0,1,1,0,N,Y,피해,화물,남,65세 이상,상해없음,개인형이동수단(PM),남,21-30세,경상,2024.xlsx
PM-2024-03128,2024-09,2024,9,서초구,주간,중상사고,차대사람 - 보도통행중,차대사람,보도통행중,기타,건조,흐림,단일로 - 기타,단일로,기타,0,1,0,0,1,1,1,Y,N,가해,개인형이동수단(PM),남,20세 이하,상해없음,보행자,남,31-40세,중상,2024.xlsx
PM-2024-03137,2024-09,2024,9,서초구,야간,경상사고,차대차 - 기타,차대차,기타,안전거리미확보,건조,맑음,기타 - 기타,기타,기타,0,0,1,0,1,1,0,N,N,기타,승용,남,31-40세,기타불명,특수,남,41-50세,경상,2024.xlsx
PM-2024-03172,2024-09,2024,9,서초구,주간,중상사고,차대사람 - 보도통행중,차대사람,보도통행중,기타,건조,맑음,기타 - 기타,기타,기타,0,1,1,0,2,2,1,Y,N,가해,개인형이동수단(PM),남,41-50세,중상,보행자,남,41-50세,경상,2024.xlsx
PM-2024-03184,2024-09,2024,9,성북구,야간,경상사고,차량단독 - 기타,차량단독,기타,안전운전불이행,건조,맑음,단일로 - 기타,단일로,기타,0,0,1,0,1,1,0,Y,N,가해,개인형이동수단(PM),남,31-40세,경상,,,,,2024.xlsx
PM-2024-03198,2024-09,2024,9,성북구,주간,경상사고,차대차 - 기타,차대차,기타,안전운전불이행,건조,맑음,단일로 - 기타,단일로,기타,0,0,1,0,1,1,0,N,Y,피해,이륜,남,31-40세,상해없음,개인형이동수단(PM),여,31-40세,경상,2024.xlsx
PM-2024-03164,2024-09,2024,9,송파구,야간,경상사고,차대사람 - 차도통행중,차대사람,차도통행중,안전운전불이행,건조,맑음,교차로 - 교차로안,교차로,교차로안,0,0,1,0,1,1,0,Y,N,가해,개인형이동수단(PM),남,20세 이하,기타불명,보행자,여,41-50세,경상,2024.xlsx
PM-2024-03165,2024-09,2024,9,송파구,야간,중상사고,차대차 - 충돌,차대차,충돌,안전운전불이행,건조,맑음,단일로 - 기타,단일로,기타,0,1,0,1,2,2,1,Y,N,가해,개인형이동수단(PM),여,20세 이하,상해없음,자전거,남,31-40세,중상,2024.xlsx
PM-2024-03166,2024-09,2024,9,송파구,야간,중상사고,차대사람 - 기타,차대사람,기타,안전운전불이행,건조,맑음,기타 - 기타,기타,기타,0,1,0,0,1,1,1,Y,N,가해,개인형이동수단(PM),남,20세 이하,기타불명,보행자,남,12세 이하,중상,2024.xlsx
PM-2024-03185,2024-09,2024,9,송파구,주간,경상사고,차대차 - 충돌,차대차,충돌,안전운전불이행,건조,맑음,교차로 - 교차로안,교차로,교차로안,0,0,1,0,1,1,0,Y,N,가해,개인형이동수단(PM),남,21-30세,경상,승용,남,41-50세,상해없음,2024.xlsx
PM-2024-03186,2024-09,2024,9,송파구,야간,경상사고,차대사람 - 기타,차대사람,기타,기타,건조,맑음,단일로 - 기타,단일로,기타,0,0,1,0,1,1,0,Y,N,가해,개인형이동수단(PM),여,20세 이하,상해없음,보행자,여,31-40세,경상,2024.xlsx
PM-2024-03187,2024-09,2024,9,송파구,주간,중상사고,차대차 - 기타,차대차,기타,안전운전불이행,건조,맑음,기타 - 기타,기타,기타,0,1,0,1,2,2,1,N,N,기타,자전거,남,51-60세,중상,특수,남,31-40세,부상신고,2024.xlsx
PM-2024-03191,2024-09,2024,9,송파구,야간,부상신고사고,차대사람 - 기타,차대사람,기타,안전운전불이행,건조,맑음,기타 - 기타,기타,기타,0,0,0,1,1,1,0,Y,N,가해,개인형이동수단(PM),남,31-40세,상해없음,보행자,남,12세 이하,부상신고,2024.xlsx
PM-2024-03193,2024-09,2024,9,송파구,야간,중상사고,차대차 - 충돌,차대차,충돌,기타,건조,맑음,교차로 - 교차로안,교차로,교차로안,0,1,0,0,1,1,1,N,Y,피해,원동기,남,21-30세,상해없음,개인형이동수단(PM),여,21-30세,중상,2024.xlsx
PM-2024-03155,2024-09,2024,9,양천구,야간,경상사고,차대사람 - 차도통행중,차대사람,차도통행중,안전운전불이행,건조,맑음,단일로 - 기타,단일로,기타,0,0,1,0,1,1,0,Y,N,가해,개인형이동수단(PM),남,31-40세,기타불명,보행자,여,31-40세,경상,2024.xlsx
PM-2024-03160,2024-09,2024,9,양천구,야간,경상사고,차대차 - 충돌,차대차,충돌,신호위반,건조,맑음,단일로 - 기타,단일로,기타,0,0,1,0,1,1,0,Y,Y,가해+피해,개인형이동수단(PM),남,20세 이하,상해없음,개인형이동수단(PM),남,31-40세,경상,2024.xlsx
PM-2024-03176,2024-09,2024,9,양천구,야간,경상사고,차대사람 - 기타,차대사람,기타,안전운전불이행,건조,맑음,기타 - 기타,기타,기타,0,0,1,0,1,1,0,Y,N,가해,개인형이동수단(PM),여,20세 이하,상해없음,보행자,여,21-30세,경상,2024.xlsx
PM-2024-03183,2024-09,2024,9,양천구,야간,부상신고사고,차대차 - 기타,차대차,기타,안전운전불이행,건조,맑음,교차로 - 교차로안,교차로,교차로안,0,0,0,1,1,1,0,Y,N,가해,개인형이동수단(PM),여,20세 이하,부상신고,승용,여,51-60세,상해없음,2024.xlsx
PM-2024-03126,2024-09,2024,9,영등포구,주간,경상사고,차대차 - 충돌,차대차,충돌,안전운전불이행,건조,맑음,단일로 - 기타,단일로,기타,0,0,1,1,2,2,0,Y,N,가해,개인형이동수단(PM),남,31-40세,부상신고,이륜,남,31-40세,경상,2024.xlsx
PM-2024-03178,2024-09,2024,9,영등포구,주간,중상사고,차대차 - 충돌,차대차,충돌,안전운전불이행,건조,맑음,단일로 - 기타,단일로,기타,0,1,0,0,1,1,1,Y,N,가해,개인형이동수단(PM),남,65세 이상,상해없음,자전거,여,51-60세,중상,2024.xlsx
PM-2024-03127,2024-09,2024,9,은평구,주간,경상사고,차대사람 - 길가장자리구역통행중,차대사람,길가장자리구역통행중,안전운전불이행,건조,맑음,단일로 - 기타,단일로,기타,0,0,1,0,1,1,0,Y,N,가해,개인형이동수단(PM),남,61-64세,상해없음,보행자,남,31-40세,경상,2024.xlsx
PM-2024-03129,2024-09,2024,9,은평구,주간,부상신고사고,차대차 - 충돌,차대차,충돌,신호위반,건조,맑음,교차로 - 교차로안,교차로,교차로안,0,0,0,1,1,1,0,Y,N,가해,개인형이동수단(PM),남,20세 이하,부상신고,승용,여,51-60세,상해없음,2024.xlsx
PM-2024-03159,2024-09,2024,9,은평구,주간,중상사고,차대차 - 충돌,차대차,충돌,기타,건조,맑음,교차로 - 교차로부근,교차로,교차로부근,0,1,0,0,1,1,1,N,Y,피해,승용,남,31-40세,상해없음,개인형이동수단(PM),남,65세 이상,중상,2024.xlsx
PM-2024-03161,2024-09,2024,9,은평구,야간,부상신고사고,차대차 - 충돌,차대차,충돌,안전운전불이행,건조,맑음,교차로 - 교차로부근,교차로,교차로부근,0,0,0,2,2,2,0,N,Y,피해,승용,남,51-60세,상해없음,개인형이동수단(PM),남,31-40세,부상신고,2024.xlsx
PM-2024-03168,2024-09,2024,9,은평구,야간,경상사고,차대사람 - 횡단중,차대사람,횡단중,신호위반,건조,맑음,교차로 - 교차로횡단보도내,교차로,교차로횡단보도내,0,0,1,0,1,1,0,Y,N,가해,개인형이동수단(PM),남,21-30세,상해없음,보행자,여,51-60세,경상,2024.xlsx
PM-2024-03192,2024-09,2024,9,은평구,야간,부상신고사고,차대차 - 충돌,차대차,충돌,안전운전불이행,건조,맑음,교차로 - 교차로부근,교차로,교차로부근,0,0,0,1,1,1,0,Y,N,가해,개인형이동수단(PM),남,31-40세,부상신고,승용,여,51-60세,상해없음,2024.xlsx
PM-2024-03138,2024-09,2024,9,중구,주간,부상신고사고,차대차 - 기타,차대차,기타,안전운전불이행,건조,맑음,단일로 - 기타,단일로,기타,0,0,0,1,1,1,0,N,N,기타,승용,여,21-30세,상해없음,특수,남,31-40세,부상신고,2024.xlsx
PM-2024-03144,2024-09,2024,9,중구,주간,중상사고,차대사람 - 기타,차대사람,기타,안전운전불이행,건조,맑음,교차로 - 교차로부근,교차로,교차로부근,0,1,0,0,1,1,1,Y,N,가해,개인형이동수단(PM),남,20세 이하,상해없음,보행자,여,65세 이상,중상,2024.xlsx
PM-2024-03139,2024-09,2024,9,중랑구,주간,경상사고,차대차 - 충돌,차대차,충돌,교차로운행방법위반,건조,맑음,교차로 - 교차로안,교차로,교차로안,0,0,1,0,1,1,0,Y,N,가해,개인형이동수단(PM),여,20세 이하,경상,승용,남,61-64세,상해없음,2024.xlsx
PM-2024-03142,2024-09,2024,9,중랑구,주간,부상신고사고,차대차 - 충돌,차대차,충돌,안전거리미확보,건조,맑음,단일로 - 기타,단일로,기타,0,0,0,1,1,1,0,Y,N,가해,개인형이동수단(PM),남,31-40세,부상신고,승용,여,31-40세,상해없음,2024.xlsx
PM-2024-03190,2024-09,2024,9,중랑구,주간,경상사고,차대차 - 기타,차대차,기타,기타,건조,맑음,교차로 - 교차로안,교차로,교차로안,0,0,1,0,1,1,0,N,Y,피해,승용,남,51-60세,상해없음,개인형이동수단(PM),남,41-50세,경상,2024.xlsx
PM-2024-03200,2024-10,2024,10,강남구,주간,경상사고,차대사람 - 보도통행중,차대사람,보도통행중,안전운전불이행,건조,맑음,기타 - 기타,기타,기타,0,0,1,0,1,1,0,Y,N,가해,개인형이동수단(PM),남,20세 이하,상해없음,보행자,여,51-60세,경상,2024.xlsx
PM-2024-03202,2024-10,2024,10,강남구,야간,중상사고,차대사람 - 기타,차대사람,기타,안전운전불이행,건조,기타,교차로 - 교차로부근,교차로,교차로부근,0,1,0,0,1,1,1,Y,N,가해,개인형이동수단(PM),여,20세 이하,상해없음,보행자,남,12세 이하,중상,2024.xlsx
PM-2024-03214,2024-10,2024,10,강남구,주간,중상사고,차대차 - 충돌,차대차,충돌,안전운전불이행,건조,맑음,단일로 - 기타,단일로,기타,0,1,0,0,1,1,1,Y,N,가해,개인형이동수단(PM),여,21-30세,중상,승용,남,41-50세,상해없음,2024.xlsx
PM-2024-03229,2024-10,2024,10,강남구,주간,경상사고,차대사람 - 횡단중,차대사람,횡단중,보행자보호의무위반,건조,맑음,교차로 - 교차로안,교차로,교차로안,0,0,1,0,1,1,0,Y,N,가해,개인형이동수단(PM),여,21-30세,상해없음,보행자,남,51-60세,경상,2024.xlsx
PM-2024-03247,2024-10,2024,10,강남구,주간,경상사고,차대차 - 기타,차대차,기타,안전운전불이행,건조,맑음,단일로 - 기타,단일로,기타,0,0,1,0,1,1,0,Y,N,가해,개인형이동수단(PM),여,20세 이하,경상,승용,여,51-60세,상해없음,2024.xlsx
PM-2024-03251,2024-10,2024,10,강남구,야간,중상사고,차대사람 - 기타,차대사람,기타,안전운전불이행,건조,맑음,단일로 - 기타,단일로,기타,0,1,0,0,1,1,1,Y,N,가해,개인형이동수단(PM),남,51-60세,상해없음,보행자,여,31-40세,중상,2024.xlsx
PM-2024-03217,2024-10,2024,10,강동구,주간,중상사고,차대사람 - 기타,차대사람,기타,안전운전불이행,건조,맑음,단일로 - 기타,단일로,기타,0,1,0,0,1,1,1,Y,N,가해,개인형이동수단(PM),남,20세 이하,상해없음,보행자,남,65세 이상,중상,2024.xlsx
PM-2024-03224,2024-10,2024,10,강동구,주간,경상사고,차대사람 - 보도통행중,차대사람,보도통행중,기타,건조,맑음,단일로 - 기타,단일로,기타,0,0,1,0,1,1,0,Y,N,가해,개인형이동수단(PM),남,20세 이하,상해없음,보행자,여,12세 이하,경상,2024.xlsx
PM-2024-03242,2024-10,2024,10,강동구,야간,경상사고,차대사람 - 보도통행중,차대사람,보도통행중,안전운전불이행,건조,맑음,기타 - 기타,기타,기타,0,0,1,0,1,1,0,Y,N,가해,개인형이동수단(PM),여,20세 이하,상해없음,보행자,여,31-40세,경상,2024.xlsx
PM-2024-03210,2024-10,2024,10,강북구,야간,경상사고,차대사람 - 횡단중,차대사람,횡단중,안전운전불이행,건조,맑음,단일로 - 기타,단일로,기타,0,0,1,0,1,1,0,Y,N,가해,개인형이동수단(PM),남,51-60세,상해없음,보행자,남,65세 이상,경상,2024.xlsx
PM-2024-03235,2024-10,2024,10,강북구,야간,경상사고,차대사람 - 보도통행중,차대사람,보도통행중,안전운전불이행,건조,맑음,교차로 - 교차로부근,교차로,교차로부근,0,0,1,0,1,1,0,Y,N,가해,개인형이동수단(PM),여,21-30세,상해없음,보행자,여,65세 이상,경상,2024.xlsx
PM-2024-03227,2024-10,2024,10,강서구,주간,부상신고사고,차대사람 - 기타,차대사람,기타,안전운전불이행,건조,맑음,단일로 - 기타,단일로,기타,0,0,0,1,1,1,0,Y,N,가해,개인형이동수단(PM),남,20세 이하,상해없음,보행자,여,61-64세,부상신고,2024.xlsx
PM-2024-03212,2024-10,2024,10,관악구,주간,중상사고,차대사람 - 기타,차대사람,기타,안전운전불이행,건조,맑음,교차로 - 교차로부근,교차로,교차로부근,0,1,0,0,1,1,1,Y,N,가해,개인형이동수단(PM),남,31-40세,상해없음,보행자,여,65세 이상,중상,2024.xlsx
PM-2024-03228,2024-10,2024,10,관악구,주간,중상사고,차대차 - 기타,차대차,기타,안전운전불이행,건조,맑음,기타 - 기타,기타,기타,0,1,0,0,1,1,1,N,Y,피해,승용,남,65세 이상,상해없음,개인형이동수단(PM),남,21-30세,중상,2024.xlsx
PM-2024-03231,2024-10,2024,10,관악구,주간,중상사고,차대차 - 기타,차대차,기타,안전운전불이행,기타,맑음,단일로 - 기타,단일로,기타,0,1,0,0,1,1,1,N,Y,피해,승용,남,51-60세,상해없음,개인형이동수단(PM),여,21-30세,중상,2024.xlsx
PM-2024-03232,2024-10,2024,10,관악구,야간,경상사고,차대사람 - 보도통행중,차대사람,보도통행중,안전운전불이행,건조,맑음,교차로 - 교차로안,교차로,교차로안,0,0,1,0,1,1,0,Y,N,가해,개인형이동수단(PM),남,21-30세,기타불명,보행자,남,61-64세,경상,2024.xlsx
PM-2024-03206,2024-10,2024,10,광진구,야간,경상사고,차대사람 - 보도통행중,차대사람,보도통행중,안전운전불이행,건조,맑음,단일로 - 기타,단일로,기타,0,0,1,0,1,1,0,Y,N,가해,개인형이동수단(PM),남,31-40세,상해없음,보행자,여,31-40세,경상,2024.xlsx
PM-2024-03205,2024-10,2024,10,구로구,주간,중상사고,차대차 - 기타,차대차,기타,안전운전불이행,건조,맑음,교차로 - 교차로부근,교차로,교차로부근,0,1,1,0,2,2,1,N,N,기타,승용,남,31-40세,경상,특수,남,61-64세,중상,2024.xlsx
PM-2024-03249,2024-10,2024,10,구로구,주간,경상사고,차대사람 - 차도통행중,차대사람,차도통행중,신호위반,건조,맑음,단일로 - 기타,단일로,기타,0,0,1,0,1,1,0,Y,N,가해,개인형이동수단(PM),남,61-64세,상해없음,보행자,남,12세 이하,경상,2024.xlsx
PM-2024-03216,2024-10,2024,10,금천구,주간,부상신고사고,차대차 - 충돌,차대차,충돌,안전운전불이행,건조,맑음,단일로 - 기타,단일로,기타,0,0,0,1,1,1,0,Y,N,가해,개인형이동수단(PM),남,20세 이하,부상신고,승합,남,41-50세,상해없음,2024.xlsx
PM-2024-03253,2024-10,2024,10,금천구,야간,중상사고,차대차 - 기타,차대차,기타,신호위반,건조,맑음,교차로 - 교차로안,교차로,교차로안,0,1,0,0,1,1,1,N,Y,피해,승용,여,21-30세,상해없음,개인형이동수단(PM),남,41-50세,중상,2024.xlsx
PM-2024-03208,2024-10,2024,10,노원구,주간,중상사고,차대사람 - 기타,차대사람,기타,안전운전불이행,건조,맑음,단일로 - 기타,단일로,기타,0,1,0,0,1,1,1,Y,N,가해,개인형이동수단(PM),남,21-30세,상해없음,보행자,여,21-30세,중상,2024.xlsx
PM-2024-03220,2024-10,2024,10,노원구,야간,경상사고,차대차 - 충돌,차대차,충돌,안전운전불이행,건조,맑음,단일로 - 기타,단일로,기타,0,0,1,0,1,1,0,N,Y,피해,승용,여,51-60세,상해없음,개인형이동수단(PM),남,21-30세,경상,2024.xlsx
PM-2024-03240,2024-10,2024,10,노원구,주간,부상신고사고,차대사람 - 차도통행중,차대사람,차도통행중,안전운전불이행,건조,맑음,교차로 - 교차로부근,교차로,교차로부근,0,0,0,1,1,1,0,Y,N,가해,개인형이동수단(PM),남,20세 이하,상해없음,보행자,여,65세 이상,부상신고,2024.xlsx
PM-2024-03246,2024-10,2024,10,동대문구,주간,중상사고,차대사람 - 차도통행중,차대사람,차도통행중,안전운전불이행,건조,맑음,단일로 - 기타,단일로,기타,0,1,0,0,1,1,1,Y,N,가해,개인형이동수단(PM),남,20세 이하,상해없음,보행자,여,65세 이상,중상,2024.xlsx
PM-2024-03234,2024-10,2024,10,동작구,야간,경상사고,차대사람 - 길가장자리구역통행중,차대사람,길가장자리구역통행중,안전운전불이행,건조,흐림,단일로 - 기타,단일로,기타,0,0,1,0,1,1,0,Y,N,가해,개인형이동수단(PM),남,20세 이하,상해없음,보행자,여,41-50세,경상,2024.xlsx
PM-2024-03203,2024-10,2024,10,마포구,주간,경상사고,차대차 - 충돌,차대차,충돌,신호위반,건조,맑음,단일로 - 기타,단일로,기타,0,0,1,0,1,1,0,N,Y,피해,승용,남,65세 이상,상해없음,개인형이동수단(PM),남,21-30세,경상,2024.xlsx
PM-2024-03207,2024-10,2024,10,마포구,야간,경상사고,차대차 - 기타,차대차,기타,안전운전불이행,건조,맑음,단일로 - 기타,단일로,기타,0,0,1,0,1,1,0,Y,N,가해,개인형이동수단(PM),남,21-30세,기타불명,승용,남,21-30세,경상,2024.xlsx
PM-2024-03252,2024-10,2024,10,마포구,야간,경상사고,차대사람 - 횡단중,차대사람,횡단중,보행자보호의무위반,건조,맑음,교차로 - 교차로횡단보도내,교차로,교차로횡단보도내,0,0,1,0,1,1,0,Y,N,가해,개인형이동수단(PM),남,20세 이하,기타불명,보행자,여,31-40세,경상,2024.xlsx
PM-2024-03201,2024-10,2024,10,서초구,주간,경상사고,차대차 - 충돌,차대차,충돌,안전거리미확보,건조,맑음,단일로 - 기타,단일로,기타,0,0,1,0,1,1,0,N,N,기타,승용,여,41-50세,상해없음,특수,남,51-60세,경상,2024.xlsx
PM-2024-03221,2024-10,2024,10,서초구,야간,경상사고,차대차 - 기타,차대차,기타,안전운전불이행,젖음/습기,비,단일로 - 기타,단일로,기타,0,0,1,0,1,1,0,N,Y,피해,승용,남,61-64세,상해없음,개인형이동수단(PM),남,51-60세,경상,2024.xlsx
PM-2024-03226,2024-10,2024,10,서초구,야간,중상사고,차대사람 - 보도통행중,차대사람,보도통행중,기타,건조,맑음,기타 - 기타,기타,기타,0,1,0,0,1,1,1,Y,N,가해,개인형이동수단(PM),남,20세 이하,상해없음,보행자,남,41-50세,중상,2024.xlsx
PM-2024-03233,2024-10,2024,10,서초구,주간,경상사고,차대차 - 충돌,차대차,충돌,안전운전불이행,건조,맑음,교차로 - 교차로횡단보도내,교차로,교차로횡단보도내,0,0,1,0,1,1,0,Y,N,가해,개인형이동수단(PM),여,20세 이하,경상,승용,여,51-60세,상해없음,2024.xlsx
PM-2024-03244,2024-10,2024,10,서초구,주간,경상사고,차대사람 - 보도통행중,차대사람,보도통행중,안전운전불이행,건조,맑음,기타 - 기타,기타,기타,0,0,1,0,1,1,0,Y,N,가해,개인형이동수단(PM),남,21-30세,상해없음,보행자,여,41-50세,경상,2024.xlsx
PM-2024-03222,2024-10,2024,10,성동구,주간,경상사고,차대사람 - 보도통행중,차대사람,보도통행중,안전운전불이행,건조,맑음,기타 - 기타,기타,기타,0,0,1,0,1,1,0,Y,N,가해,개인형이동수단(PM),남,31-40세,상해없음,보행자,여,31-40세,경상,2024.xlsx
PM-2024-03238,2024-10,2024,10,성동구,주간,중상사고,차대차 - 충돌,차대차,충돌,안전운전불이행,건조,맑음,단일로 - 기타,단일로,기타,0,1,0,0,1,1,1,N,N,기타,건설기계,남,41-50세,상해없음,특수,남,41-50세,중상,2024.xlsx
PM-2024-03209,2024-10,2024,10,성북구,야간,경상사고,차대차 - 기타,차대차,기타,안전운전불이행,건조,맑음,단일로 - 기타,단일로,기타,0,0,1,0,1,1,0,N,N,기타,승용,남,41-50세,경상,사륜오토바이(ATV),남,41-50세,기타불명,2024.xlsx
PM-2024-03199,2024-10,2024,10,송파구,야간,경상사고,차대차 - 충돌,차대차,충돌,안전운전불이행,건조,맑음,교차로 - 교차로횡단보도내,교차로,교차로횡단보도내,0,0,1,0,1,1,0,N,Y,피해,승용,남,65세 이상,상해없음,개인형이동수단(PM),남,21-30세,경상,2024.xlsx
PM-2024-03218,2024-10,2024,10,송파구,주간,경상사고,차대차 - 충돌,차대차,충돌,안전운전불이행,건조,맑음,교차로 - 교차로안,교차로,교차로안,0,0,1,0,1,1,0,N,Y,피해,승용,남,31-40세,상해없음,개인형이동수단(PM),남,21-30세,경상,2024.xlsx
PM-2024-03223,2024-10,2024,10,송파구,주간,경상사고,차대사람 - 차도통행중,차대사람,차도통행중,안전운전불이행,젖음/습기,비,단일로 - 기타,단일로,기타,0,0,1,0,1,1,0,Y,N,가해,개인형이동수단(PM),남,51-60세,상해없음,보행자,여,41-50세,경상,2024.xlsx
PM-2024-03236,2024-10,2024,10,송파구,야간,경상사고,차대차 - 충돌,차대차,충돌,안전운전불이행,건조,맑음,교차로 - 교차로안,교차로,교차로안,0,0,1,0,1,1,0,Y,N,가해,개인형이동수단(PM),남,20세 이하,상해없음,화물,남,51-60세,상해없음,2024.xlsx
PM-2024-03239,2024-10,2024,10,송파구,주간,중상사고,차대차 - 기타,차대차,기타,안전운전불이행,건조,맑음,기타 - 기타,기타,기타,0,1,0,0,1,1,1,Y,N,가해,개인형이동수단(PM),남,51-60세,상해없음,자전거,남,61-64세,중상,2024.xlsx
PM-2024-03241,2024-10,2024,10,송파구,야간,경상사고,차대사람 - 보도통행중,차대사람,보도통행중,기타,건조,맑음,단일로 - 기타,단일로,기타,0,0,1,0,1,1,0,Y,N,가해,개인형이동수단(PM),여,21-30세,기타불명,보행자,남,13-20세,경상,2024.xlsx
PM-2024-03248,2024-10,2024,10,송파구,주간,경상사고,차대사람 - 보도통행중,차대사람,보도통행중,기타,건조,맑음,기타 - 기타,기타,기타,0,0,1,0,1,1,0,Y,N,가해,개인형이동수단(PM),여,31-40세,상해없음,보행자,여,21-30세,경상,2024.xlsx
PM-2024-03213,2024-10,2024,10,양천구,주간,경상사고,차대차 - 기타,차대차,기타,안전운전불이행,건조,맑음,교차로 - 교차로횡단보도내,교차로,교차로횡단보도내,0,0,1,0,1,1,0,N,Y,피해,승용,남,65세 이상,상해없음,개인형이동수단(PM),남,21-30세,경상,2024.xlsx
PM-2024-03219,2024-10,2024,10,양천구,주간,경상사고,차대차 - 기타,차대차,기타,안전운전불이행,건조,맑음,기타 - 기타,기타,기타,0,0,1,0,1,1,0,N,Y,피해,화물,남,65세 이상,상해없음,개인형이동수단(PM),남,31-40세,경상,2024.xlsx
PM-2024-03237,2024-10,2024,10,양천구,야간,부상신고사고,차대차 - 추돌,차대차,추돌,신호위반,건조,맑음,교차로 - 교차로부근,교차로,교차로부근,0,0,0,1,1,1,0,Y,N,가해,개인형이동수단(PM),남,51-60세,부상신고,승용,남,31-40세,상해없음,2024.xlsx
PM-2024-03211,2024-10,2024,10,영등포구,야간,경상사고,차대차 - 추돌,차대차,추돌,안전운전불이행,건조,맑음,단일로 - 기타,단일로,기타,0,0,1,0,1,1,0,N,N,기타,승용,남,61-64세,기타불명,특수,남,41-50세,경상,2024.xlsx
PM-2024-03230,2024-10,2024,10,영등포구,주간,중상사고,차대차 - 충돌,차대차,충돌,신호위반,건조,맑음,단일로 - 기타,단일로,기타,0,1,0,0,1,1,1,N,Y,피해,승용,남,65세 이상,상해없음,개인형이동수단(PM),남,61-64세,중상,2024.xlsx
PM-2024-03245,2024-10,2024,10,영등포구,야간,경상사고,차대차 - 충돌,차대차,충돌,안전운전불이행,건조,맑음,교차로 - 교차로횡단보도내,교차로,교차로횡단보도내,0,0,1,0,1,1,0,N,Y,피해,승용,남,65세 이상,상해없음,개인형이동수단(PM),남,41-50세,경상,2024.xlsx
PM-2024-03204,2024-10,2024,10,은평구,야간,경상사고,차대사람 - 기타,차대사람,기타,안전운전불이행,건조,맑음,기타 - 기타,기타,기타,0,0,1,0,1,1,0,Y,N,가해,개인형이동수단(PM),여,41-50세,상해없음,보행자,여,61-64세,경상,2024.xlsx
PM-2024-03243,2024-10,2024,10,은평구,주간,부상신고사고,차대차 - 기타,차대차,기타,안전운전불이행,건조,맑음,기타 - 기타,기타,기타,0,0,0,1,1,1,0,Y,N,가해,개인형이동수단(PM),여,41-50세,부상신고,승용,남,61-64세,상해없음,2024.xlsx
PM-2024-03250,2024-10,2024,10,은평구,주간,중상사고,차대사람 - 차도통행중,차대사람,차도통행중,신호위반,건조,맑음,교차로 - 교차로부근,교차로,교차로부근,0,1,0,0,1,1,1,Y,N,가해,개인형이동수단(PM),남,21-30세,상해없음,보행자,여,51-60세,중상,2024.xlsx
PM-2024-03215,2024-10,2024,10,종로구,주간,경상사고,차대차 - 충돌,차대차,충돌,안전운전불이행,건조,맑음,단일로 - 기타,단일로,기타,0,0,1,0,1,1,0,Y,N,가해,개인형이동수단(PM),남,21-30세,상해없음,이륜,여,41-50세,경상,2024.xlsx
PM-2024-03225,2024-10,2024,10,중랑구,야간,중상사고,차대차 - 충돌,차대차,충돌,기타,건조,맑음,교차로 - 교차로안,교차로,교차로안,0,1,0,0,1,1,1,Y,N,가해,개인형이동수단(PM),남,51-60세,중상,승용,남,61-64세,상해없음,2024.xlsx
PM-2024-03255,2024-11,2024,11,강남구,주간,경상사고,차대차 - 충돌,차대차,충돌,안전운전불이행,건조,맑음,교차로 - 교차로안,교차로,교차로안,0,0,1,0,1,1,0,Y,N,가해,개인형이동수단(PM),남,21-30세,경상,승용,남,61-64세,상해없음,2024.xlsx
PM-2024-03260,2024-11,2024,11,강남구,야간,경상사고,차대차 - 추돌,차대차,추돌,안전운전불이행,건조,맑음,단일로 - 기타,단일로,기타,0,0,1,0,1,1,0,Y,N,가해,개인형이동수단(PM),남,21-30세,상해없음,승용,남,41-50세,경상,2024.xlsx
PM-2024-03262,2024-11,2024,11,강남구,주간,경상사고,차대차 - 기타,차대차,기타,신호위반,건조,맑음,교차로 - 교차로횡단보도내,교차로,교차로횡단보도내,0,0,1,0,1,1,0,N,Y,피해,승용,남,51-60세,상해없음,개인형이동수단(PM),남,21-30세,경상,2024.xlsx
PM-2024-03264,2024-11,2024,11,강남구,야간,경상사고,차대차 - 기타,차대차,기타,안전운전불이행,건조,맑음,단일로 - 기타,단일로,기타,0,0,1,0,1,1,0,N,Y,피해,이륜,남,31-40세,상해없음,개인형이동수단(PM),여,21-30세,경상,2024.xlsx
PM-2024-03269,2024-11,2024,11,강남구,주간,중상사고,차대차 - 충돌,차대차,충돌,안전운전불이행,건조,맑음,단일로 - 기타,단일로,기타,0,1,0,0,1,1,1,N,Y,피해,승용,여,31-40세,상해없음,개인형이동수단(PM),남,13-20세,중상,2024.xlsx
PM-2024-03270,2024-11,2024,11,강남구,주간,경상사고,차대차 - 기타,차대차,기타,안전운전불이행,건조,맑음,기타 - 기타,기타,기타,0,0,1,0,1,1,0,Y,N,가해,개인형이동수단(PM),남,31-40세,상해없음,자전거,남,31-40세,경상,2024.xlsx
PM-2024-03272,2024-11,2024,11,강남구,야간,경상사고,차대차 - 기타,차대차,기타,중앙선침범,건조,맑음,단일로 - 기타,단일로,기타,0,0,1,0,1,1,0,Y,N,가해,개인형이동수단(PM),남,21-30세,경상,승용,여,41-50세,상해없음,2024.xlsx
PM-2024-03273,2024-11,2024,11,강남구,주간,경상사고,차대사람 - 보도통행중,차대사람,보도통행중,안전운전불이행,건조,맑음,단일로 - 기타,단일로,기타,0,0,1,0,1,1,0,Y,N,가해,개인형이동수단(PM),남,20세 이하,기타불명,보행자,여,51-60세,경상,2024.xlsx
PM-2024-03281,2024-11,2024,11,강남구,주간,경상사고,차대사람 - 기타,차대사람,기타,안전운전불이행,건조,맑음,단일로 - 기타,단일로,기타,0,0,1,0,1,1,0,Y,N,가해,개인형이동수단(PM),남,21-30세,상해없음,보행자,여,31-40세,경상,2024.xlsx
PM-2024-03301,2024-11,2024,11,강남구,야간,경상사고,차대차 - 기타,차대차,기타,신호위반,젖음/습기,흐림,기타 - 기타,기타,기타,0,0,2,0,2,2,0,N,Y,피해,승용,남,31-40세,경상,개인형이동수단(PM),남,31-40세,경상,2024.xlsx
PM-2024-03307,2024-11,2024,11,강남구,주간,중상사고,차대사람 - 보도통행중,차대사람,보도통행중,안전운전불이행,건조,맑음,교차로 - 교차로부근,교차로,교차로부근,0,1,0,0,1,1,1,Y,N,가해,개인형이동수단(PM),남,20세 이하,기타불명,보행자,여,13-20세,중상,2024.xlsx
PM-2024-03289,2024-11,2024,11,강동구,야간,중상사고,차대차 - 충돌,차대차,충돌,신호위반,건조,맑음,교차로 - 교차로안,교차로,교차로안,0,1,0,0,1,1,1,Y,N,가해,개인형이동수단(PM),남,20세 이하,중상,승용,남,51-60세,상해없음,2024.xlsx
PM-2024-03279,2024-11,2024,11,강북구,주간,경상사고,차대사람 - 보도통행중,차대사람,보도통행중,안전운전불이행,건조,맑음,단일로 - 기타,단일로,기타,0,0,2,0,2,2,0,Y,N,가해,개인형이동수단(PM),남,31-40세,경상,보행자,여,51-60세,경상,2024.xlsx
PM-2024-03261,2024-11,2024,11,강서구,주간,경상사고,차대사람 - 횡단중,차대사람,횡단중,안전운전불이행,건조,맑음,단일로 - 기타,단일로,기타,0,0,2,0,2,2,0,Y,N,가해,개인형이동수단(PM),남,21-30세,상해없음,보행자,남,65세 이상,경상,2024.xlsx
PM-2024-03271,2024-11,2024,11,강서구,야간,경상사고,차대사람 - 기타,차대사람,기타,안전운전불이행,건조,맑음,단일로 - 기타,단일로,기타,0,0,1,0,1,1,0,Y,N,가해,개인형이동수단(PM),남,41-50세,상해없음,보행자,여,65세 이상,경상,2024.xlsx
PM-2024-03306,2024-11,2024,11,강서구,야간,부상신고사고,차대차 - 기타,차대차,기타,중앙선침범,건조,맑음,교차로 - 교차로안,교차로,교차로안,0,0,0,1,1,1,0,Y,N,가해,개인형이동수단(PM),남,41-50세,부상신고,승용,여,61-64세,상해없음,2024.xlsx
PM-2024-03256,2024-11,2024,11,관악구,주간,부상신고사고,차대차 - 기타,차대차,기타,안전운전불이행,건조,맑음,교차로 - 교차로안,교차로,교차로안,0,0,0,2,2,2,0,Y,N,가해,개인형이동수단(PM),남,20세 이하,부상신고,승용,남,51-60세,부상신고,2024.xlsx
PM-2024-03268,2024-11,2024,11,관악구,야간,경상사고,차대사람 - 기타,차대사람,기타,안전운전불이행,건조,맑음,교차로 - 교차로부근,교차로,교차로부근,0,0,1,0,1,1,0,Y,N,가해,개인형이동수단(PM),남,21-30세,상해없음,보행자,남,51-60세,경상,2024.xlsx
PM-2024-03288,2024-11,2024,11,관악구,야간,중상사고,차대차 - 충돌,차대차,충돌,안전운전불이행,건조,맑음,교차로 - 교차로부근,교차로,교차로부근,0,1,0,0,1,1,1,N,Y,피해,승용,남,65세 이상,상해없음,개인형이동수단(PM),여,21-30세,중상,2024.xlsx
PM-2024-03305,2024-11,2024,11,관악구,주간,경상사고,차대사람 - 기타,차대사람,기타,안전운전불이행,서리/결빙,맑음,단일로 - 기타,단일로,기타,0,0,1,0,1,1,0,Y,N,가해,개인형이동수단(PM),남,21-30세,상해없음,보행자,남,51-60세,경상,2024.xlsx
PM-2024-03287,2024-11,2024,11,광진구,주간,중상사고,차대차 - 기타,차대차,기타,신호위반,건조,맑음,교차로 - 교차로안,교차로,교차로안,0,1,0,0,1,1,1,Y,N,가해,개인형이동수단(PM),남,51-60세,기타불명,승용,남,41-50세,중상,2024.xlsx
PM-2024-03303,2024-11,2024,11,광진구,야간,중상사고,차대사람 - 기타,차대사람,기타,안전운전불이행,젖음/습기,눈,단일로 - 기타,단일로,기타,0,1,0,0,1,1,1,Y,N,가해,개인형이동수단(PM),여,51-60세,상해없음,보행자,여,31-40세,중상,2024.xlsx
PM-2024-03284,2024-11,2024,11,금천구,야간,경상사고,차대차 - 충돌,차대차,충돌,기타,건조,맑음,단일로 - 터널,단일로,터널,0,0,2,0,2,2,0,N,N,기타,승용,남,51-60세,상해없음,특수,남,21-30세,경상,2024.xlsx
PM-2024-03290,2024-11,2024,11,노원구,야간,경상사고,차대사람 - 기타,차대사람,기타,안전운전불이행,건조,맑음,기타 - 기타,기타,기타,0,0,1,0,1,1,0,Y,N,가해,개인형이동수단(PM),남,41-50세,상해없음,보행자,남,12세 이하,경상,2024.xlsx
PM-2024-03291,2024-11,2024,11,노원구,야간,경상사고,차대차 - 기타,차대차,기타,안전운전불이행,건조,맑음,교차로 - 교차로안,교차로,교차로안,0,0,1,0,1,1,0,N,Y,피해,승용,남,31-40세,상해없음,개인형이동수단(PM),남,21-30세,경상,2024.xlsx
PM-2024-03263,2024-11,2024,11,도봉구,야간,중상사고,차대사람 - 보도통행중,차대사람,보도통행중,보행자보호의무위반,기타,맑음,교차로 - 교차로횡단보도내,교차로,교차로횡단보도내,0,1,0,0,1,1,1,Y,N,가해,개인형이동수단(PM),여,20세 이하,상해없음,보행자,여,65세 이상,중상,2024.xlsx
PM-2024-03267,2024-11,2024,11,도봉구,주간,중상사고,차대사람 - 횡단중,차대사람,횡단중,안전운전불이행,건조,맑음,단일로 - 기타,단일로,기타,0,1,0,0,1,1,1,Y,N,가해,개인형이동수단(PM),남,20세 이하,상해없음,보행자,남,65세 이상,중상,2024.xlsx
PM-2024-03278,2024-11,2024,11,도봉구,야간,부상신고사고,차대사람 - 길가장자리구역통행중,차대사람,길가장자리구역통행중,안전운전불이행,건조,맑음,교차로 - 교차로부근,교차로,교차로부근,0,0,0,1,1,1,0,Y,N,가해,개인형이동수단(PM),남,20세 이하,상해없음,보행자,남,13-20세,부상신고,2024.xlsx
PM-2024-03292,2024-11,2024,11,도봉구,주간,경상사고,차대차 - 충돌,차대차,충돌,안전운전불이행,건조,맑음,교차로 - 교차로부근,교차로,교차로부근,0,0,1,0,1,1,0,Y,N,가해,개인형이동수단(PM),남,21-30세,경상,승용,여,31-40세,상해없음,2024.xlsx
PM-2024-03265,2024-11,2024,11,동대문구,야간,경상사고,차대차 - 추돌,차대차,추돌,안전운전불이행,건조,맑음,교차로 - 교차로안,교차로,교차로안,0,0,1,1,2,2,0,N,Y,피해,원동기,남,21-30세,부상신고,개인형이동수단(PM),남,31-40세,경상,2024.xlsx
PM-2024-03280,2024-11,2024,11,동대문구,주간,부상신고사고,차대차 - 기타,차대차,기타,안전거리미확보,건조,맑음,단일로 - 기타,단일로,기타,0,0,0,1,1,1,0,Y,N,가해,개인형이동수단(PM),남,41-50세,부상신고,승용,남,51-60세,상해없음,2024.xlsx
PM-2024-03294,2024-11,2024,11,동대문구,주간,경상사고,차대차 - 충돌,차대차,충돌,중앙선침범,건조,맑음,단일로 - 기타,단일로,기타,0,0,1,0,1,1,0,Y,N,가해,개인형이동수단(PM),남,41-50세,상해없음,자전거,여,65세 이상,경상,2024.xlsx
PM-2024-03293,2024-11,2024,11,마포구,야간,경상사고,차대사람 - 보도통행중,차대사람,보도통행중,기타,건조,맑음,단일로 - 기타,단일로,기타,0,0,1,0,1,1,0,Y,N,가해,개인형이동수단(PM),여,20세 이하,상해없음,보행자,여,21-30세,경상,2024.xlsx
PM-2024-03298,2024-11,2024,11,마포구,주간,경상사고,차대사람 - 보도통행중,차대사람,보도통행중,기타,건조,맑음,단일로 - 기타,단일로,기타,0,0,1,0,1,1,0,Y,N,가해,개인형이동수단(PM),여,21-30세,상해없음,보행자,여,21-30세,경상,2024.xlsx
PM-2024-03300,2024-11,2024,11,서대문구,주간,중상사고,차대사람 - 보도통행중,차대사람,보도통행중,안전운전불이행,건조,맑음,기타 - 기타,기타,기타,0,1,0,0,1,1,1,Y,N,가해,개인형이동수단(PM),남,21-30세,상해없음,보행자,남,65세 이상,중상,2024.xlsx
PM-2024-03254,2024-11,2024,11,서초구,야간,경상사고,차대차 - 충돌,차대차,충돌,중앙선침범,건조,맑음,교차로 - 교차로안,교차로,교차로안,0,0,2,0,2,2,0,Y,N,가해,개인형이동수단(PM),남,41-50세,경상,승합,남,65세 이상,상해없음,2024.xlsx
PM-2024-03257,2024-11,2024,11,서초구,주간,중상사고,차대차 - 기타,차대차,기타,안전운전불이행,건조,맑음,기타 - 기타,기타,기타,0,1,0,0,1,1,1,Y,N,가해,개인형이동수단(PM),남,31-40세,상해없음,자전거,남,21-30세,중상,2024.xlsx
PM-2024-03296,2024-11,2024,11,서초구,주간,중상사고,차대사람 - 보도통행중,차대사람,보도통행중,안전운전불이행,건조,맑음,기타 - 기타,기타,기타,0,1,0,0,1,1,1,Y,N,가해,개인형이동수단(PM),여,31-40세,상해없음,보행자,남,51-60세,중상,2024.xlsx
PM-2024-03297,2024-11,2024,11,서초구,주간,경상사고,차대차 - 충돌,차대차,충돌,신호위반,건조,맑음,교차로 - 교차로안,교차로,교차로안,0,0,3,0,3,3,0,Y,N,가해,개인형이동수단(PM),남,51-60세,경상,승용,여,41-50세,경상,2024.xlsx
PM-2024-03302,2024-11,2024,11,서초구,주간,중상사고,차대사람 - 차도통행중,차대사람,차도통행중,안전운전불이행,적설,눈,기타 - 기타,기타,기타,0,1,0,0,1,1,1,Y,N,가해,개인형이동수단(PM),남,20세 이하,상해없음,보행자,여,51-60세,중상,2024.xlsx
PM-2024-03259,2024-11,2024,11,성동구,야간,경상사고,차대사람 - 차도통행중,차대사람,차도통행중,안전운전불이행,건조,맑음,단일로 - 기타,단일로,기타,0,0,1,0,1,1,0,Y,N,가해,개인형이동수단(PM),여,20세 이하,상해없음,보행자,여,65세 이상,경상,2024.xlsx
PM-2024-03266,2024-11,2024,11,성동구,주간,경상사고,차대차 - 충돌,차대차,충돌,안전운전불이행,건조,맑음,단일로 - 기타,단일로,기타,0,0,1,0,1,1,0,Y,N,가해,개인형이동수단(PM),남,21-30세,상해없음,승용,여,41-50세,경상,2024.xlsx
PM-2024-03285,2024-11,2024,11,성동구,야간,경상사고,차대차 - 충돌,차대차,충돌,안전운전불이행,건조,맑음,교차로 - 교차로부근,교차로,교차로부근,0,0,1,0,1,1,0,N,Y,피해,화물,남,41-50세,상해없음,개인형이동수단(PM),남,31-40세,경상,2024.xlsx
PM-2024-03258,2024-11,2024,11,송파구,주간,경상사고,차대차 - 추돌,차대차,추돌,안전운전불이행,건조,맑음,단일로 - 기타,단일로,기타,0,0,1,0,1,1,0,N,Y,피해,자전거,여,41-50세,경상,개인형이동수단(PM),남,13-20세,상해없음,2024.xlsx
PM-2024-03274,2024-11,2024,11,송파구,야간,중상사고,차대사람 - 기타,차대사람,기타,안전운전불이행,건조,맑음,단일로 - 기타,단일로,기타,0,1,0,0,1,1,1,Y,N,가해,개인형이동수단(PM),남,21-30세,상해없음,보행자,여,61-64세,중상,2024.xlsx
PM-2024-03282,2024-11,2024,11,송파구,주간,중상사고,차대차 - 기타,차대차,기타,안전운전불이행,건조,맑음,단일로 - 기타,단일로,기타,0,2,0,0,2,2,2,Y,N,가해,개인형이동수단(PM),남,41-50세,중상,자전거,남,65세 이상,중상,2024.xlsx
PM-2024-03295,2024-11,2024,11,송파구,주간,경상사고,차대사람 - 기타,차대사람,기타,안전운전불이행,건조,맑음,단일로 - 기타,단일로,기타,0,0,1,0,1,1,0,Y,N,가해,개인형이동수단(PM),여,31-40세,상해없음,보행자,여,21-30세,경상,2024.xlsx
PM-2024-03299,2024-11,2024,11,송파구,야간,경상사고,차대차 - 충돌,차대차,충돌,안전운전불이행,건조,맑음,단일로 - 기타,단일로,기타,0,0,1,0,1,1,0,Y,N,가해,개인형이동수단(PM),남,20세 이하,상해없음,자전거,남,31-40세,경상,2024.xlsx
PM-2024-03277,2024-11,2024,11,양천구,야간,부상신고사고,차대차 - 충돌,차대차,충돌,안전운전불이행,건조,맑음,기타 - 기타,기타,기타,0,0,0,1,1,1,0,Y,N,가해,개인형이동수단(PM),남,20세 이하,부상신고,승용,여,61-64세,상해없음,2024.xlsx
PM-2024-03283,2024-11,2024,11,양천구,주간,중상사고,차대사람 - 기타,차대사람,기타,안전운전불이행,건조,맑음,단일로 - 기타,단일로,기타,0,1,0,0,1,1,1,Y,N,가해,개인형이동수단(PM),여,65세 이상,상해없음,보행자,여,65세 이상,중상,2024.xlsx
PM-2024-03286,2024-11,2024,11,양천구,야간,경상사고,차대사람 - 차도통행중,차대사람,차도통행중,안전운전불이행,건조,맑음,단일로 - 기타,단일로,기타,0,0,1,0,1,1,0,Y,N,가해,개인형이동수단(PM),남,20세 이하,기타불명,보행자,여,51-60세,경상,2024.xlsx
PM-2024-03275,2024-11,2024,11,영등포구,주간,경상사고,차대사람 - 보도통행중,차대사람,보도통행중,기타,건조,맑음,단일로 - 기타,단일로,기타,0,0,1,0,1,1,0,Y,N,가해,개인형이동수단(PM),여,51-60세,상해없음,보행자,여,12세 이하,경상,2024.xlsx
PM-2024-03276,2024-11,2024,11,영등포구,주간,중상사고,차대사람 - 기타,차대사람,기타,안전운전불이행,건조,맑음,단일로 - 기타,단일로,기타,0,1,0,0,1,1,1,Y,N,가해,개인형이동수단(PM),남,20세 이하,상해없음,보행자,여,51-60세,중상,2024.xlsx
PM-2024-03304,2024-11,2024,11,중랑구,야간,경상사고,차대차 - 충돌,차대차,충돌,신호위반,건조,맑음,교차로 - 교차로안,교차로,교차로안,0,0,1,0,1,1,0,N,Y,피해,승용,남,31-40세,상해없음,개인형이동수단(PM),여,61-64세,경상,2024.xlsx
PM-2024-03333,2024-12,2024,12,강남구,주간,부상신고사고,차대차 - 기타,차대차,기타,안전운전불이행,건조,맑음,단일로 - 기타,단일로,기타,0,0,0,1,1,1,0,N,Y,피해,승용,여,41-50세,상해없음,개인형이동수단(PM),여,21-30세,부상신고,2024.xlsx
PM-2024-03341,2024-12,2024,12,강남구,주간,부상신고사고,차대사람 - 보도통행중,차대사람,보도통행중,안전운전불이행,건조,맑음,단일로 - 기타,단일로,기타,0,0,0,1,1,1,0,Y,N,가해,개인형이동수단(PM),여,20세 이하,상해없음,보행자,남,21-30세,부상신고,2024.xlsx
PM-2024-03342,2024-12,2024,12,강남구,주간,경상사고,차대차 - 추돌,차대차,추돌,안전거리미확보,건조,맑음,단일로 - 기타,단일로,기타,0,0,1,0,1,1,0,Y,N,가해,개인형이동수단(PM),남,20세 이하,경상,승용,남,31-40세,상해없음,2024.xlsx
PM-2024-03331,2024-12,2024,12,강동구,주간,중상사고,차대사람 - 보도통행중,차대사람,보도통행중,기타,건조,맑음,단일로 - 기타,단일로,기타,0,1,0,0,1,1,1,Y,N,가해,개인형이동수단(PM),남,21-30세,상해없음,보행자,여,31-40세,중상,2024.xlsx
PM-2024-03317,2024-12,2024,12,강서구,주간,경상사고,차대차 - 충돌,차대차,충돌,안전거리미확보,건조,맑음,단일로 - 기타,단일로,기타,0,0,1,0,1,1,0,N,N,기타,승용,남,51-60세,상해없음,특수,남,41-50세,경상,2024.xlsx
PM-2024-03319,2024-12,2024,12,강서구,주간,중상사고,차대사람 - 기타,차대사람,기타,안전운전불이행,건조,맑음,기타 - 기타,기타,기타,0,1,0,0,1,1,1,Y,N,가해,개인형이동수단(PM),여,51-60세,상해없음,보행자,여,31-40세,중상,2024.xlsx
PM-2024-03324,2024-12,2024,12,강서구,주간,중상사고,차대차 - 추돌,차대차,추돌,안전운전불이행,건조,맑음,교차로 - 교차로부근,교차로,교차로부근,0,1,0,0,1,1,1,N,Y,피해,승용,여,41-50세,상해없음,개인형이동수단(PM),남,13-20세,상해없음,2024.xlsx
PM-2024-03345,2024-12,2024,12,강서구,야간,경상사고,차대사람 - 보도통행중,차대사람,보도통행중,기타,건조,맑음,단일로 - 기타,단일로,기타,0,0,1,0,1,1,0,Y,N,가해,개인형이동수단(PM),남,20세 이하,상해없음,보행자,여,51-60세,경상,2024.xlsx
PM-2024-03343,2024-12,2024,12,관악구,야간,경상사고,차대사람 - 보도통행중,차대사람,보도통행중,기타,건조,맑음,교차로 - 교차로부근,교차로,교차로부근,0,0,1,0,1,1,0,Y,N,가해,개인형이동수단(PM),남,31-40세,상해없음,보행자,여,21-30세,경상,2024.xlsx
PM-2024-03346,2024-12,2024,12,관악구,야간,경상사고,차대사람 - 기타,차대사람,기타,안전운전불이행,건조,기타,교차로 - 교차로안,교차로,교차로안,0,0,1,0,1,1,0,Y,N,가해,개인형이동수단(PM),남,20세 이하,상해없음,보행자,여,65세 이상,경상,2024.xlsx
PM-2024-03308,2024-12,2024,12,광진구,주간,경상사고,차대사람 - 보도통행중,차대사람,보도통행중,안전운전불이행,건조,맑음,교차로 - 교차로부근,교차로,교차로부근,0,0,1,0,1,1,0,Y,N,가해,개인형이동수단(PM),남,20세 이하,상해없음,보행자,남,12세 이하,경상,2024.xlsx
PM-2024-03327,2024-12,2024,12,광진구,주간,중상사고,차대차 - 기타,차대차,기타,안전운전불이행,건조,맑음,단일로 - 기타,단일로,기타,0,1,0,0,1,1,1,Y,N,가해,개인형이동수단(PM),남,41-50세,기타불명,자전거,남,65세 이상,중상,2024.xlsx
PM-2024-03322,2024-12,2024,12,노원구,주간,경상사고,차대사람 - 기타,차대사람,기타,기타,건조,맑음,단일로 - 기타,단일로,기타,0,0,1,0,1,1,0,Y,N,가해,개인형이동수단(PM),여,20세 이하,상해없음,보행자,남,12세 이하,경상,2024.xlsx
PM-2024-03311,2024-12,2024,12,동대문구,야간,경상사고,차대차 - 충돌,차대차,충돌,안전운전불이행,건조,맑음,기타 - 기타,기타,기타,0,0,1,0,1,1,0,Y,N,가해,개인형이동수단(PM),남,20세 이하,상해없음,이륜,남,51-60세,경상,2024.xlsx
PM-2024-03326,2024-12,2024,12,동작구,야간,중상사고,차대차 - 충돌,차대차,충돌,신호위반,건조,맑음,교차로 - 교차로안,교차로,교차로안,0,1,0,0,1,1,1,N,Y,피해,승합,남,51-60세,상해없음,개인형이동수단(PM),남,51-60세,중상,2024.xlsx
PM-2024-03328,2024-12,2024,12,동작구,야간,경상사고,차대사람 - 횡단중,차대사람,횡단중,안전운전불이행,건조,맑음,단일로 - 기타,단일로,기타,0,0,1,0,1,1,0,Y,N,가해,개인형이동수단(PM),남,31-40세,상해없음,보행자,남,65세 이상,경상,2024.xlsx
PM-2024-03318,2024-12,2024,12,마포구,주간,부상신고사고,차대사람 - 보도통행중,차대사람,보도통행중,안전운전불이행,건조,기타,기타 - 기타,기타,기타,0,0,0,1,1,1,0,Y,N,가해,개인형이동수단(PM),남,20세 이하,부상신고,보행자,여,65세 이상,상해없음,2024.xlsx
PM-2024-03344,2024-12,2024,12,서대문구,주간,부상신고사고,차대차 - 기타,차대차,기타,기타,건조,맑음,기타 - 기타,기타,기타,0,0,0,1,1,1,0,N,Y,피해,승합,남,51-60세,상해없음,개인형이동수단(PM),여,41-50세,상해없음,2024.xlsx
PM-2024-03338,2024-12,2024,12,서초구,주간,부상신고사고,차대차 - 기타,차대차,기타,안전운전불이행,건조,맑음,단일로 - 기타,단일로,기타,0,0,0,1,1,1,0,Y,N,가해,개인형이동수단(PM),남,51-60세,부상신고,화물,남,41-50세,상해없음,2024.xlsx
PM-2024-03320,2024-12,2024,12,성동구,야간,중상사고,차대차 - 기타,차대차,기타,안전운전불이행,건조,맑음,단일로 - 교량,단일로,교량,0,1,0,0,1,1,1,N,Y,피해,승용,남,51-60세,상해없음,개인형이동수단(PM),남,41-50세,중상,2024.xlsx
PM-2024-03313,2024-12,2024,12,송파구,야간,경상사고,차대차 - 기타,차대차,기타,신호위반,건조,맑음,교차로 - 교차로안,교차로,교차로안,0,0,1,0,1,1,0,Y,N,가해,개인형이동수단(PM),남,31-40세,상해없음,자전거,남,41-50세,경상,2024.xlsx
PM-2024-03323,2024-12,2024,12,송파구,야간,중상사고,차대사람 - 차도통행중,차대사람,차도통행중,안전운전불이행,건조,맑음,단일로 - 기타,단일로,기타,0,1,0,0,1,1,1,Y,N,가해,개인형이동수단(PM),남,21-30세,상해없음,보행자,여,21-30세,중상,2024.xlsx
PM-2024-03325,2024-12,2024,12,송파구,주간,경상사고,차대차 - 기타,차대차,기타,안전거리미확보,건조,맑음,단일로 - 기타,단일로,기타,0,0,1,0,1,1,0,N,Y,피해,승용,남,65세 이상,상해없음,개인형이동수단(PM),남,51-60세,경상,2024.xlsx
PM-2024-03329,2024-12,2024,12,송파구,야간,부상신고사고,차대차 - 기타,차대차,기타,안전운전불이행,건조,맑음,단일로 - 기타,단일로,기타,0,0,0,1,1,1,0,Y,N,가해,개인형이동수단(PM),남,31-40세,상해없음,승용,여,51-60세,상해없음,2024.xlsx
PM-2024-03330,2024-12,2024,12,송파구,야간,경상사고,차대사람 - 기타,차대사람,기타,기타,건조,맑음,기타 - 기타,기타,기타,0,0,1,0,1,1,0,Y,N,가해,개인형이동수단(PM),남,20세 이하,상해없음,보행자,여,21-30세,경상,2024.xlsx
PM-2024-03335,2024-12,2024,12,송파구,야간,경상사고,차대차 - 기타,차대차,기타,안전운전불이행,건조,맑음,교차로 - 교차로부근,교차로,교차로부근,0,0,1,0,1,1,0,N,Y,피해,승용,여,51-60세,상해없음,개인형이동수단(PM),남,41-50세,경상,2024.xlsx
PM-2024-03337,2024-12,2024,12,송파구,주간,부상신고사고,차대차 - 기타,차대차,기타,안전운전불이행,건조,맑음,교차로 - 교차로안,교차로,교차로안,0,0,0,3,3,3,0,Y,N,가해,개인형이동수단(PM),여,21-30세,부상신고,화물,남,51-60세,상해없음,2024.xlsx
PM-2024-03340,2024-12,2024,12,송파구,주간,경상사고,차대사람 - 보도통행중,차대사람,보도통행중,기타,건조,맑음,기타 - 기타,기타,기타,0,0,1,0,1,1,0,Y,N,가해,개인형이동수단(PM),여,20세 이하,상해없음,보행자,여,41-50세,경상,2024.xlsx
PM-2024-03312,2024-12,2024,12,양천구,주간,경상사고,차대차 - 기타,차대차,기타,기타,건조,맑음,단일로 - 기타,단일로,기타,0,0,1,0,1,1,0,N,N,기타,화물,남,21-30세,상해없음,특수,남,51-60세,경상,2024.xlsx
PM-2024-03332,2024-12,2024,12,양천구,야간,경상사고,차대차 - 기타,차대차,기타,안전거리미확보,건조,맑음,단일로 - 기타,단일로,기타,0,0,1,0,1,1,0,Y,N,가해,개인형이동수단(PM),남,20세 이하,상해없음,승합,남,21-30세,상해없음,2024.xlsx
PM-2024-03309,2024-12,2024,12,영등포구,야간,경상사고,차대차 - 충돌,차대차,충돌,신호위반,젖음/습기,흐림,교차로 - 교차로안,교차로,교차로안,0,0,2,0,2,2,0,Y,N,가해,개인형이동수단(PM),남,31-40세,경상,이륜,남,41-50세,경상,2024.xlsx
PM-2024-03321,2024-12,2024,12,영등포구,주간,경상사고,차대차 - 충돌,차대차,충돌,안전운전불이행,건조,맑음,단일로 - 기타,단일로,기타,0,0,1,0,1,1,0,Y,N,가해,개인형이동수단(PM),남,51-60세,경상,승용,남,41-50세,상해없음,2024.xlsx
PM-2024-03334,2024-12,2024,12,영등포구,주간,중상사고,차대사람 - 횡단중,차대사람,횡단중,보행자보호의무위반,건조,맑음,단일로 - 기타,단일로,기타,0,1,0,0,1,1,1,Y,N,가해,개인형이동수단(PM),여,20세 이하,상해없음,보행자,여,51-60세,중상,2024.xlsx
PM-2024-03315,2024-12,2024,12,은평구,주간,부상신고사고,차대차 - 충돌,차대차,충돌,교차로운행방법위반,건조,맑음,교차로 - 교차로안,교차로,교차로안,0,0,0,1,1,1,0,Y,N,가해,개인형이동수단(PM),여,31-40세,부상신고,승용,여,51-60세,상해없음,2024.xlsx
PM-2024-03314,2024-12,2024,12,종로구,야간,경상사고,차대차 - 충돌,차대차,충돌,신호위반,건조,맑음,단일로 - 기타,단일로,기타,0,0,1,0,1,1,0,N,Y,피해,이륜,남,51-60세,상해없음,개인형이동수단(PM),여,31-40세,경상,2024.xlsx
PM-2024-03310,2024-12,2024,12,중랑구,주간,중상사고,차대차 - 충돌,차대차,충돌,안전운전불이행,건조,맑음,교차로 - 교차로안,교차로,교차로안,0,1,0,0,1,1,1,Y,N,가해,개인형이동수단(PM),여,65세 이상,중상,승용,남,41-50세,상해없음,2024.xlsx
PM-2024-03316,2024-12,2024,12,중랑구,주간,경상사고,차대차 - 충돌,차대차,충돌,안전운전불이행,건조,맑음,단일로 - 기타,단일로,기타,0,0,1,0,1,1,0,N,Y,피해,승용,여,41-50세,상해없음,개인형이동수단(PM),남,21-30세,경상,2024.xlsx
PM-2024-03336,2024-12,2024,12,중랑구,야간,부상신고사고,차대차 - 기타,차대차,기타,안전운전불이행,건조,맑음,기타 - 기타,기타,기타,0,0,0,1,1,1,0,Y,N,가해,개인형이동수단(PM),남,51-60세,부상신고,승용,여,21-30세,상해없음,2024.xlsx
PM-2024-03339,2024-12,2024,12,중랑구,주간,경상사고,차대사람 - 기타,차대사람,기타,안전운전불이행,건조,맑음,단일로 - 기타,단일로,기타,0,0,1,0,1,1,0,Y,N,가해,개인형이동수단(PM),남,51-60세,상해없음,보행자,여,65세 이상,경상,2024.xlsx
