"년월","대여소명","대여건수","반납건수"
"202307","1001. 광진교 남단 사거리(천호공원 방면)","2","0"
"202307","1002. 해공공원(천호동)","1","2"
"202307","1003. 해공도서관앞","0","1"
"202307","1004. 삼성광나루아파트 버스정류장","2","3"
"202307","1009. 천호역4번출구(현대백화점)","0","2"
"202307","1013. 강동구청역 1번 출입구","1","0"
"202307","102. 망원역 1번출구 앞","16","10"
"202307","1020. 강동경찰서","8","3"
"202307","1021. 강일동 리슈빌 빌딩앞","1","1"
"202307","1024.  강동구청 앞","3","2"
"202307","1029. 성내어울터","5","7"
"202307","103. 망원역 2번출구 앞","12","8"
"202307","1030. 미호 플랜트 앞","2","2"
"202307","1035. 고덕역 4번출구","0","1"
"202307","104. 합정역 1번출구 앞","16","3"
"202307","1044. 굽은다리역","1","5"
"202307","105. 합정역 5번출구 앞","7","4"
"202307","1059. 래미안 강동팰리스(102동)","2","0"
"202307","106. 합정역 7번출구 앞","21","25"
"202307","107. 신한은행 서교동지점","14","12"
"202307","1076. 천동초교입구사거리 버스정류장(십자성마을 방면)","2","2"
"202307","1077.강동역 1번출구 앞","1","0"
"202307","108. 서교동 사거리","25","25"
"202307","1081.트레빌빌딩","2","3"
"202307","1084. 윤선생빌딩(JYP사옥)","5","1"
"202307","109. 제일빌딩 앞","9","6"
"202307","1103. 방화역 4번출구앞","0","3"
"202307","111. 상수역 2번출구 앞","7","23"
"202307","1117. 등촌5단지아파트 버스정류장","5","1"
"202307","1118. 증미역 3번출구뒤(등촌두산위브센티움오피스텔)","3","0"
"202307","112. 극동방송국 앞","18","21"
"202307","1120. 대림경동아파트앞","0","2"
"202307","1121. 가양레포츠센터 앞","1","3"
"202307","1122. 황금내근린공원","3","3"
"202307","1129. 화곡역 1번 출구 앞","1","1"
"202307","113. 홍대입구역 2번출구 앞","27","27"
"202307","114. 홍대입구역 8번출구 앞","24","29"
"202307","1141. 곰달래 문화복지센터 A","1","0"
"202307","115. 마스타 빌딩 앞","11","9"
"202307","1151. 마곡역1번출구","2","1"
"202307","1153. 발산역 1번, 9번 인근 대여소","7","7"
"202307","1155. 기쁜우리복지관","1","1"
"202307","1158. 가양역 8번출구","1","0"
"202307","1160. 양천향교역 7번출구앞","9","13"
"202307","1166. 강서구립등빛도서관","3","3"
"202307","1169. 염창역 1번 출구","0","1"
"202307","117. 홍은사거리","5","2"
"202307","1173. 강서구청사거리(SH타워)","3","7"
"202307","1175. 대한항공 인력개발센터","2","2"
"202307","118. 광흥창역 2번출구 앞","3","4"
"202307","1180. 마곡엠밸리 15단지(1502동) 건너편","0","1"
"202307","1185. 등촌9단지","0","3"
"202307","119. 서강나루 공원","20","21"
"202307","1192. 마곡수명산파크 209동 건너편","2","10"
"202307","1193. 마곡센트럴타워 1차","0","2"
"202307","1195. 코오롱One&Only타워","0","1"
"202307","1196. 서울식물원(문화센터) 건너편","1","0"
"202307","1197. 엠펠리체 호텔 건너편","3","2"
"202307","120. 신수동 사거리","3","2"
"202307","1201. 가락시장역 3번 출구","2","0"
"202307","1203. 밀리아나2빌딩 앞","2","1"
"202307","1205. 종합운동장역 4번출구","5","5"
"202307","1209. 잠실나루역 (2번 출구 쪽)","5","4"
"202307","121. 마포소방서 앞","0","2"
"202307","1210. 롯데월드타워(잠실역2번출구 쪽)","20","18"
"202307","1215. 올림픽공원역 1번출구 앞","3","1"
"202307","1218. 방이역 4번출구","2","4"
"202307","122. 신성기사식당 앞","0","2"
"202307","1220. 잠실근린공원","0","1"
"202307","1221. 삼전역 4번출구","0","1"
"202307","1222. 잠실새내역 5번 출구 뒤","4","6"
"202307","1224. 아시아지하보도 2번 출구","1","3"
"202307","123. 문화촌 공원","1","0"
"202307","1231. 잠실역 6번출구","3","14"
"202307","1232. 잠실주공 521동 건너편","7","3"
"202307","124. 서강대 정문 건너편","1","0"
"202307","1243. 문정 법조단지7","2","2"
"202307","1244. 문정 법조단지8","0","1"
"202307","1246. 문정 법조단지10","0","1"
"202307","1248. 방이초등학교","1","1"
"202307","125. 서강대 남문 옆","3","2"
"202307","1251. 석촌역 2번출구","3","9"
"202307","1257. 가락시장역 사거리","1","0"
"202307","126. 서강대 후문 옆","4","0"
"202307","1262. 송파여성문화회관 앞","1","0"
"202307","1264. 천호역 10번 출구 앞","1","1"
"202307","1266. 문정동 글샘 공원","0","1"
"202307","1267. 올림픽공원 남2문 앞","9","5"
"202307","1268. 몽촌토성역 1번출구 옆","6","12"
"202307","1269. 리센츠아파트 ","1","1"
"202307","127. 현대벤처빌 앞","2","0"
"202307","1278. 송파구청 교차로","2","4"
"202307","128. 신촌역(2호선) 1번출구 옆","4","7"
"202307","1286. 위례중앙푸르지오 1단지 앞","2","2"
"202307","1289. 풍납토성 서성벽터B","1","1"
"202307","129. 신촌역(2호선) 6번출구 옆","0","2"
"202307","1290. 위례송파꿈에그린아파트24단지 앞 성벽 다리 밑","2","0"
"202307","1293. 석촌호수 서호 사거리","1","1"
"202307","1295. 잠실역 8번출구","5","15"
"202307","1296. 석촌호수교차로 (송파나루근린공원 앞)","3","3"
"202307","1297. 석촌호수교차로(동호 팔각정 앞)","4","5"
"202307","130. 신촌역(2호선) 7번출구 앞","13","18"
"202307","1302. 한성대입구역6번출구 뒤","2","2"
"202307","1304. 만해공원","1","0"
"202307","1305. 성북구청","3","0"
"202307","1306. 한성대입구역2번출구","1","5"
"202307","1308. 안암로터리 버스정류장 앞","2","4"
"202307","131. 증산2교","2","0"
"202307","1314. 정릉꿈에그린1단지 201동 앞","0","1"
"202307","1321. 국민은행 종암동지점 앞","1","0"
"202307","1325. 상월곡역 4번출구","0","1"
"202307","1332. 석계역 5번출구 건너편","3","1"
"202307","1336. 성북3교 위","1","2"
"202307","1338. 용문2교 옆","1","1"
"202307","134. 연세로 명물길","14","6"
"202307","1342. 성북쉼터 앞","0","1"
"202307","1343. 한성대7번출구 앞","2","1"
"202307","1344. 아리랑시네센터 앞","1","1"
"202307","1349. 월계2교 버스정류장 앞","1","1"
"202307","135. 명물길 원형무대 앞","4","3"
"202307","1351. 안암2교 옆","2","0"
"202307","1354. 고려대학교 2번출구","3","2"
"202307","1355. 보문2교","4","3"
"202307","1360. 정릉역","1","0"
"202307","1361. 홍익중고 입구","1","0"
"202307","1363. 보문4교 인근","0","1"
"202307","1364. 성북동 치안센터 앞","1","0"
"202307","1365. 선잠단지 앞","1","2"
"202307","1368. 성신여대입구 교차로","4","1"
"202307","137. 신촌기차역입구 교차로","5","6"
"202307","1370. 복자사랑 피정의 집","1","0"
"202307","1372. KEB은행 고대점","3","2"
"202307","1377. 한국과학기술연구원 북문","0","2"
"202307","138. 신촌동 제1공영주차장 앞","5","1"
"202307","1380.월곡역 5번출구 앞","5","5"
"202307","1384.성신여대입구역 5번출구","2","1"
"202307","139. 연세대 정문 건너편","0","1"
"202307","1390.석관래미안아트리치","1","1"
"202307","140. 이화여대 후문","5","10"
"202307","1401. 극동늘푸른아파트","1","0"
"202307","1403. 중화빌딩 앞 (동부시장)","0","1"
"202307","141. 연대 대운동장 옆","1","0"
"202307","1411. 상봉시장앞 교차로 한성빌딩 앞","2","1"
"202307","1416. 상봉역 3번출구","0","1"
"202307","142. 아현역 4번출구 앞","0","2"
"202307","1426. 면목도시개발아파트 1동 앞","0","1"
"202307","143. 공덕역 2번출구","2","0"
"202307","1437. 늘푸른공원 앞","1","0"
"202307","1438. 홈플러스 신내점 앞","2","2"
"202307","144. 공덕역 8번출구","6","15"
"202307","1447. 면목역 3번출구","0","1"
"202307","1448. 코스트코 상봉점","0","2"
"202307","1449. 상봉역 1번출구","1","2"
"202307","145. 공덕역 5번출구","2","1"
"202307","1451. 중랑세무서","5","2"
"202307","1452. 겸재교 진입부","2","1"
"202307","1455. 상봉역 2번 출구","2","1"
"202307","1457. 동원사거리","2","4"
"202307","146. 마포역 2번출구 뒤","22","24"
"202307","1462.동부시장 북문 앞","1","0"
"202307","147. 마포역 4번출구 뒤","7","23"
"202307","1473.중랑역 1번 출구(중화문화복지센터)","1","1"
"202307","148. 용강동 주민센터 앞","3","11"
"202307","1480. 용마지구대 B","2","2"
"202307","150. 서강대역 2번출구 앞","8","4"
"202307","1509. 서울북부수도사업소","2","1"
"202307","153. 성산2교 사거리","3","5"
"202307","1531. 미아사거리 1번 출구","1","0"
"202307","1533. 번동 주공3, 4단지 교차로","0","1"
"202307","1535. 효성인텔리안 앞","4","1"
"202307","1537. 북한산 우이역","1","1"
"202307","154. 마포구청역 ","2","1"
"202307","1542. 삼양사거리역","0","2"
"202307","1553.서울북부고용노동지청","0","1"
"202307","156. 서울서부지방법원 앞","0","6"
"202307","1565.수유사거리","1","0"
"202307","1569.수유역2번출구","0","3"
"202307","157. 애오개역 4번출구 앞","2","2"
"202307","1571.북서울 꿈의 숲 입구","1","3"
"202307","159. 이대역 4번 출구","2","3"
"202307","1602. 광운대역 앞","1","0"
"202307","1606. 태릉입구역 3번출구 ","1","0"
"202307","1608. 공릉역 1번 출구 앞","3","1"
"202307","161. 무악재역1번 출구","0","2"
"202307","1611. 과기대 입구(우)","4","1"
"202307","162. 봉원고가차도 밑","1","0"
"202307","1625. 상계역 3번출구","4","4"
"202307","163. 명지전문대학교 정문 앞","0","4"
"202307","1634. 당고개공원 대여소","1","1"
"202307","1635. 상계3.4동 주민센터 대여소","1","1"
"202307","1643. 태릉입구역 8번출구","8","5"
"202307","1656. 중앙하이츠 아파트 입구","1","1"
"202307","1661. 당현천근린공원","2","0"
"202307","1668. 중계역 6번출구","1","0"
"202307","1677. 육군사관학교  앞","1","1"
"202307","1684. 태릉입구역 5번출구","0","1"
"202307","169. 북가좌 삼거리","1","1"
"202307","171. 임광빌딩 앞","0","3"
"202307","1716. 창동역 1번출구 건너편","1","0"
"202307","1720. 도봉구청 옆(중랑천변)","3","3"
"202307","175. 홍연2교옆","0","1"
"202307","1750. 창포원 남쪽 입구","1","1"
"202307","176. 명지대학교 도서관","4","4"
"202307","1767.방학초등학교 앞","0","1"
"202307","177. 북가좌 초등학교","1","2"
"202307","178. 증산3교 앞","3","5"
"202307","180. 충정로역 7번출구 아래","1","2"
"202307","1805. 서울디지털운동장 앞","0","1"
"202307","1806. 에이스하이엔드타워9차 앞","0","2"
"202307","181. 망원초록길 입구","13","12"
"202307","1819. 금천구청 앞 자전거거치대","1","0"
"202307","182. 망원2빗물펌프장 앞","7","9"
"202307","1827. 독산보도육교 앞 자전거 보관소","6","6"
"202307","183. 하늘채코오롱아파트 건너편","5","0"
"202307","1834. 월드메르디앙 벤처센터 2차","1","0"
"202307","184. 7번가피자 서교망원점","10","22"
"202307","1846. 롯데캐슬골드파크1차 동문","2","0"
"202307","1849. 대륭포스트타워5차","1","0"
"202307","185. 마포 신수공원 앞","5","5"
"202307","186. 월드컵공원","8","9"
"202307","1863.위너스 스포츠클럽 골프연습장옆","1","0"
"202307","1867.대륭포스트타워6차 앞","4","2"
"202307","1906. 신도림역 1번 출구 앞","5","2"
"202307","191. 서우빌딩","1","0"
"202307","1911. 구로디지털단지역 앞","2","3"
"202307","1914. 대림역4번출구","0","1"
"202307","1925. 동양미래대학교 정문 옆","2","1"
"202307","194. 증산교 앞","2","0"
"202307","195. 모래내고가차도 ","1","0"
"202307","1955. 디지털입구 교차로","3","4"
"202307","1958. 강서수도사업소민원센터","0","1"
"202307","1961. 신도림테크노근린공원","3","1"
"202307","1962. 가리봉동주민센터","0","1"
"202307","198. 충정2교","8","2"
"202307","199. 서울 월드컵 경기장","7","1"
"202307","2000. 신도림4차 e편한세상 아파트 1109동 앞","2","3"
"202307","2002. 노들역 1번출구","12","14"
"202307","2003. 사육신공원앞","3","8"
"202307","2007. 유한양행앞","0","5"
"202307","2009. 보라매역 8번출구","0","2"
"202307","201. 진미파라곤 앞","18","17"
"202307","2012. 대림사거리(동작상떼빌아파트)","1","0"
"202307","2013. 장승배기역 5번출구","0","2"
"202307","202. 국민일보 앞","22","20"
"202307","2020. 장승배기역2번출구뒷편쪽","1","1"
"202307","2024. 상도역 1번출구","1","0"
"202307","2025. 흑석역 1번출구","9","15"
"202307","2026. 흑석역 4번출구","1","1"
"202307","2027. 중앙대학교 정문 1","21","9"
"202307","203. 국회의사당역 3번출구 옆","3","4"
"202307","2032. 이수역 11번출구쪽","0","1"
"202307","2037. 동작역 5번출구 동작주차공원","4","2"
"202307","2038. 동작역 7번출구","3","9"
"202307","204. 국회의사당역 5번출구 옆","7","14"
"202307","2040. 비계 버스정류소","2","3"
"202307","205. 산업은행 앞","4","2"
"202307","2050. 노량진역 5번출구","10","3"
"202307","2058. 동작경찰서","6","1"
"202307","2059. 보라매공원 정문","2","4"
"202307","206. KBS 앞","4","3"
"202307","2060. 남성역3번출구 뒤","2","3"
"202307","2061. 한강 현대아파트 건너편","1","0"
"202307","2065. 서울시여성가족재단","1","0"
"202307","2066. 양문교회 앞","1","0"
"202307","2069. 숭실대 입구역3번 출구 앞","0","1"
"202307","207. 여의나루역 1번출구 앞","349","328"
"202307","2070. 노량진역 2번 출구 앞","6","11"
"202307","2077.노들역 3번출구","4","2"
"202307","2078.흑석 아크로리버하임(103동)","1","0"
"202307","2079.중앙대학교 중앙광장","2","0"
"202307","2080. 대방지하보도(대방동경남아너스빌아파트)","2","2"
"202307","2082.7호선 이수역7번출구","2","0"
"202307","2085.강남중학교 앞","1","0"
"202307","2088.상도중앙하이츠빌 입구","0","1"
"202307","209. 유진투자증권빌딩 앞","28","13"
"202307","2090.기아자동차 사당점 앞","1","3"
"202307","2102. 봉림교 교통섬","2","6"
"202307","2104. 사당역 5번출구","2","1"
"202307","2106. 세이브마트","4","1"
"202307","2109. 은천로입구 가로공원","0","2"
"202307","2111. 서울대입구역 1번출구","4","2"
"202307","2115. 관악구시설관리공단","1","1"
"202307","213. KT앞","4","2"
"202307","2139. 서울신성초등학교","3","2"
"202307","214. 금융감독원 앞","5","8"
"202307","2140. 신림1교 교차로","2","0"
"202307","215. 여의도고교 앞","44","36"
"202307","2167. 낙성대역 1번출구","0","1"
"202307","2169. 봉천역 2번출구","2","0"
"202307","217. NH농협은행 앞","7","0"
"202307","2170. 조원동 강남힐병원","2","0"
"202307","2171. 서울대입구역 5번출구","1","0"
"202307","2172. 나들목공원","1","1"
"202307","2173. 당곡사거리","1","0"
"202307","2174. 삼성디지털프라자관악점","1","2"
"202307","2176. 보라매공원 보도육교","1","0"
"202307","2177. 신대방역 2번 출구","3","2"
"202307","2178. 서울대학교 정문","4","3"
"202307","2179. 양녕로 입구","2","1"
"202307","2183. 동방1교","3","7"
"202307","2184. 구암초등학교 버스정류장","0","1"
"202307","2185. 대학동 고시촌","1","1"
"202307","219. 롯데캐슬엠파이어 옆","5","6"
"202307","2191.대학동주민센터 ","0","4"
"202307","2198.사랑의병원","1","1"
"202307","220. 미성아파트 A동 앞","1","1"
"202307","2205. 내곡3단지 어린이공원 앞","1","1"
"202307","221. 여의도초교 앞","25","22"
"202307","2211. 서초구립반포도서관 앞","0","1"
"202307","2213. 고속터미널역 5번출구 앞","1","3"
"202307","2214. 신반포역 2번출구 앞","11","14"
"202307","2215. 반포종합운동장 입구","0","1"
"202307","2217.아크로리버뷰 부지 앞","47","38"
"202307","2219. 고속터미널역 8-1번, 8-2번 출구 사이","36","16"
"202307","222. 시범아파트버스정류장 옆","15","10"
"202307","2221. 방일초교 마을버스 정류장","1","0"
"202307","2222.사당역 12번출구 뒤","2","2"
"202307","223. 진주아파트상가 앞","2","0"
"202307","2231. 삼성타운(삼성생명) A동 맞은편","6","4"
"202307","2239.교대역 6번출구","1","0"
"202307","224. 롯데캐슬 앞","1","2"
"202307","2242.양재역 11번 출구 앞","1","0"
"202307","2244.교육개발원입구 교차로","1","1"
"202307","2246. 서울시 품질시험소 앞","0","1"
"202307","2247.섬들근린공원","1","1"
"202307","225. 앙카라공원 앞","9","1"
"202307","2252. 잔디마을 마을버스 정류장","0","3"
"202307","2255. 양재시민의숲역 1번출구","3","1"
"202307","2256.양재동 꽃시장 입구","1","0"
"202307","2259. 잠원역 3번-4번 출구사이 ","8","7"
"202307","226. 샛강역 1번출구 앞","3","6"
"202307","2262. 한신16차아파트 119동 앞","78","84"
"202307","2264. 이수역 1번출구","1","0"
"202307","2266. 서초역 3번출구","2","1"
"202307","2269. 주홍교 하부","3","4"
"202307","227. 양평2나들목 보행통로 입구","3","7"
"202307","2270. 서초포레스타 7단지","1","0"
"202307","2277. 길마중4교 하부","1","0"
"202307","2279. 교대역 5번출구뒤","3","0"
"202307","228. 선유도역 3번출구 앞","11","16"
"202307","2280. 서울서초고용센터앞","1","0"
"202307","2285. LH서초3단지 301동 맞은편","3","3"
"202307","2294. 두상빌딩 앞","1","0"
"202307","2297. 남부터미널역 1번출구","1","1"
"202307","230. 영등포구청역 1번출구","7","5"
"202307","2301. 현대고등학교 건너편","19","23"
"202307","2302. 교보타워 버스정류장(신논현역 3번출구 후면)","1","3"
"202307","2303. 논현역 10번출구","0","5"
"202307","2305. MCM 본사 직영점 앞","1","2"
"202307","2306. 압구정역 2번 출구 옆","17","16"
"202307","2307. 압구정 한양 3차 아파트","6","7"
"202307","2308. 압구정파출소 앞","7","3"
"202307","2309. 청담역(우리들병원 앞)","1","0"
"202307","231. 남부고용노동지청 남측","1","0"
"202307","2310. 청담동 맥도날드 옆(위치)","1","0"
"202307","2311. 학동로 래미안 아파트 앞","4","0"
"202307","2312. 청담역 13번 출구 앞","2","1"
"202307","2313. 금원빌딩 앞","1","4"
"202307","2314. 청담나들목입구","4","9"
"202307","2315. 봉은사역 5번출구 옆","11","8"
"202307","2317. 삼성도로공원","5","7"
"202307","2318. 삼성중앙역4번출구(문화센터더 리빌)","4","1"
"202307","2319. 포스코사거리 서측(수협 삼성동 지점)","5","0"
"202307","2320. 도곡역 대치지구대 방향","0","1"
"202307","2324. 천주교 대치 2동 교회 옆","0","1"
"202307","2326. 대치동 삼성로","0","1"
"202307","2327. 뱅뱅사거리 랜드마크타워 앞","4","1"
"202307","2328. 르네상스 호텔 사거리 역삼지하보도 7번출구 앞","1","1"
"202307","2329. 르네상스호텔사거리 역삼지하보도 2번출구","3","2"
"202307","2332. 선릉역3번출구","4","5"
"202307","2333. 양재역 3번출구 주변","1","0"
"202307","2335. 3호선 매봉역 3번출구앞","0","1"
"202307","2340. 삼호물산버스정류장(23370) 옆","0","1"
"202307","2342. 대청역 1번출구  뒤","6","0"
"202307","2344. 리엔파크 2단지 앞","2","2"
"202307","2347. 두산건설 본사","2","0"
"202307","2348. 포스코사거리(기업은행)","4","1"
"202307","2349. 역삼빌딩 앞(하나은행 옆)","4","1"
"202307","235. 신길동 우리은행 옆","2","0"
"202307","2353. 강남구청역 2번출구 뒤","1","4"
"202307","2354. 청담역 2번출구","0","1"
"202307","2356. 강남구청","3","4"
"202307","2357. 르네상스호텔사거리 역삼지하보도 3번출구 앞 (더 오번 빌딩 명동칼국수 앞)","2","1"
"202307","2359. 국립국악중,고교 정문 맞은편","1","0"
"202307","236. 문래동자이아파트 앞","2","3"
"202307","2362. 신사동 가로수길 입구","14","15"
"202307","2363. 강남 을지병원 교차로","3","2"
"202307","2364. 도산공원교차로","2","1"
"202307","2365. K+ 타워 앞","3","5"
"202307","2369. KT선릉타워","3","8"
"202307","237. 보라매 두산위브 건너편","2","0"
"202307","2372. 대치역 사거리","1","0"
"202307","2373. 개포동역 사거리","1","1"
"202307","2377. 수서역 5번출구","0","1"
"202307","2380. 삼성동베이직하우스앞","1","0"
"202307","2381. 언주역 6번출구앞","0","1"
"202307","2382. 역삼동 sk뷰 501동앞","2","2"
"202307","2385. 학동역","0","1"
"202307","2386. 크린랩 본사","1","1"
"202307","2387. 래미안강남힐즈 사거리","0","1"
"202307","2390. 구룡마을 입구 (래미안블레스티지 아파트)","2","0"
"202307","2394. 개포래미안포레스트아파트 107동 앞","1","1"
"202307","240. 문래역 4번출구 앞","2","4"
"202307","2404. 대모산입구역 4번 출구 앞","1","5"
"202307","2405. 청담공원앞 교차로","1","3"
"202307","2406. 논현동 광명빌딩 앞","1","0"
"202307","2407. 역삼서초삼성 세무서 앞 (역삼빌딩 앞)","4","12"
"202307","2410. 포스코피앤에스타워 (역삼역 3번출구 부근)","6","4"
"202307","2412. 일원1동 주민센터","4","15"
"202307","2413.도곡역 1번 출구","2","1"
"202307","2418.봉은사역 7번 출구 ","7","12"
"202307","2419.봉은사역 1,2번 출구 ","7","16"
"202307","2421. 신논현역 4번출구","3","2"
"202307","2423.영희초교 사거리(래미안개포루체하임)","5","1"
"202307","2425.세곡동 사거리(대왕초등학교 정류장)","0","1"
"202307","2429.압구정로데오역 6번출구","7","22"
"202307","243. 이앤씨드림타워 앞","2","1"
"202307","2430.강남파이낸스센터앞(역삼역2번출구)","2","2"
"202307","247. 당산역 10번출구 앞","5","6"
"202307","248. 초원아파트 앞","17","24"
"202307","249. 여의도중학교 옆","81","60"
"202307","2503. 반포1동 서초빌딩 앞","2","0"
"202307","2504. 신사역 4번출구 뒤","7","4"
"202307","2505. 우성아파트사거리 (기업은행앞)","4","0"
"202307","2509. 심산기념문화센터","3","1"
"202307","251. 서울지방병무청 버스정류장","2","0"
"202307","2511. 이수역 6번출구 앞","0","1"
"202307","2515.서초초등학교 후문","1","3"
"202307","2520.서초1교 (진흥아파트 방면)","5","2"
"202307","2521.서초 크로바타워 앞","1","2"
"202307","2523.뉴코아 킴스클럽 앞","7","1"
"202307","2524.반포쇼핑타운 8동 앞","2","6"
"202307","2525.반포쇼핑타운 2동 앞","42","70"
"202307","2526.반포경남쇼핑 앞","1","1"
"202307","2527.반포중학교 앞(세화여고 맞은편)","7","14"
"202307","2530.삼호3차아파트 앞","1","1"
"202307","2531.멤피스아파트 앞","0","1"
"202307","2535.신반포역 3번출구 뒤","3","2"
"202307","2538.사평리근린공원","8","12"
"202307","2540.반포천 앞","1","0"
"202307","2542.신논현타워 앞","5","2"
"202307","2545.국립중앙도서관(국제회의장옆)","1","1"
"202307","2547. 반포래미안 리오센트","2","0"
"202307","2548.반포1동 자율방범초소 옆","2","0"
"202307","259. 대방역6번출구","3","3"
"202307","260. 여의도 마리나선착장 앞","7","8"
"202307","2601. 석촌호수 아뜰리에","4","3"
"202307","2605. 복정역 1번 출구 앞","0","1"
"202307","2608. 송파구청","28","14"
"202307","2613. 잠실나들목","6","6"
"202307","2618. 삼전역 1번출구","0","2"
"202307","2619. 석촌고분역 4번출구","0","2"
"202307","262. 영문초등학교 사거리","2","1"
"202307","2620. 송파나루역 4번 출구옆","4","3"
"202307","2621. 한성백제역 2번 출구","6","5"
"202307","2622. 올림픽공원역 3번출구","22","27"
"202307","2623.석촌동 주민센터","2","1"
"202307","2628.문정역 1번출구","0","2"
"202307","263. 근로자회관 사거리","0","2"
"202307","2632.석촌고분역 2번 출구","3","2"
"202307","2633.송파학사 옆","1","2"
"202307","2635.잠실새내역 1번출구","1","0"
"202307","2637. 아시아지하보도 14번 출구","3","2"
"202307","2639.석촌역 8번출구","5","1"
"202307","2641.송파역 4번출구","1","0"
"202307","2643.풍납중학교 측면","0","2"
"202307","2644. 성내5교","0","1"
"202307","2645.잠실나들목2(엘스아파트136동)","10","1"
"202307","2646.레이크펠리스101동앞","0","3"
"202307","2647.잠실 자전거 수리센터 앞","22","13"
"202307","2653.올림픽공원사거리(선수촌아파트)","0","1"
"202307","2654.올림픽선수촌아파트 136동 앞","1","0"
"202307","267. 삼성화재 사옥 옆","10","11"
"202307","268. 그랜드컨벤션센터 앞","1","3"
"202307","270. 증권거래소후문교차로","3","1"
"202307","2701. 마곡나루역 5번출구 뒤편","1","0"
"202307","2704.홈플러스(강서점)","1","0"
"202307","2708.강서한강자이타워 앞","3","3"
"202307","2709.강변아파트 310동 앞","5","4"
"202307","271. 샛강생태공원방문자센터 앞","1","2"
"202307","2710.라이품 공영주차장 앞","0","2"
"202307","2711.가로공원공영주차장 1번 출구","0","1"
"202307","2715.마곡나루역 2번 출구 ","13","12"
"202307","2717.LG유플러스 마곡사옥","2","3"
"202307","2719.마곡문화공원","4","1"
"202307","272. 당산육갑문","25","32"
"202307","2720.힐스테이트에코","2","1"
"202307","2721.등촌1-10단지 교차로","1","0"
"202307","2723.마곡 필네이처","1","1"
"202307","2724.(재)FITI시험연구원","2","0"
"202307","2725.서울식물원 식물문화센터","3","0"
"202307","2728.마곡나루역 3번 출구","8","10"
"202307","2733.마곡13단지 정문 앞","2","2"
"202307","2739.수명산파크1단지교차로","2","0"
"202307","2744.강서세무서 앞","0","1"
"202307","276. 영등포로터리2","1","7"
"202307","278. 쌍용플레티넘오피스텔","2","1"
"202307","279. 영등포 푸르지오 아파트 B","1","0"
"202307","280. 양평동6차현대아파트 앞","1","2"
"202307","282. 신한은행 대림동지점","1","0"
"202307","2821.청구아파트 앞","1","1"
"202307","2822.제니스스포츠 앞","1","0"
"202307","2824.미래사랑어린이공원 앞","1","1"
"202307","284. 센트럴 푸르지오 시티 앞","3","3"
"202307","287. 영등포전화국사거리 (서강어린이공원)","2","1"
"202307","2909. 석계역 3번 출구","1","0"
"202307","291. 문래동 하이테크 시티","3","2"
"202307","2913.상계8동 주민센터","0","3"
"202307","2915.서울과학기술대학교(어학교육원)","5","13"
"202307","2917.신창중학교 후문 맞은편 버스정류장","0","1"
"202307","2919.등나무 근린공원(시립북서울미술관 앞) ","2","4"
"202307","2921.중계역 2번출구","2","0"
"202307","293. 충북 미래관","4","2"
"202307","298.KBS 연구동 건너편","2","0"
"202307","299.여의도 순복음교회","16","13"
"202307","300. 정동사거리","1","3"
"202307","3002.벽산상암스마트큐브 ","3","2"
"202307","3006. 상암월드컵파크5단지(상암중학교)","1","1"
"202307","3009. 홍대입구역 사거리","13","12"
"202307","301. 경복궁역 7번출구 앞","1","1"
"202307","3010.홍대입구역 3번출구","36","29"
"202307","3013.서울지방고용노동청 앞","6","2"
"202307","302. 경복궁역 4번출구 뒤","52","39"
"202307","303. 광화문역 1번출구 앞","9","11"
"202307","305. 종로구청 옆","9","2"
"202307","307. 서울역사박물관 앞","4","7"
"202307","308. 광화문 S타워 앞","7","4"
"202307","309. 광화문역 6번출구 옆 B","4","0"
"202307","310. 청계광장 옆","15","12"
"202307","3100. 북성초교","5","3"
"202307","3102. 연희삼거리","13","5"
"202307","3104. e편한세상 신촌4단지 앞","0","1"
"202307","3110.홍은 현대아이파크 아파트 202동 앞","3","3"
"202307","3113. 독립문 앞","1","2"
"202307","3114.충정로역 3번 출구","1","1"
"202307","3115.북아현 치안센터 인근","2","0"
"202307","3116.신촌역 4번출구","5","13"
"202307","3117.이화여대 인문관 인근","0","3"
"202307","3119.연희 브라운스톤 아파트 앞","5","3"
"202307","3120.DMC엘가아파트 앞","2","2"
"202307","3125.연희파크푸르지오아파트 앞","1","2"
"202307","3128.동신병원 맞은편","0","1"
"202307","3132.홍제교","3","0"
"202307","3134.SK리쳄블(상수도사업본부)","1","2"
"202307","314. 국립현대미술관","28","9"
"202307","316. 종각역 1번출구 앞","8","5"
"202307","318. 광교사거리 남측","0","4"
"202307","320. 을지로입구역 4번출구 앞","6","12"
"202307","3202.당산롯데캐슬프레스티지","1","0"
"202307","3205.문래현대2차","0","1"
"202307","3206.문래동 주민센터","0","1"
"202307","3207.양남사거리1","1","6"
"202307","321. KEB 하나금융그룹 명동사옥 옆","26","23"
"202307","3211.신길 래미안 프레비뉴","1","0"
"202307","3219.영등포역 1번출구","0","2"
"202307","322. 명동성당 앞","11","13"
"202307","324. 신세계백화점 본점 앞","16","12"
"202307","326. 안국역 5번출구 앞","24","18"
"202307","327. 낙원상가 옆","28","13"
"202307","328. 탑골공원 앞","7","4"
"202307","329. 청계2가 사거리 옆","10","7"
"202307","3307.봉천고개 육교","0","1"
"202307","331. 을지로2가 사거리 북측","5","8"
"202307","3311.서울대입구역 4번 출구","0","1"
"202307","332. 을지로2가 사거리 남측","8","5"
"202307","334. 종로3가역 2번출구 뒤","11","8"
"202307","335. 종로3가역 15번출구 앞","10","16"
"202307","336. 충무로역 6번출구 앞","13","26"
"202307","337. 창경궁 입구","14","9"
"202307","338. 세운스퀘어 앞","5","11"
"202307","339. 종로4가 사거리","14","15"
"202307","340. 혜화동 로터리","4","0"
"202307","3402.이화공영주차장","2","4"
"202307","3405.파크팰리스","1","0"
"202307","3407.안국동사거리(신)","39","41"
"202307","3408.종로타워빌딩","8","7"
"202307","341. 혜화역 3번출구 뒤","9","5"
"202307","3410.종로3가역 8번출구","23","23"
"202307","3411.종묘","5","1"
"202307","3412.세운상가","4","6"
"202307","3413.종로플레이스","4","4"
"202307","3414.종로5가역 4번출구","24","35"
"202307","3415.동대문역6번출구","27","21"
"202307","3416.동묘앞역 6번출구","6","8"
"202307","3417.창신3동주민센터","1","1"
"202307","3419.국립어린이과학관","5","10"
"202307","342. 대학로 마로니에공원","13","9"
"202307","3420. 성균관대입구 사거리 B","8","12"
"202307","3421.혜화역 1번출구","10","3"
"202307","3422.성균관대 정문","11","59"
"202307","3423.현대그룹(본사)","4","1"
"202307","3425.광화문 풍림스페이스본 1단지앞","6","5"
"202307","3427.인왕산 아이파크 정문","0","1"
"202307","343. 힐스테이트창경궁 아파트 앞","2","4"
"202307","3432.종로2가 사거리","12","5"
"202307","344. 성균관대 E하우스 앞","1","0"
"202307","345. 서울보증보험본사 앞","4","9"
"202307","347. 동대문역사문화공원역 9번출구 앞","14","6"
"202307","349. 어린이도서관","6","3"
"202307","3500. 군자역2번출구","3","2"
"202307","3501. 광진구청 앞","2","0"
"202307","3504. 원일교회","6","3"
"202307","3505. 신양초교앞 교차로","4","2"
"202307","3506. 영동대교 북단","5","5"
"202307","3507. 어린이회관","1","1"
"202307","3511. 응봉역 1번출구","9","14"
"202307","3513. 상왕십리역 1번출구","1","2"
"202307","3514. 왕십리교회옆","1","2"
"202307","3515. 서울숲 관리사무소","77","66"
"202307","3517. 용마사거리","4","0"
"202307","3518. 군자역 7번출구뒤","0","3"
"202307","352. 중앙고입구 삼거리","4","6"
"202307","3524. 세종대학교","2","0"
"202307","3525. 금호스포츠센터앞","0","3"
"202307","353. 재동초교 앞 삼거리","22","24"
"202307","3533. 건대입구역 사거리(롯데백화점)","17","27"
"202307","3534. 건대입구역 5번출구 뒤","4","14"
"202307","3536. 중앙농협(자양동)","0","1"
"202307","354. 포르투갈 대사관 앞","1","6"
"202307","3541. 커먼그라운드","8","9"
"202307","3544.한양대역 3번 출구","7","3"
"202307","3545.한양대역 1번출구","6","4"
"202307","3547.상왕십리역 6번 출입구","1","1"
"202307","3548.뚝섬역 6번출구","3","15"
"202307","355. 서울사대부설초등학교 앞","3","3"
"202307","3550.금호나들목","3","2"
"202307","3552.서울숲 공영주차장앞","38","37"
"202307","3559.성동구민종합체육센터 앞","11","26"
"202307","356. KT혜화지사 앞","1","1"
"202307","3560.성동구 견인차량 보관소 앞","1","2"
"202307","3561.행당동 삼부APT후문","1","0"
"202307","3566.우성4차아파트","3","1"
"202307","3569.건대병원후문","5","8"
"202307","3571.화양 APT(횡단보도 옆)","1","1"
"202307","3573.광나루안전체험관","1","0"
"202307","3575. 자양사거리(서원빌딩)","2","4"
"202307","3579.광진 캠퍼스시티","1","2"
"202307","358. 성균관대입구 사거리 A","26","14"
"202307","3581.광진광장","4","2"
"202307","3582.화양동 우체국","2","2"
"202307","3586.군자역 비채온 오피스텔","0","4"
"202307","359. 원남동사거리","100","70"
"202307","3600.사근빗물펌프장 건너편","10","7"
"202307","3604. 삼성중앙역 5번출구","3","0"
"202307","3606. 신사동주민센터 옆","7","9"
"202307","361. 동묘앞역 1번출구 뒤","14","11"
"202307","3610. 윗반마을 입구","1","2"
"202307","3612. 은곡마을","1","0"
"202307","3616. 역삼중학교 앞(체육관 방향)","0","1"
"202307","362. 청계8가사거리 A","19","18"
"202307","3623. 일원에코파크 앞(개포로 방면)","1","0"
"202307","3627. 압구정나들목","15","36"
"202307","3628. 역삼1동 주민센터","4","2"
"202307","3629. 청담사거리(신한오피스텔빌딩 앞)","2","0"
"202307","363. 신설동역 11번출구 뒤","1","1"
"202307","3637. 세곡데이케어센터","2","2"
"202307","3638. 신청담나들목","4","6"
"202307","3640. 일원1동주민센터앞 사거리","1","0"
"202307","3647. 구룡역 1번 출구","1","1"
"202307","3649. 구룡역 5번 출구","1","1"
"202307","3656. 둔촌푸르지오아파트","1","1"
"202307","3658. 프라이어팰리스아파트","1","0"
"202307","3659. 명일초등학교 옆","0","1"
"202307","367. 독립문역 3-1번출구 ","0","1"
"202307","368. SK 서린빌딩 앞","11","5"
"202307","3680. 강동역3번출구","2","0"
"202307","3681. 길동 마루빌딩","1","0"
"202307","3683. KT&G강동지사","3","7"
"202307","3684. 고덕자이(105동 앞)","2","2"
"202307","369. 광화문 시민열린마당","18","19"
"202307","3690. 강일역 4번출구","1","1"
"202307","3698. 명일역 3번출구 옆","0","1"
"202307","370. 시청역(2호선) 9번출구 뒤","26","16"
"202307","3700. 강변그대가리버뷰 입구 맞은편","2","3"
"202307","371. 동대입구역 6번출구 뒤","2","9"
"202307","372. 약수역 3번출구 뒤","0","1"
"202307","374. 청구역 2번출구 앞","2","0"
"202307","3754. 신방화역 8번출구","6","6"
"202307","3760. 발산역 8번 출구","1","1"
"202307","3761. 나이아가라관광호텔","1","0"
"202307","3762. 마곡9단지 907동앞","1","1"
"202307","3767. 대원빌딩","0","1"
"202307","3769. 증미역 2번출구","0","1"
"202307","3774. 마곡9단지 910동 상가앞","1","0"
"202307","3775. 가양오토갤러리","2","9"
"202307","3778. 김포공항입구 교차로","2","2"
"202307","3780. 등촌서광아파트","1","2"
"202307","3782. 겸재정선미술관","3","1"
"202307","3783. 마곡금호어울림아파트","0","1"
"202307","3784. 벽산아파트","3","5"
"202307","3787. 가양나들목","7","7"
"202307","379. 서울역9번출구","6","3"
"202307","3793. 더리브골드타워","1","1"
"202307","3794. 안양천합수부(현대3차아파트)","2","2"
"202307","380. CJ제일제당 앞","11","15"
"202307","381. 장충체육관","2","0"
"202307","3811.신사로입구","1","0"
"202307","3813. 낙성대역 5번출구","0","1"
"202307","3818. 은천교회 앞","1","0"
"202307","382. 약수역 10번출구 앞","4","0"
"202307","3822.신림4,5동교","1","0"
"202307","383. 신당역 12번 출구 뒤","12","13"
"202307","384. 종로학원본원 ","0","1"
"202307","385. 종각역 5번출구","8","8"
"202307","3865. 이튼타워리버 2차","4","2"
"202307","387. 훈련원공원주차장 앞","34","30"
"202307","3873. 동서울우편집중국 앞","2","0"
"202307","388. 동성중학교 앞","1","4"
"202307","3881. 신자초교입구 교차로","12","6"
"202307","389. 을지로4가역 1번출구","10","7"
"202307","3890. 웰츠타워 오피스텔","4","7"
"202307","3891. 군자역4번출구","1","2"
"202307","390. 충무로역 1번출구","7","13"
"202307","3904. 테크노마트 앞","0","2"
"202307","3905. 희훈타워빌 앞","1","0"
"202307","391. 시립미술관","9","2"
"202307","3914. 신도림쌍용플래티넘노블아파트 앞","1","0"
"202307","3918. 이좋은집오피스텔 앞","1","1"
"202307","3919. 구로역·NC신구로점 버스정류장(구로역 방면)","1","0"
"202307","393. 동대문역 8번 출구","29","27"
"202307","394. 경희궁 자이 3단지","0","2"
"202307","395. 경희궁 자이 2단지","1","2"
"202307","3967. 혜명양로원 담장 옆(2)","0","1"
"202307","397. 종묘공영주차장 건너편","5","12"
"202307","3975.현대시티아울렛 가산","1","1"
"202307","398. 을지로3가역 3번출구","17","13"
"202307","3984. 가산롯데아이티캐슬","0","1"
"202307","3985. 디폴리스 지식산업센터","1","0"
"202307","3987. LG전자가산A와 가산테라타워 사이","0","2"
"202307","4007. 노원 을지대학교 병원","2","0"
"202307","401. 상암월드컵파크 10단지 앞","0","1"
"202307","4025. 한천교 동편","1","0"
"202307","4029. 청소년수련관 후문","0","1"
"202307","4041. 공릉역3번출구","2","0"
"202307","405. DMC빌 앞","3","6"
"202307","406. 상암월드컵파크 7단지 앞","1","1"
"202307","4062. 평화도봉공원 주변","1","0"
"202307","4064. 신창아파트 입구 앞","1","0"
"202307","4065. 창동역 1번출구 앞","2","3"
"202307","4077. 도봉제1교","6","4"
"202307","408. LG CNS앞","2","0"
"202307","409. 누리꿈스퀘어 옆","0","1"
"202307","4090. 녹천교 앞 사거리","3","2"
"202307","4091. 방학역2번출구","1","1"
"202307","4102. 휘경1동주민센터 앞","0","2"
"202307","4104. 외대앞역 교차로","3","3"
"202307","4105. 서울교통공사사거리 교통섬","4","7"
"202307","4108. 답십리파크자이아파트 앞","1","0"
"202307","411. DMC홍보관","1","2"
"202307","4113. 한국국방연구원 앞","1","0"
"202307","4114. 휘경여중고삼거리","1","0"
"202307","4122. 청계9가교차로 앞","4","3"
"202307","4125. 회기역 2-①번출구","2","2"
"202307","4128.  종암초등학교 뒤(새울센스빌)","2","2"
"202307","414. 상암동주민센터 옆","1","0"
"202307","4167. 구로교 아래","0","1"
"202307","417. DMC역 2번출구 옆","0","3"
"202307","4173. 중대후문 마을버스정류장","2","1"
"202307","4175. 대방역2번출구","1","1"
"202307","4178. 이수성결교회 옆","0","1"
"202307","418. 월드컵경기장역 3번출구 옆","5","3"
"202307","4180. 흑석동주민센터 입구","1","0"
"202307","4181. 보라매공원역 2번출구","1","1"
"202307","419. 홈플러스 마포점 앞","9","13"
"202307","420. 서울시 공공자전거 상암센터","5","3"
"202307","4202. 프런트원(공덕역4번출구 앞)","0","2"
"202307","4206. 광흥창역5번출구","5","5"
"202307","4207. 아만티호텔 앞","11","7"
"202307","4208. 스타벅스(동교동) 앞","12","9"
"202307","4211. 시석빌딩 앞","5","4"
"202307","4212. 한화오벨리스크 앞","0","2"
"202307","4213. 마포구중앙도서관 정문 앞","3","5"
"202307","4214. JTBC 앞","3","4"
"202307","4216. 망원정 앞","10","5"
"202307","4217. 한강공원 망원나들목","91","74"
"202307","4218. 디지털매직스페이스","3","0"
"202307","422. 문화비축기지","4","5"
"202307","4220. 신촌 청년주택","11","4"
"202307","4222. 서울디자인고등학교 앞","2","1"
"202307","4233. 코오롱아파트사거리","8","7"
"202307","4244. 당인리발전소 공원 앞","5","4"
"202307","4246. 상수역새마을금고","2","3"
"202307","4248. 신촌 교보빌딩","0","2"
"202307","4251. 공덕역 경의선숲길 커뮤니티센터","4","3"
"202307","4262. 서대문자연사박물관 입구","1","0"
"202307","4267. 서대문역 2번 출구","8","6"
"202307","4269. 연희IC 남측","6","1"
"202307","427. 성산시영아파트","1","1"
"202307","4271. 충정로역 1번 출구","0","3"
"202307","4272. 홍남교 사거리","1","1"
"202307","4273. 홍연2교 사거리","4","2"
"202307","4274. 신촌 파랑고래 입구","14","16"
"202307","4275.농협생명본사빌딩 서관","2","1"
"202307","428. 명보사거리","11","7"
"202307","430. 장충동먹자골목 앞","3","4"
"202307","4304. 서울고앞","0","1"
"202307","4305. 서일스포츠센터","3","0"
"202307","4306. 서래공원 앞","5","4"
"202307","4307. 고투몰 gate 15옆","2","2"
"202307","431. 청계천 영도교","15","11"
"202307","4313. 반포종합운동장","2","2"
"202307","4316. 고속터미널역 3번출구","4","2"
"202307","4317. 양재근린공원","2","0"
"202307","4318. 방배역 2번 출구","2","0"
"202307","4320. 신영체르니 아파트","3","2"
"202307","4324. 세화고등학교","3","2"
"202307","4329. SC제일은행 양재동지점 앞","2","0"
"202307","433. 을지로입구역 2번출구","9","19"
"202307","4332. 이수교차로","9","18"
"202307","4341. 영동1교 북단","1","0"
"202307","435. SK 남산빌딩","5","9"
"202307","4353. 코오롱디지털타워 3차앞","3","2"
"202307","436. 이대역 5번출구","2","5"
"202307","4362. 행당중학교 후문","9","8"
"202307","437. 대흥역 1번출구","0","1"
"202307","4370. 성동교 사거리","6","8"
"202307","4373. 서울숲 지식산업센터","2","4"
"202307","4377. 우영테크노센터 앞","7","3"
"202307","438. 성산2-1 공영주차장","3","4"
"202307","4381. 더스페이스타워 앞","1","7"
"202307","4386. 현대자동차 동부서비스센터 주변","2","1"
"202307","4387. 성수역 1번출구 주변","1","1"
"202307","4388. 하우스디세종타워 앞","2","1"
"202307","4389. 서울숲역3번출구","13","6"
"202307","440. 하늘공원 입구","6","9"
"202307","4408. 돌곶이역 앞","1","1"
"202307","441.염천교사거리","1","2"
"202307","4414. 안암역 3번 출구","2","3"
"202307","4418. 종암동 동덕여대 제2생활관 앞","0","1"
"202307","443.호암아트홀","2","1"
"202307","445.대한상공회의소","22","16"
"202307","4452. 삼성SDS","7","7"
"202307","4453. 위례중앙푸르지오 201동 앞","2","1"
"202307","4457. 아산병원 기숙사 부근","0","1"
"202307","446. 상명대입구","0","3"
"202307","4464. 올림픽공원 북2문 A","10","8"
"202307","4481. 올림픽공원 북2문 B","1","5"
"202307","4483. 잠실나들목4","5","16"
"202307","4484. 잠실나루역4번출구뒤","2","3"
"202307","4485. 잠실나루역 고가하부","2","1"
"202307","4486. 홈플러스 잠실점","3","3"
"202307","4497. 아시아선수촌아파트 교차로","2","1"
"202307","450. 효자동 삼거리","11","3"
"202307","4508. 유원목동아파트 103동 앞","1","0"
"202307","451. 청와대앞길","12","0"
"202307","4515. 동문굿모닝탑","1","0"
"202307","452. 동대문 종합시장 버스정류장","5","5"
"202307","4526. 목동아파트2단지 222동 앞","4","4"
"202307","4528. 양천구청역 1번출구","2","0"
"202307","453. 종로오가 지하쇼핑센터 14번출구","13","15"
"202307","4531. 목동아파트 613동 앞","0","2"
"202307","454. 종로2가 버스정류장 (종각방향)","3","2"
"202307","455. 종로6가역 버스정류장(동대문 방향)","10","10"
"202307","4553. 당산삼성2차아파트","0","1"
"202307","4559. 신길역 2번출구","6","9"
"202307","456. 숭인2동 주민센터 입구","6","16"
"202307","4561. 양평역 1번출구","2","3"
"202307","4564. 63스퀘어","27","26"
"202307","4565. 영등포 신세계백화점","9","8"
"202307","4569. 힐스테이트클래시안아파트","0","2"
"202307","457. 종로꽃시장 입구 옆","13","2"
"202307","4573. 두산위브아파트","2","0"
"202307","4574. 영등포시장역 포레나영등포","1","2"
"202307","4578.보라매sk뷰","1","0"
"202307","458. 광화문역 5번출구","21","31"
"202307","4580. 국회제2의원회관","0","1"
"202307","4582. 국회도서관","1","0"
"202307","4583. 의정관","3","0"
"202307","4585. 국회6문","5","0"
"202307","4588.양남사거리2","0","1"
"202307","4589. KRX한국거래소(1)","0","1"
"202307","4591. 신길자이아파트","0","1"
"202307","4592. 신길우성4차아파트","1","0"
"202307","4594. 양평교 영등포대여소","0","2"
"202307","4598. 오목교 동측 지하보도","1","0"
"202307","4600. 영등포구 총괄 우체국","1","1"
"202307","4603. 한강GS에클라트 건너편 교통섬","0","5"
"202307","4604. 원효로다목적체육관 앞","6","1"
"202307","4605. 노들섬 다목적홀(동쪽) 숲, 앞","6","10"
"202307","4607. 국립중앙박물관 -용산가족공원 앞","4","9"
"202307","4608. 국립중앙박물관 정문 앞","1","1"
"202307","4609. 파크타워 104동 앞","10","1"
"202307","4610. 한남나인원 105동 앞","2","1"
"202307","4611. 국제루터교회 앞","0","5"
"202307","4612. 한남 준 J.FSS 앞","4","1"
"202307","4613. 서울갤러리아 앞","2","1"
"202307","4615. 크라운호텔앞 버스정류소","7","14"
"202307","4616. 신용산지하차도 앞","0","6"
"202307","4617. 동원베네스트 건너편","0","1"
"202307","4618. 풍전아파트 건너편","1","0"
"202307","4619. 한강트럼프월드3차 앞","7","9"
"202307","4620. 삼각지역 14번 출구 앞(교통섬)","11","9"
"202307","4621. 남산도서관 앞","9","2"
"202307","4622. 한강중학교 앞 버스정류장","6","2"
"202307","4623. 라인프랜즈이태원점 앞","2","6"
"202307","4625. 용산공원갤러리앞","0","1"
"202307","4627. 효창공원앞역 5번출구 옆","1","0"
"202307","4629. 한강초교보도육교 앞","13","15"
"202307","4633. 센트럴파크타워 앞","3","10"
"202307","4634. 이태원역 3번 출구","18","16"
"202307","4636. 용산구꿈나무종합타운 앞","3","4"
"202307","4637. 용산시티파크 101동 앞","3","5"
"202307","4638. 청파동삼거리 앞","2","2"
"202307","4639. 동빙고근린공원","5","13"
"202307","464. 삼청동 골목","8","5"
"202307","4640. 원효로2가 교차로","1","1"
"202307","4641. 아메리칸센터","3","2"
"202307","4643. 한가람아파트 앞","1","7"
"202307","466.롯데호텔","5","8"
"202307","467.한국은행","6","7"
"202307","4674. 녹번역e편한세상 캐슬 정문 앞","1","1"
"202307","468.웨스틴 조선호텔","9","10"
"202307","469.회현역 1번출구","6","2"
"202307","470.회현역 7번출구","8","5"
"202307","4705. 웰니스센터(민방위교육장 앞)","17","12"
"202307","4707. 청계3가 사거리","18","12"
"202307","4708. 조계사앞사거리","5","1"
"202307","4709. 천지인 오피스텔 앞","2","0"
"202307","471.회현사거리 남측","10","23"
"202307","4710. 자교교회 앞","3","5"
"202307","4711. 올림픽기념 국민생활관 로터리","1","2"
"202307","4713. 현대 뜨레비앙 아파트 앞","18","7"
"202307","4715. 돈의문 박물관 마을","2","2"
"202307","4718. 광화문역 6번출구 옆 A","4","10"
"202307","4719. 종로문화원 건너편","8","9"
"202307","472.삼일교(시그니쳐 타워)","3","0"
"202307","473.을지로4가역 9번출구","22","10"
"202307","474.동대문역사문화공원역 1번출구 뒤편","65","52"
"202307","475.DDP 패션몰","39","25"
"202307","4753. 시청역 10번출구","7","4"
"202307","476.광희문","6","4"
"202307","4760. 서울역 7번출구","6","8"
"202307","4761. 중부경찰서앞사거리 건너편","3","2"
"202307","4762. 국제빌딩","3","7"
"202307","4765. 동대문디자인플라자","50","47"
"202307","4766. 서소문성지역사박물관","1","0"
"202307","4768. 서울도시건축전시관","20","10"
"202307","477.앰배서더 호텔 주변","0","3"
"202307","4774. 을지로입구역 8번출구","10","10"
"202307","4775. 을지로지하쇼핑센터","8","13"
"202307","4776. 신세계면세점","8","8"
"202307","4778. 대신파이낸스센터","6","13"
"202307","4784. 중부경찰서앞 사거리","9","8"
"202307","4785. 롯데시티호텔","1","8"
"202307","479.동대입구역 3번 출구","4","1"
"202307","4791. 명동역9번 출구","26","85"
"202307","4792. 퇴계로4가 교차로(중구청)","15","6"
"202307","4793. 동대문역사문화공원역 5번출구","27","32"
"202307","4794. 서울역 서부교차로(3)","7","5"
"202307","4796. 부산은행","8","10"
"202307","4797. KG타워 앞","6","4"
"202307","4798. 황학동롯데캐슬","9","11"
"202307","480.약수역 6번 출구","0","2"
"202307","4800. 필동 삼거리","3","2"
"202307","4801. 충정로역 2호선(엘리베이터 앞)","2","4"
"202307","4803. 상봉2동 주민센터 앞","1","0"
"202307","4804. 동서울농협 앞","1","1"
"202307","481.신당역 10번 출구","8","7"
"202307","4823. 방정환교육지원센터 옆","1","0"
"202307","483.남산타운아파트 버스정류장","0","2"
"202307","4838.동원사거리 행복오피스텔 앞","1","0"
"202307","484.도동삼거리","0","2"
"202307","485.서울역5번출구","10","14"
"202307","4856. 올림픽공원 서1문 앞","2","3"
"202307","4857. 올림픽공원 장미광장","0","3"
"202307","4859. 잠실나루 나들목","2","2"
"202307","4863. 잠실나들목5","5","3"
"202307","4868. 석촌호수 서호 남단","12","15"
"202307","4869. 잠실나들목6","4","2"
"202307","487.신석초교앞 교차로 교통섬","2","4"
"202307","4870. 몽촌토성역 3번 출구","0","7"
"202307","4872. 개롱역 3번 출구 뒤","1","0"
"202307","4888. 둔촌오륜역 2번출구","5","0"
"202307","489.구룡근린공원","2","1"
"202307","4892. 성내유수지 체육공원","2","3"
"202307","4895. 위례포레샤인15단지 상가","0","2"
"202307","4897. 잠실주공5단지1","5","0"
"202307","490.가온문화공원","1","0"
"202307","4901.KT&G타워 옆(상상마당 대치아트홀)","1","6"
"202307","4903. 신사스퀘어","6","7"
"202307","4905. 강남경찰서","7","6"
"202307","4906. 섬유센터 앞","3","4"
"202307","4907. 극동스포츠 앞","5","4"
"202307","4908. SB타워 앞","1","1"
"202307","4909. 노보텔 앰배서더 앞","2","0"
"202307","4911. 도곡동 골프 로데오거리","0","1"
"202307","4913. 레베쌍트 빌딩 앞","14","0"
"202307","4914. 도심공항타워 앞","12","5"
"202307","4916. 청담역 1번출구","3","4"
"202307","4917. 일원에코파크 주차장","2","0"
"202307","4918. 매봉역 1번출구","1","0"
"202307","4925. 청담백영빌딩 앞","3","0"
"202307","493.홍대입구역 6번출구","19","21"
"202307","495.염리초등학교 앞","6","5"
"202307","497.합정동주민센터 앞","6","12"
"202307","498.연남동주민센터 앞","6","2"
"202307","500. 어린이대공원역 3번출구 앞","2","1"
"202307","501. 광진구의회 앞","0","2"
"202307","502. 뚝섬유원지역 1번출구 앞","127","107"
"202307","505. 자양사거리 광진아크로텔 앞","0","1"
"202307","5057. 마곡역4번출구","0","1"
"202307","5064. 양천향교역8번출구","7","1"
"202307","5065. 허준박물관삼거리","2","2"
"202307","5072. 김포공항입구 교통섬","1","0"
"202307","5073. 우장산역 헤링턴타워 앞","0","3"
"202307","5075. 등촌역 1번출구","0","4"
"202307","5076. 메이필드호텔앞","1","2"
"202307","5080. 가양역 1번출구","4","4"
"202307","5082. 가양역 7번출구","1","2"
"202307","5084. 강서우체국","3","4"
"202307","5087. 연세강서빌딩","3","3"
"202307","5088. 등촌역 센터스퀘어","6","0"
"202307","509. 이마트 버스정류소 옆","6","5"
"202307","5095. 원당근린공원","1","0"
"202307","5096. LG사이언스파크 E14동","1","1"
"202307","510. 뚝도아리수정수센터 버스정류소 옆","17","19"
"202307","511. 서울숲역 5번 출구 옆","32","34"
"202307","512. 뚝섬역 1번 출구 옆","10","4"
"202307","513. 뚝섬역 5번 출구 정류소 옆","2","2"
"202307","514. 성수사거리 버스정류장 앞","6","5"
"202307","515. 광양중학교 앞","2","1"
"202307","516. 광진메디칼 앞","2","0"
"202307","518. 청계천 박물관 앞","2","0"
"202307","520. 상왕십리역 4번 출구 앞","1","0"
"202307","521. 왕십리역 11번 출구 앞","3","2"
"202307","523. 옥수동성당 옆","2","1"
"202307","525. 한양대병원사거리","1","4"
"202307","526. 용답토속공원 앞","1","1"
"202307","530. 청계벽산아파트 앞","1","2"
"202307","5306. 동신아파트 후문 옆","2","3"
"202307","5311. 주공601동 상가 노원지하보도 앞","0","1"
"202307","533. 금남시장 교차로","1","0"
"202307","537. 한양대후문역 부근","4","0"
"202307","538. 답십리역 8번출구 앞","3","1"
"202307","540. 군자역 7번출구 베스트샵 앞","1","0"
"202307","542. 강변역 4번출구 뒤","9","12"
"202307","544. 광남중학교","0","1"
"202307","546. 잠실대교북단 교차로","6","3"
"202307","548. 자양나들목","7","20"
"202307","549. 아차산역 3번출구","1","0"
"202307","552. 대림아크로리버 앞","0","1"
"202307","553. 중곡 성원아파트 앞","1","1"
"202307","557. 도선동 주민센터 앞","2","1"
"202307","558. 성동광진 교육지원청 앞","2","2"
"202307","559. 왕십리역 4번 출구 건너편","0","5"
"202307","560. 비전교회 앞","2","1"
"202307","561. 서울숲역 2번출구 앞","6","1"
"202307","562. 군자지하보도 앞","1","0"
"202307","565. 옥수역 3번출구","31","31"
"202307","567. 성수역 2번출구 앞","8","4"
"202307","568. 청계8가 사거리 B","0","2"
"202307","569. 응봉현대아파트 정류소","1","2"
"202307","571. 세종대학교 대양AI센터","3","2"
"202307","574. 아차산역4번출구","4","2"
"202307","5751. 송파여성축구장","1","1"
"202307","5752. 풍납백제문화공원 옆 인근","0","4"
"202307","5753. 호반써밋","1","0"
"202307","5758. 올림픽선수기자촌아파트 123동 근처","0","1"
"202307","5759. 풍납근린공원","1","0"
"202307","576. 광나루역 3번 출구","0","3"
"202307","5760. 풍납사거리 성내유수지","1","0"
"202307","5761. 버섯분수대","1","0"
"202307","5763. 세륜초등학교 건너편","1","0"
"202307","5764. 한국체육대학교","2","0"
"202307","5768.방이삼거리","4","4"
"202307","577. 광진청소년수련관","2","4"
"202307","582. 경일중학교 앞","7","6"
"202307","583. 청계천 생태교실 앞","7","5"
"202307","585. 성수2가1동 공영주차장 인근","13","13"
"202307","5853. 여의도역2번출구 앞","5","1"
"202307","5854. 신한금융투자 앞","10","3"
"202307","5855. 하이투자증권 앞","10","12"
"202307","5857. U레지던스 앞","3","7"
"202307","5858. 영등포역5번출구","16","9"
"202307","5859. 여의도 삼부아파트","29","12"
"202307","5860. 어울림병원 앞","3","0"
"202307","5862. 당산역11번출구","3","5"
"202307","5865.더리브오피스텔 앞","5","6"
"202307","5867. H타워 앞","1","2"
"202307","5868. 로프트시티오피스텔","12","6"
"202307","5869. 영등포아트홀 앞","1","1"
"202307","587. 유니베라 앞","9","6"
"202307","5870. LG트윈타워 앞","40","28"
"202307","588. 뚝섬 유원지역","33","27"
"202307","589. 성수역3번출구","21","22"
"202307","592. 건국대학교 학생회관","0","1"
"202307","593.자양중앙나들목","2","4"
"202307","594. 중랑물재생센터(서울새활용플라자)","0","1"
"202307","602. 장안동 사거리","0","1"
"202307","605. 신설동역8번출구","2","0"
"202307","6053. 중부세무서 앞","2","2"
"202307","609. 제기2교","1","4"
"202307","613. 신설동역 10번출구 앞","20","7"
"202307","615. 용두동 래미안허브리츠아파트 앞","5","6"
"202307","617. 청솔우성아파트 앞","0","1"
"202307","623. 서울시립대 정문 앞 B","2","0"
"202307","626. 군자교 서측 녹지대","1","1"
"202307","627. 장안동삼거리 교통섬","0","1"
"202307","631. 답십리역 1번출구","1","1"
"202307","633. 청량리 기업은행 앞","0","5"
"202307","634. 외국어대 정문 앞","6","5"
"202307","635. 시조사 앞","1","0"
"202307","637. KAIST 경영대학 앞","0","1"
"202307","638. 서울시립대 정보기술관","2","0"
"202307","639. 서울시립대 후문","0","1"
"202307","640. 동대문경찰서 교차로","0","1"
"202307","641. 용두역 4번출구","1","4"
"202307","643. 동대문구민체육센터 (육교아래)","1","0"
"202307","646. 장한평역 1번출구","1","7"
"202307","654. 전농동 텃골공원","1","2"
"202307","659. 제기동역 1번출구","0","4"
"202307","660. 동의보감타워","0","1"
"202307","661. 경희대학교 청운관","3","0"
"202307","663. 외대앞역 3번출구","1","0"
"202307","664. 서울시립대 건설공학관","1","0"
"202307","670.삼육서울병원 버스정류장","4","6"
"202307","671.대광빌딩","2","7"
"202307","672.대광고등학교","1","5"
"202307","673.안암골벽산아파트(후문)","1","0"
"202307","674.고대앞사거리 교통섬","2","6"
"202307","680.꿈마루어린이도서관 앞","2","3"
"202307","702. 목4동주민센터 옆","0","1"
"202307","708. 서울출입국관리사무소 앞","1","0"
"202307","723. SBS방송국","1","0"
"202307","726. 목동3단지 시내버스정류장","1","0"
"202307","731. 서울시 도로환경관리센터","0","1"
"202307","746. 목동2단지 상가","2","1"
"202307","747. 목동3단지 상가","0","1"
"202307","748. 목동운동장","2","4"
"202307","749. 이대목동병원보도육교","0","2"
"202307","755. 목동1단지아파트 상가 앞","0","1"
"202307","762. 오목로 무중력지대 앞","2","0"
"202307","765. 오목교역 3번출구","0","1"
"202307","766. 신목동역 3번출구","0","1"
"202307","768.목동5단지아파트 501동","2","1"
"202307","769.CBS방송국 앞","1","2"
"202307","773.염창역 3, 4번 출구 사이","0","1"
"202307","780.신정교 하부","1","0"
"202307","785.양천구청, 보건소 사잇길","1","1"
"202307","788.양천구청역 2번출구 옆","0","1"
"202307","792.목동트라팰리스 웨스턴에비뉴","1","0"
"202307","793.목동5단지아파트 534동","1","2"
"202307","800. 목월공원 앞","0","1"
"202307","802. 한강진역 2번 출구 앞","4","7"
"202307","803. 한남초교 앞 보도육교","5","6"
"202307","805. 문배어린이공원 앞","1","2"
"202307","806. 전자랜드 본관 앞","5","7"
"202307","807. 서울역 12번 출구 앞","16","14"
"202307","808. 서빙고동 금호맨션 앞","2","2"
"202307","809. 한남 유수지 복개주차장","8","3"
"202307","810. 이태원지하보도","9","8"
"202307","811. 녹사평역1번출구","9","2"
"202307","812. 용산전쟁기념관","7","9"
"202307","813. 삼각지역 3번출구","9","12"
"202307","815. LIG강촌아파트 103동앞","3","5"
"202307","816. 신용산역 6번출구 앞","8","1"
"202307","818. 숙명여대 입구 교차로","3","1"
"202307","819. 선린인터넷 고등학교","1","1"
"202307","820. 청파동입구 교차로","10","17"
"202307","822. 이촌1동 마을공원","3","3"
"202307","823. 효창동주민센터 앞","2","0"
"202307","825. 서빙고동 주민센터 앞","35","59"
"202307","826. 서울역 서부교차로2","12","3"
"202307","828. 숙대입구역 8번","9","6"
"202307","829. 한강대교 북단 교차로","15","13"
"202307","830. 강변삼성스위트아파트 앞","1","5"
"202307","831. 이태원관광특구입구A(녹사평역쪽)","1","1"
"202307","832. 이촌1동 주민센터 뒤","14","8"
"202307","834. 효창공원앞역 3번출구 뒤","5","2"
"202307","835. 남영역 건너편","3","3"
"202307","836. 현대자동차서비스 앞","2","7"
"202307","837. 한남나들목 입구","16","20"
"202307","838. 숙대입구역 4번출구","1","5"
"202307","839. 보광동 삼성리버빌아파트 앞","12","13"
"202307","840. 용산 파크타워 앞","1","0"
"202307","841. 신용산역 1번 출구","7","12"
"202307","843. 이태원관광특구B(용산구청쪽)","3","3"
"202307","844. 이촌2동 동원베네스트 아파트 앞","0","3"
"202307","845. 용산 선인상가","3","0"
"202307","846. 용산중학교","3","3"
"202307","848. 삼각지12번 출구","10","12"
"202307","849. 삼각지 자이아파트","4","6"
"202307","850. KCC용산월츠타워 ","1","0"
"202307","852. 청암자이아파트 앞","5","6"
"202307","853.용산역 맞은편","28","23"
"202307","854.HID 유족동지회 앞","1","3"
"202307","855.이촌역5번출구 앞","1","0"
"202307","857. 현대 안성타워","0","1"
"202307","858.녹사평역3번 출구","2","6"
"202307","860.LG한강 자이아파트 앞","10","3"
"202307","863.이촌역2번 출구","7","2"
"202307","864.순천향대학병원(한남오거리)","8","9"
"202307","866.브라운스톤 남산아파트","1","1"
"202307","867.서빙고역 광장(1번출구)","2","5"
"202307","869.노들섬 동측 앞","0","10"
"202307","870.노들섬 서측 앞","41","25"
"202307","903. 은평뉴타운 아이파크","0","3"
"202307","907. CJ 드림시티","2","5"
"202307","908. 구산역 4번출구","0","1"
"202307","909. 백련산 힐스테이트 3차","1","0"
"202307","911. 은평평화공원(역촌역4번출구)","8","8"
"202307","912. 응암오거리","1","1"
"202307","913. 이마트 버스정류장(서부경찰서 방면)","2","3"
"202307","915. 증산역 4번출구","1","0"
"202307","928. 은평역사한옥박물관","5","4"
"202307","937. 상림마을 롯데캐슬2단지 옆","3","0"
"202307","950. 구산역 2번 출구 예일여고 버스정류장","0","1"
"202307","956. 응암시장교차로","8","0"
"202307","961. 불광역 9번 출구","1","0"
"202307","973.제각말푸르지오 5-1단지 아파트","0","2"
"202307","975.백련산 힐스테이트상가앞","1","0"
"202307","992.북한산입구 정류장","1","0"
"202308","1001. 광진교 남단 사거리(천호공원 방면)","0","1"
"202308","1002. 해공공원(천호동)","1","1"
"202308","1008. 암사역 3번출구(국민은행앞)","0","2"
"202308","1009. 천호역4번출구(현대백화점)","2","1"
"202308","1010. 강동세무서","2","1"
"202308","1017. 둔촌고교입구 교차로(길동주민센터 방면)","0","1"
"202308","1018. 둔촌 주공 GS 맞은편","2","3"
"202308","102. 망원역 1번출구 앞","15","10"
"202308","1021. 강일동 리슈빌 빌딩앞","0","1"
"202308","103. 망원역 2번출구 앞","15","9"
"202308","1031. 올림픽로 836(아리수로)","0","1"
"202308","104. 합정역 1번출구 앞","18","13"
"202308","105. 합정역 5번출구 앞","5","7"
"202308","1050.  둔촌역 3번 출입구","0","2"
"202308","1051. 강일중,선사고 버스정류장(신암중학교 방면)","1","0"
"202308","106. 합정역 7번출구 앞","19","23"
"202308","107. 신한은행 서교동지점","8","4"
"202308","1078.둔촌사거리","1","2"
"202308","108. 서교동 사거리","26","20"
"202308","1081.트레빌빌딩","1","0"
"202308","1084. 윤선생빌딩(JYP사옥)","9","4"
"202308","1088.풍납사거리(강동)","1","0"
"202308","109. 제일빌딩 앞","21","15"
"202308","1101. 상사마을 버스정류장(아라대교방면)","1","1"
"202308","1102. 방화사거리 마을버스 버스정류장","0","1"
"202308","1103. 방화역 4번출구앞","2","5"
"202308","1106. 신방화사거리","2","2"
"202308","1108. 공항시장역 2번출구 뒤","1","1"
"202308","1109. 공항시장역 4번출구","0","1"
"202308","111. 상수역 2번출구 앞","4","11"
"202308","1112. 마곡엠밸리4단지 정문","0","1"
"202308","1117. 등촌5단지아파트 버스정류장","8","1"
"202308","1118. 증미역 3번출구뒤(등촌두산위브센티움오피스텔)","2","1"
"202308","112. 극동방송국 앞","20","23"
"202308","1121. 가양레포츠센터 앞","0","1"
"202308","1122. 황금내근린공원","0","3"
"202308","1125. 명덕고교입구(영종빌딩)","3","2"
"202308","1128. 화곡역 6번출구","2","0"
"202308","1129. 화곡역 1번 출구 앞","1","0"
"202308","113. 홍대입구역 2번출구 앞","29","30"
"202308","114. 홍대입구역 8번출구 앞","30","50"
"202308","1141. 곰달래 문화복지센터 A","1","2"
"202308","1145. 곰달래 문화복지센터 B","4","1"
"202308","1149. 신방화역환승주차장","0","2"
"202308","115. 마스타 빌딩 앞","11","17"
"202308","1150. 송정역 1번출구","4","5"
"202308","1151. 마곡역1번출구","4","3"
"202308","1152. 마곡역교차로","2","3"
"202308","1153. 발산역 1번, 9번 인근 대여소","6","2"
"202308","1155. 기쁜우리복지관","1","3"
"202308","1158. 가양역 8번출구","3","5"
"202308","1160. 양천향교역 7번출구앞","4","3"
"202308","1162. 공항초등학교건너편","2","2"
"202308","1163. 방화동강서기동대앞","1","2"
"202308","1166. 강서구립등빛도서관","4","1"
"202308","1168. 마곡엠밸리10단지 앞","1","1"
"202308","1169. 염창역 1번 출구","0","1"
"202308","117. 홍은사거리","9","1"
"202308","1173. 강서구청사거리(SH타워)","4","2"
"202308","1175. 대한항공 인력개발센터","4","1"
"202308","1178. 개화산역 2번 출구","1","1"
"202308","118. 광흥창역 2번출구 앞","5","1"
"202308","1182. KBS 스포츠월드","2","2"
"202308","1184. 마곡13단지","2","2"
"202308","1185. 등촌9단지","1","2"
"202308","1186. 송정중학교","0","1"
"202308","1187. 강서수산물도매시장","1","0"
"202308","119. 서강나루 공원","17","11"
"202308","1190. 마곡역 교차로(2번출구)","1","0"
"202308","1191. 마곡역 버스정류장(마곡나루역1번출구, 웰튼병원 방면)","5","5"
"202308","1192. 마곡수명산파크 209동 건너편","4","11"
"202308","1193. 마곡센트럴타워 1차","2","1"
"202308","1195. 코오롱One&Only타워","1","1"
"202308","1197. 엠펠리체 호텔 건너편","14","11"
"202308","1198. LG 사이언스파크","1","0"
"202308","1199. 우장산역 3번출구","0","2"
"202308","1201. 가락시장역 3번 출구","2","0"
"202308","1204. 거여역 3번출구","1","1"
"202308","1205. 종합운동장역 4번출구","3","13"
"202308","1206. 9호선종합운동장역 9번출구","6","4"
"202308","1207. 마천중앙시장","3","0"
"202308","1209. 잠실나루역 (2번 출구 쪽)","0","7"
"202308","121. 마포소방서 앞","1","0"
"202308","1210. 롯데월드타워(잠실역2번출구 쪽)","27","25"
"202308","1212. 송파역 2번 출구앞","1","0"
"202308","1215. 올림픽공원역 1번출구 앞","3","3"
"202308","1218. 방이역 4번출구","3","3"
"202308","122. 신성기사식당 앞","7","3"
"202308","1220. 잠실근린공원","2","1"
"202308","1222. 잠실새내역 5번 출구 뒤","6","12"
"202308","1224. 아시아지하보도 2번 출구","0","4"
"202308","1226. 잠실4동 주민센터 옆","3","3"
"202308","123. 문화촌 공원","3","2"
"202308","1231. 잠실역 6번출구","5","7"
"202308","1232. 잠실주공 521동 건너편","2","4"
"202308","1235. 잠실트리지움310동 옆","1","1"
"202308","124. 서강대 정문 건너편","0","1"
"202308","1240. 문정 법조단지4","0","3"
"202308","1241. 문정 법조단지5","3","0"
"202308","1244. 문정 법조단지8","1","3"
"202308","1245. 문정 법조단지9","1","0"
"202308","1247. 문정 법조단지11","1","0"
"202308","1248. 방이초등학교","2","4"
"202308","125. 서강대 남문 옆","3","2"
"202308","1251. 석촌역 2번출구","2","0"
"202308","1262. 송파여성문화회관 앞","1","2"
"202308","1264. 천호역 10번 출구 앞","2","0"
"202308","1266. 문정동 글샘 공원","1","1"
"202308","1268. 몽촌토성역 1번출구 옆","7","5"
"202308","1269. 리센츠아파트 ","1","0"
"202308","1278. 송파구청 교차로","3","3"
"202308","128. 신촌역(2호선) 1번출구 옆","13","5"
"202308","1289. 풍납토성 서성벽터B","1","1"
"202308","129. 신촌역(2호선) 6번출구 옆","3","5"
"202308","1291. 서울체육고등학교 앞","1","0"
"202308","1293. 석촌호수 서호 사거리","1","2"
"202308","1295. 잠실역 8번출구","2","13"
"202308","1296. 석촌호수교차로 (송파나루근린공원 앞)","2","2"
"202308","1297. 석촌호수교차로(동호 팔각정 앞)","5","8"
"202308","130. 신촌역(2호선) 7번출구 앞","12","36"
"202308","1304. 만해공원","1","0"
"202308","1305. 성북구청","1","3"
"202308","1306. 한성대입구역2번출구","4","0"
"202308","1308. 안암로터리 버스정류장 앞","4","12"
"202308","131. 증산2교","0","1"
"202308","1315. 고려사대부속중고 정문","2","2"
"202308","1318. 길음역 3번출구 뒤","0","1"
"202308","1321. 국민은행 종암동지점 앞","10","8"
"202308","1323. 월곡역 입구 육교 밑","0","1"
"202308","1327. 상월곡역 3번출구","0","1"
"202308","1328. 월곡역 3번출구","1","0"
"202308","1332. 석계역 5번출구 건너편","4","1"
"202308","1337. 돈암성당 옆","6","4"
"202308","1338. 용문2교 옆","2","0"
"202308","134. 연세로 명물길","7","8"
"202308","1342. 성북쉼터 앞","0","1"
"202308","1343. 한성대7번출구 앞","2","2"
"202308","135. 명물길 원형무대 앞","4","9"
"202308","1352. e 편한세상 보문아파트 내","1","0"
"202308","1354. 고려대학교 2번출구","5","2"
"202308","1355. 보문2교","4","3"
"202308","1360. 정릉역","2","0"
"202308","1362. 보문역6번출구 앞","1","1"
"202308","1363. 보문4교 인근","1","1"
"202308","1365. 선잠단지 앞","1","0"
"202308","137. 신촌기차역입구 교차로","5","5"
"202308","1370. 복자사랑 피정의 집","2","0"
"202308","1372. KEB은행 고대점","2","2"
"202308","1373. 성북구보건소 건너편","1","2"
"202308","1377. 한국과학기술연구원 북문","1","0"
"202308","138. 신촌동 제1공영주차장 앞","7","3"
"202308","1380.월곡역 5번출구 앞","2","3"
"202308","1381.석계역 4번출구 뒤","2","2"
"202308","1385.성신여대입구역 3번출구 앞","0","2"
"202308","1386.동선고가차도 초입","1","0"
"202308","1388. 돈암초교입구 버스정류장(한성대입구역 방면)","0","1"
"202308","139. 연세대 정문 건너편","1","1"
"202308","1393.돈암육교 하단","0","1"
"202308","140. 이화여대 후문","4","2"
"202308","1401. 극동늘푸른아파트","2","0"
"202308","1405. 망우역 1번출구","0","1"
"202308","141. 연대 대운동장 옆","1","4"
"202308","1414. 사가정역 2번출구","0","1"
"202308","1416. 상봉역 3번출구","1","0"
"202308","142. 아현역 4번출구 앞","3","1"
"202308","1426. 면목도시개발아파트 1동 앞","0","1"
"202308","143. 공덕역 2번출구","2","2"
"202308","1433. 중화역 2번출구","1","0"
"202308","1438. 홈플러스 신내점 앞","0","5"
"202308","144. 공덕역 8번출구","12","15"
"202308","1446. 중랑전화국 교차로","1","1"
"202308","1447. 면목역 3번출구","2","0"
"202308","1448. 코스트코 상봉점","0","2"
"202308","145. 공덕역 5번출구","5","3"
"202308","1451. 중랑세무서","6","4"
"202308","1452. 겸재교 진입부","2","3"
"202308","1454. 한국전력공사(동대문 중랑지사)","0","2"
"202308","1455. 상봉역 2번 출구","1","0"
"202308","1457. 동원사거리","1","0"
"202308","1458. 상봉터미널2","1","0"
"202308","146. 마포역 2번출구 뒤","13","9"
"202308","1463.중랑구민회관","0","1"
"202308","1465.중랑공영차고지 옆","3","0"
"202308","147. 마포역 4번출구 뒤","20","21"
"202308","1474.서울중랑우체국","1","0"
"202308","1479.면목 홈플러스 2 ","1","0"
"202308","148. 용강동 주민센터 앞","0","2"
"202308","150. 서강대역 2번출구 앞","7","10"
"202308","1519. 장미원시장 건너편","2","0"
"202308","1520. 수유중앙시장","1","0"
"202308","153. 성산2교 사거리","0","3"
"202308","1533. 번동 주공3, 4단지 교차로","2","1"
"202308","1535. 효성인텔리안 앞","1","0"
"202308","154. 마포구청역 ","4","5"
"202308","1548. 북서울 꿈의숲 서문","1","1"
"202308","156. 서울서부지방법원 앞","6","5"
"202308","1569.수유역2번출구","1","0"
"202308","157. 애오개역 4번출구 앞","1","2"
"202308","159. 이대역 4번 출구","2","9"
"202308","160. 북아현동 가구거리","3","3"
"202308","1601. 석계역 문화광장 내 자전거 보관소","4","1"
"202308","1606. 태릉입구역 3번출구 ","2","2"
"202308","1608. 공릉역 1번 출구 앞","11","13"
"202308","1611. 과기대 입구(우)","9","20"
"202308","162. 봉원고가차도 밑","1","1"
"202308","1636. 상계주공2단지 버스정류장 옆","1","0"
"202308","1641. 한내근린공원 남측","1","1"
"202308","1643. 태릉입구역 8번출구","1","0"
"202308","1650. 중계근린공원내","0","1"
"202308","1653. 노원역1번출구","3","4"
"202308","1655. 공릉1단지아파트","1","0"
"202308","1674. 서울북부고용센터앞","2","0"
"202308","1684. 태릉입구역 5번출구","2","3"
"202308","1691. 노원정보도서관","2","0"
"202308","1707. 도봉구민회관","1","0"
"202308","1708. 도봉보건소사거리","1","1"
"202308","171. 임광빌딩 앞","2","0"
"202308","1715. 서울특별시교육청도봉도서관","1","0"
"202308","1723. 방학동학마을도서관","0","2"
"202308","173. 서대문역 8번출구 앞","0","1"
"202308","1750. 창포원 남쪽 입구","0","1"
"202308","1757.솔밭공원역 1번출구 앞","1","2"
"202308","1758.솔밭공원역 1번출구 주변","0","1"
"202308","176. 명지대학교 도서관","6","2"
"202308","1761.방학중학교 앞","1","0"
"202308","1762.북한산 한신휴플러스APT앞","0","1"
"202308","177. 북가좌 초등학교","0","1"
"202308","179. 가좌역 4번출구 앞","2","4"
"202308","1804. 독산역 2번출구 자전거주차장","0","1"
"202308","1805. 서울디지털운동장 앞","0","1"
"202308","181. 망원초록길 입구","10","8"
"202308","1812. 갑을그레이트밸리 앞","1","0"
"202308","1819. 금천구청 앞 자전거거치대","2","1"
"202308","182. 망원2빗물펌프장 앞","18","6"
"202308","1826. 한신코아 앞","0","1"
"202308","1827. 독산보도육교 앞 자전거 보관소","4","3"
"202308","1828. 한양수자인아파트 앞","0","2"
"202308","1829. 홈플러스 금천점 앞","1","1"
"202308","183. 하늘채코오롱아파트 건너편","11","2"
"202308","1833. 독산역 1번출구 A","0","2"
"202308","184. 7번가피자 서교망원점","7","2"
"202308","1840. 솔브레인이엔지 뒤편","1","0"
"202308","1848. 벽산 디지털밸리 5차","1","3"
"202308","185. 마포 신수공원 앞","0","5"
"202308","1858. 500번·507번 버스 종점 앞","0","1"
"202308","186. 월드컵공원","6","4"
"202308","1862.스타즈호텔독산 빌딩 앞","11","3"
"202308","1864.산호시티빌 옆","1","0"
"202308","1867.대륭포스트타워6차 앞","1","0"
"202308","1869.롯데캐슬골드파크3차 301동 앞","0","1"
"202308","1904. 도림천역 1번 출구 앞","2","0"
"202308","1906. 신도림역 1번 출구 앞","2","0"
"202308","191. 서우빌딩","2","0"
"202308","1911. 구로디지털단지역 앞","1","4"
"202308","1912. 한신휴아파트 앞","1","0"
"202308","1914. 대림역4번출구","0","2"
"202308","192. 연서어린이공원","1","0"
"202308","1924. 삼부르네상스파크빌","0","1"
"202308","1925. 동양미래대학교 정문 옆","1","1"
"202308","194. 증산교 앞","0","3"
"202308","1943. 온수역 북측","2","3"
"202308","1946. 구로역 광장","2","0"
"202308","195. 모래내고가차도 ","4","2"
"202308","1955. 디지털입구 교차로","0","3"
"202308","1960. 구로거리공원 동측(신도림역 방면)","1","0"
"202308","1961. 신도림테크노근린공원","1","2"
"202308","1964. 원메디타운 앞","3","0"
"202308","1965. 삼환로즈빌아파트 105동 옆","1","0"
"202308","1975. 대림역 1번 출입구 밑","2","0"
"202308","198. 충정2교","1","0"
"202308","1981. 천왕지구삼거리 앞","3","3"
"202308","1983. 구로동롯데아파트","1","0"
"202308","1986. 태평양물산빌딩","1","0"
"202308","199. 서울 월드컵 경기장","10","5"
"202308","1991. 오류동역 맞은편","7","5"
"202308","1992. 구로구배드민턴실내체육관 앞","1","0"
"202308","1996. 구일역 1번 출입구 앞","2","1"
"202308","1998. 고척교 교차로","0","1"
"202308","1999. 수궁동 성당 주변","2","2"
"202308","2002. 노들역 1번출구","7","16"
"202308","2003. 사육신공원앞","8","5"
"202308","2009. 보라매역 8번출구","1","2"
"202308","201. 진미파라곤 앞","7","4"
"202308","2015. 신대방삼거리역 6번출구쪽","2","1"
"202308","202. 국민일보 앞","15","3"
"202308","2020. 장승배기역2번출구뒷편쪽","4","1"
"202308","2024. 상도역 1번출구","5","3"
"202308","2025. 흑석역 1번출구","8","23"
"202308","2026. 흑석역 4번출구","3","3"
"202308","2027. 중앙대학교 정문 1","5","8"
"202308","203. 국회의사당역 3번출구 옆","1","9"
"202308","2033. 사당동 아르테스 웨딩앞","1","1"
"202308","2034. 사당역 7번출구쪽","1","1"
"202308","2037. 동작역 5번출구 동작주차공원","6","1"
"202308","2038. 동작역 7번출구","3","2"
"202308","204. 국회의사당역 5번출구 옆","6","6"
"202308","205. 산업은행 앞","9","6"
"202308","2050. 노량진역 5번출구","1","0"
"202308","2054. 삼익아파트","3","2"
"202308","2057. 상도 아이파크 아파트","0","1"
"202308","2058. 동작경찰서","8","4"
"202308","206. KBS 앞","11","9"
"202308","2065. 서울시여성가족재단","5","7"
"202308","2069. 숭실대 입구역3번 출구 앞","2","1"
"202308","207. 여의나루역 1번출구 앞","339","284"
"202308","2070. 노량진역 2번 출구 앞","1","1"
"202308","2077.노들역 3번출구","1","5"
"202308","2079.중앙대학교 중앙광장","0","1"
"202308","2080. 대방지하보도(대방동경남아너스빌아파트)","1","0"
"202308","2083.흑석롯데캐슬에듀포레(107동)","2","0"
"202308","2084.e편한세상 상도노빌리티 앞","2","0"
"202308","2085.강남중학교 앞","0","1"
"202308","2089.사당역10번출구(금강빌딩)","1","1"
"202308","209. 유진투자증권빌딩 앞","32","16"
"202308","2090.기아자동차 사당점 앞","2","2"
"202308","2091. 이수역9번출구","1","1"
"202308","2094.숭실대학교(중문) ","1","1"
"202308","2102. 봉림교 교통섬","6","7"
"202308","2103. 신림동 우방아파트","3","2"
"202308","2104. 사당역 5번출구","1","1"
"202308","2106. 세이브마트","0","1"
"202308","2107. 도림천 신화교","3","2"
"202308","2110. 조원동 미성아파트","0","3"
"202308","2111. 서울대입구역 1번출구","1","0"
"202308","2115. 관악구시설관리공단","2","1"
"202308","2116. 에이스에이존빌딩","2","2"
"202308","2122. 낙성대로 입구","1","0"
"202308","2128. 관악구청교차로","1","1"
"202308","2129. 낙성대 과학전시관","1","2"
"202308","213. KT앞","3","9"
"202308","2130. 영어마을 관악캠프","1","0"
"202308","214. 금융감독원 앞","5","4"
"202308","2141. 미림여고입구 교차로","1","0"
"202308","2143. 서울산업정보학교","1","0"
"202308","2148. 낙성대역 3번출구 뒤","2","2"
"202308","215. 여의도고교 앞","23","27"
"202308","2159. 인헌초교","1","0"
"202308","2164. 관악우체국","2","1"
"202308","2165. JK장평타워","0","1"
"202308","2167. 낙성대역 1번출구","0","3"
"202308","2169. 봉천역 2번출구","1","0"
"202308","217. NH농협은행 앞","9","13"
"202308","2171. 서울대입구역 5번출구","0","1"
"202308","2173. 당곡사거리","1","0"
"202308","2174. 삼성디지털프라자관악점","0","1"
"202308","2176. 보라매공원 보도육교","2","1"
"202308","2177. 신대방역 2번 출구","10","5"
"202308","2178. 서울대학교 정문","4","4"
"202308","2179. 양녕로 입구","2","3"
"202308","2183. 동방1교","5","7"
"202308","2185. 대학동 고시촌","3","1"
"202308","2189. 봉천역 4번출구","1","1"
"202308","219. 롯데캐슬엠파이어 옆","5","3"
"202308","2190.도원맨션","1","0"
"202308","2191.대학동주민센터 ","0","2"
"202308","220. 미성아파트 A동 앞","3","0"
"202308","221. 여의도초교 앞","24","17"
"202308","2211. 서초구립반포도서관 앞","1","1"
"202308","2213. 고속터미널역 5번출구 앞","3","2"
"202308","2214. 신반포역 2번출구 앞","16","17"
"202308","2215. 반포종합운동장 입구","2","2"
"202308","2217.아크로리버뷰 부지 앞","29","28"
"202308","2219. 고속터미널역 8-1번, 8-2번 출구 사이","41","42"
"202308","222. 시범아파트버스정류장 옆","2","1"
"202308","2221. 방일초교 마을버스 정류장","1","1"
"202308","2222.사당역 12번출구 뒤","1","3"
"202308","2223. 방배래미안 정문 앞","1","1"
"202308","2227.방배열린문화센터 앞","1","0"
"202308","223. 진주아파트상가 앞","8","3"
"202308","2231. 삼성타운(삼성생명) A동 맞은편","0","1"
"202308","2235.KT 서초지사 앞","0","1"
"202308","224. 롯데캐슬 앞","3","0"
"202308","2241.양재전화국 사거리","2","2"
"202308","2243.서울가정법원","1","0"
"202308","2246. 서울시 품질시험소 앞","1","0"
"202308","225. 앙카라공원 앞","7","2"
"202308","2259. 잠원역 3번-4번 출구사이 ","14","6"
"202308","226. 샛강역 1번출구 앞","2","10"
"202308","2262. 한신16차아파트 119동 앞","93","73"
"202308","2264. 이수역 1번출구","2","0"
"202308","2266. 서초역 3번출구","2","1"
"202308","2268. 서초4동주민센터 ","1","1"
"202308","2269. 주홍교 하부","1","1"
"202308","227. 양평2나들목 보행통로 입구","5","10"
"202308","2271. 내방역 8번출구 앞","1","0"
"202308","2277. 길마중4교 하부","0","2"
"202308","2279. 교대역 5번출구뒤","1","0"
"202308","228. 선유도역 3번출구 앞","2","5"
"202308","229. 양평1 보행육교 앞","0","2"
"202308","2294. 두상빌딩 앞","0","1"
"202308","2297. 남부터미널역 1번출구","0","4"
"202308","230. 영등포구청역 1번출구","7","7"
"202308","2301. 현대고등학교 건너편","28","15"
"202308","2302. 교보타워 버스정류장(신논현역 3번출구 후면)","3","4"
"202308","2303. 논현역 10번출구","6","5"
"202308","2305. MCM 본사 직영점 앞","2","3"
"202308","2306. 압구정역 2번 출구 옆","18","20"
"202308","2307. 압구정 한양 3차 아파트","8","2"
"202308","2308. 압구정파출소 앞","14","12"
"202308","2309. 청담역(우리들병원 앞)","1","1"
"202308","2310. 청담동 맥도날드 옆(위치)","2","0"
"202308","2312. 청담역 13번 출구 앞","2","4"
"202308","2313. 금원빌딩 앞","12","12"
"202308","2314. 청담나들목입구","2","2"
"202308","2315. 봉은사역 5번출구 옆","4","6"
"202308","2317. 삼성도로공원","3","1"
"202308","2318. 삼성중앙역4번출구(문화센터더 리빌)","2","2"
"202308","2319. 포스코사거리 서측(수협 삼성동 지점)","0","1"
"202308","2323. 주식회사 오뚜기 정문 앞","0","1"
"202308","2327. 뱅뱅사거리 랜드마크타워 앞","8","2"
"202308","2328. 르네상스 호텔 사거리 역삼지하보도 7번출구 앞","3","3"
"202308","2329. 르네상스호텔사거리 역삼지하보도 2번출구","1","2"
"202308","2332. 선릉역3번출구","1","6"
"202308","2335. 3호선 매봉역 3번출구앞","0","1"
"202308","234. 영등포구민체육센터 앞","1","1"
"202308","2340. 삼호물산버스정류장(23370) 옆","4","5"
"202308","2342. 대청역 1번출구  뒤","0","1"
"202308","2347. 두산건설 본사","1","0"
"202308","2348. 포스코사거리(기업은행)","2","3"
"202308","2349. 역삼빌딩 앞(하나은행 옆)","1","3"
"202308","235. 신길동 우리은행 옆","0","1"
"202308","2350. 래미안그레이튼102동앞","1","1"
"202308","2353. 강남구청역 2번출구 뒤","0","1"
"202308","2354. 청담역 2번출구","0","1"
"202308","2356. 강남구청","4","1"
"202308","2357. 르네상스호텔사거리 역삼지하보도 3번출구 앞 (더 오번 빌딩 명동칼국수 앞)","0","1"
"202308","2359. 국립국악중,고교 정문 맞은편","1","0"
"202308","236. 문래동자이아파트 앞","2","0"
"202308","2362. 신사동 가로수길 입구","9","22"
"202308","2363. 강남 을지병원 교차로","11","16"
"202308","2364. 도산공원교차로","1","0"
"202308","2365. K+ 타워 앞","7","9"
"202308","2369. KT선릉타워","2","1"
"202308","237. 보라매 두산위브 건너편","1","1"
"202308","2372. 대치역 사거리","2","2"
"202308","2380. 삼성동베이직하우스앞","1","0"
"202308","2381. 언주역 6번출구앞","3","5"
"202308","2382. 역삼동 sk뷰 501동앞","1","3"
"202308","2385. 학동역","3","0"
"202308","2389. 경기여자고등학교 후문 (삼성로3길 입구)","1","1"
"202308","239. 유스호스텔 앞","1","1"
"202308","2393. 구룡사 앞 교차로 (보도육교)","1","1"
"202308","240. 문래역 4번출구 앞","6","5"
"202308","2405. 청담공원앞 교차로","5","3"
"202308","2406. 논현동 광명빌딩 앞","6","7"
"202308","2407. 역삼서초삼성 세무서 앞 (역삼빌딩 앞)","3","11"
"202308","2409. 역삼동 디오슈페리움 (우성아파트 사거리)","5","3"
"202308","2410. 포스코피앤에스타워 (역삼역 3번출구 부근)","2","0"
"202308","2413.도곡역 1번 출구","1","0"
"202308","2414. 도곡역 아카데미스위트 앞","1","0"
"202308","2415.한티역 롯데백화점 앞","0","2"
"202308","2417.선정릉 디캠프(D.CAMP)앞","1","0"
"202308","2418.봉은사역 7번 출구 ","9","7"
"202308","2419.봉은사역 1,2번 출구 ","12","14"
"202308","2421. 신논현역 4번출구","12","7"
"202308","2422.수서동 성당 맞은편","2","0"
"202308","2423.영희초교 사거리(래미안개포루체하임)","5","4"
"202308","2429.압구정로데오역 6번출구","11","10"
"202308","243. 이앤씨드림타워 앞","4","1"
"202308","2430.강남파이낸스센터앞(역삼역2번출구)","7","2"
"202308","247. 당산역 10번출구 앞","2","6"
"202308","248. 초원아파트 앞","32","15"
"202308","249. 여의도중학교 옆","99","88"
"202308","250. 대림아파트 사거리","1","0"
"202308","2503. 반포1동 서초빌딩 앞","2","0"
"202308","2504. 신사역 4번출구 뒤","6","11"
"202308","2505. 우성아파트사거리 (기업은행앞)","3","2"
"202308","2508. 양재이스타빌 앞","1","0"
"202308","251. 서울지방병무청 버스정류장","1","0"
"202308","2511. 이수역 6번출구 앞","2","2"
"202308","2514.사평역 2번출구","2","0"
"202308","2515.서초초등학교 후문","6","12"
"202308","2517. 서초그랑자이 앞","1","0"
"202308","2521.서초 크로바타워 앞","2","2"
"202308","2523.뉴코아 킴스클럽 앞","2","1"
"202308","2524.반포쇼핑타운 8동 앞","2","2"
"202308","2525.반포쇼핑타운 2동 앞","54","85"
"202308","2527.반포중학교 앞(세화여고 맞은편)","1","13"
"202308","2528.함지박 사거리","0","2"
"202308","2529.우리은행 방배동지점 앞","3","2"
"202308","2530.삼호3차아파트 앞","2","1"
"202308","2535.신반포역 3번출구 뒤","2","3"
"202308","2537.양재역 8번출구 앞","0","1"
"202308","2538.사평리근린공원","18","15"
"202308","2542.신논현타워 앞","4","12"
"202308","2545.국립중앙도서관(국제회의장옆)","3","2"
"202308","2547. 반포래미안 리오센트","3","3"
"202308","2548.반포1동 자율방범초소 옆","2","0"
"202308","256. 동아에코빌입구","2","0"
"202308","258. 신길역3번출구","0","1"
"202308","259. 대방역6번출구","5","2"
"202308","260. 여의도 마리나선착장 앞","8","9"
"202308","2601. 석촌호수 아뜰리에","2","0"
"202308","2605. 복정역 1번 출구 앞","1","0"
"202308","2608. 송파구청","34","24"
"202308","2613. 잠실나들목","5","10"
"202308","2615. 테라타워2","0","1"
"202308","2618. 삼전역 1번출구","0","1"
"202308","2619. 석촌고분역 4번출구","0","1"
"202308","262. 영문초등학교 사거리","1","1"
"202308","2620. 송파나루역 4번 출구옆","2","0"
"202308","2621. 한성백제역 2번 출구","8","9"
"202308","2622. 올림픽공원역 3번출구","23","28"
"202308","263. 근로자회관 사거리","5","3"
"202308","2630.서울방이동 고분군","1","2"
"202308","2632.석촌고분역 2번 출구","2","1"
"202308","2633.송파학사 옆","2","1"
"202308","2635.잠실새내역 1번출구","4","4"
"202308","2637. 아시아지하보도 14번 출구","5","4"
"202308","2639.석촌역 8번출구","5","4"
"202308","2641.송파역 4번출구","2","1"
"202308","2645.잠실나들목2(엘스아파트136동)","1","1"
"202308","2646.레이크펠리스101동앞","1","0"
"202308","2647.잠실 자전거 수리센터 앞","10","3"
"202308","2648.헬리오시티 112동 앞","1","1"
"202308","265. 영등포유통상가 사거리","2","0"
"202308","2656.풍납동 아이파크 107동 앞","1","0"
"202308","2658.가락몰 업무동","1","0"
"202308","266. 영등포청과시장 사거리","3","0"
"202308","267. 삼성화재 사옥 옆","4","4"
"202308","268. 그랜드컨벤션센터 앞","2","4"
"202308","270. 증권거래소후문교차로","6","2"
"202308","2701. 마곡나루역 5번출구 뒤편","2","1"
"202308","2704.홈플러스(강서점)","1","1"
"202308","2708.강서한강자이타워 앞","4","3"
"202308","2709.강변아파트 310동 앞","0","2"
"202308","271. 샛강생태공원방문자센터 앞","1","5"
"202308","2713.우장초등학교 앞","1","0"
"202308","2715.마곡나루역 2번 출구 ","6","11"
"202308","272. 당산육갑문","14","26"
"202308","2720.힐스테이트에코","1","0"
"202308","2721.등촌1-10단지 교차로","2","0"
"202308","2723.마곡 필네이처","2","0"
"202308","2725.서울식물원 식물문화센터","4","6"
"202308","2728.마곡나루역 3번 출구","2","4"
"202308","2730.마곡메가박스 앞","0","1"
"202308","2731.명덕고교","1","0"
"202308","2732.마곡수명산 1-2단지 ","0","1"
"202308","2737.까치산역 3번 출구","0","2"
"202308","2739.수명산파크1단지교차로","10","0"
"202308","275. 신동아아파트","0","2"
"202308","276. 영등포로터리2","15","6"
"202308","278. 쌍용플레티넘오피스텔","2","2"
"202308","279. 영등포 푸르지오 아파트 B","1","0"
"202308","280. 양평동6차현대아파트 앞","0","1"
"202308","281. 대림신동아아파트 앞","1","1"
"202308","2815.항동지구 7단지 정문","0","1"
"202308","282. 신한은행 대림동지점","2","0"
"202308","2824.미래사랑어린이공원 앞","0","1"
"202308","283. 아크로타워 스퀘어(영등포시장)","1","1"
"202308","284. 센트럴 푸르지오 시티 앞","5","10"
"202308","287. 영등포전화국사거리 (서강어린이공원)","4","6"
"202308","288. 쌍용예가(구청별관)","1","1"
"202308","2909. 석계역 3번 출구","1","2"
"202308","291. 문래동 하이테크 시티","1","1"
"202308","2911.상계역중앙시장","1","0"
"202308","2915.서울과학기술대학교(어학교육원)","12","14"
"202308","2919.등나무 근린공원(시립북서울미술관 앞) ","0","1"
"202308","293. 충북 미래관","8","7"
"202308","295.영등포공원 분수대 앞","1","1"
"202308","296.KT플라자 영등포점","5","1"
"202308","297.국회3문","3","3"
"202308","298.KBS 연구동 건너편","1","4"
"202308","299.여의도 순복음교회","10","9"
"202308","300. 정동사거리","1","3"
"202308","3002.벽산상암스마트큐브 ","6","5"
"202308","3007.MBC 앞","1","0"
"202308","3009. 홍대입구역 사거리","25","38"
"202308","301. 경복궁역 7번출구 앞","4","7"
"202308","3010.홍대입구역 3번출구","42","51"
"202308","3013.서울지방고용노동청 앞","6","1"
"202308","302. 경복궁역 4번출구 뒤","38","18"
"202308","303. 광화문역 1번출구 앞","13","10"
"202308","305. 종로구청 옆","15","6"
"202308","307. 서울역사박물관 앞","0","2"
"202308","308. 광화문 S타워 앞","1","1"
"202308","309. 광화문역 6번출구 옆 B","3","4"
"202308","310. 청계광장 옆","12","31"
"202308","3100. 북성초교","0","3"
"202308","3102. 연희삼거리","4","3"
"202308","3103. 홍제삼거리 북측","1","0"
"202308","3104. e편한세상 신촌4단지 앞","1","1"
"202308","3110.홍은 현대아이파크 아파트 202동 앞","3","8"
"202308","3111.무악재역 4번 출구","0","1"
"202308","3113. 독립문 앞","1","1"
"202308","3114.충정로역 3번 출구","1","2"
"202308","3116.신촌역 4번출구","7","8"
"202308","3117.이화여대 인문관 인근","3","3"
"202308","3119.연희 브라운스톤 아파트 앞","5","5"
"202308","3120.DMC엘가아파트 앞","0","3"
"202308","3121.가좌삼거리","1","0"
"202308","3122.북가좌삼거리2","2","0"
"202308","3123.DMC파크뷰자이1단지 110동 앞","3","1"
"202308","3125.연희파크푸르지오아파트 앞","2","1"
"202308","3127.홍은2파출소 옆","7","0"
"202308","3128.동신병원 맞은편","5","4"
"202308","3130.가재울사거리","1","2"
"202308","3132.홍제교","1","3"
"202308","3134.SK리쳄블(상수도사업본부)","2","0"
"202308","314. 국립현대미술관","22","16"
"202308","316. 종각역 1번출구 앞","7","7"
"202308","318. 광교사거리 남측","7","14"
"202308","320. 을지로입구역 4번출구 앞","6","14"
"202308","3202.당산롯데캐슬프레스티지","3","0"
"202308","3207.양남사거리1","1","0"
"202308","321. KEB 하나금융그룹 명동사옥 옆","16","22"
"202308","322. 명동성당 앞","10","22"
"202308","3221.서울특별시 남부교육지원청","2","3"
"202308","324. 신세계백화점 본점 앞","19","16"
"202308","326. 안국역 5번출구 앞","18","12"
"202308","327. 낙원상가 옆","31","28"
"202308","328. 탑골공원 앞","15","9"
"202308","329. 청계2가 사거리 옆","18","21"
"202308","331. 을지로2가 사거리 북측","5","2"
"202308","3311.서울대입구역 4번 출구","0","2"
"202308","332. 을지로2가 사거리 남측","5","4"
"202308","334. 종로3가역 2번출구 뒤","10","5"
"202308","335. 종로3가역 15번출구 앞","10","11"
"202308","336. 충무로역 6번출구 앞","30","33"
"202308","337. 창경궁 입구","5","4"
"202308","338. 세운스퀘어 앞","8","8"
"202308","339. 종로4가 사거리","20","26"
"202308","3402.이화공영주차장","2","3"
"202308","3404.서울특별시 중부교육지원청","2","0"
"202308","3407.안국동사거리(신)","14","21"
"202308","3408.종로타워빌딩","12","1"
"202308","341. 혜화역 3번출구 뒤","11","6"
"202308","3410.종로3가역 8번출구","25","24"
"202308","3411.종묘","8","5"
"202308","3412.세운상가","2","3"
"202308","3413.종로플레이스","1","2"
"202308","3414.종로5가역 4번출구","11","15"
"202308","3415.동대문역6번출구","16","11"
"202308","3416.동묘앞역 6번출구","2","2"
"202308","3419.국립어린이과학관","2","3"
"202308","342. 대학로 마로니에공원","8","7"
"202308","3420. 성균관대입구 사거리 B","4","2"
"202308","3421.혜화역 1번출구","1","0"
"202308","3422.성균관대 정문","3","2"
"202308","3423.현대그룹(본사)","1","1"
"202308","3426.독립문역 2번출구 뒤","0","1"
"202308","3427.인왕산 아이파크 정문","1","0"
"202308","3428.서울미술관","1","0"
"202308","343. 힐스테이트창경궁 아파트 앞","8","10"
"202308","3432.종로2가 사거리","18","21"
"202308","344. 성균관대 E하우스 앞","1","1"
"202308","345. 서울보증보험본사 앞","2","0"
"202308","346. 맥스타일 앞","27","16"
"202308","347. 동대문역사문화공원역 9번출구 앞","35","39"
"202308","349. 어린이도서관","2","1"
"202308","3500. 군자역2번출구","0","1"
"202308","3503. 광진유진스웰","1","0"
"202308","3504. 원일교회","6","4"
"202308","3505. 신양초교앞 교차로","5","2"
"202308","3506. 영동대교 북단","1","2"
"202308","3508. 화양사거리","0","1"
"202308","3511. 응봉역 1번출구","8","10"
"202308","3513. 상왕십리역 1번출구","1","1"
"202308","3514. 왕십리교회옆","2","0"
"202308","3515. 서울숲 관리사무소","84","69"
"202308","3518. 군자역 7번출구뒤","1","8"
"202308","352. 중앙고입구 삼거리","7","5"
"202308","3520. 광진경찰서","0","1"
"202308","3525. 금호스포츠센터앞","1","1"
"202308","3529. 어린이대공원정문","1","0"
"202308","353. 재동초교 앞 삼거리","21","31"
"202308","3533. 건대입구역 사거리(롯데백화점)","24","24"
"202308","3534. 건대입구역 5번출구 뒤","15","6"
"202308","354. 포르투갈 대사관 앞","2","2"
"202308","3541. 커먼그라운드","11","11"
"202308","3544.한양대역 3번 출구","5","2"
"202308","3545.한양대역 1번출구","3","4"
"202308","3547.상왕십리역 6번 출입구","2","0"
"202308","3548.뚝섬역 6번출구","15","16"
"202308","3549.건영아파트 앞","2","2"
"202308","355. 서울사대부설초등학교 앞","0","2"
"202308","3550.금호나들목","6","4"
"202308","3552.서울숲 공영주차장앞","29","25"
"202308","3555.양지사거리(센트라스APT 115동앞)","1","0"
"202308","3559.성동구민종합체육센터 앞","9","10"
"202308","356. KT혜화지사 앞","0","1"
"202308","3560.성동구 견인차량 보관소 앞","1","3"
"202308","3569.건대병원후문","2","3"
"202308","3570.구의역 리버비스타 오피스텔","3","2"
"202308","3571.화양 APT(횡단보도 옆)","4","5"
"202308","3573.광나루안전체험관","2","4"
"202308","3575. 자양사거리(서원빌딩)","1","3"
"202308","3579.광진 캠퍼스시티","3","3"
"202308","358. 성균관대입구 사거리 A","1","5"
"202308","3581.광진광장","0","1"
"202308","3582.화양동 우체국","1","3"
"202308","3586.군자역 비채온 오피스텔","1","3"
"202308","359. 원남동사거리","5","4"
"202308","3600.사근빗물펌프장 건너편","6","17"
"202308","3604. 삼성중앙역 5번출구","1","2"
"202308","3606. 신사동주민센터 옆","8","8"
"202308","361. 동묘앞역 1번출구 뒤","4","9"
"202308","3616. 역삼중학교 앞(체육관 방향)","1","0"
"202308","362. 청계8가사거리 A","15","14"
"202308","3621. 휘문고교 사거리","0","1"
"202308","3623. 일원에코파크 앞(개포로 방면)","1","1"
"202308","3627. 압구정나들목","10","15"
"202308","3628. 역삼1동 주민센터","3","0"
"202308","3629. 청담사거리(신한오피스텔빌딩 앞)","7","5"
"202308","363. 신설동역 11번출구 뒤","1","0"
"202308","3636. 삼성중앙역·플래티넘아파트 정류소","0","2"
"202308","3638. 신청담나들목","5","1"
"202308","3646. 선정릉역 4번 출구","1","3"
"202308","3649. 구룡역 5번 출구","0","2"
"202308","3651. 개포동역 4번출구","2","0"
"202308","367. 독립문역 3-1번출구 ","2","0"
"202308","3671. 둔촌동역교차로","0","1"
"202308","368. SK 서린빌딩 앞","8","9"
"202308","3680. 강동역3번출구","2","0"
"202308","3683. KT&G강동지사","1","0"
"202308","3689. 강일역 3번출구","0","1"
"202308","369. 광화문 시민열린마당","5","13"
"202308","3694. 강동리엔파크 13단지(1303동 앞)","1","0"
"202308","370. 시청역(2호선) 9번출구 뒤","7","14"
"202308","3700. 강변그대가리버뷰 입구 맞은편","1","0"
"202308","371. 동대입구역 6번출구 뒤","3","9"
"202308","372. 약수역 3번출구 뒤","0","1"
"202308","3726.삼양동사거리","0","1"
"202308","374. 청구역 2번출구 앞","1","1"
"202308","3753. 공항중학교 버스정류장","0","1"
"202308","3754. 신방화역 8번출구","1","1"
"202308","3759. 이대서울병원","0","1"
"202308","3760. 발산역 8번 출구","5","6"
"202308","3761. 나이아가라관광호텔","8","5"
"202308","3762. 마곡9단지 907동앞","4","2"
"202308","3763. 등촌태영아파트","1","0"
"202308","3764. 관문주유소(GS칼택스) 앞","1","0"
"202308","3767. 대원빌딩","0","1"
"202308","3769. 증미역 2번출구","2","2"
"202308","3772. 길성그랑프리텔아파트","1","0"
"202308","3778. 김포공항입구 교차로","4","7"
"202308","3780. 등촌서광아파트","1","4"
"202308","3782. 겸재정선미술관","0","2"
"202308","3784. 벽산아파트","5","1"
"202308","3787. 가양나들목","2","4"
"202308","3789. 염창나들목","1","1"
"202308","379. 서울역9번출구","11","5"
"202308","3794. 안양천합수부(현대3차아파트)","4","8"
"202308","3796. 송정역 3번출구 앞","1","1"
"202308","3797. 마곡수명산파크7단지 710동 앞","1","1"
"202308","3798. 그랜드아이파크아파트 앞","4","4"
"202308","380. CJ제일제당 앞","12","3"
"202308","3801. 이랜드글로벌R&D센터","1","0"
"202308","3802. 관악구민체육센터","2","0"
"202308","3803. 남서울중학교","1","0"
"202308","3804. 낙성대공원","1","0"
"202308","3806. 낙성대 교수아파트","4","1"
"202308","381. 장충체육관","1","0"
"202308","3811.신사로입구","0","1"
"202308","3812. KT관악지점","1","0"
"202308","3813. 낙성대역 5번출구","0","1"
"202308","3814. 난곡사거리 ","0","1"
"202308","3816. 관악 GSfresh","1","0"
"202308","3822.신림4,5동교","0","1"
"202308","383. 신당역 12번 출구 뒤","10","17"
"202308","385. 종각역 5번출구","6","11"
"202308","387. 훈련원공원주차장 앞","40","29"
"202308","3873. 동서울우편집중국 앞","0","2"
"202308","388. 동성중학교 앞","0","1"
"202308","3881. 신자초교입구 교차로","4","2"
"202308","3882. 자양2동 주민센터","1","0"
"202308","389. 을지로4가역 1번출구","7","8"
"202308","3890. 웰츠타워 오피스텔","4","5"
"202308","3891. 군자역4번출구","4","2"
"202308","390. 충무로역 1번출구","22","10"
"202308","3904. 테크노마트 앞","1","1"
"202308","3905. 희훈타워빌 앞","1","2"
"202308","3906. 천왕차량사업소 입구","0","1"
"202308","391. 시립미술관","13","5"
"202308","3919. 구로역·NC신구로점 버스정류장(구로역 방면)","0","3"
"202308","3927. 구로월드아파트 앞","1","1"
"202308","3928.고척아이파크아파트 106동 앞","1","0"
"202308","393. 동대문역 8번 출구","12","22"
"202308","3968. 독산동 현대홈타운 금천과선교 앞","0","2"
"202308","397. 종묘공영주차장 건너편","15","12"
"202308","3975.현대시티아울렛 가산","1","0"
"202308","398. 을지로3가역 3번출구","25","29"
"202308","3983. 금천구청역 1번 출구","0","3"
"202308","3987. LG전자가산A와 가산테라타워 사이","0","2"
"202308","399. 서울역 센트럴 자이아파트","1","2"
"202308","4002. 상계주공 14단지 상가 앞","1","0"
"202308","4005. 중계2차 한화꿈에그린 101동 인근","1","0"
"202308","4007. 노원 을지대학교 병원","3","2"
"202308","401. 상암월드컵파크 10단지 앞","1","1"
"202308","4011. 월계 센트럴 아이파크","1","0"
"202308","4027. 한내 행복발전소 옆","1","1"
"202308","4041. 공릉역3번출구","1","0"
"202308","4045. 은하수 공원","0","1"
"202308","405. DMC빌 앞","14","11"
"202308","4058. 다락원체육공원 전망대 입구","1","0"
"202308","406. 상암월드컵파크 7단지 앞","2","1"
"202308","409. 누리꿈스퀘어 옆","2","0"
"202308","4094.도봉여성센터","3","4"
"202308","410. 상암중학교 옆","1","1"
"202308","4104. 외대앞역 교차로","5","7"
"202308","4105. 서울교통공사사거리 교통섬","17","10"
"202308","4108. 답십리파크자이아파트 앞","2","3"
"202308","411. DMC홍보관","2","0"
"202308","4113. 한국국방연구원 앞","3","2"
"202308","4121. 서울문화재단 앞","5","6"
"202308","4122. 청계9가교차로 앞","2","1"
"202308","4123. 배봉초교 교차로","2","3"
"202308","4125. 회기역 2-①번출구","0","1"
"202308","413. 상암월드컵파크 3단지 후문","0","1"
"202308","4131. 베네스트 오피스텔 앞","0","1"
"202308","4135. 삼성생명 앞","1","4"
"202308","415. DMC역 9번출구 앞","0","3"
"202308","4152. 상도효성해링턴플레이스","0","2"
"202308","4153. 흑석동효사정앞","2","1"
"202308","416. 상암월드컵파크 1단지 교차로","2","2"
"202308","4167. 구로교 아래","2","2"
"202308","4169. 신대방삼거리","1","1"
"202308","417. DMC역 2번출구 옆","0","3"
"202308","4173. 중대후문 마을버스정류장","2","1"
"202308","4175. 대방역2번출구","3","2"
"202308","4179. 보라매병원역 1번출구","1","0"
"202308","418. 월드컵경기장역 3번출구 옆","5","1"
"202308","419. 홈플러스 마포점 앞","4","9"
"202308","420. 서울시 공공자전거 상암센터","5","6"
"202308","4206. 광흥창역5번출구","1","5"
"202308","4207. 아만티호텔 앞","10","8"
"202308","4208. 스타벅스(동교동) 앞","10","6"
"202308","421. 마포구청 앞","1","0"
"202308","4210. 가좌행복주택 앞","0","2"
"202308","4211. 시석빌딩 앞","7","9"
"202308","4212. 한화오벨리스크 앞","0","1"
"202308","4214. JTBC 앞","3","2"
"202308","4216. 망원정 앞","7","4"
"202308","4217. 한강공원 망원나들목","63","67"
"202308","4218. 디지털매직스페이스","1","1"
"202308","422. 문화비축기지","0","1"
"202308","4220. 신촌 청년주택","2","5"
"202308","4221. 솔리스타오피스텔(공덕동주민센터)","1","0"
"202308","4222. 서울디자인고등학교 앞","4","0"
"202308","4224. 서부운전면허시험장","1","2"
"202308","4226. 마포프레스티지자이 1","1","0"
"202308","4233. 코오롱아파트사거리","22","9"
"202308","4234. 에스테반","0","1"
"202308","4244. 당인리발전소 공원 앞","12","12"
"202308","4246. 상수역새마을금고","5","2"
"202308","4248. 신촌 교보빌딩","1","1"
"202308","4251. 공덕역 경의선숲길 커뮤니티센터","1","1"
"202308","426. 서울신용보증재단","2","2"
"202308","4262. 서대문자연사박물관 입구","0","1"
"202308","4266.국민연금공단충정로사옥","1","0"
"202308","4267. 서대문역 2번 출구","2","3"
"202308","4269. 연희IC 남측","6","8"
"202308","427. 성산시영아파트","1","1"
"202308","4270. 우국한마음 아파트 맞은편","0","1"
"202308","4271. 충정로역 1번 출구","0","3"
"202308","4272. 홍남교 사거리","1","2"
"202308","4273. 홍연2교 사거리","1","0"
"202308","4274. 신촌 파랑고래 입구","8","10"
"202308","4275.농협생명본사빌딩 서관","1","1"
"202308","428. 명보사거리","12","7"
"202308","430. 장충동먹자골목 앞","12","9"
"202308","4304. 서울고앞","1","0"
"202308","4307. 고투몰 gate 15옆","2","1"
"202308","431. 청계천 영도교","11","13"
"202308","4313. 반포종합운동장","1","2"
"202308","4316. 고속터미널역 3번출구","2","2"
"202308","4318. 방배역 2번 출구","1","1"
"202308","4324. 세화고등학교","0","2"
"202308","433. 을지로입구역 2번출구","7","6"
"202308","4332. 이수교차로","0","3"
"202308","435. SK 남산빌딩","4","4"
"202308","4353. 코오롱디지털타워 3차앞","1","3"
"202308","436. 이대역 5번출구","1","5"
"202308","4362. 행당중학교 후문","4","1"
"202308","437. 대흥역 1번출구","4","2"
"202308","4370. 성동교 사거리","1","2"
"202308","4373. 서울숲 지식산업센터","4","1"
"202308","4377. 우영테크노센터 앞","5","7"
"202308","438. 성산2-1 공영주차장","1","1"
"202308","4381. 더스페이스타워 앞","3","1"
"202308","4382. 페코텍글로벌허브빌딩 앞","3","1"
"202308","4383. 푸조비즈타워 앞","1","0"
"202308","4386. 현대자동차 동부서비스센터 주변","5","0"
"202308","4387. 성수역 1번출구 주변","5","10"
"202308","4388. 하우스디세종타워 앞","0","3"
"202308","4389. 서울숲역3번출구","8","7"
"202308","4390. 신답역 1번출구","1","0"
"202308","440. 하늘공원 입구","3","7"
"202308","4408. 돌곶이역 앞","2","4"
"202308","441.염천교사거리","3","8"
"202308","4414. 안암역 3번 출구","0","1"
"202308","4418. 종암동 동덕여대 제2생활관 앞","0","1"
"202308","442.서울역 서부","1","4"
"202308","4423.현대백화점 미아점","0","1"
"202308","443.호암아트홀","2","0"
"202308","445.대한상공회의소","6","8"
"202308","4452. 삼성SDS","24","32"
"202308","4453. 위례중앙푸르지오 201동 앞","0","1"
"202308","4457. 아산병원 기숙사 부근","3","7"
"202308","446. 상명대입구","3","3"
"202308","4464. 올림픽공원 북2문 A","3","5"
"202308","4465. 건영아파트앞 사거리","0","2"
"202308","4481. 올림픽공원 북2문 B","5","3"
"202308","4483. 잠실나들목4","9","6"
"202308","4484. 잠실나루역4번출구뒤","2","14"
"202308","4485. 잠실나루역 고가하부","2","0"
"202308","4486. 홈플러스 잠실점","6","1"
"202308","4496. 잠실 파크리오 120동 앞","1","1"
"202308","450. 효자동 삼거리","9","1"
"202308","451. 청와대앞길","5","2"
"202308","4514. 목동성당 앞","1","0"
"202308","4515. 동문굿모닝탑","5","5"
"202308","452. 동대문 종합시장 버스정류장","8","7"
"202308","4526. 목동아파트2단지 222동 앞","1","0"
"202308","453. 종로오가 지하쇼핑센터 14번출구","35","29"
"202308","4531. 목동아파트 613동 앞","1","0"
"202308","454. 종로2가 버스정류장 (종각방향)","13","14"
"202308","4540. 목동역 3번 출구","1","0"
"202308","455. 종로6가역 버스정류장(동대문 방향)","8","15"
"202308","4553. 당산삼성2차아파트","2","2"
"202308","4557. 리버뷰신안인스빌2차 후문","1","1"
"202308","4559. 신길역 2번출구","2","2"
"202308","456. 숭인2동 주민센터 입구","5","4"
"202308","4561. 양평역 1번출구","2","3"
"202308","4563. 여의도 은하아파트","5","0"
"202308","4564. 63스퀘어","25","37"
"202308","4565. 영등포 신세계백화점","11","5"
"202308","4568. 영등포로터리","1","2"
"202308","457. 종로꽃시장 입구 옆","2","3"
"202308","4575. 대림동 e편한세상영등포아델포레","1","0"
"202308","4579. 국회의사당 본관","0","6"
"202308","458. 광화문역 5번출구","19","18"
"202308","4580. 국회제2의원회관","3","0"
"202308","4582. 국회도서관","3","0"
"202308","4588.양남사거리2","0","3"
"202308","4589. KRX한국거래소(1)","0","2"
"202308","4592. 신길우성4차아파트","2","1"
"202308","4601.양평역2번출구 뒤","1","0"
"202308","4602. 숙명여대앞 버스정류소 주변","0","2"
"202308","4603. 한강GS에클라트 건너편 교통섬","0","1"
"202308","4604. 원효로다목적체육관 앞","2","4"
"202308","4605. 노들섬 다목적홀(동쪽) 숲, 앞","5","1"
"202308","4607. 국립중앙박물관 -용산가족공원 앞","9","7"
"202308","4608. 국립중앙박물관 정문 앞","5","5"
"202308","4609. 파크타워 104동 앞","1","3"
"202308","461. 서울지방경찰청","1","0"
"202308","4610. 한남나인원 105동 앞","6","5"
"202308","4611. 국제루터교회 앞","3","2"
"202308","4612. 한남 준 J.FSS 앞","1","3"
"202308","4613. 서울갤러리아 앞","1","4"
"202308","4615. 크라운호텔앞 버스정류소","7","15"
"202308","4616. 신용산지하차도 앞","13","2"
"202308","4617. 동원베네스트 건너편","1","0"
"202308","4619. 한강트럼프월드3차 앞","20","16"
"202308","4620. 삼각지역 14번 출구 앞(교통섬)","6","4"
"202308","4621. 남산도서관 앞","4","8"
"202308","4622. 한강중학교 앞 버스정류장","10","4"
"202308","4623. 라인프랜즈이태원점 앞","1","2"
"202308","4625. 용산공원갤러리앞","1","0"
"202308","4629. 한강초교보도육교 앞","18","22"
"202308","4632. 용산 푸르지오 파크타운 1단지 앞","0","4"
"202308","4633. 센트럴파크타워 앞","4","8"
"202308","4634. 이태원역 3번 출구","12","17"
"202308","4636. 용산구꿈나무종합타운 앞","3","1"
"202308","4637. 용산시티파크 101동 앞","1","4"
"202308","4638. 청파동삼거리 앞","0","1"
"202308","4639. 동빙고근린공원","7","16"
"202308","464. 삼청동 골목","6","5"
"202308","4641. 아메리칸센터","3","4"
"202308","4643. 한가람아파트 앞","4","10"
"202308","465. 삼청공원 앞","0","1"
"202308","4657. 본 서부병원 교차로 사거리","0","3"
"202308","466.롯데호텔","12","8"
"202308","467.한국은행","5","8"
"202308","4671. 청구성심병원 앞","0","1"
"202308","468.웨스틴 조선호텔","8","5"
"202308","4685. DMC역 5번 출구(수색역 방향)","2","2"
"202308","469.회현역 1번출구","5","4"
"202308","470.회현역 7번출구","1","6"
"202308","4705. 웰니스센터(민방위교육장 앞)","18","19"
"202308","4707. 청계3가 사거리","18","18"
"202308","4708. 조계사앞사거리","9","14"
"202308","471.회현사거리 남측","28","27"
"202308","4710. 자교교회 앞","6","7"
"202308","4711. 올림픽기념 국민생활관 로터리","2","3"
"202308","4713. 현대 뜨레비앙 아파트 앞","19","11"
"202308","4715. 돈의문 박물관 마을","2","2"
"202308","4718. 광화문역 6번출구 옆 A","11","10"
"202308","4719. 종로문화원 건너편","10","3"
"202308","472.삼일교(시그니쳐 타워)","12","4"
"202308","473.을지로4가역 9번출구","21","12"
"202308","474.동대문역사문화공원역 1번출구 뒤편","56","43"
"202308","475.DDP 패션몰","35","19"
"202308","4752. 삼성사이버빌리지아파트","0","1"
"202308","4753. 시청역 10번출구","2","1"
"202308","476.광희문","25","6"
"202308","4760. 서울역 7번출구","2","2"
"202308","4761. 중부경찰서앞사거리 건너편","5","5"
"202308","4762. 국제빌딩","2","3"
"202308","4765. 동대문디자인플라자","75","73"
"202308","4766. 서소문성지역사박물관","1","2"
"202308","4768. 서울도시건축전시관","17","30"
"202308","477.앰배서더 호텔 주변","4","5"
"202308","4774. 을지로입구역 8번출구","5","5"
"202308","4775. 을지로지하쇼핑센터","13","13"
"202308","4776. 신세계면세점","15","10"
"202308","4777. 약수동 주민센터","0","1"
"202308","4778. 대신파이낸스센터","13","5"
"202308","4781. 브라운스위트레지던스","2","0"
"202308","4782. 서소문역사공원","2","0"
"202308","4784. 중부경찰서앞 사거리","4","3"
"202308","4785. 롯데시티호텔","3","6"
"202308","479.동대입구역 3번 출구","1","2"
"202308","4791. 명동역9번 출구","38","76"
"202308","4792. 퇴계로4가 교차로(중구청)","20","14"
"202308","4793. 동대문역사문화공원역 5번출구","28","31"
"202308","4794. 서울역 서부교차로(3)","8","3"
"202308","4796. 부산은행","17","15"
"202308","4797. KG타워 앞","6","7"
"202308","4798. 황학동롯데캐슬","5","8"
"202308","480.약수역 6번 출구","1","5"
"202308","4800. 필동 삼거리","3","3"
"202308","4801. 충정로역 2호선(엘리베이터 앞)","0","2"
"202308","4807. 라코지스테이 앞","2","5"
"202308","481.신당역 10번 출구","15","10"
"202308","4838.동원사거리 행복오피스텔 앞","1","0"
"202308","484.도동삼거리","3","3"
"202308","4843. 봉화산역 4번 출구","1","0"
"202308","485.서울역5번출구","8","15"
"202308","4856. 올림픽공원 서1문 앞","6","2"
"202308","4859. 잠실나루 나들목","2","1"
"202308","4862. 성내교 남단","1","1"
"202308","4863. 잠실나들목5","3","3"
"202308","4864. 송파사거리","2","1"
"202308","4865. 한성백제역 1번출구 뒤","12","15"
"202308","4868. 석촌호수 서호 남단","9","6"
"202308","4869. 잠실나들목6","2","2"
"202308","487.신석초교앞 교차로 교통섬","4","5"
"202308","4870. 몽촌토성역 3번 출구","11","10"
"202308","488.푸르메병원","2","1"
"202308","4884. H비즈니스파크","2","0"
"202308","4893. 문정법조단지12","1","0"
"202308","4897. 잠실주공5단지1","6","2"
"202308","490.가온문화공원","5","1"
"202308","4901.KT&G타워 옆(상상마당 대치아트홀)","1","0"
"202308","4902. 구역삼세무서 교차로","0","1"
"202308","4903. 신사스퀘어","10","10"
"202308","4905. 강남경찰서","3","7"
"202308","4906. 섬유센터 앞","4","2"
"202308","4907. 극동스포츠 앞","7","3"
"202308","4908. SB타워 앞","2","8"
"202308","4909. 노보텔 앰배서더 앞","3","3"
"202308","491.월드컵파크 4단지","1","1"
"202308","4913. 레베쌍트 빌딩 앞","3","3"
"202308","4914. 도심공항타워 앞","17","6"
"202308","4916. 청담역 1번출구","1","4"
"202308","4918. 매봉역 1번출구","1","1"
"202308","4924.논현동가구거리","3","1"
"202308","4925. 청담백영빌딩 앞","3","4"
"202308","4929. 파스쿠찌 청담사거리점 앞","2","5"
"202308","493.홍대입구역 6번출구","18","11"
"202308","494.신수동주민센터","2","6"
"202308","495.염리초등학교 앞","2","4"
"202308","497.합정동주민센터 앞","2","9"
"202308","498.연남동주민센터 앞","22","16"
"202308","500. 어린이대공원역 3번출구 앞","3","6"
"202308","501. 광진구의회 앞","4","2"
"202308","502. 뚝섬유원지역 1번출구 앞","88","100"
"202308","505. 자양사거리 광진아크로텔 앞","1","2"
"202308","5055. 마곡역5번출구앞","1","0"
"202308","5057. 마곡역4번출구","1","0"
"202308","5059. 화곡2동주민센터","0","1"
"202308","506. 금호 어울림 아파트 앞","3","0"
"202308","5061. 우장산동 가곡어린이공원앞","0","3"
"202308","5064. 양천향교역8번출구","2","1"
"202308","5067. 주원 리젠트 앞","0","1"
"202308","5075. 등촌역 1번출구","1","0"
"202308","508. 성수아카데미타워 앞","1","9"
"202308","5080. 가양역 1번출구","2","2"
"202308","5082. 가양역 7번출구","2","2"
"202308","5084. 강서우체국","3","10"
"202308","5087. 연세강서빌딩","2","0"
"202308","5088. 등촌역 센터스퀘어","0","1"
"202308","5089. LG사이언스파크 E10동","0","1"
"202308","509. 이마트 버스정류소 옆","2","1"
"202308","5090. 대상연구소","1","1"
"202308","5095. 원당근린공원","3","4"
"202308","5096. LG사이언스파크 E14동","1","0"
"202308","510. 뚝도아리수정수센터 버스정류소 옆","17","17"
"202308","511. 서울숲역 5번 출구 옆","30","21"
"202308","512. 뚝섬역 1번 출구 옆","13","18"
"202308","513. 뚝섬역 5번 출구 정류소 옆","2","3"
"202308","514. 성수사거리 버스정류장 앞","3","0"
"202308","515. 광양중학교 앞","2","4"
"202308","516. 광진메디칼 앞","1","0"
"202308","518. 청계천 박물관 앞","1","1"
"202308","521. 왕십리역 11번 출구 앞","1","1"
"202308","523. 옥수동성당 옆","3","0"
"202308","525. 한양대병원사거리","5","2"
"202308","530. 청계벽산아파트 앞","0","1"
"202308","5306. 동신아파트 후문 옆","11","4"
"202308","5314. 월계1동주민센터 앞","1","0"
"202308","537. 한양대후문역 부근","1","5"
"202308","540. 군자역 7번출구 베스트샵 앞","2","0"
"202308","542. 강변역 4번출구 뒤","5","5"
"202308","543. 구의공원(테크노마트 앞)","1","3"
"202308","544. 광남중학교","0","1"
"202308","546. 잠실대교북단 교차로","2","2"
"202308","548. 자양나들목","6","9"
"202308","549. 아차산역 3번출구","0","1"
"202308","550. 서울시설공단 앞","1","1"
"202308","556. 달맞이공원","0","2"
"202308","557. 도선동 주민센터 앞","1","1"
"202308","558. 성동광진 교육지원청 앞","3","2"
"202308","559. 왕십리역 4번 출구 건너편","2","3"
"202308","560. 비전교회 앞","0","1"
"202308","561. 서울숲역 2번출구 앞","12","12"
"202308","562. 군자지하보도 앞","3","1"
"202308","563. 성동세무서 건너편","1","1"
"202308","565. 옥수역 3번출구","26","38"
"202308","567. 성수역 2번출구 앞","10","5"
"202308","568. 청계8가 사거리 B","12","10"
"202308","571. 세종대학교 대양AI센터","2","3"
"202308","573. 구의문주차장 앞","1","0"
"202308","574. 아차산역4번출구","11","7"
"202308","5751. 송파여성축구장","0","1"
"202308","5756. 극동아파트","2","1"
"202308","5759. 풍납근린공원","2","0"
"202308","576. 광나루역 3번 출구","1","1"
"202308","5760. 풍납사거리 성내유수지","1","1"
"202308","5764. 한국체육대학교","1","0"
"202308","5765. 삼전동주민센터 건너편","2","0"
"202308","5768.방이삼거리","10","12"
"202308","577. 광진청소년수련관","0","1"
"202308","582. 경일중학교 앞","6","5"
"202308","583. 청계천 생태교실 앞","11","10"
"202308","584. 광진광장 교통섬","7","6"
"202308","585. 성수2가1동 공영주차장 인근","6","1"
"202308","5853. 여의도역2번출구 앞","3","2"
"202308","5854. 신한금융투자 앞","12","7"
"202308","5855. 하이투자증권 앞","6","4"
"202308","5858. 영등포역5번출구","13","17"
"202308","5859. 여의도 삼부아파트","12","6"
"202308","5860. 어울림병원 앞","0","3"
"202308","5862. 당산역11번출구","6","6"
"202308","5864.장훈고 앞","0","1"
"202308","5865.더리브오피스텔 앞","17","9"
"202308","5866.포레나 당산","2","3"
"202308","5867. H타워 앞","2","4"
"202308","5868. 로프트시티오피스텔","1","3"
"202308","587. 유니베라 앞","10","7"
"202308","5870. LG트윈타워 앞","55","24"
"202308","588. 뚝섬 유원지역","37","33"
"202308","589. 성수역3번출구","15","27"
"202308","590. 건국대학교 (입학정보관)","0","1"
"202308","592. 건국대학교 학생회관","1","0"
"202308","593.자양중앙나들목","5","5"
"202308","602. 장안동 사거리","1","1"
"202308","605. 신설동역8번출구","13","12"
"202308","6053. 중부세무서 앞","14","11"
"202308","6054.청구e편한세상아파트 113동 앞","1","0"
"202308","6055. 한국경제","2","1"
"202308","609. 제기2교","3","7"
"202308","610. 동대문중 교차로","1","0"
"202308","612. 시립동부병원 앞 사거리","2","1"
"202308","613. 신설동역 10번출구 앞","5","3"
"202308","614. 용두동 사거리","1","0"
"202308","615. 용두동 래미안허브리츠아파트 앞","1","0"
"202308","616. 서울시립대 정문 앞 A","1","0"
"202308","623. 서울시립대 정문 앞 B","3","2"
"202308","624. 전농동 동아아파트 앞","0","1"
"202308","627. 장안동삼거리 교통섬","0","1"
"202308","630. 동대문구 보건소","3","0"
"202308","631. 답십리역 1번출구","4","6"
"202308","633. 청량리 기업은행 앞","7","13"
"202308","634. 외국어대 정문 앞","3","4"
"202308","635. 시조사 앞","2","0"
"202308","636. 세종대왕기념관 교차로","1","0"
"202308","637. KAIST 경영대학 앞","2","3"
"202308","638. 서울시립대 정보기술관","2","0"
"202308","639. 서울시립대 후문","0","2"
"202308","640. 동대문경찰서 교차로","4","3"
"202308","642. 신답역 사거리","0","4"
"202308","646. 장한평역 1번출구","7","4"
"202308","650. 중랑교사거리","1","1"
"202308","654. 전농동 텃골공원","1","1"
"202308","656. 영휘원 교차로","0","1"
"202308","657. 동대문롯데캐슬아파트 앞","0","1"
"202308","659. 제기동역 1번출구","3","0"
"202308","660. 동의보감타워","0","4"
"202308","661. 경희대학교 청운관","4","5"
"202308","663. 외대앞역 3번출구","3","5"
"202308","664. 서울시립대 건설공학관","1","0"
"202308","667.청량차도 육교 밑","1","0"
"202308","668.서울축산농협(장안지점)","3","6"
"202308","669.청계한신휴플러스앞 삼거리","0","1"
"202308","670.삼육서울병원 버스정류장","7","2"
"202308","671.대광빌딩","8","11"
"202308","672.대광고등학교","4","4"
"202308","673.안암골벽산아파트(후문)","3","0"
"202308","674.고대앞사거리 교통섬","9","5"
"202308","678.장안힐스테이트(아) 앞","1","0"
"202308","679.전농SK아파트 앞","0","1"
"202308","680.꿈마루어린이도서관 앞","3","1"
"202308","701. 목동사거리 부근","1","3"
"202308","703. 오목교역 7번출구 앞","2","3"
"202308","704. 남부법원검찰청 교차로","0","1"
"202308","719. 홍익병원앞 교차로","0","1"
"202308","726. 목동3단지 시내버스정류장","0","1"
"202308","744. 신목동역 2번 출구","1","0"
"202308","749. 이대목동병원보도육교","2","1"
"202308","752. 성원2차 아파트","0","1"
"202308","755. 목동1단지아파트 상가 앞","1","0"
"202308","756. 목동주차장","3","2"
"202308","758. 한사랑교회 앞","0","1"
"202308","765. 오목교역 3번출구","1","2"
"202308","768.목동5단지아파트 501동","1","1"
"202308","769.CBS방송국 앞","3","3"
"202308","770.목동역5번출구 교통정보센터 앞","3","2"
"202308","774.등촌역 4번 출구 ","0","1"
"202308","788.양천구청역 2번출구 옆","3","3"
"202308","792.목동트라팰리스 웨스턴에비뉴","1","0"
"202308","793.목동5단지아파트 534동","0","2"
"202308","802. 한강진역 2번 출구 앞","2","3"
"202308","803. 한남초교 앞 보도육교","3","1"
"202308","805. 문배어린이공원 앞","1","0"
"202308","806. 전자랜드 본관 앞","7","3"
"202308","807. 서울역 12번 출구 앞","10","11"
"202308","808. 서빙고동 금호맨션 앞","1","9"
"202308","809. 한남 유수지 복개주차장","9","1"
"202308","810. 이태원지하보도","10","6"
"202308","811. 녹사평역1번출구","16","4"
"202308","812. 용산전쟁기념관","4","3"
"202308","813. 삼각지역 3번출구","4","3"
"202308","815. LIG강촌아파트 103동앞","4","1"
"202308","816. 신용산역 6번출구 앞","5","2"
"202308","818. 숙명여대 입구 교차로","2","2"
"202308","819. 선린인터넷 고등학교","2","1"
"202308","820. 청파동입구 교차로","4","6"
"202308","822. 이촌1동 마을공원","9","2"
"202308","825. 서빙고동 주민센터 앞","38","67"
"202308","826. 서울역 서부교차로2","5","4"
"202308","828. 숙대입구역 8번","0","2"
"202308","829. 한강대교 북단 교차로","14","12"
"202308","831. 이태원관광특구입구A(녹사평역쪽)","2","4"
"202308","832. 이촌1동 주민센터 뒤","6","2"
"202308","834. 효창공원앞역 3번출구 뒤","2","3"
"202308","836. 현대자동차서비스 앞","5","14"
"202308","837. 한남나들목 입구","14","23"
"202308","838. 숙대입구역 4번출구","9","12"
"202308","839. 보광동 삼성리버빌아파트 앞","4","4"
"202308","841. 신용산역 1번 출구","3","11"
"202308","843. 이태원관광특구B(용산구청쪽)","9","16"
"202308","844. 이촌2동 동원베네스트 아파트 앞","1","0"
"202308","845. 용산 선인상가","1","1"
"202308","846. 용산중학교","2","1"
"202308","848. 삼각지12번 출구","2","3"
"202308","849. 삼각지 자이아파트","4","5"
"202308","852. 청암자이아파트 앞","1","2"
"202308","853.용산역 맞은편","19","27"
"202308","854.HID 유족동지회 앞","0","2"
"202308","855.이촌역5번출구 앞","0","2"
"202308","857. 현대 안성타워","4","7"
"202308","858.녹사평역3번 출구","2","7"
"202308","859.남산공원 야외식물원 앞","2","1"
"202308","860.LG한강 자이아파트 앞","15","9"
"202308","863.이촌역2번 출구","8","11"
"202308","864.순천향대학병원(한남오거리)","3","6"
"202308","865.하얏트호텔 앞","1","0"
"202308","866.브라운스톤 남산아파트","2","5"
"202308","867.서빙고역 광장(1번출구)","5","4"
"202308","869.노들섬 동측 앞","0","2"
"202308","870.노들섬 서측 앞","33","30"
"202308","906. 연신내역 5번출구","2","0"
"202308","907. CJ 드림시티","1","4"
"202308","912. 응암오거리","2","1"
"202308","914. 새절역 2번출구","3","0"
"202308","915. 증산역 4번출구","1","2"
"202308","925. 불광역 2번출구","2","0"
"202308","928. 은평역사한옥박물관","2","2"
"202308","933. 역촌종합시장 버스정류장(예일여고 방면)","1","0"
"202308","938. 금암 문화공원","0","1"
"202308","949. 연신내역 1번 출구 ","1","1"
"202308","954. 은평뉴타운구파발9단지","0","1"
"202308","961. 불광역 9번 출구","1","0"
"202308","962. 은평뉴타운 힐데스하임","1","0"
"202308","967. 서울혁신파크2","0","1"
"202308","982. 녹번초등학교(서오릉로)","1","0"
"202308","992.북한산입구 정류장","1","0"
"202308","996.응암역2번출구 국민은행 앞","2","1"
"202308","상담센터","1","0"
"202309","1001. 광진교 남단 사거리(천호공원 방면)","1","2"
"202309","1002. 해공공원(천호동)","1","0"
"202309","1003. 해공도서관앞","2","1"
"202309","1004. 삼성광나루아파트 버스정류장","0","1"
"202309","1007.암사동 선사유적지","1","0"
"202309","1008. 암사역 3번출구(국민은행앞)","0","6"
"202309","1009. 천호역4번출구(현대백화점)","3","4"
"202309","1019. 다성이즈빌아파트(호원대 대각선 맞은편)","0","1"
"202309","102. 망원역 1번출구 앞","32","24"
"202309","1029. 성내어울터","1","0"
"202309","103. 망원역 2번출구 앞","15","19"
"202309","1030. 미호 플랜트 앞","1","0"
"202309","1036. 고덕동 주양쇼핑","0","1"
"202309","104. 합정역 1번출구 앞","21","19"
"202309","1044. 굽은다리역","0","3"
"202309","105. 합정역 5번출구 앞","6","10"
"202309","1050.  둔촌역 3번 출입구","5","1"
"202309","1059. 래미안 강동팰리스(102동)","1","0"
"202309","106. 합정역 7번출구 앞","45","48"
"202309","1067.한영중고앞사거리","1","0"
"202309","107. 신한은행 서교동지점","21","12"
"202309","1072.고덕역 5번출구","0","1"
"202309","1073. SSTS 몰 앞","1","0"
"202309","1076. 천동초교입구사거리 버스정류장(십자성마을 방면)","1","1"
"202309","1078.둔촌사거리","1","1"
"202309","108. 서교동 사거리","41","24"
"202309","1080.엘웨딩","1","0"
"202309","1084. 윤선생빌딩(JYP사옥)","20","11"
"202309","1088.풍납사거리(강동)","1","0"
"202309","109. 제일빌딩 앞","27","21"
"202309","1090.상일동역 2번출구 앞","1","0"
"202309","1103. 방화역 4번출구앞","1","5"
"202309","1106. 신방화사거리","3","2"
"202309","111. 상수역 2번출구 앞","13","38"
"202309","1111. 마곡엠밸리6_7단지 마곡중학교","1","1"
"202309","1112. 마곡엠밸리4단지 정문","1","1"
"202309","1113. 서남환경공원 버스정류장","1","3"
"202309","1117. 등촌5단지아파트 버스정류장","0","1"
"202309","1118. 증미역 3번출구뒤(등촌두산위브센티움오피스텔)","0","4"
"202309","1119. 염창동 한마음아파트 앞","1","1"
"202309","112. 극동방송국 앞","26","15"
"202309","1122. 황금내근린공원","0","3"
"202309","1124. 발산역 6번 출구 뒤","2","2"
"202309","1128. 화곡역 6번출구","2","1"
"202309","1129. 화곡역 1번 출구 앞","1","0"
"202309","113. 홍대입구역 2번출구 앞","55","49"
"202309","1135. 강서구의회","0","1"
"202309","1139. 용문사 버스정류장","1","0"
"202309","114. 홍대입구역 8번출구 앞","60","73"
"202309","1140. 목동사거리 버스정류장","6","3"
"202309","1141. 곰달래 문화복지센터 A","0","1"
"202309","115. 마스타 빌딩 앞","8","6"
"202309","1150. 송정역 1번출구","1","1"
"202309","1153. 발산역 1번, 9번 인근 대여소","6","2"
"202309","1160. 양천향교역 7번출구앞","1","1"
"202309","1166. 강서구립등빛도서관","1","1"
"202309","1169. 염창역 1번 출구","3","3"
"202309","117. 홍은사거리","7","1"
"202309","1173. 강서구청사거리(SH타워)","1","1"
"202309","1174. 강서구청사거리(부민병원)","0","1"
"202309","1178. 개화산역 2번 출구","0","1"
"202309","118. 광흥창역 2번출구 앞","4","3"
"202309","1180. 마곡엠밸리 15단지(1502동) 건너편","0","1"
"202309","1182. KBS 스포츠월드","0","3"
"202309","1185. 등촌9단지","1","0"
"202309","1186. 송정중학교","1","2"
"202309","1188. 롯데중앙연구소","1","0"
"202309","119. 서강나루 공원","10","17"
"202309","1190. 마곡역 교차로(2번출구)","1","1"
"202309","1191. 마곡역 버스정류장(마곡나루역1번출구, 웰튼병원 방면)","2","3"
"202309","1192. 마곡수명산파크 209동 건너편","1","0"
"202309","1193. 마곡센트럴타워 1차","0","1"
"202309","1195. 코오롱One&Only타워","1","0"
"202309","1197. 엠펠리체 호텔 건너편","4","4"
"202309","1201. 가락시장역 3번 출구","0","1"
"202309","1205. 종합운동장역 4번출구","8","16"
"202309","1206. 9호선종합운동장역 9번출구","3","1"
"202309","1209. 잠실나루역 (2번 출구 쪽)","4","2"
"202309","121. 마포소방서 앞","2","0"
"202309","1210. 롯데월드타워(잠실역2번출구 쪽)","54","28"
"202309","1214. 오금역 7번 출구 인근","2","0"
"202309","1215. 올림픽공원역 1번출구 앞","1","3"
"202309","1217. 송파파인타운 7단지","0","1"
"202309","1218. 방이역 4번출구","1","0"
"202309","122. 신성기사식당 앞","5","1"
"202309","1220. 잠실근린공원","1","2"
"202309","1221. 삼전역 4번출구","3","1"
"202309","1222. 잠실새내역 5번 출구 뒤","19","21"
"202309","1224. 아시아지하보도 2번 출구","3","3"
"202309","1226. 잠실4동 주민센터 옆","0","1"
"202309","1228. 마천사거리 ","1","0"
"202309","123. 문화촌 공원","2","2"
"202309","1231. 잠실역 6번출구","7","15"
"202309","1232. 잠실주공 521동 건너편","19","21"
"202309","1233. 잠실3거리(갤러리아팰리스)","0","2"
"202309","1239. 문정 법조단지3","0","1"
"202309","124. 서강대 정문 건너편","4","4"
"202309","1240. 문정 법조단지4","1","0"
"202309","1241. 문정 법조단지5","0","1"
"202309","1244. 문정 법조단지8","2","0"
"202309","1245. 문정 법조단지9","2","1"
"202309","1246. 문정 법조단지10","0","1"
"202309","1248. 방이초등학교","1","1"
"202309","125. 서강대 남문 옆","4","7"
"202309","1251. 석촌역 2번출구","0","3"
"202309","1259. 방이역 1번출구","2","1"
"202309","126. 서강대 후문 옆","2","4"
"202309","1260. 방이동 한양3차아파트 옆","1","0"
"202309","1262. 송파여성문화회관 앞","1","2"
"202309","1264. 천호역 10번 출구 앞","3","4"
"202309","1267. 올림픽공원 남2문 앞","5","3"
"202309","1268. 몽촌토성역 1번출구 옆","17","20"
"202309","1269. 리센츠아파트 ","3","1"
"202309","127. 현대벤처빌 앞","1","6"
"202309","1278. 송파구청 교차로","7","11"
"202309","128. 신촌역(2호선) 1번출구 옆","10","9"
"202309","129. 신촌역(2호선) 6번출구 옆","4","7"
"202309","1291. 서울체육고등학교 앞","2","0"
"202309","1293. 석촌호수 서호 사거리","2","2"
"202309","1295. 잠실역 8번출구","6","18"
"202309","1296. 석촌호수교차로 (송파나루근린공원 앞)","9","6"
"202309","1297. 석촌호수교차로(동호 팔각정 앞)","4","8"
"202309","130. 신촌역(2호선) 7번출구 앞","23","33"
"202309","1302. 한성대입구역6번출구 뒤","1","0"
"202309","1303. 돈암초교 입구","3","0"
"202309","1305. 성북구청","2","1"
"202309","1306. 한성대입구역2번출구","2","4"
"202309","1308. 안암로터리 버스정류장 앞","11","9"
"202309","131. 증산2교","1","0"
"202309","1318. 길음역 3번출구 뒤","1","1"
"202309","1321. 국민은행 종암동지점 앞","19","23"
"202309","1323. 월곡역 입구 육교 밑","3","2"
"202309","1327. 상월곡역 3번출구","1","0"
"202309","1328. 월곡역 3번출구","2","2"
"202309","1332. 석계역 5번출구 건너편","0","1"
"202309","1334. 석관동주민센터 앞","1","0"
"202309","1336. 성북3교 위","2","8"
"202309","1337. 돈암성당 옆","5","4"
"202309","1338. 용문2교 옆","5","1"
"202309","1339. 삼성전자서비스 성북센터","2","0"
"202309","134. 연세로 명물길","5","3"
"202309","1349. 월계2교 버스정류장 앞","1","0"
"202309","135. 명물길 원형무대 앞","3","3"
"202309","1351. 안암2교 옆","8","4"
"202309","1354. 고려대학교 2번출구","11","10"
"202309","1355. 보문2교","12","6"
"202309","1362. 보문역6번출구 앞","2","1"
"202309","1363. 보문4교 인근","3","2"
"202309","1365. 선잠단지 앞","1","0"
"202309","1366. 일신초등학교 옆","1","0"
"202309","1368. 성신여대입구 교차로","4","3"
"202309","137. 신촌기차역입구 교차로","3","8"
"202309","1372. KEB은행 고대점","4","3"
"202309","1373. 성북구보건소 건너편","1","2"
"202309","138. 신촌동 제1공영주차장 앞","1","4"
"202309","1380.월곡역 5번출구 앞","0","1"
"202309","1381.석계역 4번출구 뒤","0","2"
"202309","1382.래미안월곡아파트 입구","0","1"
"202309","1384.성신여대입구역 5번출구","6","1"
"202309","1385.성신여대입구역 3번출구 앞","3","2"
"202309","1386.동선고가차도 초입","0","1"
"202309","139. 연세대 정문 건너편","0","2"
"202309","1390.석관래미안아트리치","0","1"
"202309","1393.돈암육교 하단","0","1"
"202309","1396.래미안장위퍼스트하이(513동)","1","1"
"202309","140. 이화여대 후문","5","5"
"202309","141. 연대 대운동장 옆","0","1"
"202309","142. 아현역 4번출구 앞","1","7"
"202309","1424. 양원역 2번출구","0","2"
"202309","143. 공덕역 2번출구","8","8"
"202309","144. 공덕역 8번출구","37","56"
"202309","1440. 면목2동 사거리","2","0"
"202309","1444. 면목4치안센터","1","1"
"202309","1446. 중랑전화국 교차로","1","0"
"202309","1448. 코스트코 상봉점","2","2"
"202309","145. 공덕역 5번출구","1","2"
"202309","1450. 화랑대역 7번출구","1","2"
"202309","1451. 중랑세무서","2","4"
"202309","1452. 겸재교 진입부","1","0"
"202309","1454. 한국전력공사(동대문 중랑지사)","0","1"
"202309","146. 마포역 2번출구 뒤","16","26"
"202309","1462.동부시장 북문 앞","0","1"
"202309","147. 마포역 4번출구 뒤","35","43"
"202309","1474.서울중랑우체국","1","0"
"202309","1477.면목삼익아파트 앞","1","0"
"202309","1479.면목 홈플러스 2 ","1","0"
"202309","148. 용강동 주민센터 앞","16","12"
"202309","150. 서강대역 2번출구 앞","17","23"
"202309","1526. 강북종합시장 앞","1","0"
"202309","1529. 미아동 한국전력공사","1","1"
"202309","153. 성산2교 사거리","5","2"
"202309","1530. 광산사거리","1","2"
"202309","1531. 미아사거리 1번 출구","2","0"
"202309","1532. 번3동 주민센터 교차로","1","1"
"202309","1535. 효성인텔리안 앞","3","4"
"202309","154. 마포구청역 ","6","1"
"202309","155. 가좌역1 번출구 앞","5","1"
"202309","1551.4.19탑 앞","1","0"
"202309","1557.신창교","0","1"
"202309","156. 서울서부지방법원 앞","0","2"
"202309","1560. 도봉세무서 앞","1","2"
"202309","1565.수유사거리","3","0"
"202309","1569.수유역2번출구","2","4"
"202309","157. 애오개역 4번출구 앞","10","4"
"202309","1574.송중초등학교 옆","1","0"
"202309","159. 이대역 4번 출구","4","5"
"202309","160. 북아현동 가구거리","1","4"
"202309","1608. 공릉역 1번 출구 앞","2","5"
"202309","161. 무악재역1번 출구","1","2"
"202309","1610. 화랑대역 2번출구 앞","1","1"
"202309","1611. 과기대 입구(우)","4","3"
"202309","1616. 하계2동 공항버스정류장 옆","1","0"
"202309","162. 봉원고가차도 밑","1","1"
"202309","1625. 상계역 3번출구","1","1"
"202309","163. 명지전문대학교 정문 앞","0","6"
"202309","1634. 당고개공원 대여소","1","1"
"202309","1635. 상계3.4동 주민센터 대여소","1","2"
"202309","1640. 한내근린공원 북측","1","1"
"202309","1641. 한내근린공원 남측","2","0"
"202309","1642. 서울여대 남문","2","2"
"202309","1643. 태릉입구역 8번출구","3","2"
"202309","1646. 삼육대 입구","1","1"
"202309","1653. 노원역1번출구","7","11"
"202309","1654. 당고개입구 오거리","2","2"
"202309","166. 가재울 초등학교","0","1"
"202309","1662. 노원역7번출구","0","1"
"202309","1663. 동해문화예술관앞","4","5"
"202309","1677. 육군사관학교  앞","1","0"
"202309","1684. 태릉입구역 5번출구","2","1"
"202309","1686. 상계주공10단지 종합상가 앞","1","0"
"202309","1691. 노원정보도서관","11","7"
"202309","1693. 원자력 병원","2","0"
"202309","170. DMC파크뷰자이아파트 302동 앞","7","5"
"202309","1702. 녹천역 1번출구 앞","0","1"
"202309","1706. 방학동우체국 건너편","1","0"
"202309","1709. 쌍문역4번출구 주변","1","0"
"202309","1732. 방학역사거리","2","1"
"202309","1737. 신창시장","1","0"
"202309","1738. 창동주공17단지 상가앞","2","0"
"202309","175. 홍연2교옆","8","1"
"202309","1750. 창포원 남쪽 입구","0","1"
"202309","1754. 창동시장입구 사거리","1","1"
"202309","1758.솔밭공원역 1번출구 주변","0","1"
"202309","176. 명지대학교 도서관","13","10"
"202309","1761.방학중학교 앞","1","0"
"202309","1765.쌍문역 1번출구 주변","2","1"
"202309","1767.방학초등학교 앞","1","0"
"202309","1768.신동아타워 버스정류소","1","0"
"202309","1771.성원APT버스정류소","1","0"
"202309","178. 증산3교 앞","1","1"
"202309","179. 가좌역 4번출구 앞","4","1"
"202309","180. 충정로역 7번출구 아래","4","3"
"202309","1805. 서울디지털운동장 앞","4","0"
"202309","181. 망원초록길 입구","22","28"
"202309","1812. 갑을그레이트밸리 앞","0","1"
"202309","1819. 금천구청 앞 자전거거치대","3","5"
"202309","182. 망원2빗물펌프장 앞","5","8"
"202309","1827. 독산보도육교 앞 자전거 보관소","3","3"
"202309","1829. 홈플러스 금천점 앞","1","1"
"202309","183. 하늘채코오롱아파트 건너편","9","11"
"202309","1831. 메이퀸웨딩컨벤션 앞","1","1"
"202309","1833. 독산역 1번출구 A","0","1"
"202309","1834. 월드메르디앙 벤처센터 2차","2","2"
"202309","1839. 수출의 다리 아래","3","0"
"202309","184. 7번가피자 서교망원점","5","6"
"202309","1845. 롯데캐슬골드파크1차 서문","2","1"
"202309","185. 마포 신수공원 앞","11","15"
"202309","1851. 가산디지털단지 9번출구 인근","2","0"
"202309","1858. 500번·507번 버스 종점 앞","0","6"
"202309","186. 월드컵공원","17","16"
"202309","1862.스타즈호텔독산 빌딩 앞","10","8"
"202309","1863.위너스 스포츠클럽 골프연습장옆","1","2"
"202309","1865.금천구청앞(M빌딩)","3","0"
"202309","1867.대륭포스트타워6차 앞","1","0"
"202309","1868.우리은행 시흥남자동화점 앞","1","1"
"202309","188. 홍은동 정원여중 입구","4","0"
"202309","1904. 도림천역 1번 출구 앞","0","3"
"202309","1906. 신도림역 1번 출구 앞","1","2"
"202309","1908. 해원리바파크 육교 밑","1","0"
"202309","1911. 구로디지털단지역 앞","4","8"
"202309","1912. 한신휴아파트 앞","1","0"
"202309","1914. 대림역4번출구","1","2"
"202309","1925. 동양미래대학교 정문 옆","2","1"
"202309","1937. 한진아파트 입구","0","2"
"202309","194. 증산교 앞","6","4"
"202309","1941. 오류동역 2번출구","1","0"
"202309","1946. 구로역 광장","1","2"
"202309","195. 모래내고가차도 ","1","7"
"202309","1955. 디지털입구 교차로","2","1"
"202309","1958. 강서수도사업소민원센터","0","3"
"202309","196. 연희교차로 인근","0","1"
"202309","1961. 신도림테크노근린공원","2","1"
"202309","1973. 오리로와 서해안도로 교차로 앞","0","3"
"202309","1975. 대림역 1번 출입구 밑","2","0"
"202309","198. 충정2교","2","1"
"202309","1981. 천왕지구삼거리 앞","1","0"
"202309","1985. 구로도서관","1","0"
"202309","1986. 태평양물산빌딩","1","0"
"202309","1987. 개봉아이파크아파트 앞","1","1"
"202309","199. 서울 월드컵 경기장","19","4"
"202309","1991. 오류동역 맞은편","2","1"
"202309","1996. 구일역 1번 출입구 앞","4","4"
"202309","2000. 신도림4차 e편한세상 아파트 1109동 앞","2","2"
"202309","2002. 노들역 1번출구","21","21"
"202309","2003. 사육신공원앞","9","5"
"202309","2007. 유한양행앞","3","4"
"202309","201. 진미파라곤 앞","20","17"
"202309","2013. 장승배기역 5번출구","0","1"
"202309","202. 국민일보 앞","26","24"
"202309","2024. 상도역 1번출구","1","0"
"202309","2025. 흑석역 1번출구","17","30"
"202309","2026. 흑석역 4번출구","3","0"
"202309","2027. 중앙대학교 정문 1","6","13"
"202309","203. 국회의사당역 3번출구 옆","3","7"
"202309","2037. 동작역 5번출구 동작주차공원","13","10"
"202309","204. 국회의사당역 5번출구 옆","8","22"
"202309","2040. 비계 버스정류소","1","3"
"202309","205. 산업은행 앞","20","5"
"202309","2050. 노량진역 5번출구","6","4"
"202309","2054. 삼익아파트","1","1"
"202309","2056. 동작구민 체육센터","1","0"
"202309","2058. 동작경찰서","10","14"
"202309","206. KBS 앞","18","7"
"202309","2060. 남성역3번출구 뒤","1","0"
"202309","2065. 서울시여성가족재단","1","0"
"202309","2066. 양문교회 앞","1","2"
"202309","2067. 보라매역?동작세무서 버스정류장(강남중학교방면)","2","1"
"202309","2069. 숭실대 입구역3번 출구 앞","0","1"
"202309","207. 여의나루역 1번출구 앞","268","262"
"202309","2070. 노량진역 2번 출구 앞","2","15"
"202309","2077.노들역 3번출구","8","8"
"202309","2078.흑석 아크로리버하임(103동)","0","1"
"202309","2079.중앙대학교 중앙광장","2","2"
"202309","2080. 대방지하보도(대방동경남아너스빌아파트)","6","1"
"202309","2082.7호선 이수역7번출구","1","2"
"202309","2084.e편한세상 상도노빌리티 앞","4","2"
"202309","2085.강남중학교 앞","2","2"
"202309","2088.상도중앙하이츠빌 입구","0","1"
"202309","2089.사당역10번출구(금강빌딩)","1","0"
"202309","209. 유진투자증권빌딩 앞","17","22"
"202309","2095.경문고등학교 앞","1","1"
"202309","2102. 봉림교 교통섬","10","13"
"202309","2103. 신림동 우방아파트","1","2"
"202309","2104. 사당역 5번출구","3","0"
"202309","2106. 세이브마트","1","0"
"202309","2107. 도림천 신화교","3","2"
"202309","2109. 은천로입구 가로공원","2","0"
"202309","2111. 서울대입구역 1번출구","0","1"
"202309","2115. 관악구시설관리공단","1","1"
"202309","2119. 중앙동 동진빌딩","2","2"
"202309","2128. 관악구청교차로","2","1"
"202309","213. KT앞","9","12"
"202309","2139. 서울신성초등학교","1","1"
"202309","214. 금융감독원 앞","4","4"
"202309","2140. 신림1교 교차로","5","6"
"202309","2141. 미림여고입구 교차로","1","0"
"202309","2143. 서울산업정보학교","1","3"
"202309","215. 여의도고교 앞","24","36"
"202309","2156. 신림푸르지오아파트","1","1"
"202309","2164. 관악우체국","4","2"
"202309","217. NH농협은행 앞","5","5"
"202309","2171. 서울대입구역 5번출구","0","3"
"202309","2173. 당곡사거리","1","2"
"202309","2176. 보라매공원 보도육교","0","2"
"202309","2177. 신대방역 2번 출구","3","3"
"202309","2178. 서울대학교 정문","1","2"
"202309","2183. 동방1교","3","6"
"202309","2185. 대학동 고시촌","4","3"
"202309","219. 롯데캐슬엠파이어 옆","5","9"
"202309","2191.대학동주민센터 ","0","1"
"202309","220. 미성아파트 A동 앞","13","6"
"202309","221. 여의도초교 앞","33","24"
"202309","2210. 반포1동 주민센터 앞","3","0"
"202309","2211. 서초구립반포도서관 앞","1","3"
"202309","2213. 고속터미널역 5번출구 앞","1","1"
"202309","2214. 신반포역 2번출구 앞","19","23"
"202309","2215. 반포종합운동장 입구","2","1"
"202309","2217.아크로리버뷰 부지 앞","18","37"
"202309","2219. 고속터미널역 8-1번, 8-2번 출구 사이","47","42"
"202309","222. 시범아파트버스정류장 옆","2","5"
"202309","2221. 방일초교 마을버스 정류장","0","2"
"202309","2222.사당역 12번출구 뒤","2","0"
"202309","2229.로고스교회 맞은 편","0","1"
"202309","223. 진주아파트상가 앞","0","2"
"202309","2231. 삼성타운(삼성생명) A동 맞은편","5","3"
"202309","2233. 서초신동아1차아파트 옆","2","0"
"202309","2239.교대역 6번출구","1","4"
"202309","224. 롯데캐슬 앞","5","4"
"202309","2242.양재역 11번 출구 앞","0","1"
"202309","2243.서울가정법원","1","0"
"202309","2244.교육개발원입구 교차로","5","0"
"202309","225. 앙카라공원 앞","15","10"
"202309","2250. 서초유치원 맞은편","0","2"
"202309","2251. 더케이호텔 입구(양재2) ","1","1"
"202309","2252. 잔디마을 마을버스 정류장","0","1"
"202309","2255. 양재시민의숲역 1번출구","1","1"
"202309","2259. 잠원역 3번-4번 출구사이 ","25","30"
"202309","226. 샛강역 1번출구 앞","10","10"
"202309","2262. 한신16차아파트 119동 앞","128","134"
"202309","2266. 서초역 3번출구","2","1"
"202309","2268. 서초4동주민센터 ","9","6"
"202309","2269. 주홍교 하부","0","1"
"202309","227. 양평2나들목 보행통로 입구","10","10"
"202309","2270. 서초포레스타 7단지","0","1"
"202309","2272. 교대입구 교차로","2","4"
"202309","2273. 일동제약 사거리","0","1"
"202309","2274. 양재시민의숲역 3번출구","1","0"
"202309","2276. 영동1교 (양재천근린공원)","0","4"
"202309","2277. 길마중4교 하부","6","6"
"202309","2279. 교대역 5번출구뒤","3","1"
"202309","228. 선유도역 3번출구 앞","13","11"
"202309","2293. SPC 앞","0","1"
"202309","2294. 두상빌딩 앞","2","1"
"202309","2297. 남부터미널역 1번출구","2","1"
"202309","230. 영등포구청역 1번출구","4","12"
"202309","2301. 현대고등학교 건너편","41","37"
"202309","2302. 교보타워 버스정류장(신논현역 3번출구 후면)","1","12"
"202309","2303. 논현역 10번출구","9","12"
"202309","2305. MCM 본사 직영점 앞","1","0"
"202309","2306. 압구정역 2번 출구 옆","28","30"
"202309","2307. 압구정 한양 3차 아파트","14","8"
"202309","2308. 압구정파출소 앞","13","9"
"202309","2309. 청담역(우리들병원 앞)","0","2"
"202309","231. 남부고용노동지청 남측","4","0"
"202309","2310. 청담동 맥도날드 옆(위치)","3","0"
"202309","2312. 청담역 13번 출구 앞","4","8"
"202309","2313. 금원빌딩 앞","18","10"
"202309","2314. 청담나들목입구","2","3"
"202309","2315. 봉은사역 5번출구 옆","3","9"
"202309","2319. 포스코사거리 서측(수협 삼성동 지점)","2","0"
"202309","2323. 주식회사 오뚜기 정문 앞","1","0"
"202309","2324. 천주교 대치 2동 교회 옆","1","0"
"202309","2327. 뱅뱅사거리 랜드마크타워 앞","5","2"
"202309","2328. 르네상스 호텔 사거리 역삼지하보도 7번출구 앞","2","1"
"202309","2330. 역삼월드메르디앙아파트 앞","1","0"
"202309","2331. 동영문화센터앞","3","3"
"202309","2332. 선릉역3번출구","3","5"
"202309","2333. 양재역 3번출구 주변","1","0"
"202309","2335. 3호선 매봉역 3번출구앞","2","2"
"202309","2336. 강남세브란스교차로  래미안그레이튼 104동 앞","2","0"
"202309","2339. 현대아파트 정문 앞","1","0"
"202309","234. 영등포구민체육센터 앞","0","1"
"202309","2340. 삼호물산버스정류장(23370) 옆","3","4"
"202309","2348. 포스코사거리(기업은행)","5","2"
"202309","2349. 역삼빌딩 앞(하나은행 옆)","3","3"
"202309","235. 신길동 우리은행 옆","1","0"
"202309","2353. 강남구청역 2번출구 뒤","1","2"
"202309","2354. 청담역 2번출구","5","3"
"202309","2356. 강남구청","1","6"
"202309","236. 문래동자이아파트 앞","3","7"
"202309","2360. 도곡1동 주민센터 교차로","1","0"
"202309","2362. 신사동 가로수길 입구","19","31"
"202309","2363. 강남 을지병원 교차로","14","11"
"202309","2364. 도산공원교차로","9","6"
"202309","2365. K+ 타워 앞","22","23"
"202309","2369. KT선릉타워","2","3"
"202309","2370. 한티역 3번출구","0","2"
"202309","2371. 한국우편사업진흥원","0","2"
"202309","2372. 대치역 사거리","0","1"
"202309","2373. 개포동역 사거리","1","1"
"202309","2377. 수서역 5번출구","1","0"
"202309","238. 제2구민체육센타 앞","2","0"
"202309","2380. 삼성동베이직하우스앞","1","3"
"202309","2381. 언주역 6번출구앞","2","2"
"202309","2382. 역삼동 sk뷰 501동앞","0","1"
"202309","2384. 자곡사거리","1","0"
"202309","2385. 학동역","1","2"
"202309","2386. 크린랩 본사","1","2"
"202309","2387. 래미안강남힐즈 사거리","1","2"
"202309","2388. 강남구 도시관리공단","7","1"
"202309","239. 유스호스텔 앞","5","2"
"202309","240. 문래역 4번출구 앞","6","5"
"202309","2404. 대모산입구역 4번 출구 앞","1","2"
"202309","2405. 청담공원앞 교차로","5","3"
"202309","2406. 논현동 광명빌딩 앞","7","3"
"202309","2407. 역삼서초삼성 세무서 앞 (역삼빌딩 앞)","7","15"
"202309","2409. 역삼동 디오슈페리움 (우성아파트 사거리)","3","3"
"202309","2410. 포스코피앤에스타워 (역삼역 3번출구 부근)","3","3"
"202309","2413.도곡역 1번 출구","3","1"
"202309","2414. 도곡역 아카데미스위트 앞","1","2"
"202309","2415.한티역 롯데백화점 앞","0","1"
"202309","2416.한티역 6번 출구","0","1"
"202309","2417.선정릉 디캠프(D.CAMP)앞","1","1"
"202309","2418.봉은사역 7번 출구 ","15","16"
"202309","2419.봉은사역 1,2번 출구 ","15","17"
"202309","2421. 신논현역 4번출구","13","10"
"202309","2423.영희초교 사거리(래미안개포루체하임)","4","0"
"202309","2429.압구정로데오역 6번출구","23","30"
"202309","243. 이앤씨드림타워 앞","2","1"
"202309","2430.강남파이낸스센터앞(역삼역2번출구)","4","5"
"202309","244. 영등포삼환아파트 앞","1","0"
"202309","245. 삼성생명 당산사옥 앞","1","1"
"202309","247. 당산역 10번출구 앞","18","11"
"202309","248. 초원아파트 앞","19","17"
"202309","249. 여의도중학교 옆","76","66"
"202309","2501. 서초 포레스타5단지","4","0"
"202309","2503. 반포1동 서초빌딩 앞","3","2"
"202309","2504. 신사역 4번출구 뒤","17","19"
"202309","2505. 우성아파트사거리 (기업은행앞)","9","5"
"202309","2508. 양재이스타빌 앞","0","1"
"202309","251. 서울지방병무청 버스정류장","2","7"
"202309","2515.서초초등학교 후문","13","18"
"202309","2516.본마을 노인복지센터 앞","2","0"
"202309","252. 보라매역4번출구","0","1"
"202309","2521.서초 크로바타워 앞","0","3"
"202309","2523.뉴코아 킴스클럽 앞","4","1"
"202309","2524.반포쇼핑타운 8동 앞","7","8"
"202309","2525.반포쇼핑타운 2동 앞","93","158"
"202309","2527.반포중학교 앞(세화여고 맞은편)","6","14"
"202309","2528.함지박 사거리","1","1"
"202309","2529.우리은행 방배동지점 앞","2","2"
"202309","2530.삼호3차아파트 앞","11","6"
"202309","2531.멤피스아파트 앞","2","0"
"202309","2533.한가람미술관 앞","2","0"
"202309","2535.신반포역 3번출구 뒤","3","7"
"202309","2537.양재역 8번출구 앞","1","1"
"202309","2538.사평리근린공원","24","15"
"202309","254. 도림신협 앞","2","0"
"202309","2542.신논현타워 앞","7","15"
"202309","2545.국립중앙도서관(국제회의장옆)","0","1"
"202309","2547. 반포래미안 리오센트","4","0"
"202309","2548.반포1동 자율방범초소 옆","0","2"
"202309","258. 신길역3번출구","3","3"
"202309","259. 대방역6번출구","2","9"
"202309","260. 여의도 마리나선착장 앞","0","9"
"202309","2601. 석촌호수 아뜰리에","8","11"
"202309","2603. 송파 글마루 도서관","1","1"
"202309","2605. 복정역 1번 출구 앞","1","0"
"202309","2608. 송파구청","17","17"
"202309","2611. 송파지역자활센터 뒤","4","0"
"202309","2613. 잠실나들목","9","1"
"202309","2615. 테라타워2","0","3"
"202309","2618. 삼전역 1번출구","4","2"
"202309","2619. 석촌고분역 4번출구","0","1"
"202309","262. 영문초등학교 사거리","3","0"
"202309","2620. 송파나루역 4번 출구옆","2","4"
"202309","2621. 한성백제역 2번 출구","23","14"
"202309","2622. 올림픽공원역 3번출구","33","35"
"202309","2623.석촌동 주민센터","0","1"
"202309","2628.문정역 1번출구","1","1"
"202309","263. 근로자회관 사거리","1","1"
"202309","2630.서울방이동 고분군","1","0"
"202309","2632.석촌고분역 2번 출구","0","1"
"202309","2633.송파학사 옆","1","0"
"202309","2634.위례포레샤인아파트 2318동","1","0"
"202309","2635.잠실새내역 1번출구","7","1"
"202309","2637. 아시아지하보도 14번 출구","3","4"
"202309","2639.석촌역 8번출구","0","2"
"202309","264. 교보생명보험 앞","1","0"
"202309","2645.잠실나들목2(엘스아파트136동)","6","3"
"202309","2647.잠실 자전거 수리센터 앞","9","16"
"202309","265. 영등포유통상가 사거리","1","0"
"202309","2653.올림픽공원사거리(선수촌아파트)","1","1"
"202309","2656.풍납동 아이파크 107동 앞","1","0"
"202309","2658.가락몰 업무동","1","0"
"202309","266. 영등포청과시장 사거리","1","0"
"202309","267. 삼성화재 사옥 옆","4","5"
"202309","268. 그랜드컨벤션센터 앞","2","4"
"202309","270. 증권거래소후문교차로","7","1"
"202309","2701. 마곡나루역 5번출구 뒤편","3","1"
"202309","2703.서울도시가스 앞 ","1","1"
"202309","2704.홈플러스(강서점)","0","1"
"202309","2707.한강아파트","2","0"
"202309","2708.강서한강자이타워 앞","3","2"
"202309","2709.강변아파트 310동 앞","0","1"
"202309","271. 샛강생태공원방문자센터 앞","3","5"
"202309","2713.우장초등학교 앞","1","0"
"202309","2715.마곡나루역 2번 출구 ","8","5"
"202309","2717.LG유플러스 마곡사옥","1","1"
"202309","2718.마곡수명산파크1단지","0","1"
"202309","272. 당산육갑문","38","26"
"202309","2721.등촌1-10단지 교차로","1","2"
"202309","2723.마곡 필네이처","0","3"
"202309","2725.서울식물원 식물문화센터","2","0"
"202309","2728.마곡나루역 3번 출구","15","14"
"202309","2729.넥센 유니버시티 앞","4","1"
"202309","2730.마곡메가박스 앞","0","3"
"202309","2740.마곡레포츠센터","0","2"
"202309","275. 신동아아파트","2","2"
"202309","276. 영등포로터리2","4","8"
"202309","278. 쌍용플레티넘오피스텔","2","0"
"202309","280. 양평동6차현대아파트 앞","1","2"
"202309","2801. 대륭포스트타워1차","1","2"
"202309","281. 대림신동아아파트 앞","2","0"
"202309","284. 센트럴 푸르지오 시티 앞","6","7"
"202309","285. 콤텍시스템 앞","2","0"
"202309","287. 영등포전화국사거리 (서강어린이공원)","2","1"
"202309","288. 쌍용예가(구청별관)","3","2"
"202309","2908. 광운대학교 중앙도서관","1","0"
"202309","291. 문래동 하이테크 시티","4","1"
"202309","2914.서울과학기술대학교(미래관)","0","1"
"202309","2915.서울과학기술대학교(어학교육원)","7","2"
"202309","2919.등나무 근린공원(시립북서울미술관 앞) ","1","0"
"202309","293. 충북 미래관","23","15"
"202309","296.KT플라자 영등포점","0","1"
"202309","297.국회3문","3","2"
"202309","298.KBS 연구동 건너편","5","4"
"202309","299.여의도 순복음교회","16","23"
"202309","300. 정동사거리","1","4"
"202309","3002.벽산상암스마트큐브 ","3","7"
"202309","3006. 상암월드컵파크5단지(상암중학교)","2","2"
"202309","3008.DMC역7번출구","0","1"
"202309","3009. 홍대입구역 사거리","16","33"
"202309","301. 경복궁역 7번출구 앞","5","10"
"202309","3010.홍대입구역 3번출구","84","73"
"202309","3013.서울지방고용노동청 앞","17","7"
"202309","302. 경복궁역 4번출구 뒤","49","70"
"202309","303. 광화문역 1번출구 앞","8","12"
"202309","305. 종로구청 옆","19","13"
"202309","307. 서울역사박물관 앞","3","5"
"202309","308. 광화문 S타워 앞","5","3"
"202309","309. 광화문역 6번출구 옆 B","7","2"
"202309","310. 청계광장 옆","21","18"
"202309","3100. 북성초교","3","4"
"202309","3101. 서대문구청","2","0"
"202309","3102. 연희삼거리","3","0"
"202309","3103. 홍제삼거리 북측","4","5"
"202309","3104. e편한세상 신촌4단지 앞","0","2"
"202309","3110.홍은 현대아이파크 아파트 202동 앞","0","5"
"202309","3113. 독립문 앞","3","3"
"202309","3115.북아현 치안센터 인근","2","0"
"202309","3116.신촌역 4번출구","12","6"
"202309","3117.이화여대 인문관 인근","1","5"
"202309","3119.연희 브라운스톤 아파트 앞","7","15"
"202309","3120.DMC엘가아파트 앞","0","1"
"202309","3121.가좌삼거리","1","1"
"202309","3122.북가좌삼거리2","0","2"
"202309","3125.연희파크푸르지오아파트 앞","3","3"
"202309","3126.남가좌동 제2공영주차장","2","0"
"202309","3127.홍은2파출소 옆","1","0"
"202309","3128.동신병원 맞은편","6","5"
"202309","3134.SK리쳄블(상수도사업본부)","2","2"
"202309","314. 국립현대미술관","50","26"
"202309","316. 종각역 1번출구 앞","8","6"
"202309","318. 광교사거리 남측","10","16"
"202309","320. 을지로입구역 4번출구 앞","21","17"
"202309","3201.당산skv1센터","0","2"
"202309","3202.당산롯데캐슬프레스티지","1","2"
"202309","3203.도림동배드민턴체육관","2","3"
"202309","3204.도림고가도로 밑","2","1"
"202309","3205.문래현대2차","0","1"
"202309","3206.문래동 주민센터","1","1"
"202309","3207.양남사거리1","0","1"
"202309","321. KEB 하나금융그룹 명동사옥 옆","51","41"
"202309","3212.신풍역 6번출구","1","2"
"202309","3214.영등포 푸르지오 아파트 A","1","1"
"202309","3215.강변삼성래미안","4","5"
"202309","3219.영등포역 1번출구","4","2"
"202309","322. 명동성당 앞","11","16"
"202309","3220.래미안에스티움 앞 (신풍로)","1","0"
"202309","3221.서울특별시 남부교육지원청","0","3"
"202309","324. 신세계백화점 본점 앞","33","24"
"202309","326. 안국역 5번출구 앞","29","24"
"202309","327. 낙원상가 옆","22","19"
"202309","328. 탑골공원 앞","28","24"
"202309","329. 청계2가 사거리 옆","20","18"
"202309","331. 을지로2가 사거리 북측","7","11"
"202309","332. 을지로2가 사거리 남측","2","3"
"202309","334. 종로3가역 2번출구 뒤","18","13"
"202309","335. 종로3가역 15번출구 앞","9","10"
"202309","336. 충무로역 6번출구 앞","16","27"
"202309","337. 창경궁 입구","13","10"
"202309","338. 세운스퀘어 앞","11","10"
"202309","339. 종로4가 사거리","22","39"
"202309","340. 혜화동 로터리","2","1"
"202309","3401.창신두산아파트","0","2"
"202309","3402.이화공영주차장","0","3"
"202309","3405.파크팰리스","4","3"
"202309","3407.안국동사거리(신)","37","33"
"202309","3408.종로타워빌딩","12","5"
"202309","341. 혜화역 3번출구 뒤","5","4"
"202309","3410.종로3가역 8번출구","42","39"
"202309","3411.종묘","20","22"
"202309","3412.세운상가","12","14"
"202309","3413.종로플레이스","18","11"
"202309","3414.종로5가역 4번출구","43","49"
"202309","3415.동대문역6번출구","22","26"
"202309","3416.동묘앞역 6번출구","19","15"
"202309","3417.창신3동주민센터","1","2"
"202309","3419.국립어린이과학관","1","1"
"202309","342. 대학로 마로니에공원","13","7"
"202309","3420. 성균관대입구 사거리 B","9","9"
"202309","3421.혜화역 1번출구","11","12"
"202309","3422.성균관대 정문","4","1"
"202309","3423.현대그룹(본사)","4","1"
"202309","3425.광화문 풍림스페이스본 1단지앞","5","0"
"202309","3426.독립문역 2번출구 뒤","1","0"
"202309","3427.인왕산 아이파크 정문","1","0"
"202309","3428.서울미술관","0","2"
"202309","343. 힐스테이트창경궁 아파트 앞","16","13"
"202309","3432.종로2가 사거리","13","25"
"202309","344. 성균관대 E하우스 앞","3","3"
"202309","345. 서울보증보험본사 앞","5","4"
"202309","346. 맥스타일 앞","40","34"
"202309","347. 동대문역사문화공원역 9번출구 앞","35","36"
"202309","348. 독립문역 사거리","2","5"
"202309","349. 어린이도서관","3","1"
"202309","3501. 광진구청 앞","1","0"
"202309","3502. 중곡역 1번출구","0","1"
"202309","3503. 광진유진스웰","0","3"
"202309","3504. 원일교회","2","1"
"202309","3505. 신양초교앞 교차로","10","5"
"202309","3506. 영동대교 북단","5","4"
"202309","3508. 화양사거리","1","5"
"202309","3509. 세종사이버대학교","5","1"
"202309","351. 청운초교 앞 삼거리","1","2"
"202309","3511. 응봉역 1번출구","38","40"
"202309","3513. 상왕십리역 1번출구","6","7"
"202309","3514. 왕십리교회옆","4","2"
"202309","3515. 서울숲 관리사무소","118","97"
"202309","3517. 용마사거리","2","1"
"202309","3518. 군자역 7번출구뒤","1","1"
"202309","352. 중앙고입구 삼거리","0","14"
"202309","3520. 광진경찰서","1","0"
"202309","3523. 건국대학교 과학관(이과대) 앞","1","0"
"202309","3524. 세종대학교","1","1"
"202309","3525. 금호스포츠센터앞","5","4"
"202309","3528. 광진정보도서관","6","0"
"202309","3529. 어린이대공원정문","2","1"
"202309","353. 재동초교 앞 삼거리","42","37"
"202309","3533. 건대입구역 사거리(롯데백화점)","24","33"
"202309","3534. 건대입구역 5번출구 뒤","35","54"
"202309","3539. 서원마을","3","1"
"202309","354. 포르투갈 대사관 앞","14","11"
"202309","3541. 커먼그라운드","10","11"
"202309","3543. 세종대학교(학술정보원)","4","0"
"202309","3544.한양대역 3번 출구","4","8"
"202309","3545.한양대역 1번출구","2","2"
"202309","3547.상왕십리역 6번 출입구","4","8"
"202309","3548.뚝섬역 6번출구","13","17"
"202309","355. 서울사대부설초등학교 앞","9","5"
"202309","3550.금호나들목","13","8"
"202309","3552.서울숲 공영주차장앞","28","14"
"202309","3556.신금호파크자이APT앞","1","0"
"202309","3559.성동구민종합체육센터 앞","31","29"
"202309","356. KT혜화지사 앞","2","1"
"202309","3560.성동구 견인차량 보관소 앞","3","4"
"202309","3569.건대병원후문","7","3"
"202309","3570.구의역 리버비스타 오피스텔","2","0"
"202309","3571.화양 APT(횡단보도 옆)","15","6"
"202309","3573.광나루안전체험관","1","0"
"202309","3575. 자양사거리(서원빌딩)","1","1"
"202309","3579.광진 캠퍼스시티","4","5"
"202309","358. 성균관대입구 사거리 A","7","12"
"202309","3581.광진광장","1","4"
"202309","3582.화양동 우체국","51","45"
"202309","3586.군자역 비채온 오피스텔","2","1"
"202309","359. 원남동사거리","9","8"
"202309","3600.사근빗물펌프장 건너편","19","17"
"202309","3604. 삼성중앙역 5번출구","7","0"
"202309","3606. 신사동주민센터 옆","21","20"
"202309","361. 동묘앞역 1번출구 뒤","17","18"
"202309","3610. 윗반마을 입구","5","4"
"202309","3615. 서울 논현동우체국 앞","1","0"
"202309","3616. 역삼중학교 앞(체육관 방향)","1","1"
"202309","362. 청계8가사거리 A","8","16"
"202309","3620. 청담역 11번 출구","4","0"
"202309","3621. 휘문고교 사거리","0","1"
"202309","3627. 압구정나들목","25","33"
"202309","3628. 역삼1동 주민센터","1","4"
"202309","3629. 청담사거리(신한오피스텔빌딩 앞)","3","1"
"202309","363. 신설동역 11번출구 뒤","16","9"
"202309","3636. 삼성중앙역·플래티넘아파트 정류소","1","1"
"202309","3638. 신청담나들목","6","4"
"202309","364. 창신역 1번출구 앞","1","0"
"202309","3646. 선정릉역 4번 출구","2","0"
"202309","3651. 개포동역 4번출구","1","1"
"202309","3664. 맥도날드 서울둔촌DT점 앞","3","0"
"202309","3668. 성내삼성아파트","2","2"
"202309","368. SK 서린빌딩 앞","19","16"
"202309","3681. 길동 마루빌딩","2","0"
"202309","3691. 둔촌역 2번출구","2","0"
"202309","3694. 강동리엔파크 13단지(1303동 앞)","1","0"
"202309","370. 시청역(2호선) 9번출구 뒤","16","23"
"202309","3700. 강변그대가리버뷰 입구 맞은편","6","5"
"202309","3701. 방아삼거리","1","2"
"202309","371. 동대입구역 6번출구 뒤","8","20"
"202309","372. 약수역 3번출구 뒤","0","1"
"202309","374. 청구역 2번출구 앞","2","2"
"202309","3754. 신방화역 8번출구","2","2"
"202309","3758. 서울남부출입국관리소","1","1"
"202309","3761. 나이아가라관광호텔","4","7"
"202309","3762. 마곡9단지 907동앞","1","0"
"202309","3767. 대원빌딩","2","1"
"202309","3778. 김포공항입구 교차로","2","3"
"202309","3780. 등촌서광아파트","4","1"
"202309","3781. 강서아동복지센터","1","1"
"202309","3782. 겸재정선미술관","3","3"
"202309","3784. 벽산아파트","5","6"
"202309","3787. 가양나들목","1","3"
"202309","3789. 염창나들목","6","5"
"202309","379. 서울역9번출구","12","15"
"202309","3794. 안양천합수부(현대3차아파트)","1","3"
"202309","3796. 송정역 3번출구 앞","0","2"
"202309","3797. 마곡수명산파크7단지 710동 앞","0","1"
"202309","3799. 국립항공박물관","2","0"
"202309","380. CJ제일제당 앞","26","29"
"202309","381. 장충체육관","5","7"
"202309","3815. 광일빌딩","0","1"
"202309","382. 약수역 10번출구 앞","5","3"
"202309","383. 신당역 12번 출구 뒤","13","15"
"202309","385. 종각역 5번출구","12","14"
"202309","3853. 어린이대공원역 2번출구","1","2"
"202309","3860. 건국대학교 정문 앞","1","0"
"202309","3863. 동일로58길 입구","0","3"
"202309","3864. 광진소방서 앞","2","2"
"202309","3865. 이튼타워리버 2차","3","2"
"202309","387. 훈련원공원주차장 앞","53","34"
"202309","3873. 동서울우편집중국 앞","0","1"
"202309","3878. 장로회신학대학교 주기철 기념관","1","0"
"202309","3880. 홍련봉 공원","0","1"
"202309","3881. 신자초교입구 교차로","6","3"
"202309","3882. 자양2동 주민센터","0","1"
"202309","389. 을지로4가역 1번출구","13","14"
"202309","3891. 군자역4번출구","7","1"
"202309","390. 충무로역 1번출구","8","12"
"202309","3904. 테크노마트 앞","0","1"
"202309","3905. 희훈타워빌 앞","1","0"
"202309","391. 시립미술관","4","5"
"202309","3914. 신도림쌍용플래티넘노블아파트 앞","1","1"
"202309","3922. 서울남부교정시설 앞","0","1"
"202309","3927. 구로월드아파트 앞","2","1"
"202309","3928.고척아이파크아파트 106동 앞","0","1"
"202309","393. 동대문역 8번 출구","33","30"
"202309","3931. 천왕역 3번 출구 뒤","2","0"
"202309","3932. 개봉센트레빌레우스아파트 앞","2","1"
"202309","394. 경희궁 자이 3단지","1","1"
"202309","395. 경희궁 자이 2단지","4","0"
"202309","3959. 시흥사거리(시흥동 994-3 앞)","1","1"
"202309","3963. 에이스 하드웨어(시흥대로 396) 앞","2","0"
"202309","3968. 독산동 현대홈타운 금천과선교 앞","0","2"
"202309","397. 종묘공영주차장 건너편","16","20"
"202309","3973. 독산2동주민센터 앞","0","1"
"202309","3975.현대시티아울렛 가산","2","1"
"202309","398. 을지로3가역 3번출구","28","22"
"202309","3987. LG전자가산A와 가산테라타워 사이","0","1"
"202309","400. 상암한화오벨리스크 1차 앞","0","1"
"202309","4004. 당고개입구오거리 당현천변","1","0"
"202309","4008. 하계 어린이 공원","1","0"
"202309","401. 상암월드컵파크 10단지 앞","1","0"
"202309","4014. 당고개역 3번 출구","1","0"
"202309","4016. 노원 마들스타디움","0","1"
"202309","4027. 한내 행복발전소 옆","0","1"
"202309","4029. 청소년수련관 후문","1","1"
"202309","403. 부엉이공원 앞","2","1"
"202309","4037. 물넘이교","1","1"
"202309","4040. 공릉로 26길","0","1"
"202309","4041. 공릉역3번출구","1","5"
"202309","405. DMC빌 앞","4","2"
"202309","406. 상암월드컵파크 7단지 앞","3","4"
"202309","4076. 도봉통합복지센터 뒤 중랑천 변","1","1"
"202309","408. LG CNS앞","2","0"
"202309","4080. 창동주공19단지앞 ","1","0"
"202309","4086. 도봉로 534","1","0"
"202309","4087. 우이교 교차로","0","1"
"202309","409. 누리꿈스퀘어 옆","2","2"
"202309","4090. 녹천교 앞 사거리","1","0"
"202309","4091. 방학역2번출구","0","1"
"202309","4092. 도봉경찰서 교차로","0","1"
"202309","4094.도봉여성센터","0","1"
"202309","410. 상암중학교 옆","2","1"
"202309","4103. 휘경sk뷰아파트 앞","4","2"
"202309","4104. 외대앞역 교차로","1","3"
"202309","4105. 서울교통공사사거리 교통섬","6","6"
"202309","4108. 답십리파크자이아파트 앞","4","4"
"202309","411. DMC홍보관","1","2"
"202309","4110. 용두롯데캐슬리치아파트 앞","2","1"
"202309","4113. 한국국방연구원 앞","2","5"
"202309","4114. 휘경여중고삼거리","0","1"
"202309","4117. 휘경119안전센터 앞","2","1"
"202309","412. DMC산학협력연구센터 앞","3","2"
"202309","4122. 청계9가교차로 앞","10","9"
"202309","4128.  종암초등학교 뒤(새울센스빌)","3","1"
"202309","413. 상암월드컵파크 3단지 후문","4","5"
"202309","4131. 베네스트 오피스텔 앞","1","0"
"202309","4132. 이문삼익아파트 앞","0","2"
"202309","4134. 제기동 현대아파트 앞","1","1"
"202309","4135. 삼성생명 앞","5","4"
"202309","414. 상암동주민센터 옆","5","3"
"202309","415. DMC역 9번출구 앞","3","0"
"202309","4167. 구로교 아래","3","1"
"202309","4169. 신대방삼거리","0","2"
"202309","417. DMC역 2번출구 옆","5","1"
"202309","4173. 중대후문 마을버스정류장","3","2"
"202309","4175. 대방역2번출구","1","1"
"202309","4179. 보라매병원역 1번출구","2","0"
"202309","418. 월드컵경기장역 3번출구 옆","13","9"
"202309","4181. 보라매공원역 2번출구","0","1"
"202309","419. 홈플러스 마포점 앞","7","6"
"202309","420. 서울시 공공자전거 상암센터","9","8"
"202309","4202. 프런트원(공덕역4번출구 앞)","4","1"
"202309","4206. 광흥창역5번출구","7","8"
"202309","4207. 아만티호텔 앞","9","6"
"202309","4208. 스타벅스(동교동) 앞","5","5"
"202309","421. 마포구청 앞","3","1"
"202309","4211. 시석빌딩 앞","5","7"
"202309","4212. 한화오벨리스크 앞","0","1"
"202309","4213. 마포구중앙도서관 정문 앞","12","5"
"202309","4216. 망원정 앞","10","2"
"202309","4217. 한강공원 망원나들목","123","101"
"202309","4218. 디지털매직스페이스","13","8"
"202309","422. 문화비축기지","3","3"
"202309","4220. 신촌 청년주택","5","6"
"202309","4221. 솔리스타오피스텔(공덕동주민센터)","1","0"
"202309","4222. 서울디자인고등학교 앞","9","0"
"202309","4224. 서부운전면허시험장","1","5"
"202309","4226. 마포프레스티지자이 1","0","1"
"202309","4233. 코오롱아파트사거리","32","16"
"202309","4234. 에스테반","1","0"
"202309","424. 롯데하이마트 (상암월드컵점) ","1","2"
"202309","4244. 당인리발전소 공원 앞","23","14"
"202309","4246. 상수역새마을금고","6","5"
"202309","4248. 신촌 교보빌딩","1","0"
"202309","425. DMC첨단산업센터","1","0"
"202309","4255. 래미안 루센티아 아파트 108동 앞","1","1"
"202309","426. 서울신용보증재단","1","3"
"202309","4262. 서대문자연사박물관 입구","0","2"
"202309","4264. 홍남교 버스정류장","2","0"
"202309","4266.국민연금공단충정로사옥","1","0"
"202309","4267. 서대문역 2번 출구","3","3"
"202309","4269. 연희IC 남측","3","5"
"202309","427. 성산시영아파트","7","1"
"202309","4270. 우국한마음 아파트 맞은편","2","1"
"202309","4271. 충정로역 1번 출구","1","2"
"202309","4272. 홍남교 사거리","3","5"
"202309","4273. 홍연2교 사거리","1","1"
"202309","4274. 신촌 파랑고래 입구","17","11"
"202309","428. 명보사거리","7","2"
"202309","429. 송도병원","0","1"
"202309","430. 장충동먹자골목 앞","19","11"
"202309","4303. 매헌역 2번출구앞광역버스 정류장앞(22-297)","1","0"
"202309","4305. 서일스포츠센터","1","0"
"202309","4306. 서래공원 앞","0","3"
"202309","4307. 고투몰 gate 15옆","3","8"
"202309","431. 청계천 영도교","21","21"
"202309","4312. 반포미도2차아파트 옆","1","0"
"202309","4313. 반포종합운동장","4","1"
"202309","4315. 이투스교육 앞","1","0"
"202309","4316. 고속터미널역 3번출구","4","2"
"202309","4317. 양재근린공원","3","2"
"202309","4324. 세화고등학교","0","4"
"202309","4329. SC제일은행 양재동지점 앞","1","4"
"202309","433. 을지로입구역 2번출구","21","23"
"202309","4332. 이수교차로","5","14"
"202309","434. 신당 래미안 버스정류장","0","1"
"202309","4341. 영동1교 북단","1","2"
"202309","435. SK 남산빌딩","11","8"
"202309","4353. 코오롱디지털타워 3차앞","8","7"
"202309","436. 이대역 5번출구","1","2"
"202309","4362. 행당중학교 후문","4","9"
"202309","4363. 신금호역 2번출구 앞","0","2"
"202309","4367. kt 행당빌딩 앞","1","0"
"202309","437. 대흥역 1번출구","3","2"
"202309","4370. 성동교 사거리","1","3"
"202309","4373. 서울숲 지식산업센터","4","3"
"202309","4377. 우영테크노센터 앞","34","36"
"202309","438. 성산2-1 공영주차장","4","2"
"202309","4381. 더스페이스타워 앞","5","13"
"202309","4382. 페코텍글로벌허브빌딩 앞","9","3"
"202309","4383. 푸조비즈타워 앞","1","1"
"202309","4385. 용답동 우체국 주변","6","11"
"202309","4386. 현대자동차 동부서비스센터 주변","2","0"
"202309","4387. 성수역 1번출구 주변","6","6"
"202309","4388. 하우스디세종타워 앞","8","6"
"202309","4389. 서울숲역3번출구","2","9"
"202309","4393. 상원삼거리 장안철교 아래","2","5"
"202309","440. 하늘공원 입구","21","30"
"202309","4406. 장곡초등학교 앞","1","0"
"202309","441.염천교사거리","3","0"
"202309","4414. 안암역 3번 출구","8","10"
"202309","4417. 성북청소년문화의집","0","2"
"202309","4418. 종암동 동덕여대 제2생활관 앞","2","0"
"202309","442.서울역 서부","3","1"
"202309","4423.현대백화점 미아점","0","2"
"202309","4425. 하늘채코오롱아파트 앞","1","1"
"202309","443.호암아트홀","0","2"
"202309","445.대한상공회의소","25","20"
"202309","4452. 삼성SDS","0","1"
"202309","4453. 위례중앙푸르지오 201동 앞","1","1"
"202309","4457. 아산병원 기숙사 부근","14","9"
"202309","4464. 올림픽공원 북2문 A","14","9"
"202309","4465. 건영아파트앞 사거리","0","1"
"202309","4468. 가락1동주민센터 ","1","0"
"202309","4481. 올림픽공원 북2문 B","5","9"
"202309","4483. 잠실나들목4","11","13"
"202309","4484. 잠실나루역4번출구뒤","4","14"
"202309","4485. 잠실나루역 고가하부","0","1"
"202309","4486. 홈플러스 잠실점","2","3"
"202309","450. 효자동 삼거리","18","11"
"202309","4508. 유원목동아파트 103동 앞","0","1"
"202309","4509. 서울영상고교 입구","1","0"
"202309","451. 청와대앞길","4","4"
"202309","4510. 신정네거리역 교차로","2","0"
"202309","4515. 동문굿모닝탑","1","1"
"202309","452. 동대문 종합시장 버스정류장","5","11"
"202309","453. 종로오가 지하쇼핑센터 14번출구","52","39"
"202309","4532. 목동현대아파트 후문 앞","2","1"
"202309","454. 종로2가 버스정류장 (종각방향)","10","5"
"202309","4540. 목동역 3번 출구","1","3"
"202309","4542. 월정초 사거리","0","1"
"202309","4543. 오목교역 6번 출구","2","1"
"202309","4544.경창시장","0","2"
"202309","455. 종로6가역 버스정류장(동대문 방향)","14","14"
"202309","4552. 코레일유통본사","2","0"
"202309","4553. 당산삼성2차아파트","2","1"
"202309","4555. 대림우성2차아파트","0","1"
"202309","4556. 리버뷰신안인스빌1차 후문","0","1"
"202309","4557. 리버뷰신안인스빌2차 후문","3","0"
"202309","4558. 대영중고 후문","0","2"
"202309","4559. 신길역 2번출구","3","14"
"202309","456. 숭인2동 주민센터 입구","25","21"
"202309","4561. 양평역 1번출구","4","3"
"202309","4563. 여의도 은하아파트","2","2"
"202309","4564. 63스퀘어","28","25"
"202309","4565. 영등포 신세계백화점","24","19"
"202309","4568. 영등포로터리","0","1"
"202309","457. 종로꽃시장 입구 옆","11","10"
"202309","4571. 문래동롯데캐슬아파트","1","1"
"202309","4574. 영등포시장역 포레나영등포","7","9"
"202309","4576.보라매sk뷰 108동 앞","0","1"
"202309","458. 광화문역 5번출구","39","37"
"202309","4581. 국회소통관","1","0"
"202309","4582. 국회도서관","2","0"
"202309","4585. 국회6문","8","3"
"202309","4588.양남사거리2","1","6"
"202309","4589. KRX한국거래소(1)","7","0"
"202309","4592. 신길우성4차아파트","2","3"
"202309","4600. 영등포구 총괄 우체국","1","0"
"202309","4601.양평역2번출구 뒤","7","7"
"202309","4602. 숙명여대앞 버스정류소 주변","1","1"
"202309","4603. 한강GS에클라트 건너편 교통섬","2","4"
"202309","4604. 원효로다목적체육관 앞","3","5"
"202309","4605. 노들섬 다목적홀(동쪽) 숲, 앞","20","15"
"202309","4607. 국립중앙박물관 -용산가족공원 앞","6","9"
"202309","4608. 국립중앙박물관 정문 앞","4","3"
"202309","4609. 파크타워 104동 앞","8","3"
"202309","461. 서울지방경찰청","2","0"
"202309","4610. 한남나인원 105동 앞","14","6"
"202309","4611. 국제루터교회 앞","10","7"
"202309","4612. 한남 준 J.FSS 앞","4","4"
"202309","4613. 서울갤러리아 앞","2","6"
"202309","4615. 크라운호텔앞 버스정류소","26","27"
"202309","4616. 신용산지하차도 앞","10","7"
"202309","4618. 풍전아파트 건너편","0","3"
"202309","4619. 한강트럼프월드3차 앞","38","44"
"202309","4620. 삼각지역 14번 출구 앞(교통섬)","12","8"
"202309","4621. 남산도서관 앞","14","13"
"202309","4622. 한강중학교 앞 버스정류장","11","3"
"202309","4623. 라인프랜즈이태원점 앞","6","6"
"202309","4625. 용산공원갤러리앞","0","2"
"202309","4627. 효창공원앞역 5번출구 옆","0","2"
"202309","4629. 한강초교보도육교 앞","26","29"
"202309","4632. 용산 푸르지오 파크타운 1단지 앞","0","1"
"202309","4633. 센트럴파크타워 앞","18","16"
"202309","4634. 이태원역 3번 출구","25","30"
"202309","4636. 용산구꿈나무종합타운 앞","3","1"
"202309","4637. 용산시티파크 101동 앞","7","3"
"202309","4638. 청파동삼거리 앞","0","1"
"202309","4639. 동빙고근린공원","13","13"
"202309","464. 삼청동 골목","23","6"
"202309","4640. 원효로2가 교차로","5","1"
"202309","4641. 아메리칸센터","7","9"
"202309","4642. 용산더프라임아파트 101동 앞","1","1"
"202309","4643. 한가람아파트 앞","10","13"
"202309","465. 삼청공원 앞","0","2"
"202309","4653. 불광역 9번 출구 맞은편","0","2"
"202309","4657. 본 서부병원 교차로 사거리","0","1"
"202309","466.롯데호텔","9","11"
"202309","4668. 기자촌사거리 B","1","1"
"202309","467.한국은행","11","18"
"202309","4674. 녹번역e편한세상 캐슬 정문 앞","1","1"
"202309","4677. 백련산 SK뷰 아이파크 해모로 아파트 앞","2","2"
"202309","468.웨스틴 조선호텔","13","19"
"202309","4683. 은평 성모병원 사거리","0","2"
"202309","4685. DMC역 5번 출구(수색역 방향)","3","3"
"202309","4689. 은평서해그랑블아파트앞","1","0"
"202309","469.회현역 1번출구","7","5"
"202309","470.회현역 7번출구","4","12"
"202309","4705. 웰니스센터(민방위교육장 앞)","28","27"
"202309","4707. 청계3가 사거리","18","27"
"202309","4708. 조계사앞사거리","12","10"
"202309","471.회현사거리 남측","18","29"
"202309","4710. 자교교회 앞","16","18"
"202309","4711. 올림픽기념 국민생활관 로터리","0","2"
"202309","4713. 현대 뜨레비앙 아파트 앞","24","36"
"202309","4715. 돈의문 박물관 마을","2","2"
"202309","4718. 광화문역 6번출구 옆 A","8","18"
"202309","4719. 종로문화원 건너편","36","31"
"202309","472.삼일교(시그니쳐 타워)","7","7"
"202309","473.을지로4가역 9번출구","12","11"
"202309","474.동대문역사문화공원역 1번출구 뒤편","97","77"
"202309","475.DDP 패션몰","93","55"
"202309","4752. 삼성사이버빌리지아파트","3","0"
"202309","4753. 시청역 10번출구","1","0"
"202309","476.광희문","17","15"
"202309","4760. 서울역 7번출구","3","1"
"202309","4761. 중부경찰서앞사거리 건너편","9","9"
"202309","4762. 국제빌딩","5","8"
"202309","4765. 동대문디자인플라자","93","70"
"202309","4766. 서소문성지역사박물관","4","0"
"202309","4768. 서울도시건축전시관","28","24"
"202309","477.앰배서더 호텔 주변","1","3"
"202309","4772. 중앙일보","2","2"
"202309","4774. 을지로입구역 8번출구","21","21"
"202309","4775. 을지로지하쇼핑센터","15","21"
"202309","4776. 신세계면세점","13","8"
"202309","4778. 대신파이낸스센터","15","7"
"202309","4781. 브라운스위트레지던스","5","5"
"202309","4784. 중부경찰서앞 사거리","8","9"
"202309","4785. 롯데시티호텔","7","12"
"202309","479.동대입구역 3번 출구","3","3"
"202309","4791. 명동역9번 출구","65","112"
"202309","4792. 퇴계로4가 교차로(중구청)","17","20"
"202309","4793. 동대문역사문화공원역 5번출구","11","9"
"202309","4794. 서울역 서부교차로(3)","10","8"
"202309","4796. 부산은행","30","12"
"202309","4798. 황학동롯데캐슬","12","12"
"202309","4800. 필동 삼거리","1","0"
"202309","4801. 충정로역 2호선(엘리베이터 앞)","0","2"
"202309","4803. 상봉2동 주민센터 앞","1","0"
"202309","4807. 라코지스테이 앞","1","1"
"202309","481.신당역 10번 출구","16","14"
"202309","4812. 묵동 이마트 앞","2","2"
"202309","4826. 홈플러스 면목점","5","7"
"202309","483.남산타운아파트 버스정류장","2","0"
"202309","484.도동삼거리","1","3"
"202309","485.서울역5번출구","10","29"
"202309","4854. 가락시장역 2번 출구","2","0"
"202309","4856. 올림픽공원 서1문 앞","11","5"
"202309","4857. 올림픽공원 장미광장","0","2"
"202309","4859. 잠실나루 나들목","3","6"
"202309","4862. 성내교 남단","4","2"
"202309","4863. 잠실나들목5","6","4"
"202309","4864. 송파사거리","1","1"
"202309","4865. 한성백제역 1번출구 뒤","5","7"
"202309","4868. 석촌호수 서호 남단","8","8"
"202309","4869. 잠실나들목6","6","7"
"202309","487.신석초교앞 교차로 교통섬","13","6"
"202309","4870. 몽촌토성역 3번 출구","15","14"
"202309","488.푸르메병원","1","0"
"202309","4880. 송파청소년센터","1","1"
"202309","4886. 배명고등학교 건너편","2","0"
"202309","489.구룡근린공원","1","1"
"202309","4893. 문정법조단지12","1","2"
"202309","4895. 위례포레샤인15단지 상가","0","1"
"202309","490.가온문화공원","3","5"
"202309","4901.KT&G타워 옆(상상마당 대치아트홀)","4","4"
"202309","4902. 구역삼세무서 교차로","3","1"
"202309","4903. 신사스퀘어","11","5"
"202309","4905. 강남경찰서","5","14"
"202309","4906. 섬유센터 앞","12","12"
"202309","4907. 극동스포츠 앞","8","1"
"202309","4908. SB타워 앞","4","6"
"202309","4909. 노보텔 앰배서더 앞","5","2"
"202309","491.월드컵파크 4단지","2","0"
"202309","4913. 레베쌍트 빌딩 앞","5","4"
"202309","4914. 도심공항타워 앞","21","20"
"202309","4915. 영동중앙교회 버스정류장","3","2"
"202309","4916. 청담역 1번출구","2","1"
"202309","4918. 매봉역 1번출구","2","0"
"202309","4924.논현동가구거리","2","1"
"202309","4925. 청담백영빌딩 앞","5","2"
"202309","4926. 대치우성아파트 사거리","2","0"
"202309","4929. 파스쿠찌 청담사거리점 앞","5","3"
"202309","493.홍대입구역 6번출구","27","31"
"202309","494.신수동주민센터","0","1"
"202309","495.염리초등학교 앞","14","17"
"202309","497.합정동주민센터 앞","20","6"
"202309","498.연남동주민센터 앞","15","3"
"202309","500. 어린이대공원역 3번출구 앞","2","7"
"202309","502. 뚝섬유원지역 1번출구 앞","79","99"
"202309","505. 자양사거리 광진아크로텔 앞","3","6"
"202309","5052. 마곡역 7번출구","1","0"
"202309","5055. 마곡역5번출구앞","1","0"
"202309","5056. 마곡역4,5번출구","1","1"
"202309","506. 금호 어울림 아파트 앞","6","1"
"202309","5064. 양천향교역8번출구","6","7"
"202309","5065. 허준박물관삼거리","0","1"
"202309","5075. 등촌역 1번출구","1","4"
"202309","5076. 메이필드호텔앞","1","0"
"202309","508. 성수아카데미타워 앞","14","6"
"202309","5080. 가양역 1번출구","1","0"
"202309","5082. 가양역 7번출구","3","1"
"202309","5084. 강서우체국","1","0"
"202309","5086. 가양테크노타운","1","0"
"202309","5095. 원당근린공원","4","0"
"202309","5096. LG사이언스파크 E14동","1","0"
"202309","510. 뚝도아리수정수센터 버스정류소 옆","41","35"
"202309","511. 서울숲역 5번 출구 옆","23","34"
"202309","512. 뚝섬역 1번 출구 옆","10","12"
"202309","513. 뚝섬역 5번 출구 정류소 옆","7","8"
"202309","514. 성수사거리 버스정류장 앞","10","2"
"202309","515. 광양중학교 앞","0","2"
"202309","516. 광진메디칼 앞","5","0"
"202309","518. 청계천 박물관 앞","4","4"
"202309","519. 양지사거리","8","2"
"202309","520. 상왕십리역 4번 출구 앞","0","1"
"202309","521. 왕십리역 11번 출구 앞","0","4"
"202309","522. 금호역 1번출구 앞","0","4"
"202309","523. 옥수동성당 옆","0","1"
"202309","525. 한양대병원사거리","6","3"
"202309","526. 용답토속공원 앞","3","1"
"202309","529. 장한평역 8번 출구 앞","0","3"
"202309","530. 청계벽산아파트 앞","2","3"
"202309","5305. 대륜E&S 서울지사 앞","1","1"
"202309","5306. 동신아파트 후문 옆","3","1"
"202309","5314. 월계1동주민센터 앞","1","0"
"202309","533. 금남시장 교차로","0","2"
"202309","535. 응봉삼거리","1","3"
"202309","537. 한양대후문역 부근","4","2"
"202309","538. 답십리역 8번출구 앞","0","1"
"202309","542. 강변역 4번출구 뒤","8","8"
"202309","543. 구의공원(테크노마트 앞)","2","4"
"202309","544. 광남중학교","0","1"
"202309","546. 잠실대교북단 교차로","1","0"
"202309","548. 자양나들목","16","18"
"202309","549. 아차산역 3번출구","1","3"
"202309","550. 서울시설공단 앞","7","7"
"202309","5504.아현교회","1","0"
"202309","551. 구의삼성쉐르빌 앞","1","1"
"202309","552. 대림아크로리버 앞","5","1"
"202309","556. 달맞이공원","8","3"
"202309","558. 성동광진 교육지원청 앞","0","1"
"202309","559. 왕십리역 4번 출구 건너편","2","9"
"202309","560. 비전교회 앞","1","2"
"202309","561. 서울숲역 2번출구 앞","16","5"
"202309","563. 성동세무서 건너편","1","0"
"202309","564. 금호역 3번출구","0","3"
"202309","565. 옥수역 3번출구","37","35"
"202309","567. 성수역 2번출구 앞","14","10"
"202309","568. 청계8가 사거리 B","12","6"
"202309","569. 응봉현대아파트 정류소","1","1"
"202309","571. 세종대학교 대양AI센터","2","2"
"202309","573. 구의문주차장 앞","0","2"
"202309","574. 아차산역4번출구","3","6"
"202309","575. 대원중고교 입구(대하빌딩)","0","1"
"202309","5751. 송파여성축구장","1","5"
"202309","5752. 풍납백제문화공원 옆 인근","2","0"
"202309","5756. 극동아파트","5","3"
"202309","5759. 풍납근린공원","1","0"
"202309","576. 광나루역 3번 출구","1","3"
"202309","5760. 풍납사거리 성내유수지","1","0"
"202309","5764. 한국체육대학교","2","0"
"202309","5765. 삼전동주민센터 건너편","0","1"
"202309","5768.방이삼거리","18","14"
"202309","577. 광진청소년수련관","2","2"
"202309","5775. 가락시장역 5번출구","2","0"
"202309","578. 성동세무서 부근","1","0"
"202309","579. 마장역 4번출구","0","3"
"202309","582. 경일중학교 앞","5","9"
"202309","583. 청계천 생태교실 앞","26","19"
"202309","584. 광진광장 교통섬","13","3"
"202309","585. 성수2가1동 공영주차장 인근","14","10"
"202309","5853. 여의도역2번출구 앞","5","3"
"202309","5854. 신한금융투자 앞","24","14"
"202309","5855. 하이투자증권 앞","5","9"
"202309","5857. U레지던스 앞","1","2"
"202309","5858. 영등포역5번출구","24","21"
"202309","5859. 여의도 삼부아파트","20","19"
"202309","5861. 보라주유소 앞","1","0"
"202309","5862. 당산역11번출구","7","10"
"202309","5864.장훈고 앞","1","1"
"202309","5865.더리브오피스텔 앞","18","13"
"202309","5866.포레나 당산","3","2"
"202309","5867. H타워 앞","4","5"
"202309","5868. 로프트시티오피스텔","1","1"
"202309","587. 유니베라 앞","13","5"
"202309","5870. LG트윈타워 앞","74","69"
"202309","588. 뚝섬 유원지역","14","8"
"202309","589. 성수역3번출구","30","42"
"202309","590. 건국대학교 (입학정보관)","3","2"
"202309","592. 건국대학교 학생회관","5","5"
"202309","593.자양중앙나들목","1","5"
"202309","594. 중랑물재생센터(서울새활용플라자)","1","1"
"202309","600. 휘경2동 주민센터","2","2"
"202309","602. 장안동 사거리","6","6"
"202309","605. 신설동역8번출구","3","2"
"202309","6053. 중부세무서 앞","2","10"
"202309","6054.청구e편한세상아파트 113동 앞","3","4"
"202309","607. 신이문역 2번출구","4","4"
"202309","609. 제기2교","3","1"
"202309","613. 신설동역 10번출구 앞","7","14"
"202309","614. 용두동 사거리","2","0"
"202309","617. 청솔우성아파트 앞","0","1"
"202309","622. 전농사거리 교통섬","0","1"
"202309","623. 서울시립대 정문 앞 B","4","2"
"202309","626. 군자교 서측 녹지대","2","3"
"202309","627. 장안동삼거리 교통섬","2","0"
"202309","630. 동대문구 보건소","2","1"
"202309","631. 답십리역 1번출구","3","6"
"202309","633. 청량리 기업은행 앞","8","4"
"202309","634. 외국어대 정문 앞","19","10"
"202309","635. 시조사 앞","2","2"
"202309","636. 세종대왕기념관 교차로","0","1"
"202309","637. KAIST 경영대학 앞","5","6"
"202309","638. 서울시립대 정보기술관","3","0"
"202309","639. 서울시립대 후문","0","1"
"202309","641. 용두역 4번출구","7","2"
"202309","642. 신답역 사거리","0","1"
"202309","643. 동대문구민체육센터 (육교아래)","1","0"
"202309","646. 장한평역 1번출구","0","1"
"202309","647. 신이문역 1번출구","0","1"
"202309","650. 중랑교사거리","0","1"
"202309","652. 답십리 래미안엘파인아파트 입구","1","0"
"202309","654. 전농동 텃골공원","1","1"
"202309","657. 동대문롯데캐슬아파트 앞","0","1"
"202309","659. 제기동역 1번출구","5","5"
"202309","660. 동의보감타워","1","4"
"202309","661. 경희대학교 청운관","4","3"
"202309","663. 외대앞역 3번출구","7","6"
"202309","664. 서울시립대 건설공학관","3","0"
"202309","668.서울축산농협(장안지점)","0","2"
"202309","669.청계한신휴플러스앞 삼거리","1","0"
"202309","670.삼육서울병원 버스정류장","2","3"
"202309","671.대광빌딩","28","29"
"202309","672.대광고등학교","1","9"
"202309","673.안암골벽산아파트(후문)","9","9"
"202309","674.고대앞사거리 교통섬","11","6"
"202309","676.FITI시험연구원 앞","0","1"
"202309","680.꿈마루어린이도서관 앞","10","14"
"202309","701. 목동사거리 부근","0","3"
"202309","703. 오목교역 7번출구 앞","2","1"
"202309","704. 남부법원검찰청 교차로","0","1"
"202309","708. 서울출입국관리사무소 앞","1","0"
"202309","713. 양서중학교 옆","1","1"
"202309","714. 한국SGI 양천문화회관 앞","1","0"
"202309","723. SBS방송국","2","2"
"202309","726. 목동3단지 시내버스정류장","0","1"
"202309","731. 서울시 도로환경관리센터","0","1"
"202309","732. 신월중학교","0","1"
"202309","735. 영도초등학교","1","0"
"202309","739. 신월사거리","1","2"
"202309","747. 목동3단지 상가","0","1"
"202309","748. 목동운동장","1","0"
"202309","749. 이대목동병원보도육교","0","1"
"202309","765. 오목교역 3번출구","1","1"
"202309","769.CBS방송국 앞","1","0"
"202309","770.목동역5번출구 교통정보센터 앞","0","2"
"202309","771.목동아파트 703동 앞","1","0"
"202309","773.염창역 3, 4번 출구 사이","0","1"
"202309","774.등촌역 4번 출구 ","0","1"
"202309","776.목마공원","1","0"
"202309","780.신정교 하부","2","0"
"202309","792.목동트라팰리스 웨스턴에비뉴","1","0"
"202309","795.양천 해누리타운","0","1"
"202309","797.목동아파트 1422동 1434동 사잇길","1","0"
"202309","800. 목월공원 앞","4","0"
"202309","802. 한강진역 2번 출구 앞","7","7"
"202309","803. 한남초교 앞 보도육교","4","7"
"202309","805. 문배어린이공원 앞","7","9"
"202309","806. 전자랜드 본관 앞","1","3"
"202309","807. 서울역 12번 출구 앞","30","29"
"202309","808. 서빙고동 금호맨션 앞","6","13"
"202309","809. 한남 유수지 복개주차장","8","11"
"202309","810. 이태원지하보도","7","20"
"202309","811. 녹사평역1번출구","7","9"
"202309","812. 용산전쟁기념관","15","11"
"202309","813. 삼각지역 3번출구","3","5"
"202309","815. LIG강촌아파트 103동앞","3","1"
"202309","816. 신용산역 6번출구 앞","14","11"
"202309","817. 삼각지역 4번출구 앞","10","3"
"202309","818. 숙명여대 입구 교차로","6","7"
"202309","819. 선린인터넷 고등학교","3","4"
"202309","820. 청파동입구 교차로","13","14"
"202309","822. 이촌1동 마을공원","1","3"
"202309","825. 서빙고동 주민센터 앞","63","88"
"202309","826. 서울역 서부교차로2","4","8"
"202309","827. 국군복지단","1","0"
"202309","828. 숙대입구역 8번","10","7"
"202309","829. 한강대교 북단 교차로","38","33"
"202309","831. 이태원관광특구입구A(녹사평역쪽)","4","4"
"202309","832. 이촌1동 주민센터 뒤","15","8"
"202309","834. 효창공원앞역 3번출구 뒤","0","2"
"202309","835. 남영역 건너편","3","1"
"202309","836. 현대자동차서비스 앞","10","9"
"202309","837. 한남나들목 입구","26","40"
"202309","838. 숙대입구역 4번출구","20","21"
"202309","839. 보광동 삼성리버빌아파트 앞","11","19"
"202309","840. 용산 파크타워 앞","6","3"
"202309","841. 신용산역 1번 출구","18","14"
"202309","843. 이태원관광특구B(용산구청쪽)","11","17"
"202309","844. 이촌2동 동원베네스트 아파트 앞","1","2"
"202309","845. 용산 선인상가","0","1"
"202309","846. 용산중학교","8","19"
"202309","848. 삼각지12번 출구","23","10"
"202309","849. 삼각지 자이아파트","14","8"
"202309","850. KCC용산월츠타워 ","1","3"
"202309","851.효창 푸르지오 앞","0","1"
"202309","852. 청암자이아파트 앞","6","2"
"202309","853.용산역 맞은편","25","22"
"202309","854.HID 유족동지회 앞","8","9"
"202309","855.이촌역5번출구 앞","1","5"
"202309","857. 현대 안성타워","15","2"
"202309","858.녹사평역3번 출구","8","14"
"202309","859.남산공원 야외식물원 앞","2","2"
"202309","860.LG한강 자이아파트 앞","15","12"
"202309","863.이촌역2번 출구","10","18"
"202309","864.순천향대학병원(한남오거리)","21","28"
"202309","865.하얏트호텔 앞","0","3"
"202309","866.브라운스톤 남산아파트","4","0"
"202309","867.서빙고역 광장(1번출구)","7","6"
"202309","869.노들섬 동측 앞","4","6"
"202309","870.노들섬 서측 앞","50","51"
"202309","905. 구파발역 2번출구","2","0"
"202309","906. 연신내역 5번출구","0","2"
"202309","907. CJ 드림시티","3","2"
"202309","911. 은평평화공원(역촌역4번출구)","2","2"
"202309","912. 응암오거리","1","0"
"202309","913. 이마트 버스정류장(서부경찰서 방면)","2","0"
"202309","914. 새절역 2번출구","1","4"
"202309","917. 녹번역 3번출구","5","8"
"202309","928. 은평역사한옥박물관","2","2"
"202309","932. 예일여중","0","2"
"202309","941. 은평뉴타운 도서관","4","0"
"202309","945. 기자촌 사거리 A","1","1"
"202309","948. 디지털미디어 시티역 4번출구(DMC역)","1","0"
"202309","949. 연신내역 1번 출구 ","1","0"
"202309","958. 본 서부병원 버스정류장(은평 세무서 방면)","1","0"
"202309","960. 구파발역 환승센터","2","2"
"202309","961. 불광역 9번 출구","0","1"
"202309","962. 은평뉴타운 힐데스하임","2","0"
"202309","963. 대호프라자아파트","2","0"
"202309","967. 서울혁신파크2","2","0"
"202309","985. 은평세무서 버스정류장(은평구청 방면)","2","0"
"202309","989. 신응교(가좌로) 앞","3","3"
"202309","991.흥국사 정류장","2","0"
"202309","992.북한산입구 정류장","3","6"
"202309","996.응암역2번출구 국민은행 앞","0","1"
"202309","상담센터","1","0"
"202310","1001. 광진교 남단 사거리(천호공원 방면)","2","6"
"202310","1002. 해공공원(천호동)","1","3"
"202310","1003. 해공도서관앞","1","0"
"202310","1004. 삼성광나루아파트 버스정류장","0","1"
"202310","1008. 암사역 3번출구(국민은행앞)","1","0"
"202310","1009. 천호역4번출구(현대백화점)","0","5"
"202310","1013. 강동구청역 1번 출입구","1","0"
"202310","102. 망원역 1번출구 앞","38","37"
"202310","1020. 강동경찰서","1","1"
"202310","1024.  강동구청 앞","1","0"
"202310","1027. 프라자 아파트 앞","2","1"
"202310","1029. 성내어울터","2","2"
"202310","103. 망원역 2번출구 앞","16","9"
"202310","1030. 미호 플랜트 앞","4","2"
"202310","1033. 고덕동 아남아파트","1","0"
"202310","104. 합정역 1번출구 앞","35","14"
"202310","1044. 굽은다리역","13","16"
"202310","1049. 강일리버파크 10단지","1","1"
"202310","105. 합정역 5번출구 앞","13","17"
"202310","1050.  둔촌역 3번 출입구","0","2"
"202310","1051. 강일중,선사고 버스정류장(신암중학교 방면)","0","1"
"202310","1059. 래미안 강동팰리스(102동)","1","1"
"202310","106. 합정역 7번출구 앞","56","76"
"202310","107. 신한은행 서교동지점","21","21"
"202310","1073. SSTS 몰 앞","2","0"
"202310","1074.대명초교입구 사거리","3","1"
"202310","1078.둔촌사거리","5","1"
"202310","108. 서교동 사거리","33","23"
"202310","1084. 윤선생빌딩(JYP사옥)","20","12"
"202310","1088.풍납사거리(강동)","2","0"
"202310","109. 제일빌딩 앞","38","17"
"202310","1102. 방화사거리 마을버스 버스정류장","1","0"
"202310","1103. 방화역 4번출구앞","0","2"
"202310","1105. 방화근린공원","1","3"
"202310","1108. 공항시장역 2번출구 뒤","0","1"
"202310","111. 상수역 2번출구 앞","12","26"
"202310","1111. 마곡엠밸리6_7단지 마곡중학교","1","3"
"202310","1112. 마곡엠밸리4단지 정문","2","2"
"202310","1117. 등촌5단지아파트 버스정류장","1","0"
"202310","1118. 증미역 3번출구뒤(등촌두산위브센티움오피스텔)","2","3"
"202310","1119. 염창동 한마음아파트 앞","1","0"
"202310","112. 극동방송국 앞","25","51"
"202310","1121. 가양레포츠센터 앞","1","0"
"202310","1122. 황금내근린공원","1","3"
"202310","1124. 발산역 6번 출구 뒤","3","2"
"202310","1127. 화곡역 버스정류장","5","2"
"202310","1128. 화곡역 6번출구","2","5"
"202310","1129. 화곡역 1번 출구 앞","0","1"
"202310","113. 홍대입구역 2번출구 앞","59","52"
"202310","1130. 화곡본동시장 버스정류장","2","0"
"202310","114. 홍대입구역 8번출구 앞","54","55"
"202310","1141. 곰달래 문화복지센터 A","2","2"
"202310","1145. 곰달래 문화복지센터 B","0","1"
"202310","1149. 신방화역환승주차장","0","1"
"202310","115. 마스타 빌딩 앞","21","20"
"202310","1150. 송정역 1번출구","2","2"
"202310","1151. 마곡역1번출구","1","0"
"202310","1152. 마곡역교차로","3","1"
"202310","1153. 발산역 1번, 9번 인근 대여소","5","5"
"202310","1157. 강서구청","3","2"
"202310","1158. 가양역 8번출구","3","3"
"202310","1160. 양천향교역 7번출구앞","1","0"
"202310","1166. 강서구립등빛도서관","0","1"
"202310","1169. 염창역 1번 출구","1","2"
"202310","117. 홍은사거리","4","5"
"202310","1173. 강서구청사거리(SH타워)","4","4"
"202310","1175. 대한항공 인력개발센터","0","1"
"202310","118. 광흥창역 2번출구 앞","5","3"
"202310","1182. KBS 스포츠월드","4","2"
"202310","119. 서강나루 공원","16","18"
"202310","1191. 마곡역 버스정류장(마곡나루역1번출구, 웰튼병원 방면)","2","6"
"202310","1192. 마곡수명산파크 209동 건너편","1","2"
"202310","1193. 마곡센트럴타워 1차","1","0"
"202310","1195. 코오롱One&Only타워","2","0"
"202310","1197. 엠펠리체 호텔 건너편","7","6"
"202310","120. 신수동 사거리","1","0"
"202310","1203. 밀리아나2빌딩 앞","3","1"
"202310","1204. 거여역 3번출구","1","0"
"202310","1205. 종합운동장역 4번출구","14","16"
"202310","1206. 9호선종합운동장역 9번출구","4","2"
"202310","1209. 잠실나루역 (2번 출구 쪽)","0","4"
"202310","121. 마포소방서 앞","3","3"
"202310","1210. 롯데월드타워(잠실역2번출구 쪽)","40","33"
"202310","1215. 올림픽공원역 1번출구 앞","11","0"
"202310","1218. 방이역 4번출구","2","2"
"202310","122. 신성기사식당 앞","1","3"
"202310","1221. 삼전역 4번출구","1","0"
"202310","1222. 잠실새내역 5번 출구 뒤","19","21"
"202310","1224. 아시아지하보도 2번 출구","0","7"
"202310","1226. 잠실4동 주민센터 옆","7","0"
"202310","123. 문화촌 공원","5","5"
"202310","1231. 잠실역 6번출구","11","24"
"202310","1232. 잠실주공 521동 건너편","11","8"
"202310","1233. 잠실3거리(갤러리아팰리스)","3","2"
"202310","1235. 잠실트리지움310동 옆","1","2"
"202310","124. 서강대 정문 건너편","10","3"
"202310","1243. 문정 법조단지7","3","2"
"202310","1244. 문정 법조단지8","1","2"
"202310","1245. 문정 법조단지9","3","3"
"202310","1246. 문정 법조단지10","1","1"
"202310","1248. 방이초등학교","5","1"
"202310","1250.문정2동 주민센터","1","0"
"202310","1251. 석촌역 2번출구","2","1"
"202310","1253. 오금역 3번 출구 뒤","1","0"
"202310","1259. 방이역 1번출구","1","1"
"202310","126. 서강대 후문 옆","3","7"
"202310","1262. 송파여성문화회관 앞","0","1"
"202310","1264. 천호역 10번 출구 앞","1","3"
"202310","1265. 문정동 근린공원","3","0"
"202310","1266. 문정동 글샘 공원","0","1"
"202310","1267. 올림픽공원 남2문 앞","6","3"
"202310","1268. 몽촌토성역 1번출구 옆","26","46"
"202310","1269. 리센츠아파트 ","1","2"
"202310","127. 현대벤처빌 앞","1","4"
"202310","1278. 송파구청 교차로","4","4"
"202310","128. 신촌역(2호선) 1번출구 옆","13","15"
"202310","1282. 송파소방서 맞은편(성내4교)","1","0"
"202310","1286. 위례중앙푸르지오 1단지 앞","1","0"
"202310","129. 신촌역(2호선) 6번출구 옆","7","12"
"202310","1291. 서울체육고등학교 앞","2","0"
"202310","1293. 석촌호수 서호 사거리","5","2"
"202310","1295. 잠실역 8번출구","12","23"
"202310","1296. 석촌호수교차로 (송파나루근린공원 앞)","4","2"
"202310","1297. 석촌호수교차로(동호 팔각정 앞)","14","12"
"202310","1299. 송파소방서 (방이119안전센터)","1","2"
"202310","130. 신촌역(2호선) 7번출구 앞","21","46"
"202310","1302. 한성대입구역6번출구 뒤","2","0"
"202310","1305. 성북구청","1","0"
"202310","1306. 한성대입구역2번출구","2","5"
"202310","1308. 안암로터리 버스정류장 앞","35","11"
"202310","131. 증산2교","1","0"
"202310","1318. 길음역 3번출구 뒤","1","0"
"202310","1321. 국민은행 종암동지점 앞","19","33"
"202310","1323. 월곡역 입구 육교 밑","1","0"
"202310","1326. 상월곡역 1번출구","2","1"
"202310","1327. 상월곡역 3번출구","3","0"
"202310","1328. 월곡역 3번출구","1","1"
"202310","133. 해담는다리","1","2"
"202310","1332. 석계역 5번출구 건너편","8","1"
"202310","1333. 석관초등학교 앞","0","2"
"202310","1334. 석관동주민센터 앞","1","3"
"202310","1336. 성북3교 위","2","1"
"202310","1337. 돈암성당 옆","1","2"
"202310","1338. 용문2교 옆","5","4"
"202310","134. 연세로 명물길","11","8"
"202310","1342. 성북쉼터 앞","1","0"
"202310","1349. 월계2교 버스정류장 앞","0","1"
"202310","135. 명물길 원형무대 앞","13","6"
"202310","1351. 안암2교 옆","2","0"
"202310","1354. 고려대학교 2번출구","18","12"
"202310","1355. 보문2교","13","13"
"202310","1361. 홍익중고 입구","0","2"
"202310","1362. 보문역6번출구 앞","1","1"
"202310","1363. 보문4교 인근","1","2"
"202310","1364. 성북동 치안센터 앞","1","0"
"202310","1366. 일신초등학교 옆","1","1"
"202310","137. 신촌기차역입구 교차로","2","7"
"202310","1372. KEB은행 고대점","10","14"
"202310","1373. 성북구보건소 건너편","4","4"
"202310","138. 신촌동 제1공영주차장 앞","1","2"
"202310","1381.석계역 4번출구 뒤","3","0"
"202310","1384.성신여대입구역 5번출구","3","0"
"202310","1385.성신여대입구역 3번출구 앞","0","1"
"202310","1386.동선고가차도 초입","2","1"
"202310","139. 연세대 정문 건너편","3","5"
"202310","1390.석관래미안아트리치","2","2"
"202310","1395.래미안장위포레카운티(102동)","2","0"
"202310","140. 이화여대 후문","10","4"
"202310","1401. 극동늘푸른아파트","1","1"
"202310","1403. 중화빌딩 앞 (동부시장)","1","0"
"202310","1416. 상봉역 3번출구","0","1"
"202310","142. 아현역 4번출구 앞","3","6"
"202310","143. 공덕역 2번출구","6","4"
"202310","1433. 중화역 2번출구","1","0"
"202310","144. 공덕역 8번출구","38","25"
"202310","1444. 면목4치안센터","1","0"
"202310","1448. 코스트코 상봉점","3","6"
"202310","145. 공덕역 5번출구","11","9"
"202310","1450. 화랑대역 7번출구","1","1"
"202310","1451. 중랑세무서","7","0"
"202310","1455. 상봉역 2번 출구","6","2"
"202310","1458. 상봉터미널2","1","1"
"202310","146. 마포역 2번출구 뒤","23","22"
"202310","1461.동양엔파트 앞","0","1"
"202310","1462.동부시장 북문 앞","7","4"
"202310","1467.sk신내 주유소앞(용마산로)","1","0"
"202310","147. 마포역 4번출구 뒤","46","41"
"202310","1474.서울중랑우체국","1","1"
"202310","1478.홈플러스 상봉점 앞","0","1"
"202310","1479.면목 홈플러스 2 ","0","1"
"202310","148. 용강동 주민센터 앞","11","11"
"202310","1480. 용마지구대 B","1","0"
"202310","150. 서강대역 2번출구 앞","13","17"
"202310","1503. 강북구청사거리(수유역 8번출구)","0","1"
"202310","1528. 삼각산동 주민센터","1","1"
"202310","153. 성산2교 사거리","7","8"
"202310","1531. 미아사거리 1번 출구","2","2"
"202310","1532. 번3동 주민센터 교차로","1","0"
"202310","1537. 북한산 우이역","1","1"
"202310","1539. 4.19민주묘지역","1","0"
"202310","154. 마포구청역 ","27","30"
"202310","1546. 송천동우체국","1","0"
"202310","155. 가좌역1 번출구 앞","2","1"
"202310","1552. 강북구청사거리","1","0"
"202310","1553.서울북부고용노동지청","0","1"
"202310","1569.수유역2번출구","3","0"
"202310","157. 애오개역 4번출구 앞","2","1"
"202310","159. 이대역 4번 출구","2","9"
"202310","160. 북아현동 가구거리","3","3"
"202310","1601. 석계역 문화광장 내 자전거 보관소","2","0"
"202310","1606. 태릉입구역 3번출구 ","1","0"
"202310","1608. 공릉역 1번 출구 앞","0","1"
"202310","161. 무악재역1번 출구","0","3"
"202310","1610. 화랑대역 2번출구 앞","5","5"
"202310","1611. 과기대 입구(우)","6","2"
"202310","1616. 하계2동 공항버스정류장 옆","0","1"
"202310","162. 봉원고가차도 밑","3","8"
"202310","1625. 상계역 3번출구","3","2"
"202310","163. 명지전문대학교 정문 앞","1","6"
"202310","1635. 상계3.4동 주민센터 대여소","0","1"
"202310","1636. 상계주공2단지 버스정류장 옆","1","1"
"202310","1637. KT 전화국 버스정류장 옆","3","1"
"202310","1641. 한내근린공원 남측","2","1"
"202310","1642. 서울여대 남문","5","5"
"202310","1643. 태릉입구역 8번출구","2","1"
"202310","1646. 삼육대 입구","1","3"
"202310","1654. 당고개입구 오거리","3","0"
"202310","1656. 중앙하이츠 아파트 입구","0","3"
"202310","1662. 노원역7번출구","0","2"
"202310","1668. 중계역 6번출구","1","1"
"202310","1669. 중계역 3번출구","0","1"
"202310","1674. 서울북부고용센터앞","1","0"
"202310","1677. 육군사관학교  앞","2","2"
"202310","1684. 태릉입구역 5번출구","0","1"
"202310","1692. 온곡초교 교차로","0","1"
"202310","170. DMC파크뷰자이아파트 302동 앞","2","3"
"202310","1702. 녹천역 1번출구 앞","2","0"
"202310","1705. 도봉구청 정문앞","3","0"
"202310","1709. 쌍문역4번출구 주변","2","0"
"202310","171. 임광빌딩 앞","1","1"
"202310","1715. 서울특별시교육청도봉도서관","0","1"
"202310","1716. 창동역 1번출구 건너편","0","1"
"202310","1721. 창동역 2번출구 ","0","2"
"202310","173. 서대문역 8번출구 앞","0","5"
"202310","1737. 신창시장","1","0"
"202310","1738. 창동주공17단지 상가앞","2","0"
"202310","1744.도봉소방서 옆","1","0"
"202310","175. 홍연2교옆","2","0"
"202310","1752. 창동 주공 4단지 입구 옆","0","1"
"202310","1754. 창동시장입구 사거리","1","1"
"202310","1757.솔밭공원역 1번출구 앞","1","0"
"202310","176. 명지대학교 도서관","4","0"
"202310","1767.방학초등학교 앞","2","0"
"202310","1768.신동아타워 버스정류소","2","0"
"202310","179. 가좌역 4번출구 앞","3","1"
"202310","180. 충정로역 7번출구 아래","2","1"
"202310","1804. 독산역 2번출구 자전거주차장","1","2"
"202310","1806. 에이스하이엔드타워9차 앞","2","7"
"202310","181. 망원초록길 입구","22","19"
"202310","182. 망원2빗물펌프장 앞","24","28"
"202310","1821. 홈플러스 시흥점 맞은편 다비치안경 앞","5","2"
"202310","1824. 독산근린공원 입구","0","1"
"202310","1826. 한신코아 앞","2","0"
"202310","1827. 독산보도육교 앞 자전거 보관소","2","3"
"202310","1829. 홈플러스 금천점 앞","3","0"
"202310","183. 하늘채코오롱아파트 건너편","14","16"
"202310","1830. 빅마켓 금천점 앞","0","2"
"202310","1833. 독산역 1번출구 A","3","2"
"202310","1834. 월드메르디앙 벤처센터 2차","1","3"
"202310","1835. STX V타워","2","4"
"202310","184. 7번가피자 서교망원점","10","7"
"202310","1845. 롯데캐슬골드파크1차 서문","10","8"
"202310","1846. 롯데캐슬골드파크1차 동문","0","1"
"202310","1847. 독산주공 14단지 버스정류소","1","0"
"202310","1848. 벽산 디지털밸리 5차","2","7"
"202310","1849. 대륭포스트타워5차","5","5"
"202310","185. 마포 신수공원 앞","13","12"
"202310","1851. 가산디지털단지 9번출구 인근","7","2"
"202310","1853. 서울디자인직업전문학교 앞","0","2"
"202310","1858. 500번·507번 버스 종점 앞","1","0"
"202310","1859. 대륭테크노타운 18차","2","5"
"202310","186. 월드컵공원","34","32"
"202310","1862.스타즈호텔독산 빌딩 앞","5","6"
"202310","1864.산호시티빌 옆","1","1"
"202310","1865.금천구청앞(M빌딩)","1","0"
"202310","1869.롯데캐슬골드파크3차 301동 앞","2","2"
"202310","188. 홍은동 정원여중 입구","2","2"
"202310","1901. 신도림동주민센터 앞","3","2"
"202310","1904. 도림천역 1번 출구 앞","1","1"
"202310","1906. 신도림역 1번 출구 앞","4","4"
"202310","1908. 해원리바파크 육교 밑","3","1"
"202310","1911. 구로디지털단지역 앞","10","5"
"202310","1914. 대림역4번출구","2","3"
"202310","192. 연서어린이공원","0","1"
"202310","1920. 서울미래초등학교 사거리","1","0"
"202310","1925. 동양미래대학교 정문 옆","18","20"
"202310","1928. 고척스카이돔구장 광장","0","1"
"202310","1937. 한진아파트 입구","1","1"
"202310","194. 증산교 앞","0","1"
"202310","1946. 구로역 광장","2","2"
"202310","195. 모래내고가차도 ","4","6"
"202310","1952. 천왕연지타운2단지 앞","5","4"
"202310","1955. 디지털입구 교차로","4","3"
"202310","1957. 구일고등학교 정문 ","0","1"
"202310","1958. 강서수도사업소민원센터","0","1"
"202310","1959. 구로구의회 앞","1","1"
"202310","196. 연희교차로 인근","1","2"
"202310","1960. 구로거리공원 동측(신도림역 방면)","1","1"
"202310","1961. 신도림테크노근린공원","10","6"
"202310","1964. 원메디타운 앞","0","1"
"202310","1969. 궁동생태공원","0","2"
"202310","1975. 대림역 1번 출입구 밑","3","5"
"202310","1976. 남구로역 5번 출입구 앞","1","0"
"202310","1979. 구로1동우체국 앞","2","0"
"202310","198. 충정2교","2","2"
"202310","1983. 구로동롯데아파트","1","0"
"202310","1985. 구로도서관","4","1"
"202310","1986. 태평양물산빌딩","2","2"
"202310","1987. 개봉아이파크아파트 앞","0","1"
"202310","199. 서울 월드컵 경기장","40","18"
"202310","1991. 오류동역 맞은편","2","2"
"202310","1996. 구일역 1번 출입구 앞","5","6"
"202310","1998. 고척교 교차로","1","0"
"202310","2002. 노들역 1번출구","18","24"
"202310","2003. 사육신공원앞","2","4"
"202310","2007. 유한양행앞","1","5"
"202310","2009. 보라매역 8번출구","3","3"
"202310","201. 진미파라곤 앞","10","20"
"202310","2012. 대림사거리(동작상떼빌아파트)","0","1"
"202310","2013. 장승배기역 5번출구","2","2"
"202310","2015. 신대방삼거리역 6번출구쪽","1","1"
"202310","202. 국민일보 앞","32","25"
"202310","2020. 장승배기역2번출구뒷편쪽","0","2"
"202310","2024. 상도역 1번출구","1","1"
"202310","2025. 흑석역 1번출구","25","35"
"202310","2026. 흑석역 4번출구","0","2"
"202310","2027. 중앙대학교 정문 1","7","2"
"202310","203. 국회의사당역 3번출구 옆","3","6"
"202310","2034. 사당역 7번출구쪽","3","3"
"202310","2037. 동작역 5번출구 동작주차공원","13","17"
"202310","2038. 동작역 7번출구","2","3"
"202310","204. 국회의사당역 5번출구 옆","7","14"
"202310","2040. 비계 버스정류소","6","9"
"202310","205. 산업은행 앞","22","16"
"202310","2050. 노량진역 5번출구","12","8"
"202310","2058. 동작경찰서","8","4"
"202310","2059. 보라매공원 정문","1","0"
"202310","206. KBS 앞","16","18"
"202310","2060. 남성역3번출구 뒤","1","0"
"202310","2061. 한강 현대아파트 건너편","2","0"
"202310","2065. 서울시여성가족재단","1","0"
"202310","2067. 보라매역?동작세무서 버스정류장(강남중학교방면)","9","8"
"202310","207. 여의나루역 1번출구 앞","284","271"
"202310","2070. 노량진역 2번 출구 앞","12","15"
"202310","2071. 대림아파트 후문 상가 옆","0","1"
"202310","2077.노들역 3번출구","12","5"
"202310","2079.중앙대학교 중앙광장","0","1"
"202310","2080. 대방지하보도(대방동경남아너스빌아파트)","0","3"
"202310","2082.7호선 이수역7번출구","0","1"
"202310","2084.e편한세상 상도노빌리티 앞","1","0"
"202310","2085.강남중학교 앞","1","3"
"202310","2088.상도중앙하이츠빌 입구","1","1"
"202310","209. 유진투자증권빌딩 앞","32","21"
"202310","2091. 이수역9번출구","1","0"
"202310","2094.숭실대학교(중문) ","1","0"
"202310","2102. 봉림교 교통섬","8","6"
"202310","2104. 사당역 5번출구","1","3"
"202310","2108. 은천치안센터","0","1"
"202310","2109. 은천로입구 가로공원","2","0"
"202310","2110. 조원동 미성아파트","0","2"
"202310","2111. 서울대입구역 1번출구","2","4"
"202310","2115. 관악구시설관리공단","2","2"
"202310","2122. 낙성대로 입구","1","0"
"202310","213. KT앞","11","20"
"202310","2139. 서울신성초등학교","0","1"
"202310","214. 금융감독원 앞","5","11"
"202310","2140. 신림1교 교차로","5","4"
"202310","2143. 서울산업정보학교","0","1"
"202310","2144. 난우길입구","0","1"
"202310","2148. 낙성대역 3번출구 뒤","1","1"
"202310","215. 여의도고교 앞","37","45"
"202310","2164. 관악우체국","1","1"
"202310","2167. 낙성대역 1번출구","0","1"
"202310","2169. 봉천역 2번출구","2","2"
"202310","217. NH농협은행 앞","10","2"
"202310","2171. 서울대입구역 5번출구","4","6"
"202310","2173. 당곡사거리","6","5"
"202310","2174. 삼성디지털프라자관악점","1","0"
"202310","2177. 신대방역 2번 출구","2","1"
"202310","2178. 서울대학교 정문","2","6"
"202310","2183. 동방1교","7","6"
"202310","2185. 대학동 고시촌","0","2"
"202310","2186. 낙성대입구삼거리","0","1"
"202310","219. 롯데캐슬엠파이어 옆","13","9"
"202310","2191.대학동주민센터 ","1","2"
"202310","220. 미성아파트 A동 앞","10","4"
"202310","2202.청계산입구역 1번출구","1","1"
"202310","2203. 청계산입구역 2번출구","1","0"
"202310","2205. 내곡3단지 어린이공원 앞","0","1"
"202310","221. 여의도초교 앞","21","18"
"202310","2210. 반포1동 주민센터 앞","1","1"
"202310","2211. 서초구립반포도서관 앞","1","2"
"202310","2212.서초현대4차아파트 201동 맞은편","0","1"
"202310","2213. 고속터미널역 5번출구 앞","2","4"
"202310","2214. 신반포역 2번출구 앞","29","22"
"202310","2215. 반포종합운동장 입구","4","0"
"202310","2217.아크로리버뷰 부지 앞","22","46"
"202310","2219. 고속터미널역 8-1번, 8-2번 출구 사이","70","55"
"202310","222. 시범아파트버스정류장 옆","6","1"
"202310","2221. 방일초교 마을버스 정류장","2","2"
"202310","2222.사당역 12번출구 뒤","4","3"
"202310","2225.백석예술대학교 제3캠퍼스 앞","0","1"
"202310","2230.이수역 4번 출구","2","1"
"202310","2231. 삼성타운(삼성생명) A동 맞은편","4","7"
"202310","2237.서울남부터미널 대합실 입구","0","1"
"202310","2239.교대역 6번출구","0","3"
"202310","224. 롯데캐슬 앞","3","5"
"202310","2241.양재전화국 사거리","1","0"
"202310","2242.양재역 11번 출구 앞","1","4"
"202310","2243.서울가정법원","2","2"
"202310","2244.교육개발원입구 교차로","3","2"
"202310","2247.섬들근린공원","0","1"
"202310","2249. 우솔초등학교 맞은편","1","0"
"202310","225. 앙카라공원 앞","11","12"
"202310","2250. 서초유치원 맞은편","3","3"
"202310","2251. 더케이호텔 입구(양재2) ","1","0"
"202310","2252. 잔디마을 마을버스 정류장","5","2"
"202310","2255. 양재시민의숲역 1번출구","6","11"
"202310","2259. 잠원역 3번-4번 출구사이 ","11","13"
"202310","226. 샛강역 1번출구 앞","7","16"
"202310","2262. 한신16차아파트 119동 앞","129","165"
"202310","2264. 이수역 1번출구","3","1"
"202310","2266. 서초역 3번출구","3","1"
"202310","2268. 서초4동주민센터 ","0","2"
"202310","2269. 주홍교 하부","2","2"
"202310","227. 양평2나들목 보행통로 입구","7","7"
"202310","2270. 서초포레스타 7단지","1","0"
"202310","2271. 내방역 8번출구 앞","7","6"
"202310","2272. 교대입구 교차로","5","1"
"202310","2273. 일동제약 사거리","1","0"
"202310","2274. 양재시민의숲역 3번출구","0","1"
"202310","2277. 길마중4교 하부","10","6"
"202310","2279. 교대역 5번출구뒤","6","5"
"202310","228. 선유도역 3번출구 앞","15","11"
"202310","2280. 서울서초고용센터앞","1","0"
"202310","2281. 연세사랑병원신관앞","0","1"
"202310","229. 양평1 보행육교 앞","2","6"
"202310","2293. SPC 앞","2","0"
"202310","2294. 두상빌딩 앞","1","0"
"202310","2297. 남부터미널역 1번출구","0","3"
"202310","2299. 한전아트센터 앞","4","0"
"202310","230. 영등포구청역 1번출구","4","3"
"202310","2301. 현대고등학교 건너편","57","58"
"202310","2302. 교보타워 버스정류장(신논현역 3번출구 후면)","19","19"
"202310","2303. 논현역 10번출구","10","4"
"202310","2304. 대현그린타워","3","0"
"202310","2305. MCM 본사 직영점 앞","3","3"
"202310","2306. 압구정역 2번 출구 옆","31","28"
"202310","2307. 압구정 한양 3차 아파트","19","17"
"202310","2308. 압구정파출소 앞","19","18"
"202310","2309. 청담역(우리들병원 앞)","3","0"
"202310","231. 남부고용노동지청 남측","0","4"
"202310","2310. 청담동 맥도날드 옆(위치)","7","6"
"202310","2311. 학동로 래미안 아파트 앞","1","3"
"202310","2312. 청담역 13번 출구 앞","7","36"
"202310","2313. 금원빌딩 앞","9","16"
"202310","2314. 청담나들목입구","12","4"
"202310","2315. 봉은사역 5번출구 옆","4","9"
"202310","2318. 삼성중앙역4번출구(문화센터더 리빌)","2","7"
"202310","2319. 포스코사거리 서측(수협 삼성동 지점)","4","4"
"202310","2321. 학여울역 사거리","0","4"
"202310","2323. 주식회사 오뚜기 정문 앞","2","0"
"202310","2324. 천주교 대치 2동 교회 옆","1","0"
"202310","2325. 대치삼성아파트 앞 교차로","1","3"
"202310","2326. 대치동 삼성로","1","1"
"202310","2327. 뱅뱅사거리 랜드마크타워 앞","3","4"
"202310","2328. 르네상스 호텔 사거리 역삼지하보도 7번출구 앞","5","9"
"202310","2330. 역삼월드메르디앙아파트 앞","1","1"
"202310","2331. 동영문화센터앞","0","2"
"202310","2332. 선릉역3번출구","11","6"
"202310","2333. 양재역 3번출구 주변","1","0"
"202310","2334. 삼호아파트 2동 ( 간선도로)","1","1"
"202310","2335. 3호선 매봉역 3번출구앞","1","0"
"202310","2339. 현대아파트 정문 앞","0","1"
"202310","2340. 삼호물산버스정류장(23370) 옆","5","3"
"202310","2341. 일원역 4~5번 출구 사이","1","0"
"202310","2342. 대청역 1번출구  뒤","1","2"
"202310","2348. 포스코사거리(기업은행)","3","0"
"202310","2349. 역삼빌딩 앞(하나은행 옆)","6","0"
"202310","2350. 래미안그레이튼102동앞","1","1"
"202310","2352. 서울본부세관(건설회관 앞)","3","2"
"202310","2353. 강남구청역 2번출구 뒤","5","2"
"202310","2354. 청담역 2번출구","6","0"
"202310","2356. 강남구청","2","1"
"202310","2357. 르네상스호텔사거리 역삼지하보도 3번출구 앞 (더 오번 빌딩 명동칼국수 앞)","2","2"
"202310","2359. 국립국악중,고교 정문 맞은편","0","1"
"202310","236. 문래동자이아파트 앞","2","4"
"202310","2362. 신사동 가로수길 입구","34","9"
"202310","2363. 강남 을지병원 교차로","15","15"
"202310","2364. 도산공원교차로","19","9"
"202310","2365. K+ 타워 앞","25","17"
"202310","2369. KT선릉타워","11","5"
"202310","2371. 한국우편사업진흥원","3","0"
"202310","2372. 대치역 사거리","1","1"
"202310","2373. 개포동역 사거리","0","1"
"202310","2377. 수서역 5번출구","4","0"
"202310","2380. 삼성동베이직하우스앞","1","4"
"202310","2381. 언주역 6번출구앞","5","1"
"202310","2382. 역삼동 sk뷰 501동앞","0","1"
"202310","2384. 자곡사거리","0","1"
"202310","2385. 학동역","6","5"
"202310","2386. 크린랩 본사","13","6"
"202310","2387. 래미안강남힐즈 사거리","1","1"
"202310","2388. 강남구 도시관리공단","2","0"
"202310","239. 유스호스텔 앞","4","5"
"202310","2393. 구룡사 앞 교차로 (보도육교)","0","1"
"202310","2396. 영동3교 북단(우성캐릭터 앞 보도)","1","2"
"202310","2398. 더라움","3","0"
"202310","240. 문래역 4번출구 앞","9","4"
"202310","2404. 대모산입구역 4번 출구 앞","0","1"
"202310","2405. 청담공원앞 교차로","5","5"
"202310","2406. 논현동 광명빌딩 앞","11","9"
"202310","2407. 역삼서초삼성 세무서 앞 (역삼빌딩 앞)","17","28"
"202310","2409. 역삼동 디오슈페리움 (우성아파트 사거리)","5","0"
"202310","2410. 포스코피앤에스타워 (역삼역 3번출구 부근)","2","3"
"202310","2413.도곡역 1번 출구","5","4"
"202310","2415.한티역 롯데백화점 앞","2","6"
"202310","2416.한티역 6번 출구","1","2"
"202310","2417.선정릉 디캠프(D.CAMP)앞","2","2"
"202310","2418.봉은사역 7번 출구 ","11","19"
"202310","2419.봉은사역 1,2번 출구 ","11","35"
"202310","242. 신길선원가와인아파트 앞","5","0"
"202310","2420.학여울역 사거리(LG베스트샵 앞)","1","1"
"202310","2421. 신논현역 4번출구","16","27"
"202310","2429.압구정로데오역 6번출구","36","41"
"202310","243. 이앤씨드림타워 앞","7","3"
"202310","2430.강남파이낸스센터앞(역삼역2번출구)","3","6"
"202310","2431.대치역 7번출구","1","1"
"202310","244. 영등포삼환아파트 앞","1","0"
"202310","245. 삼성생명 당산사옥 앞","3","0"
"202310","247. 당산역 10번출구 앞","11","14"
"202310","248. 초원아파트 앞","40","16"
"202310","249. 여의도중학교 옆","110","69"
"202310","2502. 서초역1번출구 앞","2","2"
"202310","2503. 반포1동 서초빌딩 앞","14","2"
"202310","2504. 신사역 4번출구 뒤","24","46"
"202310","2505. 우성아파트사거리 (기업은행앞)","2","4"
"202310","2506. LG유플러스 (방배사옥)","1","0"
"202310","2508. 양재이스타빌 앞","4","1"
"202310","2509. 심산기념문화센터","8","10"
"202310","251. 서울지방병무청 버스정류장","3","3"
"202310","2515.서초초등학교 후문","13","19"
"202310","2517. 서초그랑자이 앞","0","1"
"202310","2518. 서초동 현대아파트 앞","0","1"
"202310","252. 보라매역4번출구","4","3"
"202310","2521.서초 크로바타워 앞","1","1"
"202310","2523.뉴코아 킴스클럽 앞","3","3"
"202310","2524.반포쇼핑타운 8동 앞","5","7"
"202310","2525.반포쇼핑타운 2동 앞","80","125"
"202310","2527.반포중학교 앞(세화여고 맞은편)","2","4"
"202310","2528.함지박 사거리","2","0"
"202310","2529.우리은행 방배동지점 앞","1","0"
"202310","2530.삼호3차아파트 앞","5","2"
"202310","2531.멤피스아파트 앞","1","1"
"202310","2532.국립국악원 앞","1","0"
"202310","2535.신반포역 3번출구 뒤","3","10"
"202310","2537.양재역 8번출구 앞","0","1"
"202310","2538.사평리근린공원","39","36"
"202310","2539.대한무역투자진흥공사 KOTRA 앞","0","2"
"202310","254. 도림신협 앞","2","0"
"202310","2540.반포천 앞","8","5"
"202310","2541.옛골 입구","1","1"
"202310","2542.신논현타워 앞","16","12"
"202310","2545.국립중앙도서관(국제회의장옆)","1","1"
"202310","2548.반포1동 자율방범초소 옆","0","2"
"202310","258. 신길역3번출구","6","6"
"202310","259. 대방역6번출구","10","13"
"202310","260. 여의도 마리나선착장 앞","8","8"
"202310","2601. 석촌호수 아뜰리에","3","4"
"202310","2605. 복정역 1번 출구 앞","0","1"
"202310","2608. 송파구청","22","17"
"202310","2609. 보성중고등학교 후문 앞","4","0"
"202310","2611. 송파지역자활센터 뒤","0","4"
"202310","2613. 잠실나들목","14","12"
"202310","2615. 테라타워2","1","1"
"202310","2618. 삼전역 1번출구","0","2"
"202310","2619. 석촌고분역 4번출구","3","2"
"202310","262. 영문초등학교 사거리","2","0"
"202310","2620. 송파나루역 4번 출구옆","8","9"
"202310","2621. 한성백제역 2번 출구","21","19"
"202310","2622. 올림픽공원역 3번출구","80","65"
"202310","2623.석촌동 주민센터","0","1"
"202310","2626.경찰병원역 1,2번 출구 사이","1","1"
"202310","263. 근로자회관 사거리","1","1"
"202310","2632.석촌고분역 2번 출구","1","0"
"202310","2633.송파학사 옆","0","1"
"202310","2635.잠실새내역 1번출구","5","3"
"202310","2637. 아시아지하보도 14번 출구","7","6"
"202310","2639.석촌역 8번출구","12","6"
"202310","264. 교보생명보험 앞","0","3"
"202310","2641.송파역 4번출구","2","1"
"202310","2643.풍납중학교 측면","1","3"
"202310","2644. 성내5교","1","1"
"202310","2645.잠실나들목2(엘스아파트136동)","2","1"
"202310","2646.레이크펠리스101동앞","3","3"
"202310","2647.잠실 자전거 수리센터 앞","25","27"
"202310","2648.헬리오시티 112동 앞","3","0"
"202310","265. 영등포유통상가 사거리","1","2"
"202310","2653.올림픽공원사거리(선수촌아파트)","1","0"
"202310","2654.올림픽선수촌아파트 136동 앞","2","0"
"202310","2655.송이공원","0","1"
"202310","266. 영등포청과시장 사거리","3","0"
"202310","267. 삼성화재 사옥 옆","7","8"
"202310","268. 그랜드컨벤션센터 앞","3","2"
"202310","270. 증권거래소후문교차로","2","5"
"202310","2701. 마곡나루역 5번출구 뒤편","1","1"
"202310","2704.홈플러스(강서점)","1","2"
"202310","2708.강서한강자이타워 앞","1","1"
"202310","2709.강변아파트 310동 앞","0","3"
"202310","271. 샛강생태공원방문자센터 앞","2","1"
"202310","2710.라이품 공영주차장 앞","1","1"
"202310","2711.가로공원공영주차장 1번 출구","0","1"
"202310","2713.우장초등학교 앞","2","1"
"202310","2715.마곡나루역 2번 출구 ","13","11"
"202310","2717.LG유플러스 마곡사옥","2","0"
"202310","2718.마곡수명산파크1단지","1","1"
"202310","2719.마곡문화공원","3","0"
"202310","272. 당산육갑문","35","46"
"202310","2723.마곡 필네이처","1","0"
"202310","2725.서울식물원 식물문화센터","11","11"
"202310","2727.서울식물원 잔디마당 앞","2","3"
"202310","2728.마곡나루역 3번 출구","8","9"
"202310","2729.넥센 유니버시티 앞","1","1"
"202310","2730.마곡메가박스 앞","1","0"
"202310","2733.마곡13단지 정문 앞","1","0"
"202310","2737.까치산역 3번 출구","1","0"
"202310","2739.수명산파크1단지교차로","2","1"
"202310","2740.마곡레포츠센터","5","3"
"202310","2742.강서구민올림픽체육센터","1","1"
"202310","2746.수명산파크 4단지 411동 앞","1","1"
"202310","275. 신동아아파트","0","2"
"202310","276. 영등포로터리2","15","17"
"202310","278. 쌍용플레티넘오피스텔","1","1"
"202310","279. 영등포 푸르지오 아파트 B","1","0"
"202310","280. 양평동6차현대아파트 앞","2","1"
"202310","2801. 대륭포스트타워1차","6","7"
"202310","2812.항동프라자","2","2"
"202310","2815.항동지구 7단지 정문","1","2"
"202310","2822.제니스스포츠 앞","2","0"
"202310","2824.미래사랑어린이공원 앞","2","1"
"202310","2825.초롱타운 앞","0","2"
"202310","2826.가마산지하보도 옆","2","3"
"202310","283. 아크로타워 스퀘어(영등포시장)","3","0"
"202310","284. 센트럴 푸르지오 시티 앞","5","5"
"202310","287. 영등포전화국사거리 (서강어린이공원)","1","0"
"202310","288. 쌍용예가(구청별관)","2","5"
"202310","290. 새말소공원","1","3"
"202310","2908. 광운대학교 중앙도서관","1","0"
"202310","2909. 석계역 3번 출구","2","0"
"202310","291. 문래동 하이테크 시티","3","3"
"202310","2910.도깨비시장","0","3"
"202310","2911.상계역중앙시장","1","2"
"202310","2915.서울과학기술대학교(어학교육원)","6","1"
"202310","2919.등나무 근린공원(시립북서울미술관 앞) ","2","0"
"202310","292. 영일 어린이공원","4","7"
"202310","293. 충북 미래관","13","10"
"202310","296.KT플라자 영등포점","3","1"
"202310","297.국회3문","5","10"
"202310","298.KBS 연구동 건너편","1","6"
"202310","299.여의도 순복음교회","8","24"
"202310","300. 정동사거리","2","6"
"202310","3002.벽산상암스마트큐브 ","10","6"
"202310","3006. 상암월드컵파크5단지(상암중학교)","0","2"
"202310","3007.MBC 앞","1","0"
"202310","3008.DMC역7번출구","1","0"
"202310","3009. 홍대입구역 사거리","33","29"
"202310","301. 경복궁역 7번출구 앞","12","19"
"202310","3010.홍대입구역 3번출구","57","53"
"202310","3013.서울지방고용노동청 앞","9","13"
"202310","302. 경복궁역 4번출구 뒤","75","72"
"202310","303. 광화문역 1번출구 앞","10","8"
"202310","305. 종로구청 옆","13","19"
"202310","307. 서울역사박물관 앞","2","5"
"202310","308. 광화문 S타워 앞","4","6"
"202310","309. 광화문역 6번출구 옆 B","7","3"
"202310","310. 청계광장 옆","12","17"
"202310","3100. 북성초교","0","2"
"202310","3101. 서대문구청","0","1"
"202310","3102. 연희삼거리","3","7"
"202310","3103. 홍제삼거리 북측","1","3"
"202310","3104. e편한세상 신촌4단지 앞","0","2"
"202310","3109.북한산더? 106동 앞","0","1"
"202310","3110.홍은 현대아이파크 아파트 202동 앞","1","0"
"202310","3113. 독립문 앞","4","5"
"202310","3114.충정로역 3번 출구","1","3"
"202310","3115.북아현 치안센터 인근","0","1"
"202310","3116.신촌역 4번출구","12","12"
"202310","3117.이화여대 인문관 인근","2","5"
"202310","3119.연희 브라운스톤 아파트 앞","12","12"
"202310","3120.DMC엘가아파트 앞","0","1"
"202310","3122.북가좌삼거리2","1","1"
"202310","3125.연희파크푸르지오아파트 앞","8","0"
"202310","3127.홍은2파출소 옆","3","0"
"202310","3128.동신병원 맞은편","5","5"
"202310","3131.연가교 교차로","1","0"
"202310","3132.홍제교","4","0"
"202310","3134.SK리쳄블(상수도사업본부)","1","1"
"202310","314. 국립현대미술관","34","24"
"202310","316. 종각역 1번출구 앞","16","7"
"202310","318. 광교사거리 남측","19","12"
"202310","320. 을지로입구역 4번출구 앞","18","26"
"202310","3202.당산롯데캐슬프레스티지","2","2"
"202310","3205.문래현대2차","1","1"
"202310","3206.문래동 주민센터","1","0"
"202310","3207.양남사거리1","0","1"
"202310","321. KEB 하나금융그룹 명동사옥 옆","32","44"
"202310","3212.신풍역 6번출구","1","0"
"202310","3215.강변삼성래미안","0","1"
"202310","3219.영등포역 1번출구","1","2"
"202310","322. 명동성당 앞","28","35"
"202310","3220.래미안에스티움 앞 (신풍로)","1","1"
"202310","3221.서울특별시 남부교육지원청","0","1"
"202310","324. 신세계백화점 본점 앞","41","49"
"202310","326. 안국역 5번출구 앞","20","26"
"202310","327. 낙원상가 옆","36","37"
"202310","328. 탑골공원 앞","22","18"
"202310","329. 청계2가 사거리 옆","32","21"
"202310","331. 을지로2가 사거리 북측","7","6"
"202310","3310.영락고등학교","1","2"
"202310","332. 을지로2가 사거리 남측","7","0"
"202310","334. 종로3가역 2번출구 뒤","15","17"
"202310","335. 종로3가역 15번출구 앞","18","25"
"202310","336. 충무로역 6번출구 앞","31","52"
"202310","337. 창경궁 입구","10","5"
"202310","338. 세운스퀘어 앞","10","10"
"202310","339. 종로4가 사거리","22","34"
"202310","340. 혜화동 로터리","2","3"
"202310","3402.이화공영주차장","8","12"
"202310","3404.서울특별시 중부교육지원청","1","0"
"202310","3405.파크팰리스","3","2"
"202310","3407.안국동사거리(신)","60","52"
"202310","3408.종로타워빌딩","4","5"
"202310","341. 혜화역 3번출구 뒤","3","8"
"202310","3410.종로3가역 8번출구","48","29"
"202310","3411.종묘","23","20"
"202310","3412.세운상가","11","16"
"202310","3413.종로플레이스","15","10"
"202310","3414.종로5가역 4번출구","38","30"
"202310","3415.동대문역6번출구","31","27"
"202310","3416.동묘앞역 6번출구","10","15"
"202310","3417.창신3동주민센터","1","0"
"202310","3419.국립어린이과학관","0","4"
"202310","342. 대학로 마로니에공원","18","25"
"202310","3421.혜화역 1번출구","4","1"
"202310","3422.성균관대 정문","6","4"
"202310","3423.현대그룹(본사)","3","2"
"202310","3425.광화문 풍림스페이스본 1단지앞","10","4"
"202310","3426.독립문역 2번출구 뒤","0","4"
"202310","3427.인왕산 아이파크 정문","0","1"
"202310","343. 힐스테이트창경궁 아파트 앞","21","19"
"202310","3432.종로2가 사거리","32","29"
"202310","344. 성균관대 E하우스 앞","8","8"
"202310","345. 서울보증보험본사 앞","4","0"
"202310","346. 맥스타일 앞","38","22"
"202310","347. 동대문역사문화공원역 9번출구 앞","45","35"
"202310","348. 독립문역 사거리","6","1"
"202310","349. 어린이도서관","3","3"
"202310","3500. 군자역2번출구","1","1"
"202310","3501. 광진구청 앞","0","1"
"202310","3503. 광진유진스웰","1","2"
"202310","3504. 원일교회","7","5"
"202310","3505. 신양초교앞 교차로","8","10"
"202310","3506. 영동대교 북단","11","18"
"202310","3507. 어린이회관","2","0"
"202310","3508. 화양사거리","1","4"
"202310","3509. 세종사이버대학교","9","13"
"202310","351. 청운초교 앞 삼거리","0","2"
"202310","3510. 중곡SK아파트앞","0","1"
"202310","3511. 응봉역 1번출구","14","24"
"202310","3513. 상왕십리역 1번출구","2","3"
"202310","3514. 왕십리교회옆","1","0"
"202310","3515. 서울숲 관리사무소","186","185"
"202310","3517. 용마사거리","1","2"
"202310","3518. 군자역 7번출구뒤","2","6"
"202310","352. 중앙고입구 삼거리","1","22"
"202310","3524. 세종대학교","0","1"
"202310","3525. 금호스포츠센터앞","4","2"
"202310","3528. 광진정보도서관","0","3"
"202310","3529. 어린이대공원정문","3","1"
"202310","353. 재동초교 앞 삼거리","63","64"
"202310","3533. 건대입구역 사거리(롯데백화점)","34","48"
"202310","3534. 건대입구역 5번출구 뒤","30","38"
"202310","3536. 중앙농협(자양동)","5","6"
"202310","354. 포르투갈 대사관 앞","8","4"
"202310","3543. 세종대학교(학술정보원)","16","17"
"202310","3544.한양대역 3번 출구","12","12"
"202310","3545.한양대역 1번출구","4","8"
"202310","3547.상왕십리역 6번 출입구","3","5"
"202310","3548.뚝섬역 6번출구","14","13"
"202310","3549.건영아파트 앞","7","6"
"202310","355. 서울사대부설초등학교 앞","13","5"
"202310","3550.금호나들목","10","11"
"202310","3552.서울숲 공영주차장앞","79","63"
"202310","3556.신금호파크자이APT앞","2","0"
"202310","3558.마장동 금호어울림APT앞","0","2"
"202310","3559.성동구민종합체육센터 앞","49","36"
"202310","356. KT혜화지사 앞","5","1"
"202310","3560.성동구 견인차량 보관소 앞","5","4"
"202310","3561.행당동 삼부APT후문","1","1"
"202310","3566.우성4차아파트","2","2"
"202310","3569.건대병원후문","8","6"
"202310","3570.구의역 리버비스타 오피스텔","1","0"
"202310","3571.화양 APT(횡단보도 옆)","13","9"
"202310","3573.광나루안전체험관","0","2"
"202310","3575. 자양사거리(서원빌딩)","3","2"
"202310","3579.광진 캠퍼스시티","6","7"
"202310","358. 성균관대입구 사거리 A","8","3"
"202310","3581.광진광장","7","9"
"202310","3582.화양동 우체국","4","4"
"202310","3586.군자역 비채온 오피스텔","2","2"
"202310","359. 원남동사거리","18","15"
"202310","3600.사근빗물펌프장 건너편","17","33"
"202310","3604. 삼성중앙역 5번출구","1","2"
"202310","3606. 신사동주민센터 옆","27","19"
"202310","361. 동묘앞역 1번출구 뒤","21","41"
"202310","3610. 윗반마을 입구","0","1"
"202310","3614. 은마아파트 입구 사거리","0","1"
"202310","3615. 서울 논현동우체국 앞","7","6"
"202310","362. 청계8가사거리 A","22","20"
"202310","3620. 청담역 11번 출구","0","1"
"202310","3621. 휘문고교 사거리","0","1"
"202310","3627. 압구정나들목","36","45"
"202310","3628. 역삼1동 주민센터","2","3"
"202310","3629. 청담사거리(신한오피스텔빌딩 앞)","5","3"
"202310","363. 신설동역 11번출구 뒤","11","17"
"202310","3630. 개포우성6차아파트 정문 앞","1","0"
"202310","3636. 삼성중앙역·플래티넘아파트 정류소","5","3"
"202310","3638. 신청담나들목","6","10"
"202310","364. 창신역 1번출구 앞","0","2"
"202310","3640. 일원1동주민센터앞 사거리","1","0"
"202310","3641. 대청역","1","1"
"202310","3646. 선정릉역 4번 출구","3","7"
"202310","3651. 개포동역 4번출구","2","1"
"202310","3663. 암사정수센터교차로(강동롯데캐슬퍼스트아파트)","1","1"
"202310","367. 독립문역 3-1번출구 ","4","0"
"202310","3671. 둔촌동역교차로","1","0"
"202310","368. SK 서린빌딩 앞","29","22"
"202310","3680. 강동역3번출구","1","0"
"202310","3681. 길동 마루빌딩","2","4"
"202310","3683. KT&G강동지사","2","2"
"202310","3684. 고덕자이(105동 앞)","1","0"
"202310","3688. 상일동산(동아아파트앞 교차로)","0","1"
"202310","3691. 둔촌역 2번출구","0","2"
"202310","3692. 둔촌오륜역 1번 출구","0","1"
"202310","370. 시청역(2호선) 9번출구 뒤","14","9"
"202310","371. 동대입구역 6번출구 뒤","15","26"
"202310","372. 약수역 3번출구 뒤","2","1"
"202310","374. 청구역 2번출구 앞","3","3"
"202310","3757. 신방화역 6번출구","2","1"
"202310","3758. 서울남부출입국관리소","1","1"
"202310","3759. 이대서울병원","2","4"
"202310","3760. 발산역 8번 출구","1","1"
"202310","3761. 나이아가라관광호텔","7","7"
"202310","3762. 마곡9단지 907동앞","3","2"
"202310","3767. 대원빌딩","1","0"
"202310","3769. 증미역 2번출구","0","1"
"202310","3778. 김포공항입구 교차로","4","2"
"202310","3780. 등촌서광아파트","1","2"
"202310","3782. 겸재정선미술관","7","2"
"202310","3783. 마곡금호어울림아파트","2","2"
"202310","3784. 벽산아파트","0","1"
"202310","3787. 가양나들목","1","6"
"202310","3789. 염창나들목","6","7"
"202310","379. 서울역9번출구","14","20"
"202310","3792. 화곡본동시장 입구","1","1"
"202310","3793. 더리브골드타워","0","2"
"202310","3794. 안양천합수부(현대3차아파트)","2","1"
"202310","3798. 그랜드아이파크아파트 앞","1","3"
"202310","380. CJ제일제당 앞","31","26"
"202310","3801. 이랜드글로벌R&D센터","2","1"
"202310","3803. 남서울중학교","1","0"
"202310","381. 장충체육관","5","6"
"202310","3810. 신봉천주유소 B","0","2"
"202310","3811.신사로입구","1","0"
"202310","3812. KT관악지점","0","1"
"202310","3815. 광일빌딩","1","1"
"202310","3816. 관악 GSfresh","5","0"
"202310","3819. 서울대벤처타운역","3","2"
"202310","382. 약수역 10번출구 앞","1","0"
"202310","3822.신림4,5동교","2","0"
"202310","383. 신당역 12번 출구 뒤","24","19"
"202310","384. 종로학원본원 ","0","3"
"202310","385. 종각역 5번출구","23","14"
"202310","3853. 어린이대공원역 2번출구","10","2"
"202310","3863. 동일로58길 입구","2","4"
"202310","3865. 이튼타워리버 2차","11","10"
"202310","387. 훈련원공원주차장 앞","57","49"
"202310","3873. 동서울우편집중국 앞","4","2"
"202310","3879. 중랑천 뚝방길 산책로 입구","1","0"
"202310","3881. 신자초교입구 교차로","12","8"
"202310","3886.광진구 민방위교육센터","0","1"
"202310","389. 을지로4가역 1번출구","20","15"
"202310","3891. 군자역4번출구","7","2"
"202310","390. 충무로역 1번출구","23","8"
"202310","3904. 테크노마트 앞","0","5"
"202310","391. 시립미술관","14","10"
"202310","3914. 신도림쌍용플래티넘노블아파트 앞","1","0"
"202310","3919. 구로역·NC신구로점 버스정류장(구로역 방면)","2","0"
"202310","3927. 구로월드아파트 앞","0","1"
"202310","3928.고척아이파크아파트 106동 앞","1","2"
"202310","393. 동대문역 8번 출구","20","33"
"202310","394. 경희궁 자이 3단지","1","0"
"202310","395. 경희궁 자이 2단지","2","0"
"202310","3956. 대륭테크노타운21차 앞","0","1"
"202310","3958. 롯데캐슬2차 마을버스 정류장(18804) 뒤편","0","1"
"202310","3959. 시흥사거리(시흥동 994-3 앞)","2","0"
"202310","3966. 독산역1번출구 B","0","2"
"202310","397. 종묘공영주차장 건너편","18","39"
"202310","3975.현대시티아울렛 가산","3","2"
"202310","398. 을지로3가역 3번출구","28","19"
"202310","3983. 금천구청역 1번 출구","3","1"
"202310","3987. LG전자가산A와 가산테라타워 사이","1","0"
"202310","399. 서울역 센트럴 자이아파트","1","0"
"202310","4004. 당고개입구오거리 당현천변","2","3"
"202310","4005. 중계2차 한화꿈에그린 101동 인근","1","1"
"202310","401. 상암월드컵파크 10단지 앞","2","1"
"202310","4016. 노원 마들스타디움","5","8"
"202310","4024. 꿈의숲 SK뷰 아파트","1","1"
"202310","4025. 한천교 동편","4","5"
"202310","4027. 한내 행복발전소 옆","1","4"
"202310","4029. 청소년수련관 후문","0","1"
"202310","403. 부엉이공원 앞","1","0"
"202310","4037. 물넘이교","2","0"
"202310","4040. 공릉로 26길","2","1"
"202310","4041. 공릉역3번출구","0","3"
"202310","405. DMC빌 앞","8","4"
"202310","4058. 다락원체육공원 전망대 입구","0","1"
"202310","406. 상암월드컵파크 7단지 앞","0","1"
"202310","4062. 평화도봉공원 주변","0","1"
"202310","407. 마포구 육아종합지원센터","0","1"
"202310","4076. 도봉통합복지센터 뒤 중랑천 변","1","1"
"202310","408. LG CNS앞","1","0"
"202310","4087. 우이교 교차로","1","1"
"202310","409. 누리꿈스퀘어 옆","6","5"
"202310","4092. 도봉경찰서 교차로","0","2"
"202310","410. 상암중학교 옆","3","1"
"202310","4102. 휘경1동주민센터 앞","2","1"
"202310","4103. 휘경sk뷰아파트 앞","1","2"
"202310","4104. 외대앞역 교차로","5","3"
"202310","4105. 서울교통공사사거리 교통섬","33","24"
"202310","4108. 답십리파크자이아파트 앞","0","3"
"202310","411. DMC홍보관","3","3"
"202310","4110. 용두롯데캐슬리치아파트 앞","2","1"
"202310","4113. 한국국방연구원 앞","2","3"
"202310","4114. 휘경여중고삼거리","0","2"
"202310","412. DMC산학협력연구센터 앞","0","3"
"202310","4121. 서울문화재단 앞","1","4"
"202310","4122. 청계9가교차로 앞","4","3"
"202310","4128.  종암초등학교 뒤(새울센스빌)","0","1"
"202310","413. 상암월드컵파크 3단지 후문","5","8"
"202310","4131. 베네스트 오피스텔 앞","1","0"
"202310","4132. 이문삼익아파트 앞","2","2"
"202310","4133.래미안허브리츠아파트 앞","2","2"
"202310","4134. 제기동 현대아파트 앞","0","1"
"202310","4135. 삼성생명 앞","6","4"
"202310","414. 상암동주민센터 옆","1","1"
"202310","415. DMC역 9번출구 앞","0","1"
"202310","4153. 흑석동효사정앞","1","4"
"202310","4162. 노량진1동 청소년독서실","2","0"
"202310","4167. 구로교 아래","4","2"
"202310","417. DMC역 2번출구 옆","7","1"
"202310","4171. 우성아파트 앞","1","1"
"202310","4175. 대방역2번출구","5","1"
"202310","4177. 롯데캐슬 101동 앞","2","0"
"202310","4178. 이수성결교회 옆","1","0"
"202310","4179. 보라매병원역 1번출구","8","7"
"202310","418. 월드컵경기장역 3번출구 옆","17","11"
"202310","4181. 보라매공원역 2번출구","1","1"
"202310","419. 홈플러스 마포점 앞","32","30"
"202310","420. 서울시 공공자전거 상암센터","25","27"
"202310","4202. 프런트원(공덕역4번출구 앞)","3","2"
"202310","4206. 광흥창역5번출구","7","4"
"202310","4207. 아만티호텔 앞","18","11"
"202310","4208. 스타벅스(동교동) 앞","6","13"
"202310","421. 마포구청 앞","1","7"
"202310","4210. 가좌행복주택 앞","1","1"
"202310","4211. 시석빌딩 앞","8","9"
"202310","4213. 마포구중앙도서관 정문 앞","7","4"
"202310","4214. JTBC 앞","2","0"
"202310","4216. 망원정 앞","6","10"
"202310","4217. 한강공원 망원나들목","134","115"
"202310","4218. 디지털매직스페이스","6","5"
"202310","422. 문화비축기지","26","32"
"202310","4220. 신촌 청년주택","6","3"
"202310","4222. 서울디자인고등학교 앞","4","2"
"202310","4224. 서부운전면허시험장","1","0"
"202310","4233. 코오롱아파트사거리","22","24"
"202310","4238. 상암한샘빌딩앞","4","2"
"202310","424. 롯데하이마트 (상암월드컵점) ","3","2"
"202310","4244. 당인리발전소 공원 앞","23","13"
"202310","4246. 상수역새마을금고","3","4"
"202310","4248. 신촌 교보빌딩","3","4"
"202310","4253. 홍은도담도서관","1","0"
"202310","426. 서울신용보증재단","3","3"
"202310","4262. 서대문자연사박물관 입구","1","0"
"202310","4264. 홍남교 버스정류장","1","1"
"202310","4266.국민연금공단충정로사옥","2","3"
"202310","4267. 서대문역 2번 출구","1","2"
"202310","4269. 연희IC 남측","13","15"
"202310","4270. 우국한마음 아파트 맞은편","4","1"
"202310","4271. 충정로역 1번 출구","1","3"
"202310","4272. 홍남교 사거리","0","2"
"202310","4273. 홍연2교 사거리","3","1"
"202310","4274. 신촌 파랑고래 입구","12","6"
"202310","4275.농협생명본사빌딩 서관","2","0"
"202310","428. 명보사거리","8","8"
"202310","430. 장충동먹자골목 앞","10","6"
"202310","4305. 서일스포츠센터","1","0"
"202310","4306. 서래공원 앞","3","3"
"202310","4307. 고투몰 gate 15옆","7","4"
"202310","431. 청계천 영도교","14","25"
"202310","4312. 반포미도2차아파트 옆","3","1"
"202310","4313. 반포종합운동장","7","2"
"202310","4315. 이투스교육 앞","2","0"
"202310","4316. 고속터미널역 3번출구","2","4"
"202310","4317. 양재근린공원","0","2"
"202310","4318. 방배역 2번 출구","1","1"
"202310","4320. 신영체르니 아파트","3","2"
"202310","4324. 세화고등학교","3","3"
"202310","4327. 몽마르뜨공원입구","4","1"
"202310","4329. SC제일은행 양재동지점 앞","2","2"
"202310","433. 을지로입구역 2번출구","25","20"
"202310","4332. 이수교차로","2","13"
"202310","434. 신당 래미안 버스정류장","1","1"
"202310","4341. 영동1교 북단","1","1"
"202310","435. SK 남산빌딩","16","13"
"202310","4353. 코오롱디지털타워 3차앞","7","9"
"202310","436. 이대역 5번출구","3","10"
"202310","4360. 르노삼성자동차 성수사업소 앞","1","2"
"202310","4362. 행당중학교 후문","5","2"
"202310","4363. 신금호역 2번출구 앞","0","1"
"202310","437. 대흥역 1번출구","6","5"
"202310","4370. 성동교 사거리","5","6"
"202310","4373. 서울숲 지식산업센터","12","12"
"202310","4377. 우영테크노센터 앞","16","12"
"202310","438. 성산2-1 공영주차장","1","1"
"202310","4381. 더스페이스타워 앞","12","16"
"202310","4382. 페코텍글로벌허브빌딩 앞","3","2"
"202310","4383. 푸조비즈타워 앞","4","8"
"202310","4385. 용답동 우체국 주변","27","37"
"202310","4386. 현대자동차 동부서비스센터 주변","1","1"
"202310","4387. 성수역 1번출구 주변","7","12"
"202310","4388. 하우스디세종타워 앞","3","2"
"202310","4389. 서울숲역3번출구","15","19"
"202310","4390. 신답역 1번출구","1","0"
"202310","4392. 답십리역 6번출구","6","4"
"202310","4393. 상원삼거리 장안철교 아래","1","1"
"202310","440. 하늘공원 입구","29","57"
"202310","4406. 장곡초등학교 앞","1","1"
"202310","4408. 돌곶이역 앞","2","5"
"202310","441.염천교사거리","12","9"
"202310","4414. 안암역 3번 출구","5","6"
"202310","4419. 성북구 한예종 캠퍼스 본관","4","3"
"202310","442.서울역 서부","0","3"
"202310","4420. 성북구 한예종 캠퍼스 별관","2","4"
"202310","4425. 하늘채코오롱아파트 앞","2","2"
"202310","443.호암아트홀","1","1"
"202310","445.대한상공회의소","15","20"
"202310","4452. 삼성SDS","1","2"
"202310","4457. 아산병원 기숙사 부근","9","14"
"202310","446. 상명대입구","0","1"
"202310","4464. 올림픽공원 북2문 A","20","19"
"202310","4465. 건영아파트앞 사거리","1","2"
"202310","4481. 올림픽공원 북2문 B","9","9"
"202310","4483. 잠실나들목4","20","25"
"202310","4484. 잠실나루역4번출구뒤","6","5"
"202310","4485. 잠실나루역 고가하부","3","0"
"202310","4486. 홈플러스 잠실점","2","1"
"202310","4490. 송파파인타운 10단지 1005동","1","1"
"202310","450. 효자동 삼거리","17","13"
"202310","4507. 신정제일시장","0","1"
"202310","451. 청와대앞길","5","11"
"202310","4510. 신정네거리역 교차로","0","1"
"202310","4515. 동문굿모닝탑","1","0"
"202310","4518. 청기와빌딩","0","1"
"202310","4519. 양원보도육교","0","1"
"202310","452. 동대문 종합시장 버스정류장","31","23"
"202310","4522. 신곡시장","1","1"
"202310","453. 종로오가 지하쇼핑센터 14번출구","40","35"
"202310","4531. 목동아파트 613동 앞","0","2"
"202310","454. 종로2가 버스정류장 (종각방향)","25","19"
"202310","4542. 월정초 사거리","1","0"
"202310","4543. 오목교역 6번 출구","4","1"
"202310","455. 종로6가역 버스정류장(동대문 방향)","14","6"
"202310","4552. 코레일유통본사","1","0"
"202310","4553. 당산삼성2차아파트","2","1"
"202310","4557. 리버뷰신안인스빌2차 후문","3","2"
"202310","4558. 대영중고 후문","1","0"
"202310","4559. 신길역 2번출구","8","14"
"202310","456. 숭인2동 주민센터 입구","10","11"
"202310","4560. 양평동성원아파트","0","2"
"202310","4561. 양평역 1번출구","0","1"
"202310","4563. 여의도 은하아파트","1","1"
"202310","4564. 63스퀘어","64","73"
"202310","4565. 영등포 신세계백화점","22","17"
"202310","4566. 대림성원상떼빌아파트","0","1"
"202310","4568. 영등포로터리","0","5"
"202310","4569. 힐스테이트클래시안아파트","1","0"
"202310","457. 종로꽃시장 입구 옆","16","20"
"202310","4574. 영등포시장역 포레나영등포","4","6"
"202310","4575. 대림동 e편한세상영등포아델포레","1","0"
"202310","4576.보라매sk뷰 108동 앞","4","4"
"202310","4578.보라매sk뷰","0","1"
"202310","458. 광화문역 5번출구","38","24"
"202310","4585. 국회6문","2","3"
"202310","4588.양남사거리2","0","5"
"202310","4589. KRX한국거래소(1)","6","11"
"202310","4592. 신길우성4차아파트","8","9"
"202310","4598. 오목교 동측 지하보도","2","0"
"202310","4600. 영등포구 총괄 우체국","6","6"
"202310","4601.양평역2번출구 뒤","4","2"
"202310","4602. 숙명여대앞 버스정류소 주변","2","3"
"202310","4603. 한강GS에클라트 건너편 교통섬","14","13"
"202310","4604. 원효로다목적체육관 앞","2","2"
"202310","4605. 노들섬 다목적홀(동쪽) 숲, 앞","13","12"
"202310","4607. 국립중앙박물관 -용산가족공원 앞","22","23"
"202310","4608. 국립중앙박물관 정문 앞","17","6"
"202310","4609. 파크타워 104동 앞","4","5"
"202310","461. 서울지방경찰청","9","7"
"202310","4610. 한남나인원 105동 앞","24","16"
"202310","4611. 국제루터교회 앞","1","2"
"202310","4612. 한남 준 J.FSS 앞","3","6"
"202310","4613. 서울갤러리아 앞","2","7"
"202310","4615. 크라운호텔앞 버스정류소","17","25"
"202310","4616. 신용산지하차도 앞","3","6"
"202310","4619. 한강트럼프월드3차 앞","23","39"
"202310","462. 신영동삼거리(북악터널방향)","0","1"
"202310","4620. 삼각지역 14번 출구 앞(교통섬)","15","7"
"202310","4621. 남산도서관 앞","20","18"
"202310","4622. 한강중학교 앞 버스정류장","16","3"
"202310","4623. 라인프랜즈이태원점 앞","8","9"
"202310","4625. 용산공원갤러리앞","3","3"
"202310","4627. 효창공원앞역 5번출구 옆","2","0"
"202310","4629. 한강초교보도육교 앞","26","20"
"202310","4632. 용산 푸르지오 파크타운 1단지 앞","0","1"
"202310","4633. 센트럴파크타워 앞","16","17"
"202310","4634. 이태원역 3번 출구","16","13"
"202310","4636. 용산구꿈나무종합타운 앞","1","0"
"202310","4637. 용산시티파크 101동 앞","9","2"
"202310","4638. 청파동삼거리 앞","0","2"
"202310","4639. 동빙고근린공원","18","21"
"202310","464. 삼청동 골목","20","9"
"202310","4640. 원효로2가 교차로","2","3"
"202310","4641. 아메리칸센터","4","2"
"202310","4642. 용산더프라임아파트 101동 앞","4","0"
"202310","4643. 한가람아파트 앞","23","7"
"202310","465. 삼청공원 앞","5","1"
"202310","4659. 신진과학기술고등학교 버스정류장(응암시장 방면)","1","0"
"202310","466.롯데호텔","7","10"
"202310","4667. 폭포동입구 교차로","1","0"
"202310","467.한국은행","27","20"
"202310","4671. 청구성심병원 앞","1","0"
"202310","468.웨스틴 조선호텔","16","16"
"202310","4683. 은평 성모병원 사거리","0","1"
"202310","4685. DMC역 5번 출구(수색역 방향)","2","2"
"202310","469.회현역 1번출구","11","9"
"202310","470.회현역 7번출구","15","20"
"202310","4705. 웰니스센터(민방위교육장 앞)","41","35"
"202310","4707. 청계3가 사거리","17","19"
"202310","4708. 조계사앞사거리","13","8"
"202310","471.회현사거리 남측","31","37"
"202310","4710. 자교교회 앞","14","12"
"202310","4711. 올림픽기념 국민생활관 로터리","1","0"
"202310","4713. 현대 뜨레비앙 아파트 앞","33","30"
"202310","4715. 돈의문 박물관 마을","2","4"
"202310","4718. 광화문역 6번출구 옆 A","17","10"
"202310","4719. 종로문화원 건너편","30","29"
"202310","472.삼일교(시그니쳐 타워)","10","1"
"202310","473.을지로4가역 9번출구","19","16"
"202310","474.동대문역사문화공원역 1번출구 뒤편","100","79"
"202310","475.DDP 패션몰","62","46"
"202310","4753. 시청역 10번출구","3","6"
"202310","476.광희문","16","14"
"202310","4760. 서울역 7번출구","1","2"
"202310","4761. 중부경찰서앞사거리 건너편","5","4"
"202310","4762. 국제빌딩","6","7"
"202310","4765. 동대문디자인플라자","85","78"
"202310","4766. 서소문성지역사박물관","1","1"
"202310","4768. 서울도시건축전시관","44","27"
"202310","477.앰배서더 호텔 주변","8","2"
"202310","4772. 중앙일보","2","1"
"202310","4774. 을지로입구역 8번출구","11","11"
"202310","4775. 을지로지하쇼핑센터","12","18"
"202310","4776. 신세계면세점","9","19"
"202310","4778. 대신파이낸스센터","15","5"
"202310","4781. 브라운스위트레지던스","2","2"
"202310","4782. 서소문역사공원","2","1"
"202310","4784. 중부경찰서앞 사거리","4","5"
"202310","4785. 롯데시티호텔","7","11"
"202310","479.동대입구역 3번 출구","4","8"
"202310","4791. 명동역9번 출구","72","109"
"202310","4792. 퇴계로4가 교차로(중구청)","32","29"
"202310","4793. 동대문역사문화공원역 5번출구","30","31"
"202310","4794. 서울역 서부교차로(3)","6","5"
"202310","4796. 부산은행","7","8"
"202310","4797. KG타워 앞","1","1"
"202310","4798. 황학동롯데캐슬","16","16"
"202310","480.약수역 6번 출구","1","3"
"202310","4800. 필동 삼거리","4","1"
"202310","4801. 충정로역 2호선(엘리베이터 앞)","2","4"
"202310","4804. 동서울농협 앞","1","1"
"202310","4807. 라코지스테이 앞","5","7"
"202310","481.신당역 10번 출구","19","6"
"202310","4812. 묵동 이마트 앞","3","2"
"202310","4826. 홈플러스 면목점","2","2"
"202310","4829. 신내동 한살림 중랑지구 건너편","0","1"
"202310","483.남산타운아파트 버스정류장","3","6"
"202310","4838.동원사거리 행복오피스텔 앞","0","1"
"202310","484.도동삼거리","5","12"
"202310","4841. 중화수경공원","0","2"
"202310","485.서울역5번출구","9","11"
"202310","4855. 거여5단지 503동 앞","2","2"
"202310","4856. 올림픽공원 서1문 앞","8","3"
"202310","4857. 올림픽공원 장미광장","6","4"
"202310","4859. 잠실나루 나들목","4","8"
"202310","4862. 성내교 남단","0","1"
"202310","4863. 잠실나들목5","4","4"
"202310","4864. 송파사거리","12","7"
"202310","4865. 한성백제역 1번출구 뒤","2","2"
"202310","4867. 가락대림아파트 앞","1","0"
"202310","4868. 석촌호수 서호 남단","8","7"
"202310","4869. 잠실나들목6","9","11"
"202310","487.신석초교앞 교차로 교통섬","4","5"
"202310","4870. 몽촌토성역 3번 출구","18","35"
"202310","4873. 개롱역사거리 2번 출구","0","1"
"202310","4874. 탄천1교 하부보도","1","1"
"202310","4875. 위례포레샤인13단지","1","1"
"202310","488.푸르메병원","0","1"
"202310","4884. H비즈니스파크","0","1"
"202310","4886. 배명고등학교 건너편","0","1"
"202310","489.구룡근린공원","6","2"
"202310","4896. 위례포레샤인15단지","1","0"
"202310","4897. 잠실주공5단지1","1","0"
"202310","490.가온문화공원","5","5"
"202310","4902. 구역삼세무서 교차로","0","1"
"202310","4903. 신사스퀘어","32","13"
"202310","4905. 강남경찰서","16","6"
"202310","4906. 섬유센터 앞","6","5"
"202310","4907. 극동스포츠 앞","8","7"
"202310","4908. SB타워 앞","16","22"
"202310","4909. 노보텔 앰배서더 앞","6","3"
"202310","491.월드컵파크 4단지","1","1"
"202310","4913. 레베쌍트 빌딩 앞","8","6"
"202310","4914. 도심공항타워 앞","38","17"
"202310","4915. 영동중앙교회 버스정류장","2","0"
"202310","4916. 청담역 1번출구","3","5"
"202310","4918. 매봉역 1번출구","1","1"
"202310","4919. 학여울역사거리(은마아파트)","1","0"
"202310","4924.논현동가구거리","3","2"
"202310","4925. 청담백영빌딩 앞","3","5"
"202310","4926. 대치우성아파트 사거리","2","2"
"202310","4929. 파스쿠찌 청담사거리점 앞","6","2"
"202310","493.홍대입구역 6번출구","34","23"
"202310","494.신수동주민센터","1","1"
"202310","495.염리초등학교 앞","4","9"
"202310","497.합정동주민센터 앞","21","16"
"202310","498.연남동주민센터 앞","18","14"
"202310","500. 어린이대공원역 3번출구 앞","3","3"
"202310","501. 광진구의회 앞","3","2"
"202310","502. 뚝섬유원지역 1번출구 앞","114","152"
"202310","505. 자양사거리 광진아크로텔 앞","1","2"
"202310","5052. 마곡역 7번출구","0","1"
"202310","5053. 신마곡벽산블루밍메트로오피스텔앞","2","0"
"202310","5057. 마곡역4번출구","0","1"
"202310","506. 금호 어울림 아파트 앞","0","2"
"202310","5064. 양천향교역8번출구","1","2"
"202310","5065. 허준박물관삼거리","2","1"
"202310","5070. 마곡13단지힐스테이트마스터 후문(1320동 앞)","2","2"
"202310","5073. 우장산역 헤링턴타워 앞","0","1"
"202310","5074. 마곡엠밸리14단지 버스정류장(마곡엠밸리11,12단지상가방면)","2","0"
"202310","508. 성수아카데미타워 앞","8","6"
"202310","5080. 가양역 1번출구","2","1"
"202310","5082. 가양역 7번출구","2","2"
"202310","5084. 강서우체국","1","0"
"202310","5087. 연세강서빌딩","0","1"
"202310","5089. LG사이언스파크 E10동","1","0"
"202310","5091. 보타닉파크타워2","1","0"
"202310","5095. 원당근린공원","2","3"
"202310","5097. LG사이언스파크 E2동","0","1"
"202310","510. 뚝도아리수정수센터 버스정류소 옆","31","20"
"202310","511. 서울숲역 5번 출구 옆","54","46"
"202310","512. 뚝섬역 1번 출구 옆","17","21"
"202310","513. 뚝섬역 5번 출구 정류소 옆","5","5"
"202310","514. 성수사거리 버스정류장 앞","11","6"
"202310","515. 광양중학교 앞","3","1"
"202310","516. 광진메디칼 앞","3","2"
"202310","518. 청계천 박물관 앞","2","2"
"202310","519. 양지사거리","3","1"
"202310","521. 왕십리역 11번 출구 앞","4","6"
"202310","522. 금호역 1번출구 앞","2","3"
"202310","523. 옥수동성당 옆","0","3"
"202310","525. 한양대병원사거리","6","0"
"202310","526. 용답토속공원 앞","2","4"
"202310","529. 장한평역 8번 출구 앞","18","10"
"202310","530. 청계벽산아파트 앞","1","5"
"202310","5301. 상계주공1단지 버스정류장 옆(대원빌딩 앞)","1","0"
"202310","5306. 동신아파트 후문 옆","1","2"
"202310","533. 금남시장 교차로","2","5"
"202310","536. 행당역 2번출구 앞","1","2"
"202310","537. 한양대후문역 부근","5","1"
"202310","539. 군자교교차로","2","3"
"202310","540. 군자역 7번출구 베스트샵 앞","1","2"
"202310","542. 강변역 4번출구 뒤","6","6"
"202310","543. 구의공원(테크노마트 앞)","3","2"
"202310","544. 광남중학교","2","1"
"202310","546. 잠실대교북단 교차로","1","1"
"202310","548. 자양나들목","26","26"
"202310","549. 아차산역 3번출구","3","1"
"202310","550. 서울시설공단 앞","1","1"
"202310","5504.아현교회","2","1"
"202310","552. 대림아크로리버 앞","4","3"
"202310","556. 달맞이공원","3","5"
"202310","557. 도선동 주민센터 앞","1","0"
"202310","558. 성동광진 교육지원청 앞","0","1"
"202310","559. 왕십리역 4번 출구 건너편","8","5"
"202310","560. 비전교회 앞","1","0"
"202310","561. 서울숲역 2번출구 앞","17","15"
"202310","562. 군자지하보도 앞","2","0"
"202310","564. 금호역 3번출구","3","0"
"202310","565. 옥수역 3번출구","69","52"
"202310","567. 성수역 2번출구 앞","25","19"
"202310","568. 청계8가 사거리 B","13","4"
"202310","571. 세종대학교 대양AI센터","10","4"
"202310","573. 구의문주차장 앞","1","1"
"202310","574. 아차산역4번출구","3","5"
"202310","5751. 송파여성축구장","1","5"
"202310","5752. 풍납백제문화공원 옆 인근","1","0"
"202310","5756. 극동아파트","0","1"
"202310","576. 광나루역 3번 출구","1","0"
"202310","5761. 버섯분수대","1","0"
"202310","5763. 세륜초등학교 건너편","2","0"
"202310","5764. 한국체육대학교","1","3"
"202310","5765. 삼전동주민센터 건너편","0","1"
"202310","5768.방이삼거리","11","10"
"202310","577. 광진청소년수련관","2","1"
"202310","5774. 가락본동주민센터 인근","3","3"
"202310","5775. 가락시장역 5번출구","3","5"
"202310","578. 성동세무서 부근","1","0"
"202310","579. 마장역 4번출구","1","1"
"202310","582. 경일중학교 앞","12","11"
"202310","583. 청계천 생태교실 앞","12","15"
"202310","584. 광진광장 교통섬","14","5"
"202310","585. 성수2가1동 공영주차장 인근","23","29"
"202310","5852. 대림동현대2차 201동 앞","2","2"
"202310","5853. 여의도역2번출구 앞","10","3"
"202310","5854. 신한금융투자 앞","19","16"
"202310","5855. 하이투자증권 앞","12","16"
"202310","5857. U레지던스 앞","0","1"
"202310","5858. 영등포역5번출구","24","23"
"202310","5859. 여의도 삼부아파트","30","36"
"202310","586. 마장동 주민센터","1","0"
"202310","5860. 어울림병원 앞","1","1"
"202310","5861. 보라주유소 앞","1","3"
"202310","5862. 당산역11번출구","4","5"
"202310","5864.장훈고 앞","1","0"
"202310","5865.더리브오피스텔 앞","25","23"
"202310","5866.포레나 당산","3","0"
"202310","5867. H타워 앞","3","10"
"202310","5868. 로프트시티오피스텔","3","6"
"202310","5869. 영등포아트홀 앞","0","1"
"202310","587. 유니베라 앞","17","15"
"202310","5870. LG트윈타워 앞","62","66"
"202310","588. 뚝섬 유원지역","23","28"
"202310","589. 성수역3번출구","52","49"
"202310","590. 건국대학교 (입학정보관)","2","1"
"202310","592. 건국대학교 학생회관","7","6"
"202310","593.자양중앙나들목","6","10"
"202310","602. 장안동 사거리","2","3"
"202310","605. 신설동역8번출구","7","0"
"202310","6053. 중부세무서 앞","14","9"
"202310","6054.청구e편한세상아파트 113동 앞","5","9"
"202310","6055. 한국경제","1","1"
"202310","607. 신이문역 2번출구","3","2"
"202310","609. 제기2교","7","5"
"202310","612. 시립동부병원 앞 사거리","4","4"
"202310","613. 신설동역 10번출구 앞","12","20"
"202310","614. 용두동 사거리","3","0"
"202310","615. 용두동 래미안허브리츠아파트 앞","3","2"
"202310","622. 전농사거리 교통섬","1","1"
"202310","623. 서울시립대 정문 앞 B","2","6"
"202310","626. 군자교 서측 녹지대","3","0"
"202310","630. 동대문구 보건소","2","2"
"202310","631. 답십리역 1번출구","3","2"
"202310","633. 청량리 기업은행 앞","8","10"
"202310","634. 외국어대 정문 앞","15","18"
"202310","635. 시조사 앞","2","3"
"202310","636. 세종대왕기념관 교차로","2","0"
"202310","637. KAIST 경영대학 앞","6","1"
"202310","638. 서울시립대 정보기술관","1","0"
"202310","639. 서울시립대 후문","1","1"
"202310","641. 용두역 4번출구","7","10"
"202310","642. 신답역 사거리","3","0"
"202310","643. 동대문구민체육센터 (육교아래)","5","4"
"202310","648. 장안동위더스빌옆","1","1"
"202310","650. 중랑교사거리","2","0"
"202310","654. 전농동 텃골공원","3","0"
"202310","656. 영휘원 교차로","4","1"
"202310","657. 동대문롯데캐슬아파트 앞","1","0"
"202310","659. 제기동역 1번출구","5","11"
"202310","660. 동의보감타워","19","16"
"202310","661. 경희대학교 청운관","2","8"
"202310","663. 외대앞역 3번출구","3","9"
"202310","664. 서울시립대 건설공학관","2","1"
"202310","666.이문대성유니드아파트 앞","1","0"
"202310","667.청량차도 육교 밑","0","2"
"202310","668.서울축산농협(장안지점)","6","7"
"202310","669.청계한신휴플러스앞 삼거리","1","1"
"202310","670.삼육서울병원 버스정류장","9","3"
"202310","671.대광빌딩","1","1"
"202310","672.대광고등학교","5","2"
"202310","673.안암골벽산아파트(후문)","7","9"
"202310","674.고대앞사거리 교통섬","9","6"
"202310","676.FITI시험연구원 앞","1","1"
"202310","680.꿈마루어린이도서관 앞","27","28"
"202310","703. 오목교역 7번출구 앞","1","0"
"202310","708. 서울출입국관리사무소 앞","0","1"
"202310","710. 금옥여고보도육교","0","1"
"202310","711. 신일해피트리아파트 앞","0","4"
"202310","713. 양서중학교 옆","1","0"
"202310","714. 한국SGI 양천문화회관 앞","1","1"
"202310","716.신정6동 주민센터 인근","2","5"
"202310","722. 경서농협 버스정류장(우리은행신정동지점방향)","1","0"
"202310","723. SBS방송국","0","1"
"202310","725. 양강중학교앞 교차로","1","0"
"202310","731. 서울시 도로환경관리센터","2","3"
"202310","733. 신정이펜하우스314동","0","1"
"202310","734. 신트리공원 입구","1","1"
"202310","739. 신월사거리","8","9"
"202310","744. 신목동역 2번 출구","0","2"
"202310","747. 목동3단지 상가","1","0"
"202310","748. 목동운동장","3","3"
"202310","757. 신정이펜하우스 1단지아파트 입구 사거리","14","4"
"202310","762. 오목로 무중력지대 앞","1","0"
"202310","765. 오목교역 3번출구","1","3"
"202310","766. 신목동역 3번출구","0","1"
"202310","769.CBS방송국 앞","1","0"
"202310","773.염창역 3, 4번 출구 사이","0","2"
"202310","774.등촌역 4번 출구 ","1","1"
"202310","776.목마공원","1","1"
"202310","780.신정교 하부","2","2"
"202310","785.양천구청, 보건소 사잇길","0","1"
"202310","788.양천구청역 2번출구 옆","2","2"
"202310","794.양천문화회관","1","0"
"202310","800. 목월공원 앞","0","2"
"202310","802. 한강진역 2번 출구 앞","8","6"
"202310","803. 한남초교 앞 보도육교","4","0"
"202310","805. 문배어린이공원 앞","1","1"
"202310","806. 전자랜드 본관 앞","11","8"
"202310","807. 서울역 12번 출구 앞","22","17"
"202310","808. 서빙고동 금호맨션 앞","8","11"
"202310","809. 한남 유수지 복개주차장","17","12"
"202310","810. 이태원지하보도","14","13"
"202310","811. 녹사평역1번출구","5","7"
"202310","812. 용산전쟁기념관","5","10"
"202310","813. 삼각지역 3번출구","9","5"
"202310","815. LIG강촌아파트 103동앞","0","8"
"202310","816. 신용산역 6번출구 앞","6","2"
"202310","817. 삼각지역 4번출구 앞","2","1"
"202310","818. 숙명여대 입구 교차로","8","4"
"202310","819. 선린인터넷 고등학교","7","3"
"202310","820. 청파동입구 교차로","10","12"
"202310","822. 이촌1동 마을공원","3","5"
"202310","823. 효창동주민센터 앞","0","1"
"202310","825. 서빙고동 주민센터 앞","59","87"
"202310","826. 서울역 서부교차로2","16","12"
"202310","827. 국군복지단","2","0"
"202310","828. 숙대입구역 8번","6","8"
"202310","829. 한강대교 북단 교차로","40","40"
"202310","830. 강변삼성스위트아파트 앞","0","1"
"202310","831. 이태원관광특구입구A(녹사평역쪽)","1","4"
"202310","832. 이촌1동 주민센터 뒤","7","13"
"202310","834. 효창공원앞역 3번출구 뒤","3","1"
"202310","835. 남영역 건너편","6","3"
"202310","836. 현대자동차서비스 앞","9","9"
"202310","837. 한남나들목 입구","28","28"
"202310","838. 숙대입구역 4번출구","15","14"
"202310","839. 보광동 삼성리버빌아파트 앞","19","23"
"202310","840. 용산 파크타워 앞","3","0"
"202310","841. 신용산역 1번 출구","41","16"
"202310","843. 이태원관광특구B(용산구청쪽)","13","20"
"202310","844. 이촌2동 동원베네스트 아파트 앞","1","6"
"202310","845. 용산 선인상가","2","9"
"202310","846. 용산중학교","15","21"
"202310","848. 삼각지12번 출구","11","3"
"202310","849. 삼각지 자이아파트","8","6"
"202310","850. KCC용산월츠타워 ","2","0"
"202310","852. 청암자이아파트 앞","13","8"
"202310","853.용산역 맞은편","53","38"
"202310","854.HID 유족동지회 앞","5","5"
"202310","855.이촌역5번출구 앞","6","3"
"202310","857. 현대 안성타워","6","4"
"202310","858.녹사평역3번 출구","8","19"
"202310","859.남산공원 야외식물원 앞","3","0"
"202310","860.LG한강 자이아파트 앞","23","9"
"202310","863.이촌역2번 출구","13","22"
"202310","864.순천향대학병원(한남오거리)","23","29"
"202310","865.하얏트호텔 앞","3","6"
"202310","867.서빙고역 광장(1번출구)","3","6"
"202310","869.노들섬 동측 앞","3","9"
"202310","870.노들섬 서측 앞","62","69"
"202310","900. 은평예술회관","1","1"
"202310","904. 은평뉴타운 푸르지오","1","0"
"202310","905. 구파발역 2번출구","9","1"
"202310","907. CJ 드림시티","6","7"
"202310","911. 은평평화공원(역촌역4번출구)","3","2"
"202310","914. 새절역 2번출구","9","7"
"202310","917. 녹번역 3번출구","1","1"
"202310","919. 서울혁신파크","2","1"
"202310","923. 국민은행 연서지점","0","3"
"202310","928. 은평역사한옥박물관","11","8"
"202310","939. 은평구청 교차로","0","1"
"202310","949. 연신내역 1번 출구 ","0","9"
"202310","959. 구파발10단지 인근","2","0"
"202310","967. 서울혁신파크2","1","0"
"202310","977.신도중학교앞","4","0"
"202310","978.녹번 힐스테이트상가앞","0","1"
"202310","979.원풍빌라앞","0","1"
"202310","982. 녹번초등학교(서오릉로)","2","3"
"202310","985. 은평세무서 버스정류장(은평구청 방면)","1","0"
"202310","991.흥국사 정류장","2","0"
"202310","992.북한산입구 정류장","1","5"
"202310","994.북한산생태공원입구(교통섬)","1","0"
"202310","상담센터","6","0"
"202311","1001. 광진교 남단 사거리(천호공원 방면)","2","0"
"202311","1002. 해공공원(천호동)","0","2"
"202311","1008. 암사역 3번출구(국민은행앞)","2","2"
"202311","1009. 천호역4번출구(현대백화점)","4","6"
"202311","1019. 다성이즈빌아파트(호원대 대각선 맞은편)","1","0"
"202311","102. 망원역 1번출구 앞","8","6"
"202311","1020. 강동경찰서","1","2"
"202311","1021. 강일동 리슈빌 빌딩앞","1","0"
"202311","1023. 한국종합기술사옥 앞","3","0"
"202311","1024.  강동구청 앞","0","6"
"202311","1029. 성내어울터","0","2"
"202311","103. 망원역 2번출구 앞","12","8"
"202311","1030. 미호 플랜트 앞","1","0"
"202311","1034. 고덕동 래미안 힐스테이트","1","0"
"202311","104. 합정역 1번출구 앞","5","11"
"202311","105. 합정역 5번출구 앞","5","7"
"202311","1050.  둔촌역 3번 출입구","3","3"
"202311","106. 합정역 7번출구 앞","17","27"
"202311","107. 신한은행 서교동지점","4","4"
"202311","1072.고덕역 5번출구","2","2"
"202311","1078.둔촌사거리","1","3"
"202311","108. 서교동 사거리","19","17"
"202311","1081.트레빌빌딩","2","3"
"202311","1082.중앙보훈병원역3번출구","1","0"
"202311","1084. 윤선생빌딩(JYP사옥)","19","17"
"202311","109. 제일빌딩 앞","11","3"
"202311","1102. 방화사거리 마을버스 버스정류장","2","1"
"202311","1106. 신방화사거리","1","0"
"202311","111. 상수역 2번출구 앞","4","19"
"202311","112. 극동방송국 앞","21","14"
"202311","1121. 가양레포츠센터 앞","1","3"
"202311","1124. 발산역 6번 출구 뒤","0","1"
"202311","113. 홍대입구역 2번출구 앞","15","16"
"202311","114. 홍대입구역 8번출구 앞","19","37"
"202311","1140. 목동사거리 버스정류장","1","0"
"202311","1141. 곰달래 문화복지센터 A","0","2"
"202311","115. 마스타 빌딩 앞","8","7"
"202311","1150. 송정역 1번출구","0","2"
"202311","1151. 마곡역1번출구","2","0"
"202311","1153. 발산역 1번, 9번 인근 대여소","3","0"
"202311","1160. 양천향교역 7번출구앞","1","2"
"202311","1169. 염창역 1번 출구","2","3"
"202311","117. 홍은사거리","2","2"
"202311","1172. 가양3동 주민센터","2","0"
"202311","1173. 강서구청사거리(SH타워)","0","2"
"202311","118. 광흥창역 2번출구 앞","1","2"
"202311","1182. KBS 스포츠월드","0","1"
"202311","1185. 등촌9단지","2","2"
"202311","119. 서강나루 공원","5","3"
"202311","1190. 마곡역 교차로(2번출구)","0","1"
"202311","1191. 마곡역 버스정류장(마곡나루역1번출구, 웰튼병원 방면)","2","2"
"202311","1193. 마곡센트럴타워 1차","1","1"
"202311","1195. 코오롱One&Only타워","0","1"
"202311","1197. 엠펠리체 호텔 건너편","8","2"
"202311","1201. 가락시장역 3번 출구","0","1"
"202311","1203. 밀리아나2빌딩 앞","0","1"
"202311","1205. 종합운동장역 4번출구","1","2"
"202311","1206. 9호선종합운동장역 9번출구","1","1"
"202311","1209. 잠실나루역 (2번 출구 쪽)","4","5"
"202311","1210. 롯데월드타워(잠실역2번출구 쪽)","27","11"
"202311","1215. 올림픽공원역 1번출구 앞","3","3"
"202311","1218. 방이역 4번출구","2","2"
"202311","122. 신성기사식당 앞","1","4"
"202311","1221. 삼전역 4번출구","1","1"
"202311","1222. 잠실새내역 5번 출구 뒤","4","3"
"202311","1224. 아시아지하보도 2번 출구","1","0"
"202311","1226. 잠실4동 주민센터 옆","1","1"
"202311","123. 문화촌 공원","1","1"
"202311","1231. 잠실역 6번출구","2","3"
"202311","1232. 잠실주공 521동 건너편","9","5"
"202311","124. 서강대 정문 건너편","6","5"
"202311","1248. 방이초등학교","1","2"
"202311","1251. 석촌역 2번출구","1","0"
"202311","126. 서강대 후문 옆","4","9"
"202311","1262. 송파여성문화회관 앞","1","0"
"202311","1264. 천호역 10번 출구 앞","2","4"
"202311","1267. 올림픽공원 남2문 앞","1","0"
"202311","1268. 몽촌토성역 1번출구 옆","18","15"
"202311","1269. 리센츠아파트 ","6","5"
"202311","127. 현대벤처빌 앞","1","0"
"202311","1274. 영파여고 앞","3","0"
"202311","1278. 송파구청 교차로","1","3"
"202311","128. 신촌역(2호선) 1번출구 옆","8","4"
"202311","1282. 송파소방서 맞은편(성내4교)","2","2"
"202311","129. 신촌역(2호선) 6번출구 옆","2","8"
"202311","1291. 서울체육고등학교 앞","4","0"
"202311","1293. 석촌호수 서호 사거리","1","1"
"202311","1295. 잠실역 8번출구","8","18"
"202311","1296. 석촌호수교차로 (송파나루근린공원 앞)","7","0"
"202311","1297. 석촌호수교차로(동호 팔각정 앞)","7","7"
"202311","1299. 송파소방서 (방이119안전센터)","6","3"
"202311","130. 신촌역(2호선) 7번출구 앞","6","21"
"202311","1308. 안암로터리 버스정류장 앞","24","7"
"202311","131. 증산2교","1","0"
"202311","1315. 고려사대부속중고 정문","1","0"
"202311","1318. 길음역 3번출구 뒤","2","1"
"202311","1321. 국민은행 종암동지점 앞","14","23"
"202311","1323. 월곡역 입구 육교 밑","4","3"
"202311","1326. 상월곡역 1번출구","0","1"
"202311","1328. 월곡역 3번출구","1","2"
"202311","133. 해담는다리","2","1"
"202311","1332. 석계역 5번출구 건너편","0","1"
"202311","1336. 성북3교 위","2","1"
"202311","1337. 돈암성당 옆","5","6"
"202311","1338. 용문2교 옆","0","2"
"202311","134. 연세로 명물길","2","4"
"202311","1342. 성북쉼터 앞","1","0"
"202311","1343. 한성대7번출구 앞","1","2"
"202311","1349. 월계2교 버스정류장 앞","2","2"
"202311","135. 명물길 원형무대 앞","4","2"
"202311","1351. 안암2교 옆","7","3"
"202311","1354. 고려대학교 2번출구","23","16"
"202311","1355. 보문2교","2","2"
"202311","1360. 정릉역","0","1"
"202311","1361. 홍익중고 입구","0","4"
"202311","1362. 보문역6번출구 앞","2","0"
"202311","1363. 보문4교 인근","0","2"
"202311","1364. 성북동 치안센터 앞","1","1"
"202311","137. 신촌기차역입구 교차로","2","2"
"202311","1370. 복자사랑 피정의 집","6","2"
"202311","1372. KEB은행 고대점","6","5"
"202311","1379.길음뉴타운푸르지오아파트 3단지","1","0"
"202311","138. 신촌동 제1공영주차장 앞","3","1"
"202311","1384.성신여대입구역 5번출구","0","2"
"202311","1385.성신여대입구역 3번출구 앞","1","1"
"202311","139. 연세대 정문 건너편","0","3"
"202311","1390.석관래미안아트리치","0","1"
"202311","1392.돈암삼성풍림아파트","0","1"
"202311","140. 이화여대 후문","5","2"
"202311","141. 연대 대운동장 옆","2","3"
"202311","1414. 사가정역 2번출구","1","0"
"202311","1425. 신성미소지움아파트","2","0"
"202311","1426. 면목도시개발아파트 1동 앞","0","3"
"202311","1427. 용마산역 1번출구","3","0"
"202311","143. 공덕역 2번출구","3","1"
"202311","144. 공덕역 8번출구","26","19"
"202311","1447. 면목역 3번출구","0","1"
"202311","1448. 코스트코 상봉점","0","2"
"202311","145. 공덕역 5번출구","4","4"
"202311","1451. 중랑세무서","2","2"
"202311","1456. 상아빌딩(우림시장 교차로)","1","0"
"202311","1458. 상봉터미널2","1","1"
"202311","146. 마포역 2번출구 뒤","11","5"
"202311","147. 마포역 4번출구 뒤","9","18"
"202311","150. 서강대역 2번출구 앞","7","6"
"202311","153. 성산2교 사거리","0","5"
"202311","1531. 미아사거리 1번 출구","3","2"
"202311","1535. 효성인텔리안 앞","2","1"
"202311","1537. 북한산 우이역","0","1"
"202311","154. 마포구청역 ","9","3"
"202311","156. 서울서부지방법원 앞","2","0"
"202311","1569.수유역2번출구","0","1"
"202311","157. 애오개역 4번출구 앞","4","3"
"202311","1572. 우이동 먹거리마을","5","0"
"202311","159. 이대역 4번 출구","2","2"
"202311","160. 북아현동 가구거리","1","1"
"202311","1608. 공릉역 1번 출구 앞","1","2"
"202311","1610. 화랑대역 2번출구 앞","1","0"
"202311","1611. 과기대 입구(우)","1","0"
"202311","1619. 중계동 하나프라자빌딩 앞(중1-1)","0","1"
"202311","162. 봉원고가차도 밑","4","4"
"202311","163. 명지전문대학교 정문 앞","0","1"
"202311","1642. 서울여대 남문","0","1"
"202311","1650. 중계근린공원내","0","1"
"202311","1655. 공릉1단지아파트","1","0"
"202311","1663. 동해문화예술관앞","2","2"
"202311","1677. 육군사관학교  앞","1","0"
"202311","1680. 삼육대 제3과학관","0","1"
"202311","1686. 상계주공10단지 종합상가 앞","1","2"
"202311","1689. 마들역 3번출구","1","1"
"202311","1703. 도봉산광역환승센터앞 ","2","0"
"202311","1715. 서울특별시교육청도봉도서관","1","4"
"202311","173. 서대문역 8번출구 앞","1","1"
"202311","1738. 창동주공17단지 상가앞","1","1"
"202311","175. 홍연2교옆","1","1"
"202311","1758.솔밭공원역 1번출구 주변","0","1"
"202311","179. 가좌역 4번출구 앞","1","1"
"202311","180. 충정로역 7번출구 아래","3","1"
"202311","1804. 독산역 2번출구 자전거주차장","0","1"
"202311","1806. 에이스하이엔드타워9차 앞","0","1"
"202311","181. 망원초록길 입구","8","8"
"202311","182. 망원2빗물펌프장 앞","8","4"
"202311","183. 하늘채코오롱아파트 건너편","2","1"
"202311","1830. 빅마켓 금천점 앞","2","3"
"202311","1833. 독산역 1번출구 A","1","2"
"202311","1834. 월드메르디앙 벤처센터 2차","1","0"
"202311","184. 7번가피자 서교망원점","3","5"
"202311","1845. 롯데캐슬골드파크1차 서문","25","18"
"202311","1846. 롯데캐슬골드파크1차 동문","0","1"
"202311","1849. 대륭포스트타워5차","5","0"
"202311","185. 마포 신수공원 앞","4","6"
"202311","1851. 가산디지털단지 9번출구 인근","1","0"
"202311","186. 월드컵공원","3","0"
"202311","1862.스타즈호텔독산 빌딩 앞","2","2"
"202311","1865.금천구청앞(M빌딩)","1","0"
"202311","1869.롯데캐슬골드파크3차 301동 앞","1","4"
"202311","1906. 신도림역 1번 출구 앞","1","3"
"202311","1911. 구로디지털단지역 앞","1","2"
"202311","1914. 대림역4번출구","9","5"
"202311","1925. 동양미래대학교 정문 옆","4","3"
"202311","194. 증산교 앞","0","1"
"202311","195. 모래내고가차도 ","1","1"
"202311","196. 연희교차로 인근","1","1"
"202311","1961. 신도림테크노근린공원","3","1"
"202311","1968. 동인오피스텔 건너편 소공원","2","0"
"202311","1975. 대림역 1번 출입구 밑","1","0"
"202311","1977. 천왕역 1번 출입구 앞","0","1"
"202311","198. 충정2교","7","1"
"202311","1985. 구로도서관","1","1"
"202311","199. 서울 월드컵 경기장","12","5"
"202311","1991. 오류동역 맞은편","0","3"
"202311","2000. 신도림4차 e편한세상 아파트 1109동 앞","2","1"
"202311","2002. 노들역 1번출구","2","11"
"202311","2003. 사육신공원앞","2","0"
"202311","2007. 유한양행앞","0","1"
"202311","2009. 보라매역 8번출구","0","1"
"202311","201. 진미파라곤 앞","10","3"
"202311","2015. 신대방삼거리역 6번출구쪽","0","2"
"202311","202. 국민일보 앞","14","8"
"202311","2025. 흑석역 1번출구","12","23"
"202311","2026. 흑석역 4번출구","0","1"
"202311","2027. 중앙대학교 정문 1","8","6"
"202311","203. 국회의사당역 3번출구 옆","3","5"
"202311","2033. 사당동 아르테스 웨딩앞","1","0"
"202311","2034. 사당역 7번출구쪽","4","3"
"202311","2037. 동작역 5번출구 동작주차공원","10","4"
"202311","2038. 동작역 7번출구","0","2"
"202311","204. 국회의사당역 5번출구 옆","11","6"
"202311","2040. 비계 버스정류소","2","1"
"202311","205. 산업은행 앞","9","7"
"202311","2050. 노량진역 5번출구","8","3"
"202311","2058. 동작경찰서","8","2"
"202311","2059. 보라매공원 정문","1","0"
"202311","206. KBS 앞","4","6"
"202311","2060. 남성역3번출구 뒤","1","1"
"202311","2061. 한강 현대아파트 건너편","2","1"
"202311","2067. 보라매역?동작세무서 버스정류장(강남중학교방면)","1","4"
"202311","207. 여의나루역 1번출구 앞","94","118"
"202311","2070. 노량진역 2번 출구 앞","6","2"
"202311","2077.노들역 3번출구","2","7"
"202311","2079.중앙대학교 중앙광장","2","0"
"202311","2080. 대방지하보도(대방동경남아너스빌아파트)","1","0"
"202311","2083.흑석롯데캐슬에듀포레(107동)","2","1"
"202311","2089.사당역10번출구(금강빌딩)","1","1"
"202311","209. 유진투자증권빌딩 앞","17","21"
"202311","2092.흑석한강푸르지오(110동)","0","1"
"202311","2102. 봉림교 교통섬","6","8"
"202311","2110. 조원동 미성아파트","3","1"
"202311","2111. 서울대입구역 1번출구","1","2"
"202311","2116. 에이스에이존빌딩","0","1"
"202311","2128. 관악구청교차로","1","0"
"202311","213. KT앞","15","8"
"202311","214. 금융감독원 앞","1","1"
"202311","2141. 미림여고입구 교차로","2","0"
"202311","2148. 낙성대역 3번출구 뒤","1","1"
"202311","215. 여의도고교 앞","9","8"
"202311","217. NH농협은행 앞","5","0"
"202311","2170. 조원동 강남힐병원","2","0"
"202311","2171. 서울대입구역 5번출구","0","3"
"202311","2172. 나들목공원","2","0"
"202311","2176. 보라매공원 보도육교","3","4"
"202311","2178. 서울대학교 정문","2","2"
"202311","2183. 동방1교","1","1"
"202311","2185. 대학동 고시촌","2","1"
"202311","2189. 봉천역 4번출구","1","1"
"202311","219. 롯데캐슬엠파이어 옆","3","2"
"202311","2190.도원맨션","0","1"
"202311","2191.대학동주민센터 ","0","2"
"202311","2198.사랑의병원","0","2"
"202311","220. 미성아파트 A동 앞","4","2"
"202311","2203. 청계산입구역 2번출구","0","1"
"202311","221. 여의도초교 앞","6","7"
"202311","2211. 서초구립반포도서관 앞","1","1"
"202311","2213. 고속터미널역 5번출구 앞","3","2"
"202311","2214. 신반포역 2번출구 앞","7","14"
"202311","2215. 반포종합운동장 입구","2","2"
"202311","2217.아크로리버뷰 부지 앞","13","9"
"202311","2219. 고속터미널역 8-1번, 8-2번 출구 사이","19","12"
"202311","222. 시범아파트버스정류장 옆","4","1"
"202311","2221. 방일초교 마을버스 정류장","0","1"
"202311","2222.사당역 12번출구 뒤","3","3"
"202311","2230.이수역 4번 출구","1","0"
"202311","2231. 삼성타운(삼성생명) A동 맞은편","0","2"
"202311","2237.서울남부터미널 대합실 입구","1","1"
"202311","2239.교대역 6번출구","2","0"
"202311","224. 롯데캐슬 앞","4","4"
"202311","2243.서울가정법원","0","1"
"202311","2244.교육개발원입구 교차로","1","0"
"202311","2248. 서초리슈빌S 글로벌 앞","2","2"
"202311","225. 앙카라공원 앞","0","5"
"202311","2259. 잠원역 3번-4번 출구사이 ","9","4"
"202311","226. 샛강역 1번출구 앞","4","10"
"202311","2262. 한신16차아파트 119동 앞","47","49"
"202311","2263. 바우뫼문화복지회관","1","0"
"202311","2268. 서초4동주민센터 ","2","3"
"202311","2269. 주홍교 하부","1","0"
"202311","227. 양평2나들목 보행통로 입구","2","10"
"202311","2276. 영동1교 (양재천근린공원)","0","1"
"202311","2277. 길마중4교 하부","5","0"
"202311","2279. 교대역 5번출구뒤","2","1"
"202311","228. 선유도역 3번출구 앞","3","8"
"202311","229. 양평1 보행육교 앞","1","1"
"202311","2294. 두상빌딩 앞","2","0"
"202311","230. 영등포구청역 1번출구","2","1"
"202311","2301. 현대고등학교 건너편","23","37"
"202311","2302. 교보타워 버스정류장(신논현역 3번출구 후면)","10","11"
"202311","2303. 논현역 10번출구","0","6"
"202311","2304. 대현그린타워","1","1"
"202311","2305. MCM 본사 직영점 앞","4","2"
"202311","2306. 압구정역 2번 출구 옆","22","27"
"202311","2307. 압구정 한양 3차 아파트","4","14"
"202311","2308. 압구정파출소 앞","6","7"
"202311","2309. 청담역(우리들병원 앞)","2","4"
"202311","231. 남부고용노동지청 남측","1","0"
"202311","2310. 청담동 맥도날드 옆(위치)","6","10"
"202311","2311. 학동로 래미안 아파트 앞","0","3"
"202311","2312. 청담역 13번 출구 앞","1","4"
"202311","2313. 금원빌딩 앞","8","7"
"202311","2314. 청담나들목입구","0","3"
"202311","2315. 봉은사역 5번출구 옆","5","8"
"202311","2318. 삼성중앙역4번출구(문화센터더 리빌)","2","0"
"202311","2319. 포스코사거리 서측(수협 삼성동 지점)","4","0"
"202311","2320. 도곡역 대치지구대 방향","1","0"
"202311","2326. 대치동 삼성로","1","0"
"202311","2328. 르네상스 호텔 사거리 역삼지하보도 7번출구 앞","2","3"
"202311","2329. 르네상스호텔사거리 역삼지하보도 2번출구","0","2"
"202311","233. 양평1동 YP센터 앞","1","0"
"202311","2331. 동영문화센터앞","0","2"
"202311","2332. 선릉역3번출구","8","3"
"202311","2333. 양재역 3번출구 주변","0","2"
"202311","2334. 삼호아파트 2동 ( 간선도로)","0","2"
"202311","2337. 대모산입구역 2번출구 앞","2","2"
"202311","2347. 두산건설 본사","1","1"
"202311","2348. 포스코사거리(기업은행)","5","4"
"202311","2349. 역삼빌딩 앞(하나은행 옆)","4","1"
"202311","235. 신길동 우리은행 옆","0","1"
"202311","2352. 서울본부세관(건설회관 앞)","3","1"
"202311","2353. 강남구청역 2번출구 뒤","8","1"
"202311","2357. 르네상스호텔사거리 역삼지하보도 3번출구 앞 (더 오번 빌딩 명동칼국수 앞)","1","2"
"202311","236. 문래동자이아파트 앞","4","3"
"202311","2362. 신사동 가로수길 입구","4","10"
"202311","2363. 강남 을지병원 교차로","25","7"
"202311","2364. 도산공원교차로","6","4"
"202311","2365. K+ 타워 앞","10","18"
"202311","2369. KT선릉타워","1","5"
"202311","2370. 한티역 3번출구","0","1"
"202311","2371. 한국우편사업진흥원","1","0"
"202311","2380. 삼성동베이직하우스앞","1","1"
"202311","2381. 언주역 6번출구앞","3","2"
"202311","2382. 역삼동 sk뷰 501동앞","1","2"
"202311","2385. 학동역","7","1"
"202311","2386. 크린랩 본사","2","1"
"202311","2388. 강남구 도시관리공단","1","1"
"202311","239. 유스호스텔 앞","7","10"
"202311","2396. 영동3교 북단(우성캐릭터 앞 보도)","2","0"
"202311","240. 문래역 4번출구 앞","1","1"
"202311","2405. 청담공원앞 교차로","0","1"
"202311","2406. 논현동 광명빌딩 앞","6","3"
"202311","2407. 역삼서초삼성 세무서 앞 (역삼빌딩 앞)","7","9"
"202311","2409. 역삼동 디오슈페리움 (우성아파트 사거리)","1","0"
"202311","241. 신길우성1차아파트 앞 공원","0","1"
"202311","2410. 포스코피앤에스타워 (역삼역 3번출구 부근)","1","1"
"202311","2417.선정릉 디캠프(D.CAMP)앞","0","1"
"202311","2418.봉은사역 7번 출구 ","9","7"
"202311","2419.봉은사역 1,2번 출구 ","10","12"
"202311","242. 신길선원가와인아파트 앞","1","0"
"202311","2421. 신논현역 4번출구","13","6"
"202311","2425.세곡동 사거리(대왕초등학교 정류장)","1","1"
"202311","2429.압구정로데오역 6번출구","6","17"
"202311","243. 이앤씨드림타워 앞","1","1"
"202311","2430.강남파이낸스센터앞(역삼역2번출구)","1","3"
"202311","245. 삼성생명 당산사옥 앞","1","1"
"202311","247. 당산역 10번출구 앞","2","5"
"202311","248. 초원아파트 앞","12","18"
"202311","249. 여의도중학교 옆","33","33"
"202311","2504. 신사역 4번출구 뒤","15","17"
"202311","2505. 우성아파트사거리 (기업은행앞)","10","9"
"202311","2509. 심산기념문화센터","3","3"
"202311","251. 서울지방병무청 버스정류장","2","2"
"202311","2515.서초초등학교 후문","9","13"
"202311","252. 보라매역4번출구","0","2"
"202311","2520.서초1교 (진흥아파트 방면)","1","1"
"202311","2523.뉴코아 킴스클럽 앞","1","0"
"202311","2524.반포쇼핑타운 8동 앞","7","5"
"202311","2525.반포쇼핑타운 2동 앞","19","38"
"202311","2528.함지박 사거리","1","0"
"202311","2531.멤피스아파트 앞","2","0"
"202311","2535.신반포역 3번출구 뒤","7","2"
"202311","2538.사평리근린공원","15","14"
"202311","254. 도림신협 앞","0","2"
"202311","2540.반포천 앞","2","0"
"202311","2541.옛골 입구","1","0"
"202311","2542.신논현타워 앞","11","13"
"202311","2545.국립중앙도서관(국제회의장옆)","2","2"
"202311","2547. 반포래미안 리오센트","2","0"
"202311","258. 신길역3번출구","2","0"
"202311","259. 대방역6번출구","0","5"
"202311","260. 여의도 마리나선착장 앞","1","1"
"202311","2601. 석촌호수 아뜰리에","1","1"
"202311","2608. 송파구청","5","8"
"202311","2609. 보성중고등학교 후문 앞","0","1"
"202311","2613. 잠실나들목","4","10"
"202311","2614. 가락고등학교 앞","1","0"
"202311","2618. 삼전역 1번출구","1","3"
"202311","2619. 석촌고분역 4번출구","1","0"
"202311","2620. 송파나루역 4번 출구옆","3","1"
"202311","2621. 한성백제역 2번 출구","6","8"
"202311","2622. 올림픽공원역 3번출구","26","26"
"202311","2626.경찰병원역 1,2번 출구 사이","1","1"
"202311","2631.배명고등학교","1","1"
"202311","2632.석촌고분역 2번 출구","2","1"
"202311","2635.잠실새내역 1번출구","2","0"
"202311","2637. 아시아지하보도 14번 출구","1","1"
"202311","2639.석촌역 8번출구","1","3"
"202311","2645.잠실나들목2(엘스아파트136동)","2","1"
"202311","2647.잠실 자전거 수리센터 앞","4","3"
"202311","2653.올림픽공원사거리(선수촌아파트)","2","2"
"202311","2656.풍납동 아이파크 107동 앞","3","5"
"202311","266. 영등포청과시장 사거리","1","0"
"202311","267. 삼성화재 사옥 옆","3","5"
"202311","268. 그랜드컨벤션센터 앞","0","1"
"202311","270. 증권거래소후문교차로","1","1"
"202311","2701. 마곡나루역 5번출구 뒤편","1","0"
"202311","2703.서울도시가스 앞 ","1","0"
"202311","2704.홈플러스(강서점)","0","4"
"202311","2708.강서한강자이타워 앞","1","0"
"202311","271. 샛강생태공원방문자센터 앞","6","2"
"202311","2715.마곡나루역 2번 출구 ","4","1"
"202311","2718.마곡수명산파크1단지","0","1"
"202311","2719.마곡문화공원","1","4"
"202311","272. 당산육갑문","20","19"
"202311","2723.마곡 필네이처","0","2"
"202311","2725.서울식물원 식물문화센터","5","4"
"202311","2727.서울식물원 잔디마당 앞","1","1"
"202311","2728.마곡나루역 3번 출구","1","3"
"202311","2730.마곡메가박스 앞","2","1"
"202311","2737.까치산역 3번 출구","1","0"
"202311","276. 영등포로터리2","6","1"
"202311","282. 신한은행 대림동지점","1","0"
"202311","2824.미래사랑어린이공원 앞","2","0"
"202311","2825.초롱타운 앞","1","0"
"202311","284. 센트럴 푸르지오 시티 앞","1","1"
"202311","287. 영등포전화국사거리 (서강어린이공원)","4","3"
"202311","288. 쌍용예가(구청별관)","2","1"
"202311","290. 새말소공원","3","1"
"202311","2908. 광운대학교 중앙도서관","1","2"
"202311","2909. 석계역 3번 출구","0","1"
"202311","291. 문래동 하이테크 시티","3","5"
"202311","2910.도깨비시장","0","1"
"202311","2915.서울과학기술대학교(어학교육원)","2","1"
"202311","293. 충북 미래관","2","3"
"202311","297.국회3문","2","0"
"202311","298.KBS 연구동 건너편","1","3"
"202311","299.여의도 순복음교회","4","4"
"202311","3002.벽산상암스마트큐브 ","1","5"
"202311","3006. 상암월드컵파크5단지(상암중학교)","2","2"
"202311","3007.MBC 앞","1","0"
"202311","3008.DMC역7번출구","7","4"
"202311","3009. 홍대입구역 사거리","7","6"
"202311","301. 경복궁역 7번출구 앞","10","8"
"202311","3010.홍대입구역 3번출구","29","28"
"202311","3013.서울지방고용노동청 앞","13","9"
"202311","302. 경복궁역 4번출구 뒤","48","37"
"202311","303. 광화문역 1번출구 앞","1","3"
"202311","305. 종로구청 옆","5","10"
"202311","307. 서울역사박물관 앞","2","1"
"202311","308. 광화문 S타워 앞","0","3"
"202311","309. 광화문역 6번출구 옆 B","2","1"
"202311","310. 청계광장 옆","15","13"
"202311","3100. 북성초교","1","1"
"202311","3111.무악재역 4번 출구","1","0"
"202311","3113. 독립문 앞","0","1"
"202311","3114.충정로역 3번 출구","0","1"
"202311","3115.북아현 치안센터 인근","0","1"
"202311","3116.신촌역 4번출구","5","3"
"202311","3117.이화여대 인문관 인근","1","6"
"202311","3119.연희 브라운스톤 아파트 앞","0","6"
"202311","3120.DMC엘가아파트 앞","3","2"
"202311","3125.연희파크푸르지오아파트 앞","1","0"
"202311","3128.동신병원 맞은편","5","3"
"202311","3132.홍제교","1","1"
"202311","314. 국립현대미술관","33","15"
"202311","316. 종각역 1번출구 앞","6","5"
"202311","318. 광교사거리 남측","4","10"
"202311","320. 을지로입구역 4번출구 앞","12","9"
"202311","3201.당산skv1센터","0","1"
"202311","3202.당산롯데캐슬프레스티지","1","1"
"202311","321. KEB 하나금융그룹 명동사옥 옆","29","24"
"202311","3219.영등포역 1번출구","0","2"
"202311","322. 명동성당 앞","11","15"
"202311","324. 신세계백화점 본점 앞","15","18"
"202311","326. 안국역 5번출구 앞","16","27"
"202311","327. 낙원상가 옆","44","32"
"202311","328. 탑골공원 앞","14","12"
"202311","329. 청계2가 사거리 옆","19","9"
"202311","331. 을지로2가 사거리 북측","2","5"
"202311","3311.서울대입구역 4번 출구","2","1"
"202311","332. 을지로2가 사거리 남측","1","1"
"202311","334. 종로3가역 2번출구 뒤","14","16"
"202311","335. 종로3가역 15번출구 앞","10","9"
"202311","336. 충무로역 6번출구 앞","38","31"
"202311","337. 창경궁 입구","7","8"
"202311","338. 세운스퀘어 앞","6","6"
"202311","339. 종로4가 사거리","7","20"
"202311","340. 혜화동 로터리","1","0"
"202311","3402.이화공영주차장","8","8"
"202311","3405.파크팰리스","1","1"
"202311","3407.안국동사거리(신)","30","25"
"202311","3408.종로타워빌딩","5","7"
"202311","341. 혜화역 3번출구 뒤","3","1"
"202311","3410.종로3가역 8번출구","25","27"
"202311","3411.종묘","20","15"
"202311","3412.세운상가","10","12"
"202311","3413.종로플레이스","12","13"
"202311","3414.종로5가역 4번출구","26","32"
"202311","3415.동대문역6번출구","14","17"
"202311","3416.동묘앞역 6번출구","5","8"
"202311","3419.국립어린이과학관","2","2"
"202311","342. 대학로 마로니에공원","7","12"
"202311","3420. 성균관대입구 사거리 B","0","1"
"202311","3421.혜화역 1번출구","1","1"
"202311","3422.성균관대 정문","1","6"
"202311","3423.현대그룹(본사)","8","11"
"202311","3425.광화문 풍림스페이스본 1단지앞","1","1"
"202311","3428.서울미술관","1","3"
"202311","343. 힐스테이트창경궁 아파트 앞","8","11"
"202311","3431.로제우스 레포츠센터","0","2"
"202311","3432.종로2가 사거리","15","9"
"202311","344. 성균관대 E하우스 앞","4","1"
"202311","345. 서울보증보험본사 앞","4","2"
"202311","346. 맥스타일 앞","15","19"
"202311","347. 동대문역사문화공원역 9번출구 앞","38","18"
"202311","348. 독립문역 사거리","3","1"
"202311","349. 어린이도서관","3","10"
"202311","3500. 군자역2번출구","0","1"
"202311","3501. 광진구청 앞","0","2"
"202311","3503. 광진유진스웰","2","0"
"202311","3504. 원일교회","4","5"
"202311","3505. 신양초교앞 교차로","0","1"
"202311","3506. 영동대교 북단","4","4"
"202311","3507. 어린이회관","0","1"
"202311","3509. 세종사이버대학교","1","2"
"202311","351. 청운초교 앞 삼거리","1","2"
"202311","3510. 중곡SK아파트앞","0","2"
"202311","3511. 응봉역 1번출구","8","18"
"202311","3513. 상왕십리역 1번출구","1","4"
"202311","3514. 왕십리교회옆","1","0"
"202311","3515. 서울숲 관리사무소","86","62"
"202311","3517. 용마사거리","1","1"
"202311","3518. 군자역 7번출구뒤","9","7"
"202311","352. 중앙고입구 삼거리","3","2"
"202311","3525. 금호스포츠센터앞","1","0"
"202311","3528. 광진정보도서관","0","2"
"202311","3529. 어린이대공원정문","4","0"
"202311","353. 재동초교 앞 삼거리","36","40"
"202311","3533. 건대입구역 사거리(롯데백화점)","8","10"
"202311","3534. 건대입구역 5번출구 뒤","11","20"
"202311","3537. 아차산 휴먼시아 아파트 옆","1","1"
"202311","354. 포르투갈 대사관 앞","13","12"
"202311","3542. 래미안 구의파크 스위트","0","1"
"202311","3543. 세종대학교(학술정보원)","9","11"
"202311","3544.한양대역 3번 출구","15","11"
"202311","3545.한양대역 1번출구","10","9"
"202311","3547.상왕십리역 6번 출입구","1","4"
"202311","3548.뚝섬역 6번출구","14","16"
"202311","3549.건영아파트 앞","1","1"
"202311","355. 서울사대부설초등학교 앞","7","0"
"202311","3550.금호나들목","7","6"
"202311","3552.서울숲 공영주차장앞","31","25"
"202311","3553.마장역3번출구","3","3"
"202311","3556.신금호파크자이APT앞","4","0"
"202311","3559.성동구민종합체육센터 앞","17","46"
"202311","3560.성동구 견인차량 보관소 앞","0","2"
"202311","3561.행당동 삼부APT후문","1","0"
"202311","3566.우성4차아파트","2","0"
"202311","3569.건대병원후문","4","1"
"202311","3570.구의역 리버비스타 오피스텔","2","1"
"202311","3571.화양 APT(횡단보도 옆)","2","8"
"202311","3573.광나루안전체험관","0","1"
"202311","3575. 자양사거리(서원빌딩)","1","1"
"202311","3579.광진 캠퍼스시티","3","3"
"202311","358. 성균관대입구 사거리 A","1","2"
"202311","3581.광진광장","2","3"
"202311","3582.화양동 우체국","4","3"
"202311","3586.군자역 비채온 오피스텔","1","0"
"202311","359. 원남동사거리","15","5"
"202311","3600.사근빗물펌프장 건너편","4","6"
"202311","3604. 삼성중앙역 5번출구","4","3"
"202311","3606. 신사동주민센터 옆","9","13"
"202311","3609. 언주초등학교 입구","2","0"
"202311","361. 동묘앞역 1번출구 뒤","11","33"
"202311","3614. 은마아파트 입구 사거리","0","2"
"202311","3615. 서울 논현동우체국 앞","1","1"
"202311","362. 청계8가사거리 A","16","9"
"202311","3621. 휘문고교 사거리","0","1"
"202311","3627. 압구정나들목","12","21"
"202311","3628. 역삼1동 주민센터","3","5"
"202311","3629. 청담사거리(신한오피스텔빌딩 앞)","3","4"
"202311","363. 신설동역 11번출구 뒤","22","12"
"202311","3636. 삼성중앙역·플래티넘아파트 정류소","1","0"
"202311","3638. 신청담나들목","2","6"
"202311","3646. 선정릉역 4번 출구","0","1"
"202311","3657. 서울천호동우체국","6","4"
"202311","367. 독립문역 3-1번출구 ","0","2"
"202311","368. SK 서린빌딩 앞","5","11"
"202311","3684. 고덕자이(105동 앞)","1","1"
"202311","3689. 강일역 3번출구","0","1"
"202311","3691. 둔촌역 2번출구","4","0"
"202311","3698. 명일역 3번출구 옆","0","1"
"202311","370. 시청역(2호선) 9번출구 뒤","15","11"
"202311","371. 동대입구역 6번출구 뒤","7","7"
"202311","374. 청구역 2번출구 앞","0","4"
"202311","3753. 공항중학교 버스정류장","1","0"
"202311","3760. 발산역 8번 출구","1","0"
"202311","3761. 나이아가라관광호텔","10","3"
"202311","3764. 관문주유소(GS칼택스) 앞","1","0"
"202311","3769. 증미역 2번출구","0","1"
"202311","3778. 김포공항입구 교차로","0","2"
"202311","3780. 등촌서광아파트","5","0"
"202311","3782. 겸재정선미술관","0","1"
"202311","3784. 벽산아파트","3","3"
"202311","3789. 염창나들목","2","2"
"202311","379. 서울역9번출구","9","8"
"202311","3796. 송정역 3번출구 앞","1","2"
"202311","3799. 국립항공박물관","1","1"
"202311","380. CJ제일제당 앞","12","7"
"202311","381. 장충체육관","3","4"
"202311","3819. 서울대벤처타운역","3","0"
"202311","382. 약수역 10번출구 앞","2","1"
"202311","383. 신당역 12번 출구 뒤","10","9"
"202311","384. 종로학원본원 ","0","2"
"202311","385. 종각역 5번출구","16","8"
"202311","3865. 이튼타워리버 2차","3","2"
"202311","387. 훈련원공원주차장 앞","53","27"
"202311","3873. 동서울우편집중국 앞","1","1"
"202311","388. 동성중학교 앞","1","1"
"202311","3881. 신자초교입구 교차로","3","4"
"202311","389. 을지로4가역 1번출구","9","9"
"202311","3891. 군자역4번출구","3","1"
"202311","390. 충무로역 1번출구","20","7"
"202311","3904. 테크노마트 앞","2","2"
"202311","391. 시립미술관","9","3"
"202311","3914. 신도림쌍용플래티넘노블아파트 앞","3","0"
"202311","393. 동대문역 8번 출구","24","21"
"202311","394. 경희궁 자이 3단지","0","1"
"202311","397. 종묘공영주차장 건너편","15","17"
"202311","3975.현대시티아울렛 가산","1","1"
"202311","398. 을지로3가역 3번출구","10","7"
"202311","3980. 금천현대홈타운 후문 서부샛길","0","1"
"202311","3983. 금천구청역 1번 출구","0","1"
"202311","3984. 가산롯데아이티캐슬","1","1"
"202311","4019. 상계주공10단지 버스정류소","1","0"
"202311","4025. 한천교 동편","1","2"
"202311","4027. 한내 행복발전소 옆","2","0"
"202311","4029. 청소년수련관 후문","2","1"
"202311","4032. 불암주유소 앞","1","0"
"202311","4037. 물넘이교","1","1"
"202311","4040. 공릉로 26길","1","1"
"202311","4041. 공릉역3번출구","2","1"
"202311","4045. 은하수 공원","1","1"
"202311","405. DMC빌 앞","1","0"
"202311","407. 마포구 육아종합지원센터","1","0"
"202311","4087. 우이교 교차로","2","2"
"202311","409. 누리꿈스퀘어 옆","4","1"
"202311","4104. 외대앞역 교차로","1","0"
"202311","4105. 서울교통공사사거리 교통섬","13","12"
"202311","4108. 답십리파크자이아파트 앞","1","0"
"202311","4121. 서울문화재단 앞","1","1"
"202311","4122. 청계9가교차로 앞","5","2"
"202311","4128.  종암초등학교 뒤(새울센스빌)","0","1"
"202311","413. 상암월드컵파크 3단지 후문","1","3"
"202311","4131. 베네스트 오피스텔 앞","1","0"
"202311","4134. 제기동 현대아파트 앞","0","1"
"202311","4135. 삼성생명 앞","5","1"
"202311","414. 상암동주민센터 옆","0","1"
"202311","415. DMC역 9번출구 앞","3","1"
"202311","416. 상암월드컵파크 1단지 교차로","0","1"
"202311","4167. 구로교 아래","5","8"
"202311","4169. 신대방삼거리","3","1"
"202311","417. DMC역 2번출구 옆","0","2"
"202311","4173. 중대후문 마을버스정류장","1","0"
"202311","4175. 대방역2번출구","3","1"
"202311","4178. 이수성결교회 옆","0","2"
"202311","4179. 보라매병원역 1번출구","3","1"
"202311","418. 월드컵경기장역 3번출구 옆","11","9"
"202311","4180. 흑석동주민센터 입구","1","1"
"202311","4181. 보라매공원역 2번출구","1","0"
"202311","419. 홈플러스 마포점 앞","8","7"
"202311","420. 서울시 공공자전거 상암센터","10","12"
"202311","4202. 프런트원(공덕역4번출구 앞)","0","2"
"202311","4206. 광흥창역5번출구","2","3"
"202311","4207. 아만티호텔 앞","5","1"
"202311","4208. 스타벅스(동교동) 앞","1","2"
"202311","421. 마포구청 앞","2","0"
"202311","4210. 가좌행복주택 앞","2","0"
"202311","4211. 시석빌딩 앞","3","1"
"202311","4216. 망원정 앞","3","2"
"202311","4217. 한강공원 망원나들목","34","49"
"202311","4218. 디지털매직스페이스","4","2"
"202311","422. 문화비축기지","17","8"
"202311","4220. 신촌 청년주택","4","1"
"202311","4222. 서울디자인고등학교 앞","4","4"
"202311","4224. 서부운전면허시험장","1","5"
"202311","4233. 코오롱아파트사거리","7","10"
"202311","4234. 에스테반","0","1"
"202311","424. 롯데하이마트 (상암월드컵점) ","1","0"
"202311","4244. 당인리발전소 공원 앞","7","5"
"202311","4246. 상수역새마을금고","3","0"
"202311","4247. 서울서부지방법원등기국앞","2","0"
"202311","4248. 신촌 교보빌딩","0","1"
"202311","4253. 홍은도담도서관","2","2"
"202311","4267. 서대문역 2번 출구","2","0"
"202311","4269. 연희IC 남측","10","3"
"202311","4270. 우국한마음 아파트 맞은편","1","0"
"202311","4272. 홍남교 사거리","2","0"
"202311","4273. 홍연2교 사거리","1","1"
"202311","4274. 신촌 파랑고래 입구","9","8"
"202311","4275.농협생명본사빌딩 서관","2","0"
"202311","428. 명보사거리","10","7"
"202311","429. 송도병원","0","1"
"202311","430. 장충동먹자골목 앞","5","7"
"202311","4306. 서래공원 앞","1","0"
"202311","4307. 고투몰 gate 15옆","3","2"
"202311","431. 청계천 영도교","16","18"
"202311","4313. 반포종합운동장","6","1"
"202311","4315. 이투스교육 앞","2","0"
"202311","4316. 고속터미널역 3번출구","4","4"
"202311","4320. 신영체르니 아파트","1","0"
"202311","4324. 세화고등학교","0","4"
"202311","4329. SC제일은행 양재동지점 앞","2","2"
"202311","433. 을지로입구역 2번출구","8","11"
"202311","4332. 이수교차로","0","2"
"202311","435. SK 남산빌딩","10","14"
"202311","4353. 코오롱디지털타워 3차앞","2","5"
"202311","436. 이대역 5번출구","2","2"
"202311","4362. 행당중학교 후문","9","4"
"202311","4367. kt 행당빌딩 앞","2","2"
"202311","437. 대흥역 1번출구","5","3"
"202311","4370. 성동교 사거리","2","1"
"202311","4373. 서울숲 지식산업센터","4","4"
"202311","4377. 우영테크노센터 앞","10","11"
"202311","438. 성산2-1 공영주차장","1","1"
"202311","4381. 더스페이스타워 앞","3","6"
"202311","4383. 푸조비즈타워 앞","0","1"
"202311","4385. 용답동 우체국 주변","7","6"
"202311","4387. 성수역 1번출구 주변","1","1"
"202311","4388. 하우스디세종타워 앞","11","0"
"202311","4389. 서울숲역3번출구","11","7"
"202311","4392. 답십리역 6번출구","2","0"
"202311","4393. 상원삼거리 장안철교 아래","4","10"
"202311","440. 하늘공원 입구","5","11"
"202311","441.염천교사거리","1","0"
"202311","4414. 안암역 3번 출구","2","1"
"202311","4418. 종암동 동덕여대 제2생활관 앞","7","5"
"202311","4419. 성북구 한예종 캠퍼스 본관","2","0"
"202311","442.서울역 서부","1","0"
"202311","4420. 성북구 한예종 캠퍼스 별관","0","2"
"202311","4425. 하늘채코오롱아파트 앞","1","0"
"202311","443.호암아트홀","0","2"
"202311","445.대한상공회의소","4","8"
"202311","4457. 아산병원 기숙사 부근","1","5"
"202311","4458. 가락2동주민센터 인근","1","0"
"202311","4464. 올림픽공원 북2문 A","2","2"
"202311","4481. 올림픽공원 북2문 B","5","4"
"202311","4483. 잠실나들목4","10","7"
"202311","4484. 잠실나루역4번출구뒤","7","11"
"202311","4485. 잠실나루역 고가하부","0","1"
"202311","4486. 홈플러스 잠실점","1","1"
"202311","4497. 아시아선수촌아파트 교차로","4","4"
"202311","450. 효자동 삼거리","9","1"
"202311","4507. 신정제일시장","0","1"
"202311","451. 청와대앞길","4","3"
"202311","4515. 동문굿모닝탑","1","1"
"202311","4517. 성보하이드로빌딩","0","1"
"202311","452. 동대문 종합시장 버스정류장","2","12"
"202311","453. 종로오가 지하쇼핑센터 14번출구","36","36"
"202311","454. 종로2가 버스정류장 (종각방향)","14","6"
"202311","4541. 갈산문화예술센터","1","1"
"202311","4543. 오목교역 6번 출구","0","1"
"202311","455. 종로6가역 버스정류장(동대문 방향)","22","21"
"202311","4553. 당산삼성2차아파트","1","1"
"202311","4557. 리버뷰신안인스빌2차 후문","5","0"
"202311","4558. 대영중고 후문","0","1"
"202311","4559. 신길역 2번출구","2","2"
"202311","456. 숭인2동 주민센터 입구","7","7"
"202311","4560. 양평동성원아파트","0","1"
"202311","4561. 양평역 1번출구","1","1"
"202311","4563. 여의도 은하아파트","2","1"
"202311","4564. 63스퀘어","23","19"
"202311","4565. 영등포 신세계백화점","9","7"
"202311","4568. 영등포로터리","2","4"
"202311","457. 종로꽃시장 입구 옆","3","4"
"202311","4573. 두산위브아파트","2","2"
"202311","4574. 영등포시장역 포레나영등포","5","3"
"202311","4579. 국회의사당 본관","0","4"
"202311","458. 광화문역 5번출구","24","34"
"202311","4581. 국회소통관","0","1"
"202311","4585. 국회6문","0","2"
"202311","4588.양남사거리2","0","1"
"202311","4589. KRX한국거래소(1)","3","1"
"202311","4594. 양평교 영등포대여소","4","1"
"202311","4599. 대림우성아파트 사거리","1","0"
"202311","4600. 영등포구 총괄 우체국","1","2"
"202311","4601.양평역2번출구 뒤","2","0"
"202311","4602. 숙명여대앞 버스정류소 주변","0","1"
"202311","4603. 한강GS에클라트 건너편 교통섬","4","5"
"202311","4604. 원효로다목적체육관 앞","0","1"
"202311","4605. 노들섬 다목적홀(동쪽) 숲, 앞","4","11"
"202311","4607. 국립중앙박물관 -용산가족공원 앞","2","7"
"202311","4608. 국립중앙박물관 정문 앞","10","5"
"202311","4609. 파크타워 104동 앞","3","2"
"202311","4610. 한남나인원 105동 앞","11","7"
"202311","4611. 국제루터교회 앞","0","4"
"202311","4612. 한남 준 J.FSS 앞","0","2"
"202311","4613. 서울갤러리아 앞","2","2"
"202311","4615. 크라운호텔앞 버스정류소","9","6"
"202311","4616. 신용산지하차도 앞","2","5"
"202311","4618. 풍전아파트 건너편","0","1"
"202311","4619. 한강트럼프월드3차 앞","16","11"
"202311","4620. 삼각지역 14번 출구 앞(교통섬)","4","0"
"202311","4621. 남산도서관 앞","9","3"
"202311","4622. 한강중학교 앞 버스정류장","4","1"
"202311","4623. 라인프랜즈이태원점 앞","3","1"
"202311","4629. 한강초교보도육교 앞","7","10"
"202311","4632. 용산 푸르지오 파크타운 1단지 앞","1","0"
"202311","4633. 센트럴파크타워 앞","4","2"
"202311","4634. 이태원역 3번 출구","7","19"
"202311","4637. 용산시티파크 101동 앞","2","1"
"202311","4638. 청파동삼거리 앞","2","2"
"202311","4639. 동빙고근린공원","9","12"
"202311","464. 삼청동 골목","11","11"
"202311","4642. 용산더프라임아파트 101동 앞","0","1"
"202311","4643. 한가람아파트 앞","13","12"
"202311","465. 삼청공원 앞","1","1"
"202311","4657. 본 서부병원 교차로 사거리","2","0"
"202311","466.롯데호텔","2","2"
"202311","467.한국은행","6","18"
"202311","468.웨스틴 조선호텔","9","5"
"202311","469.회현역 1번출구","11","6"
"202311","470.회현역 7번출구","1","5"
"202311","4705. 웰니스센터(민방위교육장 앞)","40","25"
"202311","4707. 청계3가 사거리","11","7"
"202311","4708. 조계사앞사거리","17","5"
"202311","471.회현사거리 남측","20","28"
"202311","4710. 자교교회 앞","11","13"
"202311","4713. 현대 뜨레비앙 아파트 앞","40","43"
"202311","4715. 돈의문 박물관 마을","0","4"
"202311","4718. 광화문역 6번출구 옆 A","4","8"
"202311","4719. 종로문화원 건너편","34","22"
"202311","472.삼일교(시그니쳐 타워)","9","10"
"202311","473.을지로4가역 9번출구","15","16"
"202311","474.동대문역사문화공원역 1번출구 뒤편","85","82"
"202311","475.DDP 패션몰","48","32"
"202311","4753. 시청역 10번출구","3","4"
"202311","476.광희문","4","0"
"202311","4761. 중부경찰서앞사거리 건너편","12","3"
"202311","4762. 국제빌딩","8","4"
"202311","4765. 동대문디자인플라자","46","56"
"202311","4766. 서소문성지역사박물관","1","1"
"202311","4768. 서울도시건축전시관","21","17"
"202311","477.앰배서더 호텔 주변","0","2"
"202311","4774. 을지로입구역 8번출구","15","7"
"202311","4775. 을지로지하쇼핑센터","10","16"
"202311","4776. 신세계면세점","9","13"
"202311","4778. 대신파이낸스센터","16","9"
"202311","4781. 브라운스위트레지던스","2","0"
"202311","4784. 중부경찰서앞 사거리","14","10"
"202311","4785. 롯데시티호텔","2","1"
"202311","479.동대입구역 3번 출구","2","5"
"202311","4791. 명동역9번 출구","24","81"
"202311","4792. 퇴계로4가 교차로(중구청)","21","21"
"202311","4793. 동대문역사문화공원역 5번출구","31","29"
"202311","4794. 서울역 서부교차로(3)","7","5"
"202311","4796. 부산은행","5","9"
"202311","4797. KG타워 앞","1","7"
"202311","4798. 황학동롯데캐슬","14","12"
"202311","480.약수역 6번 출구","1","2"
"202311","4800. 필동 삼거리","1","0"
"202311","481.신당역 10번 출구","12","3"
"202311","4812. 묵동 이마트 앞","1","1"
"202311","4813. 망우지구대","1","0"
"202311","4826. 홈플러스 면목점","1","0"
"202311","483.남산타운아파트 버스정류장","2","0"
"202311","4834. 용마복지센터 앞","3","4"
"202311","484.도동삼거리","2","0"
"202311","485.서울역5번출구","11","18"
"202311","4854. 가락시장역 2번 출구","1","0"
"202311","4856. 올림픽공원 서1문 앞","2","2"
"202311","4857. 올림픽공원 장미광장","1","4"
"202311","4859. 잠실나루 나들목","8","9"
"202311","4862. 성내교 남단","0","1"
"202311","4863. 잠실나들목5","2","0"
"202311","4864. 송파사거리","3","5"
"202311","4865. 한성백제역 1번출구 뒤","0","1"
"202311","4867. 가락대림아파트 앞","0","3"
"202311","4869. 잠실나들목6","1","0"
"202311","487.신석초교앞 교차로 교통섬","3","4"
"202311","4870. 몽촌토성역 3번 출구","16","18"
"202311","4871. 오금동 대림아파트 정문","1","0"
"202311","4892. 성내유수지 체육공원","2","2"
"202311","490.가온문화공원","5","5"
"202311","4901.KT&G타워 옆(상상마당 대치아트홀)","0","2"
"202311","4902. 구역삼세무서 교차로","2","0"
"202311","4903. 신사스퀘어","2","4"
"202311","4905. 강남경찰서","6","10"
"202311","4906. 섬유센터 앞","10","7"
"202311","4907. 극동스포츠 앞","7","2"
"202311","4908. SB타워 앞","5","4"
"202311","4909. 노보텔 앰배서더 앞","9","6"
"202311","491.월드컵파크 4단지","4","0"
"202311","4913. 레베쌍트 빌딩 앞","10","8"
"202311","4914. 도심공항타워 앞","16","18"
"202311","4915. 영동중앙교회 버스정류장","2","0"
"202311","4916. 청담역 1번출구","0","1"
"202311","4924.논현동가구거리","1","1"
"202311","4925. 청담백영빌딩 앞","4","0"
"202311","4926. 대치우성아파트 사거리","2","0"
"202311","4929. 파스쿠찌 청담사거리점 앞","1","1"
"202311","493.홍대입구역 6번출구","10","10"
"202311","497.합정동주민센터 앞","16","11"
"202311","498.연남동주민센터 앞","1","1"
"202311","500. 어린이대공원역 3번출구 앞","0","1"
"202311","501. 광진구의회 앞","1","1"
"202311","502. 뚝섬유원지역 1번출구 앞","37","49"
"202311","505. 자양사거리 광진아크로텔 앞","2","2"
"202311","5064. 양천향교역8번출구","1","1"
"202311","5065. 허준박물관삼거리","1","0"
"202311","508. 성수아카데미타워 앞","6","5"
"202311","5080. 가양역 1번출구","0","2"
"202311","5084. 강서우체국","1","0"
"202311","5099. LG사이언스파크 E7동","0","1"
"202311","510. 뚝도아리수정수센터 버스정류소 옆","19","24"
"202311","511. 서울숲역 5번 출구 옆","26","16"
"202311","512. 뚝섬역 1번 출구 옆","13","14"
"202311","513. 뚝섬역 5번 출구 정류소 옆","2","1"
"202311","514. 성수사거리 버스정류장 앞","8","1"
"202311","515. 광양중학교 앞","1","3"
"202311","516. 광진메디칼 앞","0","1"
"202311","518. 청계천 박물관 앞","1","1"
"202311","520. 상왕십리역 4번 출구 앞","5","0"
"202311","521. 왕십리역 11번 출구 앞","2","0"
"202311","522. 금호역 1번출구 앞","1","1"
"202311","525. 한양대병원사거리","2","2"
"202311","526. 용답토속공원 앞","0","3"
"202311","529. 장한평역 8번 출구 앞","3","5"
"202311","5306. 동신아파트 후문 옆","0","2"
"202311","5310. 목련아파트","1","0"
"202311","536. 행당역 2번출구 앞","0","1"
"202311","537. 한양대후문역 부근","1","0"
"202311","539. 군자교교차로","4","3"
"202311","540. 군자역 7번출구 베스트샵 앞","1","0"
"202311","542. 강변역 4번출구 뒤","2","1"
"202311","543. 구의공원(테크노마트 앞)","2","3"
"202311","548. 자양나들목","11","7"
"202311","549. 아차산역 3번출구","4","3"
"202311","550. 서울시설공단 앞","0","1"
"202311","5508. 성산유수지공원","2","3"
"202311","551. 구의삼성쉐르빌 앞","0","1"
"202311","555. 구의3동주민센터","3","0"
"202311","559. 왕십리역 4번 출구 건너편","2","4"
"202311","561. 서울숲역 2번출구 앞","12","2"
"202311","562. 군자지하보도 앞","1","0"
"202311","565. 옥수역 3번출구","16","17"
"202311","567. 성수역 2번출구 앞","16","4"
"202311","568. 청계8가 사거리 B","3","3"
"202311","569. 응봉현대아파트 정류소","1","2"
"202311","571. 세종대학교 대양AI센터","4","2"
"202311","573. 구의문주차장 앞","1","0"
"202311","574. 아차산역4번출구","4","6"
"202311","5751. 송파여성축구장","1","0"
"202311","5752. 풍납백제문화공원 옆 인근","1","1"
"202311","5756. 극동아파트","1","0"
"202311","5758. 올림픽선수기자촌아파트 123동 근처","1","2"
"202311","5760. 풍납사거리 성내유수지","3","0"
"202311","5763. 세륜초등학교 건너편","2","0"
"202311","5764. 한국체육대학교","2","1"
"202311","5768.방이삼거리","17","17"
"202311","577. 광진청소년수련관","1","1"
"202311","5774. 가락본동주민센터 인근","0","2"
"202311","5775. 가락시장역 5번출구","1","2"
"202311","579. 마장역 4번출구","1","1"
"202311","582. 경일중학교 앞","4","6"
"202311","583. 청계천 생태교실 앞","12","8"
"202311","584. 광진광장 교통섬","1","1"
"202311","585. 성수2가1동 공영주차장 인근","10","6"
"202311","5853. 여의도역2번출구 앞","5","3"
"202311","5854. 신한금융투자 앞","12","12"
"202311","5855. 하이투자증권 앞","7","8"
"202311","5858. 영등포역5번출구","17","9"
"202311","5859. 여의도 삼부아파트","12","3"
"202311","5860. 어울림병원 앞","0","4"
"202311","5862. 당산역11번출구","1","3"
"202311","5865.더리브오피스텔 앞","17","13"
"202311","5866.포레나 당산","1","1"
"202311","5867. H타워 앞","4","2"
"202311","5868. 로프트시티오피스텔","7","4"
"202311","5869. 영등포아트홀 앞","1","0"
"202311","587. 유니베라 앞","6","11"
"202311","5870. LG트윈타워 앞","28","20"
"202311","588. 뚝섬 유원지역","6","7"
"202311","589. 성수역3번출구","18","35"
"202311","590. 건국대학교 (입학정보관)","1","4"
"202311","591. 건국대학교 (행정관)","2","0"
"202311","592. 건국대학교 학생회관","9","5"
"202311","593.자양중앙나들목","4","2"
"202311","600. 휘경2동 주민센터","3","1"
"202311","602. 장안동 사거리","0","1"
"202311","605. 신설동역8번출구","2","0"
"202311","6053. 중부세무서 앞","2","6"
"202311","6054.청구e편한세상아파트 113동 앞","2","7"
"202311","608. 전농삼성아파트","0","1"
"202311","609. 제기2교","4","2"
"202311","613. 신설동역 10번출구 앞","10","9"
"202311","614. 용두동 사거리","2","1"
"202311","624. 전농동 동아아파트 앞","2","4"
"202311","626. 군자교 서측 녹지대","1","1"
"202311","633. 청량리 기업은행 앞","9","8"
"202311","634. 외국어대 정문 앞","16","21"
"202311","635. 시조사 앞","2","1"
"202311","637. KAIST 경영대학 앞","3","5"
"202311","641. 용두역 4번출구","3","1"
"202311","648. 장안동위더스빌옆","1","1"
"202311","650. 중랑교사거리","0","1"
"202311","656. 영휘원 교차로","2","0"
"202311","659. 제기동역 1번출구","2","2"
"202311","660. 동의보감타워","6","16"
"202311","661. 경희대학교 청운관","0","2"
"202311","663. 외대앞역 3번출구","4","2"
"202311","670.삼육서울병원 버스정류장","1","0"
"202311","671.대광빌딩","2","1"
"202311","672.대광고등학교","1","3"
"202311","673.안암골벽산아파트(후문)","4","11"
"202311","674.고대앞사거리 교통섬","15","6"
"202311","676.FITI시험연구원 앞","4","4"
"202311","680.꿈마루어린이도서관 앞","23","18"
"202311","703. 오목교역 7번출구 앞","1","0"
"202311","708. 서울출입국관리사무소 앞","7","0"
"202311","709. 신정3동 현장민원실 앞","2","1"
"202311","732. 신월중학교","0","1"
"202311","735. 영도초등학교","1","2"
"202311","746. 목동2단지 상가","1","1"
"202311","747. 목동3단지 상가","1","1"
"202311","748. 목동운동장","2","2"
"202311","755. 목동1단지아파트 상가 앞","1","1"
"202311","765. 오목교역 3번출구","1","1"
"202311","769.CBS방송국 앞","1","0"
"202311","773.염창역 3, 4번 출구 사이","1","0"
"202311","779. 신정1동 주민센터 앞","0","1"
"202311","780.신정교 하부","2","1"
"202311","794.양천문화회관","1","0"
"202311","800. 목월공원 앞","2","2"
"202311","802. 한강진역 2번 출구 앞","4","5"
"202311","803. 한남초교 앞 보도육교","2","3"
"202311","805. 문배어린이공원 앞","0","2"
"202311","806. 전자랜드 본관 앞","6","5"
"202311","807. 서울역 12번 출구 앞","12","9"
"202311","808. 서빙고동 금호맨션 앞","7","2"
"202311","809. 한남 유수지 복개주차장","4","7"
"202311","810. 이태원지하보도","7","13"
"202311","811. 녹사평역1번출구","7","5"
"202311","812. 용산전쟁기념관","7","11"
"202311","813. 삼각지역 3번출구","10","8"
"202311","815. LIG강촌아파트 103동앞","0","2"
"202311","816. 신용산역 6번출구 앞","0","2"
"202311","817. 삼각지역 4번출구 앞","2","0"
"202311","818. 숙명여대 입구 교차로","2","2"
"202311","819. 선린인터넷 고등학교","1","1"
"202311","820. 청파동입구 교차로","2","2"
"202311","822. 이촌1동 마을공원","0","2"
"202311","825. 서빙고동 주민센터 앞","27","35"
"202311","826. 서울역 서부교차로2","8","1"
"202311","828. 숙대입구역 8번","5","9"
"202311","829. 한강대교 북단 교차로","13","15"
"202311","831. 이태원관광특구입구A(녹사평역쪽)","0","2"
"202311","832. 이촌1동 주민센터 뒤","1","1"
"202311","834. 효창공원앞역 3번출구 뒤","4","1"
"202311","835. 남영역 건너편","3","0"
"202311","836. 현대자동차서비스 앞","8","6"
"202311","837. 한남나들목 입구","14","20"
"202311","838. 숙대입구역 4번출구","9","8"
"202311","839. 보광동 삼성리버빌아파트 앞","3","14"
"202311","841. 신용산역 1번 출구","4","4"
"202311","843. 이태원관광특구B(용산구청쪽)","5","5"
"202311","844. 이촌2동 동원베네스트 아파트 앞","2","2"
"202311","845. 용산 선인상가","5","4"
"202311","846. 용산중학교","22","14"
"202311","848. 삼각지12번 출구","7","2"
"202311","849. 삼각지 자이아파트","2","5"
"202311","851.효창 푸르지오 앞","1","1"
"202311","853.용산역 맞은편","9","7"
"202311","854.HID 유족동지회 앞","3","12"
"202311","855.이촌역5번출구 앞","4","0"
"202311","857. 현대 안성타워","1","2"
"202311","858.녹사평역3번 출구","9","3"
"202311","859.남산공원 야외식물원 앞","1","2"
"202311","860.LG한강 자이아파트 앞","8","8"
"202311","863.이촌역2번 출구","6","8"
"202311","864.순천향대학병원(한남오거리)","10","9"
"202311","865.하얏트호텔 앞","4","6"
"202311","866.브라운스톤 남산아파트","0","3"
"202311","867.서빙고역 광장(1번출구)","1","0"
"202311","869.노들섬 동측 앞","1","0"
"202311","870.노들섬 서측 앞","25","34"
"202311","907. CJ 드림시티","6","9"
"202311","914. 새절역 2번출구","1","1"
"202311","916. 평생학습관 앞","1","0"
"202311","927. 연신내역 3번출구 인근","1","0"
"202311","928. 은평역사한옥박물관","1","4"
"202311","931. 역촌파출소","0","1"
"202311","949. 연신내역 1번 출구 ","1","0"
"202311","959. 구파발10단지 인근","1","1"
"202311","961. 불광역 9번 출구","0","1"
"202311","996.응암역2번출구 국민은행 앞","1","2"
"202312","1003. 해공도서관앞","1","0"
"202312","1009. 천호역4번출구(현대백화점)","3","10"
"202312","1010. 강동세무서","2","0"
"202312","102. 망원역 1번출구 앞","3","0"
"202312","1023. 한국종합기술사옥 앞","2","0"
"202312","103. 망원역 2번출구 앞","3","5"
"202312","104. 합정역 1번출구 앞","1","0"
"202312","1050.  둔촌역 3번 출입구","3","1"
"202312","106. 합정역 7번출구 앞","2","3"
"202312","107. 신한은행 서교동지점","0","1"
"202312","1078.둔촌사거리","0","1"
"202312","108. 서교동 사거리","8","1"
"202312","1084. 윤선생빌딩(JYP사옥)","0","2"
"202312","109. 제일빌딩 앞","3","0"
"202312","1106. 신방화사거리","2","2"
"202312","111. 상수역 2번출구 앞","0","4"
"202312","1113. 서남환경공원 버스정류장","3","1"
"202312","1119. 염창동 한마음아파트 앞","5","5"
"202312","112. 극동방송국 앞","6","7"
"202312","1128. 화곡역 6번출구","1","0"
"202312","113. 홍대입구역 2번출구 앞","7","6"
"202312","114. 홍대입구역 8번출구 앞","2","13"
"202312","115. 마스타 빌딩 앞","5","4"
"202312","1158. 가양역 8번출구","0","2"
"202312","1160. 양천향교역 7번출구앞","0","2"
"202312","1173. 강서구청사거리(SH타워)","0","1"
"202312","1174. 강서구청사거리(부민병원)","0","2"
"202312","119. 서강나루 공원","1","8"
"202312","1193. 마곡센트럴타워 1차","1","0"
"202312","1197. 엠펠리체 호텔 건너편","1","1"
"202312","1201. 가락시장역 3번 출구","1","0"
"202312","1206. 9호선종합운동장역 9번출구","2","0"
"202312","1209. 잠실나루역 (2번 출구 쪽)","2","1"
"202312","1210. 롯데월드타워(잠실역2번출구 쪽)","19","6"
"202312","1215. 올림픽공원역 1번출구 앞","2","0"
"202312","1217. 송파파인타운 7단지","0","1"
"202312","1221. 삼전역 4번출구","1","0"
"202312","1222. 잠실새내역 5번 출구 뒤","3","5"
"202312","1229. 송파체육문화회관 앞","0","1"
"202312","123. 문화촌 공원","0","1"
"202312","1231. 잠실역 6번출구","0","4"
"202312","1232. 잠실주공 521동 건너편","0","3"
"202312","1233. 잠실3거리(갤러리아팰리스)","0","2"
"202312","1235. 잠실트리지움310동 옆","0","1"
"202312","1251. 석촌역 2번출구","1","0"
"202312","126. 서강대 후문 옆","2","1"
"202312","1260. 방이동 한양3차아파트 옆","2","2"
"202312","1268. 몽촌토성역 1번출구 옆","0","1"
"202312","127. 현대벤처빌 앞","0","1"
"202312","1274. 영파여고 앞","1","1"
"202312","128. 신촌역(2호선) 1번출구 옆","2","3"
"202312","1289. 풍납토성 서성벽터B","0","1"
"202312","129. 신촌역(2호선) 6번출구 옆","2","4"
"202312","1295. 잠실역 8번출구","3","10"
"202312","1297. 석촌호수교차로(동호 팔각정 앞)","1","2"
"202312","1299. 송파소방서 (방이119안전센터)","1","0"
"202312","130. 신촌역(2호선) 7번출구 앞","5","14"
"202312","1302. 한성대입구역6번출구 뒤","2","8"
"202312","1305. 성북구청","1","0"
"202312","1306. 한성대입구역2번출구","0","4"
"202312","1308. 안암로터리 버스정류장 앞","15","10"
"202312","1318. 길음역 3번출구 뒤","0","1"
"202312","1321. 국민은행 종암동지점 앞","6","4"
"202312","1332. 석계역 5번출구 건너편","3","0"
"202312","1334. 석관동주민센터 앞","0","1"
"202312","1337. 돈암성당 옆","2","2"
"202312","134. 연세로 명물길","5","5"
"202312","1343. 한성대7번출구 앞","1","1"
"202312","1351. 안암2교 옆","6","5"
"202312","1354. 고려대학교 2번출구","9","2"
"202312","1355. 보문2교","3","2"
"202312","1362. 보문역6번출구 앞","1","1"
"202312","137. 신촌기차역입구 교차로","2","3"
"202312","1372. KEB은행 고대점","5","2"
"202312","138. 신촌동 제1공영주차장 앞","1","1"
"202312","1381.석계역 4번출구 뒤","1","0"
"202312","139. 연세대 정문 건너편","1","0"
"202312","140. 이화여대 후문","3","3"
"202312","142. 아현역 4번출구 앞","2","1"
"202312","1421. 신내역 4번출구","0","1"
"202312","1424. 양원역 2번출구","1","0"
"202312","143. 공덕역 2번출구","8","4"
"202312","144. 공덕역 8번출구","2","0"
"202312","1448. 코스트코 상봉점","0","1"
"202312","145. 공덕역 5번출구","3","0"
"202312","1451. 중랑세무서","8","4"
"202312","1456. 상아빌딩(우림시장 교차로)","2","0"
"202312","1458. 상봉터미널2","3","1"
"202312","146. 마포역 2번출구 뒤","1","1"
"202312","147. 마포역 4번출구 뒤","5","0"
"202312","148. 용강동 주민센터 앞","0","1"
"202312","150. 서강대역 2번출구 앞","1","1"
"202312","1519. 장미원시장 건너편","4","4"
"202312","153. 성산2교 사거리","0","2"
"202312","1537. 북한산 우이역","0","1"
"202312","1539. 4.19민주묘지역","2","0"
"202312","154. 마포구청역 ","2","1"
"202312","1564.4.19민주묘지역 1번출구","2","4"
"202312","159. 이대역 4번 출구","1","1"
"202312","1601. 석계역 문화광장 내 자전거 보관소","1","0"
"202312","1610. 화랑대역 2번출구 앞","1","0"
"202312","1611. 과기대 입구(우)","0","1"
"202312","1619. 중계동 하나프라자빌딩 앞(중1-1)","1","0"
"202312","162. 봉원고가차도 밑","0","3"
"202312","1625. 상계역 3번출구","2","0"
"202312","1634. 당고개공원 대여소","2","0"
"202312","1635. 상계3.4동 주민센터 대여소","1","3"
"202312","1642. 서울여대 남문","0","1"
"202312","1643. 태릉입구역 8번출구","0","1"
"202312","1653. 노원역1번출구","0","1"
"202312","1655. 공릉1단지아파트","1","0"
"202312","1674. 서울북부고용센터앞","0","2"
"202312","1684. 태릉입구역 5번출구","0","1"
"202312","1688. 마들역 7번출구","0","1"
"202312","1690. 도봉운전면허시험장 버스정류장 옆","1","0"
"202312","171. 임광빌딩 앞","1","0"
"202312","1716. 창동역 1번출구 건너편","0","1"
"202312","1741. 제일강산수산입구","1","1"
"202312","175. 홍연2교옆","2","0"
"202312","181. 망원초록길 입구","8","6"
"202312","182. 망원2빗물펌프장 앞","3","1"
"202312","185. 마포 신수공원 앞","2","2"
"202312","186. 월드컵공원","3","1"
"202312","1906. 신도림역 1번 출구 앞","2","3"
"202312","1911. 구로디지털단지역 앞","2","2"
"202312","1914. 대림역4번출구","4","2"
"202312","1924. 삼부르네상스파크빌","1","0"
"202312","1925. 동양미래대학교 정문 옆","0","2"
"202312","194. 증산교 앞","4","0"
"202312","195. 모래내고가차도 ","1","1"
"202312","1955. 디지털입구 교차로","1","1"
"202312","1961. 신도림테크노근린공원","0","1"
"202312","1964. 원메디타운 앞","2","0"
"202312","1975. 대림역 1번 출입구 밑","2","4"
"202312","1985. 구로도서관","2","2"
"202312","199. 서울 월드컵 경기장","6","1"
"202312","2002. 노들역 1번출구","4","4"
"202312","2003. 사육신공원앞","2","1"
"202312","201. 진미파라곤 앞","3","3"
"202312","202. 국민일보 앞","1","0"
"202312","2025. 흑석역 1번출구","3","11"
"202312","2026. 흑석역 4번출구","0","1"
"202312","2027. 중앙대학교 정문 1","3","2"
"202312","203. 국회의사당역 3번출구 옆","3","5"
"202312","2037. 동작역 5번출구 동작주차공원","3","4"
"202312","205. 산업은행 앞","8","0"
"202312","2050. 노량진역 5번출구","1","0"
"202312","2058. 동작경찰서","0","1"
"202312","207. 여의나루역 1번출구 앞","60","38"
"202312","2070. 노량진역 2번 출구 앞","0","1"
"202312","2077.노들역 3번출구","0","2"
"202312","2079.중앙대학교 중앙광장","1","0"
"202312","2083.흑석롯데캐슬에듀포레(107동)","0","2"
"202312","209. 유진투자증권빌딩 앞","4","5"
"202312","2102. 봉림교 교통섬","5","5"
"202312","2104. 사당역 5번출구","0","1"
"202312","2111. 서울대입구역 1번출구","0","1"
"202312","2119. 중앙동 동진빌딩","2","0"
"202312","213. KT앞","1","3"
"202312","214. 금융감독원 앞","1","0"
"202312","2143. 서울산업정보학교","1","0"
"202312","2145. 은천초등학교 육교","0","1"
"202312","215. 여의도고교 앞","3","4"
"202312","2164. 관악우체국","1","0"
"202312","2172. 나들목공원","2","1"
"202312","2179. 양녕로 입구","1","0"
"202312","2183. 동방1교","1","2"
"202312","2185. 대학동 고시촌","1","0"
"202312","220. 미성아파트 A동 앞","1","1"
"202312","221. 여의도초교 앞","0","1"
"202312","2213. 고속터미널역 5번출구 앞","0","1"
"202312","2214. 신반포역 2번출구 앞","0","4"
"202312","2217.아크로리버뷰 부지 앞","3","4"
"202312","2219. 고속터미널역 8-1번, 8-2번 출구 사이","21","13"
"202312","2231. 삼성타운(삼성생명) A동 맞은편","0","2"
"202312","2242.양재역 11번 출구 앞","0","1"
"202312","2244.교육개발원입구 교차로","0","1"
"202312","225. 앙카라공원 앞","2","0"
"202312","2250. 서초유치원 맞은편","3","4"
"202312","2251. 더케이호텔 입구(양재2) ","1","0"
"202312","2252. 잔디마을 마을버스 정류장","0","1"
"202312","2256.양재동 꽃시장 입구","1","2"
"202312","2259. 잠원역 3번-4번 출구사이 ","2","5"
"202312","226. 샛강역 1번출구 앞","1","1"
"202312","2262. 한신16차아파트 119동 앞","19","19"
"202312","2265. 이수고가차도 남단","1","0"
"202312","2268. 서초4동주민센터 ","1","1"
"202312","2274. 양재시민의숲역 3번출구","1","0"
"202312","2279. 교대역 5번출구뒤","2","1"
"202312","228. 선유도역 3번출구 앞","2","2"
"202312","2280. 서울서초고용센터앞","1","0"
"202312","229. 양평1 보행육교 앞","1","1"
"202312","2299. 한전아트센터 앞","2","0"
"202312","230. 영등포구청역 1번출구","1","1"
"202312","2301. 현대고등학교 건너편","2","3"
"202312","2302. 교보타워 버스정류장(신논현역 3번출구 후면)","2","2"
"202312","2303. 논현역 10번출구","1","0"
"202312","2305. MCM 본사 직영점 앞","0","2"
"202312","2306. 압구정역 2번 출구 옆","6","10"
"202312","2307. 압구정 한양 3차 아파트","1","0"
"202312","2308. 압구정파출소 앞","3","2"
"202312","2309. 청담역(우리들병원 앞)","3","0"
"202312","231. 남부고용노동지청 남측","1","1"
"202312","2310. 청담동 맥도날드 옆(위치)","0","2"
"202312","2312. 청담역 13번 출구 앞","0","2"
"202312","2313. 금원빌딩 앞","0","3"
"202312","2314. 청담나들목입구","1","0"
"202312","2315. 봉은사역 5번출구 옆","0","11"
"202312","2318. 삼성중앙역4번출구(문화센터더 리빌)","0","2"
"202312","2319. 포스코사거리 서측(수협 삼성동 지점)","1","0"
"202312","2328. 르네상스 호텔 사거리 역삼지하보도 7번출구 앞","1","1"
"202312","233. 양평1동 YP센터 앞","0","1"
"202312","2332. 선릉역3번출구","2","0"
"202312","2333. 양재역 3번출구 주변","1","0"
"202312","2335. 3호선 매봉역 3번출구앞","0","1"
"202312","2347. 두산건설 본사","0","1"
"202312","2348. 포스코사거리(기업은행)","3","0"
"202312","2356. 강남구청","1","2"
"202312","2357. 르네상스호텔사거리 역삼지하보도 3번출구 앞 (더 오번 빌딩 명동칼국수 앞)","1","0"
"202312","2362. 신사동 가로수길 입구","3","7"
"202312","2363. 강남 을지병원 교차로","3","3"
"202312","2364. 도산공원교차로","4","1"
"202312","2365. K+ 타워 앞","4","1"
"202312","2372. 대치역 사거리","1","1"
"202312","2377. 수서역 5번출구","1","0"
"202312","2381. 언주역 6번출구앞","1","0"
"202312","2382. 역삼동 sk뷰 501동앞","0","1"
"202312","2385. 학동역","1","0"
"202312","240. 문래역 4번출구 앞","2","1"
"202312","2405. 청담공원앞 교차로","1","0"
"202312","2406. 논현동 광명빌딩 앞","0","1"
"202312","2407. 역삼서초삼성 세무서 앞 (역삼빌딩 앞)","6","1"
"202312","2410. 포스코피앤에스타워 (역삼역 3번출구 부근)","3","5"
"202312","2413.도곡역 1번 출구","8","3"
"202312","2416.한티역 6번 출구","2","0"
"202312","2418.봉은사역 7번 출구 ","2","8"
"202312","2419.봉은사역 1,2번 출구 ","8","0"
"202312","2421. 신논현역 4번출구","0","2"
"202312","2429.압구정로데오역 6번출구","0","1"
"202312","248. 초원아파트 앞","1","1"
"202312","249. 여의도중학교 옆","18","22"
"202312","2501. 서초 포레스타5단지","1","0"
"202312","2503. 반포1동 서초빌딩 앞","2","0"
"202312","2504. 신사역 4번출구 뒤","3","3"
"202312","2505. 우성아파트사거리 (기업은행앞)","0","1"
"202312","2509. 심산기념문화센터","1","1"
"202312","2515.서초초등학교 후문","1","3"
"202312","2524.반포쇼핑타운 8동 앞","2","0"
"202312","2525.반포쇼핑타운 2동 앞","0","17"
"202312","2530.삼호3차아파트 앞","1","2"
"202312","2531.멤피스아파트 앞","1","1"
"202312","2538.사평리근린공원","3","7"
"202312","2540.반포천 앞","2","0"
"202312","2545.국립중앙도서관(국제회의장옆)","1","1"
"202312","2548.반포1동 자율방범초소 옆","0","2"
"202312","2550.양재동 꽃시장 건너편","0","1"
"202312","258. 신길역3번출구","1","0"
"202312","260. 여의도 마리나선착장 앞","2","0"
"202312","2601. 석촌호수 아뜰리에","0","1"
"202312","2608. 송파구청","7","1"
"202312","2609. 보성중고등학교 후문 앞","0","1"
"202312","2613. 잠실나들목","7","3"
"202312","2614. 가락고등학교 앞","1","0"
"202312","2618. 삼전역 1번출구","1","0"
"202312","2619. 석촌고분역 4번출구","1","1"
"202312","2620. 송파나루역 4번 출구옆","0","1"
"202312","2621. 한성백제역 2번 출구","2","1"
"202312","2622. 올림픽공원역 3번출구","4","3"
"202312","2630.서울방이동 고분군","1","0"
"202312","2631.배명고등학교","1","1"
"202312","2635.잠실새내역 1번출구","0","2"
"202312","2637. 아시아지하보도 14번 출구","2","2"
"202312","2645.잠실나들목2(엘스아파트136동)","3","1"
"202312","2647.잠실 자전거 수리센터 앞","2","3"
"202312","2656.풍납동 아이파크 107동 앞","1","3"
"202312","266. 영등포청과시장 사거리","0","1"
"202312","2701. 마곡나루역 5번출구 뒤편","1","0"
"202312","2704.홈플러스(강서점)","0","1"
"202312","2708.강서한강자이타워 앞","2","0"
"202312","2709.강변아파트 310동 앞","1","0"
"202312","2710.라이품 공영주차장 앞","1","0"
"202312","2715.마곡나루역 2번 출구 ","0","1"
"202312","2719.마곡문화공원","0","1"
"202312","272. 당산육갑문","5","6"
"202312","2720.힐스테이트에코","0","1"
"202312","2725.서울식물원 식물문화센터","1","0"
"202312","2729.넥센 유니버시티 앞","0","1"
"202312","2730.마곡메가박스 앞","1","0"
"202312","2737.까치산역 3번 출구","1","1"
"202312","2739.수명산파크1단지교차로","0","1"
"202312","2744.강서세무서 앞","1","0"
"202312","276. 영등포로터리2","1","0"
"202312","2824.미래사랑어린이공원 앞","0","1"
"202312","284. 센트럴 푸르지오 시티 앞","0","1"
"202312","286. 우성아파트 교차로","2","3"
"202312","287. 영등포전화국사거리 (서강어린이공원)","3","1"
"202312","291. 문래동 하이테크 시티","1","0"
"202312","2911.상계역중앙시장","1","0"
"202312","2915.서울과학기술대학교(어학교육원)","1","0"
"202312","298.KBS 연구동 건너편","1","0"
"202312","299.여의도 순복음교회","0","3"
"202312","300. 정동사거리","0","2"
"202312","3002.벽산상암스마트큐브 ","0","2"
"202312","3009. 홍대입구역 사거리","5","3"
"202312","301. 경복궁역 7번출구 앞","1","0"
"202312","3010.홍대입구역 3번출구","7","9"
"202312","3013.서울지방고용노동청 앞","3","2"
"202312","302. 경복궁역 4번출구 뒤","11","22"
"202312","305. 종로구청 옆","5","6"
"202312","307. 서울역사박물관 앞","5","5"
"202312","309. 광화문역 6번출구 옆 B","0","2"
"202312","310. 청계광장 옆","2","6"
"202312","3102. 연희삼거리","0","1"
"202312","3110.홍은 현대아이파크 아파트 202동 앞","1","0"
"202312","3113. 독립문 앞","0","2"
"202312","3116.신촌역 4번출구","1","1"
"202312","3119.연희 브라운스톤 아파트 앞","3","1"
"202312","3125.연희파크푸르지오아파트 앞","0","1"
"202312","3134.SK리쳄블(상수도사업본부)","2","1"
"202312","314. 국립현대미술관","5","1"
"202312","316. 종각역 1번출구 앞","4","2"
"202312","318. 광교사거리 남측","7","5"
"202312","320. 을지로입구역 4번출구 앞","0","9"
"202312","321. KEB 하나금융그룹 명동사옥 옆","19","28"
"202312","3219.영등포역 1번출구","3","0"
"202312","322. 명동성당 앞","10","8"
"202312","324. 신세계백화점 본점 앞","6","3"
"202312","326. 안국역 5번출구 앞","8","6"
"202312","327. 낙원상가 옆","9","15"
"202312","328. 탑골공원 앞","9","8"
"202312","329. 청계2가 사거리 옆","2","6"
"202312","331. 을지로2가 사거리 북측","3","0"
"202312","332. 을지로2가 사거리 남측","5","4"
"202312","334. 종로3가역 2번출구 뒤","2","2"
"202312","335. 종로3가역 15번출구 앞","3","5"
"202312","336. 충무로역 6번출구 앞","9","16"
"202312","337. 창경궁 입구","3","1"
"202312","338. 세운스퀘어 앞","2","6"
"202312","339. 종로4가 사거리","2","2"
"202312","3402.이화공영주차장","4","5"
"202312","3407.안국동사거리(신)","15","13"
"202312","3408.종로타워빌딩","3","2"
"202312","341. 혜화역 3번출구 뒤","1","1"
"202312","3410.종로3가역 8번출구","6","3"
"202312","3411.종묘","6","8"
"202312","3412.세운상가","1","2"
"202312","3413.종로플레이스","4","0"
"202312","3414.종로5가역 4번출구","6","3"
"202312","3415.동대문역6번출구","5","7"
"202312","3416.동묘앞역 6번출구","1","2"
"202312","342. 대학로 마로니에공원","3","0"
"202312","3420. 성균관대입구 사거리 B","1","0"
"202312","3421.혜화역 1번출구","2","0"
"202312","3422.성균관대 정문","0","3"
"202312","3423.현대그룹(본사)","1","0"
"202312","3426.독립문역 2번출구 뒤","1","0"
"202312","343. 힐스테이트창경궁 아파트 앞","8","9"
"202312","3432.종로2가 사거리","2","3"
"202312","344. 성균관대 E하우스 앞","3","0"
"202312","345. 서울보증보험본사 앞","1","1"
"202312","346. 맥스타일 앞","6","3"
"202312","347. 동대문역사문화공원역 9번출구 앞","10","4"
"202312","348. 독립문역 사거리","0","2"
"202312","3500. 군자역2번출구","0","1"
"202312","3503. 광진유진스웰","0","1"
"202312","3504. 원일교회","2","2"
"202312","3506. 영동대교 북단","1","5"
"202312","3510. 중곡SK아파트앞","1","0"
"202312","3511. 응봉역 1번출구","7","7"
"202312","3513. 상왕십리역 1번출구","1","2"
"202312","3515. 서울숲 관리사무소","23","13"
"202312","3517. 용마사거리","3","3"
"202312","352. 중앙고입구 삼거리","0","1"
"202312","353. 재동초교 앞 삼거리","8","8"
"202312","3533. 건대입구역 사거리(롯데백화점)","7","8"
"202312","3534. 건대입구역 5번출구 뒤","4","4"
"202312","354. 포르투갈 대사관 앞","2","5"
"202312","3544.한양대역 3번 출구","0","3"
"202312","3545.한양대역 1번출구","3","1"
"202312","3547.상왕십리역 6번 출입구","1","1"
"202312","3548.뚝섬역 6번출구","7","1"
"202312","355. 서울사대부설초등학교 앞","0","3"
"202312","3552.서울숲 공영주차장앞","6","4"
"202312","3556.신금호파크자이APT앞","1","0"
"202312","3557.서울숲리버뷰자이APT105동 앞","2","2"
"202312","3559.성동구민종합체육센터 앞","16","13"
"202312","356. KT혜화지사 앞","1","1"
"202312","3560.성동구 견인차량 보관소 앞","1","0"
"202312","3569.건대병원후문","10","5"
"202312","3570.구의역 리버비스타 오피스텔","1","0"
"202312","3571.화양 APT(횡단보도 옆)","1","5"
"202312","3579.광진 캠퍼스시티","1","1"
"202312","3582.화양동 우체국","0","2"
"202312","359. 원남동사거리","2","2"
"202312","3600.사근빗물펌프장 건너편","7","6"
"202312","3606. 신사동주민센터 옆","4","0"
"202312","361. 동묘앞역 1번출구 뒤","9","14"
"202312","3614. 은마아파트 입구 사거리","1","1"
"202312","362. 청계8가사거리 A","4","0"
"202312","3622. 은마아파트입구 사거리(1)","1","0"
"202312","3623. 일원에코파크 앞(개포로 방면)","0","1"
"202312","3627. 압구정나들목","4","8"
"202312","3628. 역삼1동 주민센터","1","1"
"202312","3629. 청담사거리(신한오피스텔빌딩 앞)","1","0"
"202312","363. 신설동역 11번출구 뒤","8","10"
"202312","3638. 신청담나들목","2","2"
"202312","3646. 선정릉역 4번 출구","0","1"
"202312","3647. 구룡역 1번 출구","0","2"
"202312","368. SK 서린빌딩 앞","2","4"
"202312","3689. 강일역 3번출구","0","1"
"202312","370. 시청역(2호선) 9번출구 뒤","5","3"
"202312","371. 동대입구역 6번출구 뒤","4","3"
"202312","374. 청구역 2번출구 앞","1","0"
"202312","3758. 서울남부출입국관리소","1","0"
"202312","3761. 나이아가라관광호텔","3","0"
"202312","379. 서울역9번출구","1","3"
"202312","3793. 더리브골드타워","0","1"
"202312","3794. 안양천합수부(현대3차아파트)","4","2"
"202312","3798. 그랜드아이파크아파트 앞","1","0"
"202312","380. CJ제일제당 앞","9","6"
"202312","3812. KT관악지점","2","1"
"202312","3818. 은천교회 앞","2","2"
"202312","382. 약수역 10번출구 앞","0","1"
"202312","383. 신당역 12번 출구 뒤","1","6"
"202312","385. 종각역 5번출구","3","2"
"202312","3853. 어린이대공원역 2번출구","2","0"
"202312","387. 훈련원공원주차장 앞","15","17"
"202312","3879. 중랑천 뚝방길 산책로 입구","1","1"
"202312","3881. 신자초교입구 교차로","3","2"
"202312","389. 을지로4가역 1번출구","6","10"
"202312","3891. 군자역4번출구","5","0"
"202312","390. 충무로역 1번출구","3","4"
"202312","391. 시립미술관","1","1"
"202312","3914. 신도림쌍용플래티넘노블아파트 앞","2","2"
"202312","393. 동대문역 8번 출구","9","9"
"202312","397. 종묘공영주차장 건너편","4","1"
"202312","398. 을지로3가역 3번출구","8","7"
"202312","399. 서울역 센트럴 자이아파트","1","1"
"202312","4007. 노원 을지대학교 병원","0","1"
"202312","4023. 월계역 1번 출구","1","1"
"202312","4027. 한내 행복발전소 옆","3","1"
"202312","4041. 공릉역3번출구","1","0"
"202312","4083.도봉아이나라도서관 앞","1","0"
"202312","409. 누리꿈스퀘어 옆","1","0"
"202312","4102. 휘경1동주민센터 앞","0","1"
"202312","4103. 휘경sk뷰아파트 앞","1","1"
"202312","4104. 외대앞역 교차로","0","1"
"202312","4105. 서울교통공사사거리 교통섬","1","0"
"202312","411. DMC홍보관","0","1"
"202312","4122. 청계9가교차로 앞","1","1"
"202312","4128.  종암초등학교 뒤(새울센스빌)","0","1"
"202312","4133.래미안허브리츠아파트 앞","1","0"
"202312","417. DMC역 2번출구 옆","1","1"
"202312","4171. 우성아파트 앞","2","0"
"202312","4179. 보라매병원역 1번출구","4","4"
"202312","418. 월드컵경기장역 3번출구 옆","3","3"
"202312","419. 홈플러스 마포점 앞","1","1"
"202312","420. 서울시 공공자전거 상암센터","4","3"
"202312","4206. 광흥창역5번출구","2","0"
"202312","4208. 스타벅스(동교동) 앞","2","0"
"202312","421. 마포구청 앞","0","3"
"202312","4211. 시석빌딩 앞","1","2"
"202312","4217. 한강공원 망원나들목","16","16"
"202312","422. 문화비축기지","1","0"
"202312","4220. 신촌 청년주택","1","0"
"202312","4222. 서울디자인고등학교 앞","0","3"
"202312","4238. 상암한샘빌딩앞","1","1"
"202312","4244. 당인리발전소 공원 앞","8","4"
"202312","426. 서울신용보증재단","4","2"
"202312","4264. 홍남교 버스정류장","0","1"
"202312","4270. 우국한마음 아파트 맞은편","1","0"
"202312","4272. 홍남교 사거리","2","2"
"202312","4274. 신촌 파랑고래 입구","13","9"
"202312","4275.농협생명본사빌딩 서관","1","0"
"202312","428. 명보사거리","9","6"
"202312","430. 장충동먹자골목 앞","3","2"
"202312","4306. 서래공원 앞","1","0"
"202312","4307. 고투몰 gate 15옆","1","2"
"202312","431. 청계천 영도교","4","4"
"202312","4313. 반포종합운동장","2","1"
"202312","433. 을지로입구역 2번출구","1","6"
"202312","4332. 이수교차로","0","2"
"202312","4341. 영동1교 북단","1","1"
"202312","435. SK 남산빌딩","8","5"
"202312","436. 이대역 5번출구","2","3"
"202312","4362. 행당중학교 후문","0","2"
"202312","4370. 성동교 사거리","1","1"
"202312","4373. 서울숲 지식산업센터","0","1"
"202312","4377. 우영테크노센터 앞","1","6"
"202312","438. 성산2-1 공영주차장","1","0"
"202312","4382. 페코텍글로벌허브빌딩 앞","1","0"
"202312","4386. 현대자동차 동부서비스센터 주변","0","1"
"202312","4387. 성수역 1번출구 주변","0","2"
"202312","4388. 하우스디세종타워 앞","11","0"
"202312","4389. 서울숲역3번출구","3","3"
"202312","440. 하늘공원 입구","1","6"
"202312","441.염천교사거리","0","2"
"202312","4414. 안암역 3번 출구","3","2"
"202312","4418. 종암동 동덕여대 제2생활관 앞","1","1"
"202312","442.서울역 서부","2","1"
"202312","445.대한상공회의소","3","1"
"202312","4457. 아산병원 기숙사 부근","7","7"
"202312","4464. 올림픽공원 북2문 A","3","1"
"202312","4481. 올림픽공원 북2문 B","4","6"
"202312","4483. 잠실나들목4","2","3"
"202312","4486. 홈플러스 잠실점","0","1"
"202312","4497. 아시아선수촌아파트 교차로","1","1"
"202312","450. 효자동 삼거리","2","0"
"202312","451. 청와대앞길","2","0"
"202312","452. 동대문 종합시장 버스정류장","8","2"
"202312","4527. 목동신시가지아파트6단지","1","2"
"202312","453. 종로오가 지하쇼핑센터 14번출구","10","10"
"202312","454. 종로2가 버스정류장 (종각방향)","2","1"
"202312","455. 종로6가역 버스정류장(동대문 방향)","6","5"
"202312","4557. 리버뷰신안인스빌2차 후문","0","1"
"202312","4559. 신길역 2번출구","1","1"
"202312","456. 숭인2동 주민센터 입구","4","5"
"202312","4561. 양평역 1번출구","2","1"
"202312","4564. 63스퀘어","9","9"
"202312","4565. 영등포 신세계백화점","6","6"
"202312","4567. 한림대학교 강남성심병원 신관","0","1"
"202312","4568. 영등포로터리","0","1"
"202312","457. 종로꽃시장 입구 옆","0","1"
"202312","4575. 대림동 e편한세상영등포아델포레","1","1"
"202312","458. 광화문역 5번출구","5","5"
"202312","4585. 국회6문","2","0"
"202312","4588.양남사거리2","1","1"
"202312","4589. KRX한국거래소(1)","0","2"
"202312","4592. 신길우성4차아파트","1","1"
"202312","4594. 양평교 영등포대여소","2","0"
"202312","4598. 오목교 동측 지하보도","0","2"
"202312","4603. 한강GS에클라트 건너편 교통섬","1","2"
"202312","4605. 노들섬 다목적홀(동쪽) 숲, 앞","0","1"
"202312","4607. 국립중앙박물관 -용산가족공원 앞","3","0"
"202312","4608. 국립중앙박물관 정문 앞","1","1"
"202312","4610. 한남나인원 105동 앞","12","1"
"202312","4612. 한남 준 J.FSS 앞","0","4"
"202312","4613. 서울갤러리아 앞","1","1"
"202312","4615. 크라운호텔앞 버스정류소","3","1"
"202312","4616. 신용산지하차도 앞","2","2"
"202312","4619. 한강트럼프월드3차 앞","2","5"
"202312","4620. 삼각지역 14번 출구 앞(교통섬)","0","1"
"202312","4621. 남산도서관 앞","10","5"
"202312","4623. 라인프랜즈이태원점 앞","0","3"
"202312","4629. 한강초교보도육교 앞","5","4"
"202312","4633. 센트럴파크타워 앞","2","2"
"202312","4634. 이태원역 3번 출구","10","4"
"202312","4638. 청파동삼거리 앞","1","1"
"202312","464. 삼청동 골목","2","0"
"202312","4640. 원효로2가 교차로","1","0"
"202312","4641. 아메리칸센터","1","0"
"202312","4642. 용산더프라임아파트 101동 앞","0","2"
"202312","4643. 한가람아파트 앞","1","0"
"202312","467.한국은행","5","3"
"202312","468.웨스틴 조선호텔","10","9"
"202312","4685. DMC역 5번 출구(수색역 방향)","1","0"
"202312","469.회현역 1번출구","6","3"
"202312","470.회현역 7번출구","5","5"
"202312","4705. 웰니스센터(민방위교육장 앞)","6","8"
"202312","4707. 청계3가 사거리","9","6"
"202312","4708. 조계사앞사거리","6","1"
"202312","471.회현사거리 남측","13","17"
"202312","4710. 자교교회 앞","2","3"
"202312","4713. 현대 뜨레비앙 아파트 앞","11","7"
"202312","4718. 광화문역 6번출구 옆 A","2","3"
"202312","4719. 종로문화원 건너편","2","3"
"202312","472.삼일교(시그니쳐 타워)","2","0"
"202312","473.을지로4가역 9번출구","6","5"
"202312","474.동대문역사문화공원역 1번출구 뒤편","24","16"
"202312","475.DDP 패션몰","21","18"
"202312","4760. 서울역 7번출구","2","1"
"202312","4761. 중부경찰서앞사거리 건너편","2","2"
"202312","4762. 국제빌딩","0","4"
"202312","4765. 동대문디자인플라자","22","9"
"202312","4768. 서울도시건축전시관","10","15"
"202312","477.앰배서더 호텔 주변","5","6"
"202312","4774. 을지로입구역 8번출구","5","2"
"202312","4775. 을지로지하쇼핑센터","11","4"
"202312","4776. 신세계면세점","13","6"
"202312","4778. 대신파이낸스센터","8","1"
"202312","4781. 브라운스위트레지던스","1","0"
"202312","4785. 롯데시티호텔","1","4"
"202312","479.동대입구역 3번 출구","2","0"
"202312","4791. 명동역9번 출구","7","39"
"202312","4792. 퇴계로4가 교차로(중구청)","0","1"
"202312","4793. 동대문역사문화공원역 5번출구","9","8"
"202312","4794. 서울역 서부교차로(3)","2","2"
"202312","4796. 부산은행","11","4"
"202312","4798. 황학동롯데캐슬","2","2"
"202312","480.약수역 6번 출구","1","0"
"202312","4801. 충정로역 2호선(엘리베이터 앞)","1","1"
"202312","481.신당역 10번 출구","1","1"
"202312","4812. 묵동 이마트 앞","1","1"
"202312","4813. 망우지구대","0","1"
"202312","483.남산타운아파트 버스정류장","1","3"
"202312","4838.동원사거리 행복오피스텔 앞","0","1"
"202312","484.도동삼거리","2","3"
"202312","485.서울역5번출구","0","2"
"202312","4859. 잠실나루 나들목","2","8"
"202312","4864. 송파사거리","0","1"
"202312","4869. 잠실나들목6","6","4"
"202312","487.신석초교앞 교차로 교통섬","1","1"
"202312","4870. 몽촌토성역 3번 출구","6","4"
"202312","488.푸르메병원","1","0"
"202312","4888. 둔촌오륜역 2번출구","0","2"
"202312","490.가온문화공원","0","1"
"202312","4903. 신사스퀘어","1","0"
"202312","4905. 강남경찰서","2","0"
"202312","4906. 섬유센터 앞","1","4"
"202312","4907. 극동스포츠 앞","2","0"
"202312","4908. SB타워 앞","1","0"
"202312","4913. 레베쌍트 빌딩 앞","2","4"
"202312","4914. 도심공항타워 앞","2","5"
"202312","4925. 청담백영빌딩 앞","0","1"
"202312","4926. 대치우성아파트 사거리","1","1"
"202312","4929. 파스쿠찌 청담사거리점 앞","0","1"
"202312","493.홍대입구역 6번출구","11","10"
"202312","495.염리초등학교 앞","1","1"
"202312","4952.천호시장 버스정류소 옆","0","1"
"202312","497.합정동주민센터 앞","1","5"
"202312","498.연남동주민센터 앞","4","3"
"202312","500. 어린이대공원역 3번출구 앞","1","1"
"202312","501. 광진구의회 앞","0","2"
"202312","502. 뚝섬유원지역 1번출구 앞","43","47"
"202312","5064. 양천향교역8번출구","1","0"
"202312","5095. 원당근린공원","1","0"
"202312","510. 뚝도아리수정수센터 버스정류소 옆","1","3"
"202312","511. 서울숲역 5번 출구 옆","7","7"
"202312","512. 뚝섬역 1번 출구 옆","5","2"
"202312","514. 성수사거리 버스정류장 앞","0","1"
"202312","515. 광양중학교 앞","0","2"
"202312","518. 청계천 박물관 앞","3","3"
"202312","521. 왕십리역 11번 출구 앞","4","3"
"202312","525. 한양대병원사거리","1","1"
"202312","529. 장한평역 8번 출구 앞","0","1"
"202312","5301. 상계주공1단지 버스정류장 옆(대원빌딩 앞)","0","1"
"202312","5314. 월계1동주민센터 앞","1","1"
"202312","5321.불암아파트 앞","0","2"
"202312","5328.롯데캐슬시그니처아파트 앞","1","0"
"202312","533. 금남시장 교차로","1","1"
"202312","539. 군자교교차로","2","4"
"202312","542. 강변역 4번출구 뒤","0","1"
"202312","543. 구의공원(테크노마트 앞)","1","0"
"202312","544. 광남중학교","1","0"
"202312","548. 자양나들목","2","3"
"202312","5504.아현교회","2","3"
"202312","5507. 아현래미안푸르지오아파트 104동 앞","1","0"
"202312","559. 왕십리역 4번 출구 건너편","1","0"
"202312","561. 서울숲역 2번출구 앞","6","3"
"202312","565. 옥수역 3번출구","9","4"
"202312","567. 성수역 2번출구 앞","6","4"
"202312","568. 청계8가 사거리 B","0","2"
"202312","569. 응봉현대아파트 정류소","1","1"
"202312","571. 세종대학교 대양AI센터","3","0"
"202312","5751. 송파여성축구장","0","2"
"202312","5768.방이삼거리","1","1"
"202312","578. 성동세무서 부근","0","3"
"202312","582. 경일중학교 앞","1","1"
"202312","583. 청계천 생태교실 앞","11","8"
"202312","584. 광진광장 교통섬","7","4"
"202312","585. 성수2가1동 공영주차장 인근","6","13"
"202312","5853. 여의도역2번출구 앞","2","0"
"202312","5854. 신한금융투자 앞","5","3"
"202312","5855. 하이투자증권 앞","3","1"
"202312","5857. U레지던스 앞","1","1"
"202312","5858. 영등포역5번출구","6","5"
"202312","5859. 여의도 삼부아파트","7","2"
"202312","5862. 당산역11번출구","2","5"
"202312","5865.더리브오피스텔 앞","2","3"
"202312","5866.포레나 당산","1","1"
"202312","5867. H타워 앞","1","0"
"202312","5868. 로프트시티오피스텔","0","1"
"202312","587. 유니베라 앞","4","4"
"202312","5870. LG트윈타워 앞","6","10"
"202312","588. 뚝섬 유원지역","1","2"
"202312","589. 성수역3번출구","11","7"
"202312","592. 건국대학교 학생회관","3","0"
"202312","593.자양중앙나들목","0","5"
"202312","602. 장안동 사거리","1","1"
"202312","6053. 중부세무서 앞","0","3"
"202312","6054.청구e편한세상아파트 113동 앞","2","3"
"202312","6055. 한국경제","1","0"
"202312","609. 제기2교","1","0"
"202312","633. 청량리 기업은행 앞","0","2"
"202312","634. 외국어대 정문 앞","5","9"
"202312","635. 시조사 앞","1","1"
"202312","638. 서울시립대 정보기술관","2","0"
"202312","639. 서울시립대 후문","1","0"
"202312","650. 중랑교사거리","0","1"
"202312","657. 동대문롯데캐슬아파트 앞","0","1"
"202312","659. 제기동역 1번출구","0","1"
"202312","660. 동의보감타워","3","4"
"202312","661. 경희대학교 청운관","0","2"
"202312","663. 외대앞역 3번출구","4","7"
"202312","672.대광고등학교","1","1"
"202312","673.안암골벽산아파트(후문)","4","0"
"202312","674.고대앞사거리 교통섬","2","2"
"202312","680.꿈마루어린이도서관 앞","7","6"
"202312","706. 신정네거리역","1","1"
"202312","709. 신정3동 현장민원실 앞","1","1"
"202312","749. 이대목동병원보도육교","2","0"
"202312","755. 목동1단지아파트 상가 앞","1","1"
"202312","756. 목동주차장","0","1"
"202312","765. 오목교역 3번출구","1","0"
"202312","769.CBS방송국 앞","1","0"
"202312","776.목마공원","1","0"
"202312","792.목동트라팰리스 웨스턴에비뉴","1","0"
"202312","793.목동5단지아파트 534동","0","1"
"202312","800. 목월공원 앞","1","0"
"202312","802. 한강진역 2번 출구 앞","0","2"
"202312","807. 서울역 12번 출구 앞","0","1"
"202312","809. 한남 유수지 복개주차장","0","2"
"202312","810. 이태원지하보도","3","4"
"202312","811. 녹사평역1번출구","3","3"
"202312","812. 용산전쟁기념관","1","1"
"202312","813. 삼각지역 3번출구","8","4"
"202312","818. 숙명여대 입구 교차로","0","2"
"202312","820. 청파동입구 교차로","2","2"
"202312","822. 이촌1동 마을공원","0","2"
"202312","825. 서빙고동 주민센터 앞","3","5"
"202312","826. 서울역 서부교차로2","5","6"
"202312","828. 숙대입구역 8번","1","3"
"202312","829. 한강대교 북단 교차로","5","14"
"202312","831. 이태원관광특구입구A(녹사평역쪽)","0","1"
"202312","832. 이촌1동 주민센터 뒤","2","0"
"202312","834. 효창공원앞역 3번출구 뒤","1","0"
"202312","835. 남영역 건너편","1","1"
"202312","836. 현대자동차서비스 앞","3","2"
"202312","837. 한남나들목 입구","3","7"
"202312","838. 숙대입구역 4번출구","1","3"
"202312","839. 보광동 삼성리버빌아파트 앞","13","13"
"202312","840. 용산 파크타워 앞","1","1"
"202312","841. 신용산역 1번 출구","0","1"
"202312","843. 이태원관광특구B(용산구청쪽)","2","4"
"202312","844. 이촌2동 동원베네스트 아파트 앞","1","1"
"202312","846. 용산중학교","2","1"
"202312","848. 삼각지12번 출구","4","3"
"202312","849. 삼각지 자이아파트","4","1"
"202312","852. 청암자이아파트 앞","2","0"
"202312","853.용산역 맞은편","9","9"
"202312","854.HID 유족동지회 앞","2","0"
"202312","855.이촌역5번출구 앞","2","0"
"202312","857. 현대 안성타워","0","3"
"202312","858.녹사평역3번 출구","3","8"
"202312","859.남산공원 야외식물원 앞","1","1"
"202312","860.LG한강 자이아파트 앞","1","2"
"202312","863.이촌역2번 출구","4","2"
"202312","864.순천향대학병원(한남오거리)","2","8"
"202312","867.서빙고역 광장(1번출구)","9","3"
"202312","869.노들섬 동측 앞","1","1"
"202312","870.노들섬 서측 앞","7","12"
"202312","907. CJ 드림시티","2","0"
"202312","911. 은평평화공원(역촌역4번출구)","3","3"
"202312","914. 새절역 2번출구","0","1"
"202312","948. 디지털미디어 시티역 4번출구(DMC역)","1","1"
