일시,대여소,대여건수,반납건수
202107,1004. 삼성광나루아파트 버스정류장,0,1
202107,1011. LIGA 아파트 앞,1,1
202107,1014. 강동구평생학습관앞,3,2
202107,1019. 다성이즈빌아파트(호원대 대각선 맞은편),1,1
202107,102. 망원역 1번출구 앞,4,3
202107,1024.  강동구청 앞,1,1
202107,103. 망원역 2번출구 앞,9,4
202107,1030. 미호 플랜트 앞,0,1
202107,1039. 고덕초등학교,1,0
202107,104. 합정역 1번출구 앞,6,2
202107,105. 합정역 5번출구 앞,3,2
202107,106. 합정역 7번출구 앞,14,13
202107,107. 신한은행 서교동금융센터점 앞,1,4
202107,1072.고덕역 5번출구,0,1
202107,1074.대명초교입구 사거리,0,1
202107,1078.둔촌사거리,3,0
202107,108. 서교동 사거리,4,2
202107,1086.래미안 솔베뉴(구천면로),2,2
202107,109. 제일빌딩 앞,5,4
202107,111. 상수역 2번출구 앞,6,6
202107,1110. 공항중학교앞,1,1
202107,1118. 증미역 3번출구뒤(등촌두산위브센티움오피스텔),1,0
202107,112. 극동방송국 앞,3,7
202107,1122. 황금내근린공원,1,0
202107,1129. 화곡역 1번 출구 앞,1,0
202107,113. 홍대입구역 2번출구 앞,1,7
202107,1132. 등촌역 7번출구,1,1
202107,114. 홍대입구역 8번출구 앞,18,12
202107,115. 마스타 빌딩 앞,5,6
202107,1150. 송정역 1번출구,1,0
202107,1155. 기쁜우리복지관,0,3
202107,1158. 가양역 8번출구,2,4
202107,116. 일진아이윌아파트 옆,2,5
202107,1160. 양천향교역 7번출구앞,1,1
202107,1167. 마곡수명산파크3단지 교차로,1,2
202107,1169. 염창역 1번 출구,1,1
202107,117. 홍은사거리,6,1
202107,118. 광흥창역 2번출구 앞,1,1
202107,119. 서강나루 공원,1,2
202107,1197. 엠펠리체 호텔 건너편,2,2
202107,120. 신수동 사거리,0,1
202107,1205. 종합운동장역 4번출구,0,1
202107,1208. 풍납현대아파트쉼터,4,0
202107,1209. 잠실나루역 (2번 출구 쪽),5,3
202107,121. 마포소방서 앞,2,0
202107,1210. 롯데월드타워(잠실역2번출구 쪽),13,8
202107,1211. 방이삼거리,2,3
202107,1212. 송파역 2번 출구앞,1,0
202107,1218. 방이역 4번출구,2,0
202107,1221. 삼전사거리 포스코더샵,3,1
202107,1222. 잠실새내역 5번 출구 뒤,1,1
202107,1224. 아시아지하보도 2번 출구,5,6
202107,123. 문화촌 공원,3,2
202107,1231. 잠실역 6번출구,1,2
202107,1232. 롯데마트 주차장 옆,3,3
202107,124. 서강대 정문 건너편,0,2
202107,1243. 문정 법조단지7,0,1
202107,1244. 문정 법조단지8,1,1
202107,125. 서강대 남문 옆,4,2
202107,1251. 석촌역 2번출구,1,2
202107,1264. 천호역 10번 출구 앞,1,1
202107,1268. 몽촌토성역 1번출구 옆,2,4
202107,1269. 리센츠아파트 ,0,2
202107,127. 현대벤처빌 앞,1,0
202107,128. 신촌역(2호선) 1번출구 옆,5,3
202107,129. 신촌역(2호선) 6번출구 옆,4,7
202107,1293. 석촌호교차로 (스타벅스 앞),1,0
202107,1295. 잠실역 8번출구,1,0
202107,1296. 석촌호수교차로 (송파나루근린공원 앞),1,0
202107,1297. 석촌호수교차로(동호 팔각정 앞),0,1
202107,130. 신촌역(2호선) 7번출구 앞,5,4
202107,1304. 만해공원,0,1
202107,1308. 안암로터리 버스정류장 앞,11,15
202107,131. 증산2교,6,7
202107,1314. 정릉꿈에그린1단지 201동 앞,1,0
202107,1319. 종암사거리 분수대,1,1
202107,1320. LG베스트샵 종암점,0,2
202107,1321. 국민은행 종암동지점 앞,4,8
202107,1327. 상월곡역 3번출구,0,1
202107,133. 해담는다리,1,1
202107,1332. 석계역 5번출구 건너편,3,3
202107,1337. 돈암성당 옆,2,0
202107,134. 연세로 명물길,3,2
202107,1347. 길음래미안아파트817동 상가 앞,1,0
202107,135. 명물길 원형무대 앞,8,5
202107,1351. 안암2교 옆,2,0
202107,1354. 고려대학교 2번출구,9,5
202107,1355. 보문2교,0,2
202107,1363. 보문4교 인근,4,3
202107,1367. 길음문화복합미디어센터,0,1
202107,137. NH농협 신촌지점 앞,3,4
202107,1372. KEB은행 고대점,4,5
202107,138. 신촌동 제1공영주차장 앞,2,3
202107,1380.월곡역 5번출구 앞,0,3
202107,1384.성신여대입구역 5번출구,0,2
202107,139. 연세대 정문 건너편,2,0
202107,140. 이화여대 후문,1,3
202107,141. 연대 대운동장 옆,1,0
202107,1411. 상봉시장앞 교차로 한성빌딩 앞,1,0
202107,1413. 봉화산역 5번출구 뒤,3,0
202107,1414. 사가정역 1번출구,1,0
202107,1416. 상봉역 3번출구,0,2
202107,142. 아현역 4번출구 앞,0,3
202107,1427. 용마산역 1번출구,0,1
202107,1438. 홈플러스 신내점 앞,1,2
202107,144. 공덕역 8번출구,2,3
202107,1447. 면목역 3번출구,1,1
202107,145. 공덕역 5번출구,1,0
202107,1451. 중랑세무서,3,3
202107,1455. 상봉역 2번 출구,1,0
202107,146. 마포역 2번출구 뒤,6,3
202107,147. 마포역 4번출구 뒤,2,5
202107,1471.동양쇼핑 정류소 앞,1,1
202107,1473.중랑역 1번 출구(중화문화복지센터),1,0
202107,1474.서울중랑우체국,0,1
202107,"1501. 미아역 3번,4번 출구 사이",1,0
202107,152. 마포구민체육센터 앞,18,17
202107,1522. 월드전기조명인테리어(우이동),1,0
202107,153. 성산2교 사거리,0,2
202107,1537. 북한산 우이역,0,1
202107,1541. 삼양역,1,2
202107,155. 가좌역1 번출구 앞,3,1
202107,1552. 강북구청사거리(던킨도너츠 앞),1,1
202107,156. 서울서부지방법원 앞,0,1
202107,1564.4.19민주묘지역 1번출구,0,1
202107,1568.4.19민주묘지 입구사거리,1,0
202107,1569.수유역2번출구,1,0
202107,157. 애오개역 4번출구 앞,1,0
202107,1572.우이산 먹거리마을,1,0
202107,158. 독립문 어린이 공원,1,0
202107,159. 이대역 4번 출구,5,1
202107,160. 북아현동 가구거리,1,0
202107,1610. 화랑대역 2번출구 앞,1,5
202107,1611. 과기대 입구(우),1,1
202107,1619. 중계동 하나프라자빌딩 앞(중1-1),4,7
202107,162. 봉원고가차도 밑,7,4
202107,1620. 중계동 노원구민체육센터 옆(중1-2),1,0
202107,1625. 상계역(4번출구),1,1
202107,1627. 수락산역 4번출구,0,1
202107,1636. 백병원 사거리 농협은행 앞,4,2
202107,1637. KT 노원점 건물 앞,0,2
202107,1643. 태릉입구역 8번출구,1,1
202107,1646. 삼육대 입구,0,1
202107,1651. 맥도날드 상계점 앞,0,1
202107,1653. 노원역1번출구,1,0
202107,1656. 중앙하이츠 아파트 입구,0,1
202107,1659. 중계동 을지중학교,1,2
202107,1661. 당현천근린공원,3,3
202107,1662. 노원역7번출구,2,0
202107,1669. 중계역 3번출구,0,2
202107,1672. 상계동수락리버시티,2,2
202107,1674. 서울북부고용센터앞,1,0
202107,1677. 육군사관학교  앞,1,0
202107,1684. 태릉입구역 5번출구,2,0
202107,1686. 온수골사거리(스타벅스앞),2,1
202107,1688. 마들역 7번출구,1,0
202107,1690. 도봉운전면허시험장,1,0
202107,1691. 노원정보도서관,1,1
202107,1705. 도봉구청 정문앞,0,1
202107,1708. 보건소사거리(다비치안경창동점),0,1
202107,1709. 쌍문역4번출구 주변,2,0
202107,1715. 서울특별시교육청도봉도서관,1,2
202107,1716. 하나로마트 창동점,1,0
202107,1729. 파리바게트앞,1,1
202107,173. 서대문역 8번출구 앞,2,0
202107,"1735. 도봉역 1,2번 출구사이 건너편",1,0
202107,1742. 북한산 코오롱 하늘채,6,5
202107,1743.창동19단지아파트 관리사무소앞,0,1
202107,175. 홍연2교옆,3,2
202107,1750. 창포원 남쪽 입구,0,1
202107,1754. 창동시장입구 사거리,0,1
202107,176. 명지대학교 도서관,0,1
202107,181. 망원초록길 입구,11,7
202107,182. 망원2빗물펌프장 앞,7,9
202107,1821. 홈플러스 시흥점 맞은편 다비치안경 앞,1,1
202107,1827. 독산보도육교 앞 자전거 보관소,1,0
202107,183. 하늘채코오롱아파트 건너편,3,2
202107,184. SK망원동주유소 건너편,3,3
202107,185. 마포 신수공원 앞,4,3
202107,1858. 석수역1번출구 앞 (SK주유소),0,2
202107,186. 월드컵공원,2,0
202107,1904. 도림천역 1번 출구 앞,2,3
202107,1906. 신도림역 1번 출구 앞,3,4
202107,1925. 동양미래대학교 정문 옆,2,2
202107,194. 증산교 앞,1,0
202107,1943. 온수역 북측,1,0
202107,1952. 천왕연지타운2단지 앞,1,0
202107,1961. 신도림테크노근린공원,3,4
202107,1974. 신도림2차e편한세상아파트 203동 앞,1,1
202107,1975. 대림역 1번 출입구 밑,1,1
202107,1983. 구로동롯데아파트,0,2
202107,1985. 구로도서관,4,3
202107,1991. 오류동역 맞은편,1,0
202107,2000. 신도림4차 e편한세상 아파트 1109동 앞,2,1
202107,2002. 노들역 1번출구,5,5
202107,2003. 사육신공원앞,2,1
202107,2007. 유한양행앞,1,2
202107,201. 진미파라곤 앞,3,4
202107,2013. 장승배기역 5번출구,1,2
202107,202. 국민일보 앞,0,2
202107,2025. 흑석역 1번출구,8,8
202107,2026. 흑석역 4번출구,1,0
202107,2027. 중앙대학교 정문 1,1,3
202107,203. 국회의사당역 3번출구 옆,1,0
202107,2037. 동작역 5번출구 동작주차공원,4,0
202107,204. 국회의사당역 5번출구 옆,2,1
202107,2050. 노량진역 5번출구,2,7
202107,2054. 삼익아파트,1,1
202107,2058. 노량진동 맥도널드앞,0,2
202107,2059. 보라매공원 정문,1,1
202107,206. KBS 앞,3,2
202107,2069. 숭실대 입구역3번 출구 앞,0,2
202107,207. 여의나루역 1번출구 앞,62,53
202107,2070. 노량진역 2번 출구 앞,2,1
202107,2076.노들나루공원 입구,2,8
202107,2077.노들역 3번출구,0,4
202107,2079.중앙대학교 중앙광장,0,1
202107,2082.7호선 이수역7번출구,1,0
202107,209. 유진투자증권빌딩 앞,8,3
202107,2090.기아자동차 사당점 앞,1,0
202107,2091.이수역9번출구(맥도날드),0,1
202107,210. IFC몰,7,11
202107,2102. 봉림교 교통섬,10,6
202107,2103. 신림동 우방아파트,1,0
202107,2104. 사당역 5번출구,0,1
202107,2105. 미성동 신림체육센터,1,0
202107,2107. 도림천 신화교,1,1
202107,2108. 은천치안센터,0,1
202107,211. 여의도역 4번출구 옆,4,2
202107,2111. 서울대입구역 1번출구,0,1
202107,2113. 관악동작견인차량보관소,0,1
202107,2116. 에이스에이존빌딩,1,0
202107,212. 여의도역 1번출구 옆,0,1
202107,2129. 낙성대 과학전시관,1,0
202107,213. KT앞,0,1
202107,2130. 영어마을 관악캠프,2,0
202107,2135. 신림역 5번출구,1,0
202107,2136. 신림역 8번출구,6,2
202107,2139. 서울신성초등학교,3,2
202107,2140. 신림1교 교차로,2,1
202107,2141. 미림여고입구 교차로,2,0
202107,2148. 낙성대역 3번출구 뒤,0,1
202107,215. 여의도고교 앞,4,4
202107,2169. 봉천역 2번출구,1,0
202107,217. NH농협은행 앞,4,2
202107,2171. 서울대입구역 5번출구,0,1
202107,2172. 나들목공원,4,1
202107,2173. 당곡사거리,0,3
202107,2175. 신림동걷고싶은문화의거리입구,1,1
202107,2177. 신대방역 2번 출구,1,1
202107,2178. 서울대학교 정문,0,1
202107,2179. 양녕로 입구,1,3
202107,2183. 동방1교,11,14
202107,2191.대학동주민센터 ,1,0
202107,2195.은천교회,1,1
202107,2196.삼화페인트 봉천점,1,0
202107,2198.사랑의병원,1,0
202107,220. 미성아파트 A동 앞,0,2
202107,221. 여의도초교 앞,8,6
202107,2211. 서초구립반포도서관 앞,2,1
202107,2212.서초현대4차아파트 201동 맞은편,3,0
202107,2213. 고속터미널역 5번출구 앞,1,0
202107,2214. 신반포역 2번출구 앞,1,0
202107,2217.아크로리버뷰 부지 앞,8,10
202107,"2219. 고속터미널역 8-1번, 8-2번 출구 사이",6,1
202107,2220. 반포본동 주민센터 앞,1,2
202107,2231. 삼성타운(삼성생명) A동 맞은편,1,1
202107,2243.서울가정법원,1,0
202107,2247.섬들근린공원,1,0
202107,225. 앙카라공원 앞,0,1
202107,2258.구룡사 삼거리,1,1
202107,2259. 잠원역 3번-4번 출구사이 ,7,4
202107,226. 샛강역 1번출구 앞,6,1
202107,2262. 한신16차아파트 119동 앞,27,20
202107,2268. 서초4동주민센터 ,2,0
202107,2269. 주홍교 하부,1,0
202107,227. 양평2나들목 보행통로 입구,1,2
202107,2272. 교대입구 교차로,1,0
202107,2273. 일동제약 사거리,0,1
202107,2279. 교대역 5번출구뒤,1,0
202107,228. 선유도역 3번출구 앞,0,1
202107,229. 양평1 보행육교 앞,1,1
202107,2297. 남부터미널역 1번출구,0,1
202107,230. 영등포구청역 1번출구,0,2
202107,2301. 현대고등학교 건너편,19,33
202107,2302. 교보타워 버스정류장(신논현역 3번출구 후면),1,1
202107,2303. 논현역 7번출구,1,1
202107,2306. 압구정역 2번 출구 옆,4,2
202107,2307. 압구정 한양 3차 아파트,3,6
202107,2308. 압구정파출소 앞,2,2
202107,2314. 청담나들목입구,0,4
202107,2315. 봉은사역 5번출구 옆,1,0
202107,2316. 삼성역 8번출구,4,5
202107,2317. 삼성도로공원,1,0
202107,2321. 학여울역 사거리,2,0
202107,2327. 뱅뱅사거리 랜드마크타워 앞,0,1
202107,2328. 르네상스 호텔 사거리 역삼지하보도 7번출구 앞,4,1
202107,2329. 르네상스호텔사거리 역삼지하보도 2번출구,0,1
202107,2330. 스타벅스 앞,2,1
202107,2331. 동영문화센터앞,2,0
202107,2332. 선릉역3번출구,1,0
202107,2341. 일원역 4~5번 출구 사이,0,1
202107,2347. 두산건설 본사,2,0
202107,2348. 포스코사거리(기업은행),1,0
202107,2352. 서울본부세관(건설회관 앞),0,1
202107,2353. 강남구청역 2번출구 뒤,0,1
202107,2354. 청담역 2번출구,0,1
202107,2355. 삼성역 5~6번 출구 사이,1,3
202107,2357. 르네상스호텔사거리 역삼지하보도 3번출구 앞 (더 오번 빌딩 명동칼국수 앞),0,2
202107,236. 문래동자이아파트 앞,3,2
202107,2361. 압구정역 교차로,1,0
202107,2362. 신사동 가로수길 입구,0,1
202107,2363. 강남 을지병원 교차로,0,1
202107,2364. 도산대로 렉서스 앞,1,0
202107,2365. K+ 타워 앞,3,2
202107,2369. KT선릉타워,1,0
202107,2371. 한국우편사업진흥원,1,0
202107,2372. 대치역 사거리,0,2
202107,2377. 수서역 5번출구 뒤,3,1
202107,2381. 언주역 6번출구앞,2,0
202107,2385. 학동역,1,0
202107,2388. 강남구 도시관리공단,1,0
202107,2398. 더라움,4,2
202107,2406. 논현동 광명빌딩 앞,4,3
202107,2409. 역삼동 디오슈페리움 (우성아파트 사거리),0,2
202107,2410. 포스코피앤에스타워 (역삼역 3번출구 부근),3,3
202107,2418.봉은사역 7번 출구 ,1,0
202107,"2419.봉은사역 1,2번 출구 ",0,1
202107,242. 신길선원가와인아파트 앞,0,1
202107,2421. 신논현역 4번출구,1,2
202107,2429.압구정로데오역 6번출구,1,2
202107,243. 이앤씨드림타워 앞,0,2
202107,2430.강남파이낸스센터앞(역삼역2번출구),0,2
202107,245. 삼성생명 당산사옥 앞,0,1
202107,247. 당산역 10번출구 앞,3,2
202107,248. 초원아파트 앞,0,2
202107,249. 여의도중학교 옆,15,15
202107,2503. 반포1동 서초빌딩 앞,1,2
202107,2504. 신사역 4번출구 뒤,4,2
202107,2505. 우성아파트사거리 (기업은행앞),1,4
202107,2508. 양재이스타빌 앞,0,2
202107,251. 서울지방병무청 버스정류장,1,1
202107,2510. JW타워,1,0
202107,2515.서초초등학교 후문,5,12
202107,2521.서초 크로바타워 앞,0,2
202107,2523.뉴코아 킴스클럽 앞,0,1
202107,2524.반포쇼핑타운 8동 앞,1,1
202107,2525.반포쇼핑타운 2동 앞,11,11
202107,2526.반포경남쇼핑 앞,4,4
202107,2527.반포중학교 앞(세화여고 맞은편),5,1
202107,2529.우리은행 방배동지점 앞,1,0
202107,2538.사평리 공원,10,3
202107,2547.포드서초서비스센터앞,0,1
202107,258. 신길역3번출구,1,0
202107,260. 여의도 마리나선착장 앞,2,1
202107,2604. 삼표레미콘 앞,0,2
202107,2608. 송파구청,1,1
202107,2613. 잠실나들목,3,5
202107,2618. 삼전역 1번출구,1,0
202107,2620. 송파나루역 4번 출구옆,3,2
202107,2622. 올림픽공원역 3번출구,1,0
202107,2623.석촌동 주민센터,0,1
202107,2637.잠실월드 메르디앙,2,1
202107,2638.쌍용아파트,1,2
202107,2644.성내5교 (GS주유소),0,1
202107,2646.레이크펠리스101동앞,1,0
202107,2647.잠실 자전거 수리센터 앞,2,5
202107,2654.올림픽선수촌아파트 136동 앞,1,1
202107,267. 삼성화재 사옥 옆,1,2
202107,268. 그랜드컨벤션센터 앞,0,2
202107,270. 증권거래소후문교차로,1,0
202107,2708.강서한강자이타워 앞,3,4
202107,2710.라이품 공영주차장 앞,1,0
202107,2715.마곡나루역 2번 출구 ,1,0
202107,2717.LG유플러스 마곡사옥,0,1
202107,272. 당산육갑문,10,13
202107,2728.마곡나루역 3번 출구,0,2
202107,2735.마곡 공공청사,2,0
202107,2737.까치산역 3번 출구,2,0
202107,274. 영등포역지하쇼핑센타 5번출구,2,4
202107,2744.강서세무서 앞,1,1
202107,275. 신동아아파트,1,0
202107,2816.항동지구 8단지 803동옆(주차장입구),1,1
202107,2824.미래사랑어린이공원 앞,0,2
202107,284. 센트럴 푸르지오 시티 앞,3,0
202107,2910.도깨비시장,3,1
202107,2915.서울과학기술대학교(어학교육원),2,1
202107,2919.등나무 근린공원(시립북서울미술관 앞) ,2,0
202107,293. 충북 미래관,2,1
202107,298.KBS 연구동 건너편,1,1
202107,299.여의도 순복음교회,3,3
202107,300. 정동사거리,1,0
202107,3002.벽산상암스마트큐브 ,1,3
202107,3005.마포구청 청사내,2,1
202107,3008.DMC역7번출구,1,1
202107,3009.서교동사거리(신),0,1
202107,3010.홍대입구역 3번출구,8,25
202107,3011.경의선(노고산동),5,6
202107,3013.서울지방고용노동청 앞,2,0
202107,302. 경복궁역 4번출구 뒤,0,1
202107,303. 광화문역 1번출구 앞,2,0
202107,307. 서울역사박물관 앞,3,0
202107,309. 광화문역 6번출구 옆,1,1
202107,310. 청계광장 옆,6,3
202107,3101. 서대문구청,4,1
202107,3102. 연희삼거리,3,1
202107,3104. e편한세상 신촌4단지 앞,0,1
202107,3107. 연희초등학교 앞,5,5
202107,3110.홍은 현대아이파크 아파트 202동 앞,3,2
202107,3113.독립문역사거리,0,1
202107,3114.충정로역 3번 출구,0,1
202107,3116.신촌역 4번출구,0,4
202107,3117.이화여대 인문관 인근,0,5
202107,3119.연희 브라운스톤 아파트 앞,2,5
202107,3120.DMC엘가아파트 앞,1,0
202107,3125.연희파크푸르지오아파트 앞,3,3
202107,314. 국립현대미술관,3,3
202107,316. 종각역 1번출구 앞,7,0
202107,318. 광교사거리 남측,1,2
202107,320. 을지로입구역 4번출구 앞,2,0
202107,321. KEB 하나금융그룹 명동사옥 옆,5,8
202107,324. 신세계백화점 본점 앞,3,3
202107,327. 낙원상가 옆,13,20
202107,328. 탑골공원 앞,5,5
202107,329. 청계2가 사거리 옆,5,20
202107,331. 을지로2가 사거리 북측,0,2
202107,3311.서울대입구역 4번 출구,0,1
202107,334. 종로3가역 2번출구 뒤,1,0
202107,336. 티마크 호텔 앞,10,12
202107,339. 종로4가 사거리,2,0
202107,340. 혜화동 로터리,1,0
202107,3402.이화공영주차장,2,2
202107,3405.파크팰리스,1,0
202107,3407.안국동사거리(신),2,3
202107,3408.종로타워빌딩,6,2
202107,341. 혜화역 3번출구 뒤,0,1
202107,3410.종로3가역 8번출구,2,2
202107,3411.종묘,0,1
202107,3413.종로플레이스,0,1
202107,3414.종로5가역 4번출구,4,0
202107,3416.동묘앞역 6번출구,1,0
202107,342. 대학로 마로니에공원,2,0
202107,3422.성균관대 정문,1,1
202107,3425.광화문 풍림스페이스본 1단지앞,0,1
202107,3427.인왕산 아이파크 정문,1,0
202107,3432.종로2가 사거리,3,2
202107,346. 맥스타일 앞,2,1
202107,347. 동대문역사문화공원역 9번출구 앞,2,4
202107,3501. 광진구청 앞,3,4
202107,3502. 중곡역 1번출구,0,1
202107,3504. 원일교회,1,0
202107,3505. 신양초교앞 교차로,1,0
202107,3506. 영동대교 북단,2,3
202107,3508. 화양사거리,2,2
202107,3509. 세종사이버대학교,0,3
202107,3511. 응봉역 1번출구,5,5
202107,3515. 서울숲 관리사무소,14,4
202107,3524. 세종대학교,3,1
202107,3525. 금호스포츠센터앞,1,1
202107,3528. 광진정보도서관,0,1
202107,353. 재동초교 앞 삼거리,2,2
202107,3533. 건대입구역 사거리(롯데백화점),11,14
202107,3536. 중앙농협(자양동),3,0
202107,3544.한양대역 3번 출구,2,0
202107,3548.뚝섬역 6번출구,0,2
202107,355. 서울사대부속초교 앞,1,1
202107,3550.금호나들목,0,4
202107,3552.서울숲 공영주차장앞,2,0
202107,3557.서울숲리버뷰자이APT105동 앞,3,0
202107,3559.성동구민종합체육센터 앞,5,2
202107,3566.우성4차아파트,0,4
202107,3569.건대병원후문,2,5
202107,3570.구의역 리버비스타 오피스텔,1,1
202107,3575.자양사거리 (LG 유플러스),11,10
202107,3579.광진 캠퍼스시티,3,9
202107,358. 성대입구 사거리,2,0
202107,3581.광진광장,1,1
202107,3582.화양동 우체국,4,3
202107,3587.우성식품 앞,2,2
202107,359. 원남동사거리,2,1
202107,3600.사근빗물펌프장 건너편,3,9
202107,3603. 삼성역 2번출구,3,2
202107,3606. 신사동주민센터 옆,1,2
202107,361. 동묘앞역 1번출구 뒤,1,1
202107,3612. 은곡마을,1,1
202107,3627. 압구정나들목,4,13
202107,3628. 역삼1동 주민센터,0,1
202107,3638. 신청담나들목,2,2
202107,367. 독립문역 3-1번출구 ,1,0
202107,368. SK 서린빌딩 앞,1,0
202107,369. 광화문 시민열린마당,1,3
202107,370. 시청역(2호선) 9번출구 뒤,2,3
202107,371. 동대입구역 6번출구 뒤,0,2
202107,372. 약수역 3번출구 뒤,2,2
202107,374. 청구역 2번출구 앞,1,0
202107,3762. 마곡9단지 907동앞,1,0
202107,3784. 벽산아파트,0,3
202107,3787. 가양나들목,1,0
202107,3789. 염창나들목,0,1
202107,3794. 안양천합수부(현대3차아파트),4,0
202107,3804. 낙성대공원,1,0
202107,3806. 낙성대 교수아파트,1,0
202107,381. 장충체육관,1,0
202107,3811.신사로입구,1,1
202107,3812. KT관악지점,0,1
202107,382. 약수역 10번출구 앞,0,2
202107,383. 신당역 12번 출구 뒤,2,0
202107,385. 종각역 5번출구,1,0
202107,3853. 어린이대공원역 2번출구,1,0
202107,3864. 광진소방서 앞,1,0
202107,3865. 이튼타워리버 2차,2,0
202107,387. 훈련원공원주차장 앞,1,0
202107,390. 충무로역 1번출구,2,0
202107,3904. 테크노마트 앞,4,1
202107,3905. 희훈타워빌 앞,1,0
202107,391. 정동길입구,2,3
202107,3910. 목양전원교회 앞 로터리,1,1
202107,393. 동대문역 8번 출구,0,5
202107,395. 경희궁 자이 2단지,0,1
202107,398. 을지로3가역 3번출구,1,3
202107,4002. 상계주공 14단지 상가 앞,1,1
202107,4004. 당고개입구오거리 당현천변,0,1
202107,4027. 이마트 월계점,1,1
202107,4031. 청암예술학교 앞,2,0
202107,4033. 녹천 자동차운전 전문학원 (녹천역 4번 출구),6,7
202107,4036. 하계역 6번출구,0,1
202107,405. DMC빌 앞,6,8
202107,4058. 다락원체육공원 전망대 입구,0,1
202107,4065. 창동역 1번출구 앞,1,0
202107,4076. 진영상운 앞 중랑천 변,1,0
202107,4077. 도봉제1교,0,3
202107,409. 누리꿈스퀘어 옆,1,0
202107,410. 상암중학교 옆,1,0
202107,4103. 휘경sk뷰아파트 앞,2,0
202107,4104. 외대앞역 교차로,6,4
202107,4110. 용두롯데캐슬리치아파트 앞,0,1
202107,4113. 한국국방연구원 앞,3,2
202107,413. 상암월드컵파크 3단지 후문,1,0
202107,414. 상암동주민센터 옆,1,1
202107,415. DMC역 9번출구 앞,5,5
202107,4173. 이화약국 앞,0,1
202107,418. 월드컵경기장역 3번출구 옆,2,6
202107,419. 홈플러스 앞,7,8
202107,420. 서울시 공공자전거 상암센터,2,4
202107,4206. 광흥창역5번출구,1,0
202107,4208. 스타벅스(동교동) 앞,1,1
202107,421. 마포구청 앞,0,4
202107,4210. 가좌행복주택 앞,2,1
202107,4211. 시석빌딩 앞,4,0
202107,4212. 한화오벨리스크 앞,2,1
202107,4307. 고투몰 gate 15옆,1,1
202107,431. 청계천 영도교,28,31
202107,4313. 반포종합운동장,3,4
202107,4320. 신영체르니 아파트,0,2
202107,433. 을지로입구역 2번출구,5,2
202107,4362. 행당중학교 후문,2,2
202107,4367. kt 행당빌딩 앞,1,0
202107,437. 대흥역 1번출구,0,2
202107,4370. 서울숲IT캐슬 앞,0,1
202107,438. 성산2-1 공영주차장,1,3
202107,439. 마포어린이공원,3,7
202107,440. 하늘공원 입구,3,6
202107,441.염천교사거리,0,1
202107,442.서울역 서부,2,0
202107,445.대한상공회의소,3,1
202107,4453. 위례중앙푸르지오 201동 앞,0,1
202107,4481. 올림픽공원 북2문 2,1,0
202107,4483. 잠실나들목4,2,0
202107,4484. 잠실나루역4번출구뒤,0,5
202107,4485. 잠실나루역 고가하부,0,1
202107,4486. 홈플러스 잠실점,3,3
202107,4500. 풍납나들목,0,4
202107,4509. 서울영상고교 입구,3,2
202107,4527. 목동신시가지아파트6단지,0,2
202107,453. 종로오가 지하쇼핑센터 14번출구,0,1
202107,454. 종로2가 버스정류장 (종각방향),2,0
202107,455. 삼익한의원,1,0
202107,4557. 리버뷰신안인스빌2차 후문,0,1
202107,456. 숭인2동 주민센터 입구 (이강3대냉면),2,1
202107,4561. 양평역 1번출구,2,5
202107,4563. 여의도 은하아파트,2,1
202107,4564. 63스퀘어,4,5
202107,4565. 영등포 신세계백화점,2,0
202107,458. 광화문역 5번출구,9,6
202107,4604. 원효로다목적체육관 앞,0,1
202107,"4605. 노들섬 다목적홀(동쪽) 숲, 앞",3,1
202107,4608. 국립중앙박물관 정문 앞,4,1
202107,4609. 파크타워 104동 앞,2,0
202107,4612. 한남 준 J.FSS 앞,3,4
202107,4613. 서울갤러리아 앞,1,1
202107,4615. 크라운호텔앞 버스정류소,9,11
202107,4618. 풍전아파트 건너편,1,0
202107,4619. 한강트럼프월드3차 앞,5,6
202107,4620. 삼각지역 14번 출구 앞(교통섬),2,2
202107,4623. 라인프랜즈이태원점 앞,8,4
202107,4625. 용산공원갤러리앞,1,0
202107,4629. 한강초교보도육교 앞,0,1
202107,464. 삼청동 골목,2,0
202107,465. 삼청공원 앞,3,0
202107,4668. 기자촌사거리,0,1
202107,467.한국은행,2,1
202107,468.웨스틴 조선호텔,1,2
202107,469.회현역 1번출구,0,4
202107,4703. 쌍용아파트2단지 정문,0,1
202107,4704. 쌍용아파트2단지 상가앞,3,0
202107,4705. 웰니스센터(민방위교육장 앞),1,0
202107,4707. 청계3가 사거리,4,0
202107,4708. 조계사앞사거리(파리바케트앞),3,1
202107,471.회현사거리 남측,2,5
202107,4710. 자교교회 앞,2,1
202107,474.동대문역사문화공원역 1번출구 뒤편,5,3
202107,475.DDP 패션몰,8,1
202107,4753. 우리은행 서소문금융센터,2,0
202107,476.광희문,0,1
202107,4762. 국제빌딩,0,2
202107,4765. 동대문디자인플라자,8,14
202107,4768. 서울도시건축전시관,2,6
202107,4774. 을지로입구역 8번출구,0,2
202107,4775. 을지로지하쇼핑센터,1,1
202107,4776. 신세계면세점,1,0
202107,4777. 약수동 주민센터,0,2
202107,479.동대입구역 3번 출구,5,2
202107,4791. 명동역9번 출구,5,4
202107,4792. 퇴계로4가 교차로(중구청),3,0
202107,4793. 동대문역사문화공원역 5번출구,0,1
202107,4794. 서울역 서부교차로(3),2,0
202107,4797. KG타워 앞,1,3
202107,480.약수역 6번 출구,0,2
202107,4804. 동서울농협 앞,1,0
202107,481.신당역 10번 출구,2,3
202107,4819. 면목동 새싹어린이공원 앞,3,1
202107,483.남산타운아파트 버스정류장,0,2
202107,4862. 올림픽파크텔 맞은편,1,0
202107,4863. 잠실나들목5,4,0
202107,4864. 송파사거리,1,0
202107,487.신석초교앞 교차로 교통섬,2,0
202107,490.가온문화공원,0,1
202107,493.홍대입구역 6번출구,11,8
202107,495.염리초등학교 앞,1,5
202107,497.합정동주민센터 앞,3,1
202107,498.연남동주민센터 앞,2,2
202107,500. 어린이대공원역 3번출구 앞,1,2
202107,501. 광진구의회 앞,5,1
202107,502. 뚝섬유원지역 1번출구 앞,29,23
202107,505. 자양사거리 광진아크로텔 앞,0,3
202107,508. 성수아카데미타워 앞,2,0
202107,509. 이마트 버스정류소 옆,2,4
202107,510. 서울숲 남문 버스정류소 옆,3,7
202107,511. 서울숲역 4번 출구 옆,1,2
202107,512. 뚝섬역 1번 출구 옆,4,1
202107,515. 광양중학교 앞,10,8
202107,516. 광진메디칼 앞,1,0
202107,518. 청계천 박물관 앞,1,0
202107,523. 옥수동성당 옆,0,1
202107,525. 한양대병원사거리,3,6
202107,533. 우리은행 금호동 지점 앞,2,0
202107,534. 금호사거리,2,0
202107,536. 행당역 2번출구 앞,1,0
202107,537. 한양대후문역 부근,1,4
202107,539. 군자교교차로,1,0
202107,542. 강변역 4번출구 뒤,1,1
202107,546. 잠실대교북단 교차로,0,2
202107,548. 자양나들목,8,6
202107,551. 구의삼성쉐르빌 앞,1,1
202107,559. 왕십리역 4번 출구 건너편,0,1
202107,560. 비전교회 앞,1,0
202107,561. 서울숲역 2번출구 앞,6,4
202107,564. 금호역 3번출구,2,1
202107,565. 옥수역 3번출구,6,8
202107,568. 청계8가사거리 부근,6,2
202107,571. 어린이대공원역6번출구,1,4
202107,573. 구의문주차장 앞,1,0
202107,577. 광진청소년수련관,1,1
202107,583. 청계천 생태교실 앞,7,9
202107,584. 광진광장 교통섬,3,4
202107,585. 성수2가1동 공영주차장 인근,1,1
202107,588. 뚝섬 유원지역,3,2
202107,589. 성수역3번출구,2,4
202107,592. 건국대학교 학생회관,0,2
202107,593.자양중앙나들목,2,3
202107,605. 신설동역8번출구,1,0
202107,608. 전농삼성아파트,1,0
202107,609. 제기2교,1,3
202107,615. 용두동 래미안허브리츠아파트 앞,2,3
202107,622. 전농사거리 교통섬,0,5
202107,626. 군자교 서측 녹지대,2,2
202107,633. 청량리 기업은행 앞,1,1
202107,634. 외국어대 정문 앞,12,9
202107,635. 시조사 앞 (청량고정문 옆),0,2
202107,636. 세종대왕기념관 교차로,1,0
202107,637. KAIST 경영대학 앞,7,16
202107,638. 서울시립대 정보기술관,1,0
202107,646. 장한평역 1번출구 (국민은행앞),2,1
202107,647. 신이문역 1번출구,1,1
202107,650. 중랑교사거리,3,5
202107,656. 영휘원 교차로,1,0
202107,659. 제기역1번출구,3,0
202107,661. 경희대학교 청운관,5,0
202107,666.이문대성유니드아파트 앞,0,1
202107,668.서울축산농협(장안지점),1,2
202107,670.삼육서울병원 버스정류장,10,3
202107,673.안암골벽산아파트(후문),7,4
202107,674.고대앞사거리 교통섬,3,1
202107,676.FITI시험연구원 앞,1,0
202107,677.청량리역 4번 5번출구 사이,2,0
202107,680.꿈마루어린이도서관 앞,6,6
202107,700. KB국민은행 염창역 지점 앞,1,0
202107,702. 목4동주민센터 옆,1,0
202107,704. 남부법원검찰청 교차로,1,0
202107,708. 서울출입국관리사무소 앞,1,3
202107,712. 강월초교입구 사거리,0,1
202107,723. SBS방송국,2,1
202107,726. 목동3단지 시내버스정류장,2,4
202107,746. 목동2단지 상가,1,0
202107,756. 목동주차장,0,1
202107,758. 한사랑교회 앞,4,4
202107,768.목동5단지아파트 501동,2,0
202107,769.CBS방송국 앞,0,1
202107,776.목마공원,1,1
202107,795.양천 해누리타운,1,1
202107,802. 한강진역 2번 출구 앞,2,0
202107,807. 서울역 12번 출구 앞,4,10
202107,809. 한남 유수지 복개주차장,4,0
202107,810. 이태원지하보도,4,8
202107,811. 녹사평역1번출구,6,1
202107,812. 용산전쟁기념관,0,3
202107,813. 삼각지역 3번출구,4,3
202107,815. LIG강촌아파트 103동앞,5,0
202107,816. 신용산역 6번출구 앞,10,5
202107,817. 삼각지역 4번출구 앞,1,1
202107,818. 숙명여대 입구 교차로,2,3
202107,819. 선린인터넷 고등학교,0,3
202107,820. 청파동입구 교차로,3,1
202107,825. 서빙고동 주민센터 앞,11,11
202107,826. 서울역 서부교차로2,4,0
202107,829. 베르가모앞,8,9
202107,831. 이태원관광특구입구,1,0
202107,832. 이촌1동 주민센터 뒤,10,4
202107,835. 남영역 건너편,0,1
202107,836. 현대자동차서비스 앞,2,1
202107,837. 한남나들목 입구,14,17
202107,838. 숙대입구역 4번출구,0,3
202107,839. 보광동 삼성리버빌아파트 앞,3,5
202107,840. 용산 파크타워 앞,3,3
202107,841. 신용산역 1번 출구,1,9
202107,843. 녹사평역 광장,11,8
202107,844. 이촌2동 동원베네스트 아파트 앞,2,0
202107,846. 용산중학교,2,0
202107,847. 국방부민원실옆,3,1
202107,848. 삼각지12번 출구,1,2
202107,849. 삼각지 자이아파트,1,1
202107,850. KCC용산월츠타워 ,1,0
202107,852.청암자이APT(103동),1,1
202107,853.용산역 맞은편,10,14
202107,857. 현대 안성타워,0,1
202107,858.녹사평역3번 출구,1,7
202107,860.LG한강 자이아파트 앞,11,18
202107,863.이촌역2번 출구,2,2
202107,864.순천향대학병원(한남오거리),3,3
202107,865.하얏트호텔 앞,1,1
202107,867.서빙고역 광장(1번출구),1,2
202107,869.노들섬 동측 앞,4,1
202107,870.노들섬 서측 앞,4,4
202107,928. 은평역사한옥박물관,2,1
202107,931. 역촌파출소,1,1
202107,932. 예일여중,8,0
202107,937. 상림마을 롯데캐슬2단지 옆,1,0
202107,945. 기자촌 사거리,1,0
202107,950. 구산역 2번 출구 ,1,0
202107,954. 은평뉴타운구파발9단지,0,1
202107,960. 구파발역 환승센터,2,0
202107,992.북한산입구 정류장,0,2
202107,996.응암역2번출구 국민은행 앞,1,0
202108,1001. 광진교 남단 사거리(디지털프라자앞),2,0
202108,1002. 해공공원(천호동),0,3
202108,1004. 삼성광나루아파트 버스정류장,0,1
202108,1009. 천호역4번출구(현대백화점),0,1
202108,1015. 샛마을 근린공원,1,1
202108,1019. 다성이즈빌아파트(호원대 대각선 맞은편),1,1
202108,102. 망원역 1번출구 앞,12,8
202108,1020. 강동경찰서,0,1
202108,1022. 길동 사거리(초소앞),1,0
202108,1025. 상일초등학교,1,0
202108,1029. 롯데 시네마,0,1
202108,103. 망원역 2번출구 앞,18,7
202108,1030. 미호 플랜트 앞,0,1
202108,1032. 선사고등학교,1,1
202108,104. 합정역 1번출구 앞,1,5
202108,1044. 굽은다리역,1,0
202108,105. 합정역 5번출구 앞,1,5
202108,1050.  둔촌역 3번 출입구,1,0
202108,1059. 래미안 강동팰리스(102동),3,2
202108,106. 합정역 7번출구 앞,7,14
202108,107. 신한은행 서교동금융센터점 앞,5,2
202108,1072.고덕역 5번출구,1,1
202108,108. 서교동 사거리,5,3
202108,1081.트레빌빌딩,0,4
202108,1084. 윤선생빌딩(JYP사옥),2,1
202108,1086.래미안 솔베뉴(구천면로),2,2
202108,109. 제일빌딩 앞,13,10
202108,1103. 방화역 4번출구앞,0,1
202108,1106. 신방화사거리,0,2
202108,1108. 공항시장역 2번출구 뒤,1,0
202108,111. 상수역 2번출구 앞,9,11
202108,1115. 등촌역 1번출구옆,0,3
202108,112. 극동방송국 앞,2,7
202108,1122. 황금내근린공원,0,1
202108,1126. 우장산역 1번출구옆(우장산아이파크105동앞),1,0
202108,113. 홍대입구역 2번출구 앞,5,6
202108,114. 홍대입구역 8번출구 앞,15,16
202108,1149. 신방화역환승주차장,1,1
202108,115. 마스타 빌딩 앞,5,3
202108,1158. 가양역 8번출구,2,1
202108,116. 일진아이윌아파트 옆,1,3
202108,1163. 방화동강서기동대앞,6,7
202108,1165. 마곡중학교 후문,1,0
202108,1167. 마곡수명산파크3단지 교차로,1,0
202108,1169. 염창역 1번 출구,1,1
202108,117. 홍은사거리,0,1
202108,1170. 강서구보건소 (삼성디지털 프라자),4,2
202108,1172. 가양3동 주민센터,1,0
202108,1173. 강서구청사거리(SH타워),2,1
202108,118. 광흥창역 2번출구 앞,0,3
202108,119. 서강나루 공원,7,10
202108,1191. 마곡역 교차로(NH농협),0,1
202108,1203. 밀리아나2빌딩 앞,1,0
202108,1206. 9호선종합운동장역 9번출구,5,0
202108,1208. 풍납현대아파트쉼터,0,1
202108,1209. 잠실나루역 (2번 출구 쪽),2,2
202108,121. 마포소방서 앞,11,9
202108,1210. 롯데월드타워(잠실역2번출구 쪽),17,17
202108,1211. 방이삼거리,4,3
202108,1212. 송파역 2번 출구앞,0,1
202108,1213. 백토공원 앞,0,1
202108,1218. 방이역 4번출구,1,2
202108,1221. 삼전사거리 포스코더샵,2,2
202108,1222. 잠실새내역 5번 출구 뒤,4,3
202108,1224. 아시아지하보도 2번 출구,8,10
202108,1231. 잠실역 6번출구,3,8
202108,1232. 롯데마트 주차장 옆,2,2
202108,1235. 잠실트리지움310동 옆,2,1
202108,124. 서강대 정문 건너편,3,1
202108,1240. 문정 법조단지4,0,2
202108,1241. 문정 법조단지5,0,1
202108,1244. 문정 법조단지8,1,1
202108,1248. 방이초등학교,0,3
202108,125. 서강대 남문 옆,0,1
202108,1251. 석촌역 2번출구,1,1
202108,1259. 방이역 1번출구,1,0
202108,126. 서강대 후문 옆,1,1
202108,1266. 문정동 글샘 공원,1,0
202108,1267. 올림픽공원 남2문 앞,0,2
202108,1268. 몽촌토성역 1번출구 옆,6,5
202108,127. 현대벤처빌 앞,1,1
202108,1278. 송파구청 교차로,5,2
202108,128. 신촌역(2호선) 1번출구 옆,4,6
202108,129. 신촌역(2호선) 6번출구 옆,9,6
202108,1293. 석촌호교차로 (스타벅스 앞),1,0
202108,1295. 잠실역 8번출구,7,6
202108,1297. 석촌호수교차로(동호 팔각정 앞),2,2
202108,130. 신촌역(2호선) 7번출구 앞,8,5
202108,1308. 안암로터리 버스정류장 앞,3,4
202108,131. 증산2교,1,1
202108,1320. LG베스트샵 종암점,1,1
202108,1321. 국민은행 종암동지점 앞,0,6
202108,1336. 성북3교 위,0,1
202108,1337. 돈암성당 옆,1,0
202108,134. 연세로 명물길,7,2
202108,135. 명물길 원형무대 앞,3,8
202108,1351. 안암2교 옆,2,1
202108,1354. 고려대학교 2번출구,5,3
202108,1355. 보문2교,4,4
202108,1363. 보문4교 인근,1,0
202108,1368. 성신여대입구 교차로,4,2
202108,137. NH농협 신촌지점 앞,0,2
202108,1372. KEB은행 고대점,3,1
202108,138. 신촌동 제1공영주차장 앞,3,1
202108,1392.돈암삼성풍림아파트,0,1
202108,140. 이화여대 후문,0,7
202108,141. 연대 대운동장 옆,2,0
202108,1411. 상봉시장앞 교차로 한성빌딩 앞,1,0
202108,1413. 봉화산역 5번출구 뒤,3,0
202108,1416. 상봉역 3번출구,2,4
202108,142. 아현역 4번출구 앞,1,0
202108,1433. 중화역 2번출구,1,0
202108,1438. 홈플러스 신내점 앞,1,3
202108,144. 공덕역 8번출구,9,8
202108,1448. 코스트코 상봉점,0,1
202108,1449. 상봉역 1번출구,2,4
202108,145. 공덕역 5번출구,1,4
202108,1451. 중랑세무서,4,4
202108,1455. 상봉역 2번 출구,1,1
202108,146. 마포역 2번출구 뒤,9,9
202108,1461.동양엔파트 앞,0,2
202108,147. 마포역 4번출구 뒤,5,3
202108,1470.중화동 우리은행 앞,1,1
202108,1479.면목 홈플러스 2 ,1,0
202108,148. 용강동 주민센터 앞,4,2
202108,1480. 용마지구대 옆,0,1
202108,150. 서강대역 2번출구 앞,4,1
202108,152. 마포구민체육센터 앞,18,23
202108,153. 성산2교 사거리,1,1
202108,1532. 번3동 주민센터 교차로,1,0
202108,1539. 4.19민주묘지역,1,0
202108,154. 마포구청역 ,0,3
202108,157. 애오개역 4번출구 앞,0,1
202108,1601. 석계역 문화광장 내 자전거 보관소,0,1
202108,1606. 태릉입구역 3번출구 ,0,1
202108,1608. 공릉역 1번 출구 앞,0,1
202108,1617. 하계동 중평어린이공원 앞,1,0
202108,1619. 중계동 하나프라자빌딩 앞(중1-1),2,2
202108,1620. 중계동 노원구민체육센터 옆(중1-2),0,2
202108,1625. 상계역(4번출구),1,0
202108,1636. 백병원 사거리 농협은행 앞,5,3
202108,1653. 노원역1번출구,1,1
202108,1661. 당현천근린공원,2,2
202108,1662. 노원역7번출구,1,1
202108,1663. 동해문화예술관앞,1,2
202108,1686. 온수골사거리(스타벅스앞),1,1
202108,1692. 온곡초교 교차로,0,1
202108,1700.상계보람아파트 202동 ,1,1
202108,1708. 보건소사거리(다비치안경창동점),1,2
202108,1716. 하나로마트 창동점,1,0
202108,1717. 시립창동운동장 입구,1,0
202108,1720. 도봉구청 옆(중랑천변),1,1
202108,1721. 창동역 2번출구 ,1,0
202108,173. 서대문역 8번출구 앞,1,0
202108,1738. 창동주공17단지 상가앞,1,1
202108,1743.창동19단지아파트 관리사무소앞,3,1
202108,175. 홍연2교옆,2,0
202108,1754. 창동시장입구 사거리,1,1
202108,180. 충정로역 7번출구 아래,2,0
202108,1806. 에이스하이엔드타워9차 앞,0,1
202108,181. 망원초록길 입구,9,6
202108,1814. 두산위브아파트 옆 상가건물 앞,0,1
202108,1819. 금천구청 앞 자전거거치대,1,1
202108,182. 망원2빗물펌프장 앞,11,9
202108,1824. 독산근린공원 입구,0,1
202108,1825. 한신아파트 앞 육교 아래,2,2
202108,1827. 독산보도육교 앞 자전거 보관소,0,2
202108,183. 하늘채코오롱아파트 건너편,5,0
202108,184. SK망원동주유소 건너편,1,2
202108,185. 마포 신수공원 앞,0,2
202108,1851. 가산디지털단지 7번출구,2,0
202108,186. 월드컵공원,2,4
202108,1904. 도림천역 1번 출구 앞,3,3
202108,1906. 신도림역 1번 출구 앞,2,5
202108,1911. 구로디지털단지역 앞,0,1
202108,1914. 대림역4번출구,0,2
202108,196. 연희교차로 인근,2,2
202108,1961. 신도림테크노근린공원,1,0
202108,1975. 대림역 1번 출입구 밑,1,0
202108,1985. 구로도서관,1,3
202108,1986. 태평양물산빌딩,1,0
202108,1992. 구로구배드민턴실내체육관 앞,1,0
202108,2000. 신도림4차 e편한세상 아파트 1109동 앞,1,1
202108,2002. 노들역 1번출구,3,0
202108,2003. 사육신공원앞,4,2
202108,201. 진미파라곤 앞,2,1
202108,2013. 장승배기역 5번출구,1,0
202108,202. 국민일보 앞,4,5
202108,2025. 흑석역 1번출구,8,10
202108,2026. 흑석역 4번출구,0,1
202108,2034. 사당역 7번출구쪽,1,0
202108,2037. 동작역 5번출구 동작주차공원,15,2
202108,2038. 동작역 7번출구,4,0
202108,2050. 노량진역 5번출구,2,13
202108,2058. 노량진동 맥도널드앞,1,3
202108,2059. 보라매공원 정문,2,2
202108,2060. 남성역3번출구 뒤,0,1
202108,207. 여의나루역 1번출구 앞,52,56
202108,2070. 노량진역 2번 출구 앞,0,3
202108,2076.노들나루공원 입구,0,3
202108,2077.노들역 3번출구,7,4
202108,2080.빕스 대방점 앞,1,1
202108,2083.흑석롯데캐슬에듀포레(107동),0,2
202108,209. 유진투자증권빌딩 앞,3,6
202108,2094.숭실대학교(중문) ,2,0
202108,210. IFC몰,8,4
202108,2102. 봉림교 교통섬,3,2
202108,2103. 신림동 우방아파트,4,1
202108,2104. 사당역 5번출구,0,1
202108,211. 여의도역 4번출구 옆,5,2
202108,2111. 서울대입구역 1번출구,1,0
202108,2113. 관악동작견인차량보관소,0,1
202108,2119. 중앙동 동진빌딩,1,1
202108,212. 여의도역 1번출구 옆,2,0
202108,2122. 낙성대로 입구,0,1
202108,2129. 낙성대 과학전시관,1,1
202108,213. KT앞,0,1
202108,2135. 신림역 5번출구,2,0
202108,2136. 신림역 8번출구,1,0
202108,2140. 신림1교 교차로,1,3
202108,215. 여의도고교 앞,1,1
202108,2159. 인헌초교,1,0
202108,217. NH농협은행 앞,1,0
202108,2171. 서울대입구역 5번출구,0,1
202108,2173. 당곡사거리,2,9
202108,2175. 신림동걷고싶은문화의거리입구,1,1
202108,2176. 보라매공원 보도육교,0,1
202108,2177. 신대방역 2번 출구,1,1
202108,2179. 양녕로 입구,3,2
202108,2183. 동방1교,3,1
202108,2185. 대학동 고시촌,0,1
202108,2191.대학동주민센터 ,4,3
202108,2198.사랑의병원,2,0
202108,220. 미성아파트 A동 앞,1,0
202108,221. 여의도초교 앞,8,3
202108,2211. 서초구립반포도서관 앞,0,1
202108,2212.서초현대4차아파트 201동 맞은편,1,0
202108,2214. 신반포역 2번출구 앞,0,2
202108,2217.아크로리버뷰 부지 앞,7,8
202108,"2219. 고속터미널역 8-1번, 8-2번 출구 사이",6,6
202108,222. 시범아파트버스정류장 옆,0,1
202108,2220. 반포본동 주민센터 앞,0,3
202108,2226. 신동아럭스빌아파트 앞,1,0
202108,223. 진주아파트상가 앞,2,0
202108,2230.이수역 4번 출구,0,1
202108,2231. 삼성타운(삼성생명) A동 맞은편,2,1
202108,2237.서울남부터미널 대합실 입구,1,0
202108,2239.교대역 6번출구,0,1
202108,2245.양재초등학교 맞은편,1,0
202108,225. 앙카라공원 앞,2,1
202108,2251. 더케이호텔 입구(양재2) ,3,0
202108,2252. 하이브랜드 앞,3,6
202108,2255.시민의숲역 1번출구 옆,3,2
202108,2259. 잠원역 3번-4번 출구사이 ,5,4
202108,226. 샛강역 1번출구 앞,1,4
202108,2262. 한신16차아파트 119동 앞,24,21
202108,2264. 이수역 1번출구,0,1
202108,2266. 서초역 3번출구,1,1
202108,2268. 서초4동주민센터 ,1,1
202108,2269. 주홍교 하부,1,0
202108,227. 양평2나들목 보행통로 입구,4,3
202108,2277. 길마중4교 하부,3,0
202108,228. 선유도역 3번출구 앞,0,1
202108,2294. 두상빌딩 앞,1,1
202108,2298. 래미안서초스위트앞,2,0
202108,230. 영등포구청역 1번출구,0,1
202108,2301. 현대고등학교 건너편,15,15
202108,2302. 교보타워 버스정류장(신논현역 3번출구 후면),4,1
202108,2303. 논현역 7번출구,3,2
202108,2306. 압구정역 2번 출구 옆,3,3
202108,2307. 압구정 한양 3차 아파트,2,0
202108,2308. 압구정파출소 앞,0,3
202108,231. 남부고용노동지청 남측,1,1
202108,2311. 학동로 래미안 아파트 앞,1,0
202108,2312. 청담역 13번 출구 앞,1,0
202108,2313. 금원빌딩 앞,0,1
202108,2314. 청담나들목입구,0,3
202108,2317. 삼성도로공원,2,1
202108,2318. 삼성중앙역4번출구(문화센터더 리빌),1,0
202108,2319. 포스코사거리 서측(수협 삼성동 지점),1,1
202108,2322. 삼성역 3번 출구,2,1
202108,2323. 주식회사 오뚜기 정문 앞,1,0
202108,2324. 천주교 대치 2동 교회 옆,1,2
202108,2332. 선릉역3번출구,5,7
202108,2335. 3호선 매봉역 3번출구앞,0,1
202108,2349. 역삼빌딩 앞(하나은행 옆),0,3
202108,2355. 삼성역 5~6번 출구 사이,1,1
202108,2357. 르네상스호텔사거리 역삼지하보도 3번출구 앞 (더 오번 빌딩 명동칼국수 앞),0,2
202108,236. 문래동자이아파트 앞,2,0
202108,2361. 압구정역 교차로,1,3
202108,2362. 신사동 가로수길 입구,1,4
202108,2363. 강남 을지병원 교차로,1,0
202108,2365. K+ 타워 앞,3,3
202108,2369. KT선릉타워,2,3
202108,2375. 수서역 1번출구 앞,1,2
202108,2377. 수서역 5번출구 뒤,3,0
202108,2380. 삼성동베이직하우스앞,0,2
202108,2385. 학동역,1,1
202108,2386. 크린랩 본사,2,0
202108,2388. 강남구 도시관리공단,2,0
202108,2398. 더라움,2,0
202108,2406. 논현동 광명빌딩 앞,4,1
202108,2407. 역삼.서초.삼성 세무서 앞 (역삼빌딩 앞),9,4
202108,2409. 역삼동 디오슈페리움 (우성아파트 사거리),1,1
202108,2410. 포스코피앤에스타워 (역삼역 3번출구 부근),0,1
202108,2416.한티역 6번 출구,1,0
202108,"2419.봉은사역 1,2번 출구 ",0,2
202108,2421. 신논현역 4번출구,1,0
202108,2429.압구정로데오역 6번출구,2,4
202108,2430.강남파이낸스센터앞(역삼역2번출구),2,2
202108,244. 영등포삼환아파트 앞,0,1
202108,245. 삼성생명 당산사옥 앞,3,3
202108,247. 당산역 10번출구 앞,0,4
202108,248. 초원아파트 앞,4,1
202108,249. 여의도중학교 옆,14,14
202108,2503. 반포1동 서초빌딩 앞,0,1
202108,2504. 신사역 4번출구 뒤,0,2
202108,2505. 우성아파트사거리 (기업은행앞),0,2
202108,251. 서울지방병무청 버스정류장,0,1
202108,2515.서초초등학교 후문,5,9
202108,252. 보라매역4번출구,3,0
202108,2523.뉴코아 킴스클럽 앞,2,3
202108,2524.반포쇼핑타운 8동 앞,1,0
202108,2525.반포쇼핑타운 2동 앞,5,11
202108,2526.반포경남쇼핑 앞,2,3
202108,2527.반포중학교 앞(세화여고 맞은편),5,2
202108,2528.함지박 사거리,1,0
202108,2530.삼호3차아파트 앞,1,1
202108,2533.한가람미술관 앞,1,0
202108,2535.신반포역 3번출구 뒤,1,0
202108,2538.사평리 공원,0,5
202108,2547.포드서초서비스센터앞,6,2
202108,2549.LH 서초 4단지 403동,1,1
202108,260. 여의도 마리나선착장 앞,2,0
202108,2601. 석촌호수 아뜰리에,4,5
202108,2608. 송파구청,4,1
202108,2610. 송리단길,3,2
202108,2611. 송파지역자활센터 뒤,0,2
202108,2613. 잠실나들목,4,4
202108,2619. 석촌고분역 4번출구,1,1
202108,2620. 송파나루역 4번 출구옆,3,0
202108,2621. 한성백제역 2번 출구,2,1
202108,2622. 올림픽공원역 3번출구,9,10
202108,2630.서울방이동 고분군,0,1
202108,2635.잠실새내역 1번출구,1,0
202108,2637.잠실월드 메르디앙,5,2
202108,2641.송파역 4번출구,0,1
202108,2646.레이크펠리스101동앞,1,1
202108,2647.잠실 자전거 수리센터 앞,1,1
202108,2648.헬리오시티 112동 앞,1,0
202108,267. 삼성화재 사옥 옆,1,3
202108,268. 그랜드컨벤션센터 앞,2,0
202108,270. 증권거래소후문교차로,1,0
202108,2701. 마곡나루역 5번출구 뒤편,1,0
202108,2706.강서공업고등학교 앞,1,1
202108,2708.강서한강자이타워 앞,1,2
202108,2715.마곡나루역 2번 출구 ,6,6
202108,2719.마곡문화공원,1,0
202108,272. 당산육갑문,22,17
202108,2724.(재)FITI시험연구원,2,1
202108,274. 영등포역지하쇼핑센타 5번출구,2,1
202108,2740.마곡레포츠센터,1,1
202108,275. 신동아아파트,1,0
202108,2824.미래사랑어린이공원 앞,3,1
202108,283. 아크로타워 스퀘어(영등포시장),1,1
202108,285. 대림3동사거리(하나은행),1,0
202108,286. 우성아파트 교차로,3,0
202108,287. 영등포전화국사거리 (서강어린이공원),1,0
202108,290. 당산동 SK V1 빌딩,1,0
202108,2908. 광운대학교 중앙도서관,4,4
202108,2909. 석계역 3번 출구,1,0
202108,2910.도깨비시장,1,0
202108,296.KT플라자 영등포점,8,7
202108,299.여의도 순복음교회,2,6
202108,300. 정동사거리,1,0
202108,3002.벽산상암스마트큐브 ,3,2
202108,3005.마포구청 청사내,2,0
202108,3009.서교동사거리(신),5,1
202108,301. 경복궁역 7번출구 앞,1,0
202108,3010.홍대입구역 3번출구,16,20
202108,3011.경의선(노고산동),3,7
202108,3013.서울지방고용노동청 앞,0,1
202108,302. 경복궁역 4번출구 뒤,2,3
202108,303. 광화문역 1번출구 앞,0,1
202108,308. 광화문 S타워 앞,1,1
202108,309. 광화문역 6번출구 옆,2,1
202108,310. 청계광장 옆,0,1
202108,3100. 북성초교,1,0
202108,3101. 서대문구청,3,6
202108,3102. 연희삼거리,0,2
202108,3103. 홍제삼거리 북측,2,0
202108,3111.무악재역 4번 출구,1,1
202108,3114.충정로역 3번 출구,1,4
202108,3116.신촌역 4번출구,3,0
202108,3117.이화여대 인문관 인근,0,2
202108,3119.연희 브라운스톤 아파트 앞,5,5
202108,3120.DMC엘가아파트 앞,0,1
202108,3124.DMC센트럴아이파크아파트,3,3
202108,3125.연희파크푸르지오아파트 앞,1,2
202108,3133.핀란드 타워앞,3,0
202108,314. 국립현대미술관,0,1
202108,316. 종각역 1번출구 앞,0,1
202108,318. 광교사거리 남측,1,2
202108,320. 을지로입구역 4번출구 앞,2,0
202108,3201.당산skv1센터,3,1
202108,321. KEB 하나금융그룹 명동사옥 옆,5,7
202108,322. 명동성당 앞,1,0
202108,324. 신세계백화점 본점 앞,3,3
202108,326. 안국역 5번출구 앞,1,2
202108,327. 낙원상가 옆,3,3
202108,328. 탑골공원 앞,0,2
202108,329. 청계2가 사거리 옆,5,2
202108,3307.봉천고개 육교,1,1
202108,335. 종로3가역 15번출구 앞,1,0
202108,336. 티마크 호텔 앞,3,4
202108,337. 창경궁 입구,3,1
202108,338. 세운스퀘어 앞,1,0
202108,339. 종로4가 사거리,1,0
202108,3405.파크팰리스,2,0
202108,3407.안국동사거리(신),1,1
202108,3408.종로타워빌딩,2,2
202108,341. 혜화역 3번출구 뒤,1,0
202108,3414.종로5가역 4번출구,2,4
202108,3416.동묘앞역 6번출구,0,1
202108,3419.국립어린이과학관,1,0
202108,342. 대학로 마로니에공원,3,1
202108,3421.혜화역 1번출구,1,1
202108,3422.성균관대 정문,2,2
202108,344. 성균관대 E하우스 앞,1,1
202108,346. 맥스타일 앞,2,0
202108,347. 동대문역사문화공원역 9번출구 앞,2,2
202108,348. 독립문역 사거리,1,0
202108,3501. 광진구청 앞,1,0
202108,3504. 원일교회,4,1
202108,3505. 신양초교앞 교차로,2,1
202108,3506. 영동대교 북단,1,2
202108,3509. 세종사이버대학교,4,1
202108,351. 청운초교 앞 삼거리,0,1
202108,3511. 응봉역 1번출구,5,4
202108,3513. 상왕십리역 1번출구,2,0
202108,3515. 서울숲 관리사무소,16,12
202108,3528. 광진정보도서관,1,1
202108,353. 재동초교 앞 삼거리,2,2
202108,3531. 논골사거리(금호도서관 입구),1,0
202108,3533. 건대입구역 사거리(롯데백화점),6,6
202108,3536. 중앙농협(자양동),1,1
202108,354. 포르투갈 대사관 앞,1,0
202108,3541. 커먼그라운드,1,3
202108,3544.한양대역 3번 출구,1,1
202108,3545.한양대역 1번출구,1,0
202108,3549.건영아파트 앞,4,9
202108,355. 서울사대부속초교 앞,1,0
202108,3552.서울숲 공영주차장앞,5,6
202108,3558.마장동 금호어울림APT앞,0,1
202108,3559.성동구민종합체육센터 앞,8,4
202108,356. KT혜화지사 앞,2,0
202108,3569.건대병원후문,3,9
202108,3570.구의역 리버비스타 오피스텔,0,1
202108,3575.자양사거리 (LG 유플러스),2,6
202108,3582.화양동 우체국,6,4
202108,359. 원남동사거리,2,3
202108,3600.사근빗물펌프장 건너편,0,1
202108,3603. 삼성역 2번출구,0,2
202108,3606. 신사동주민센터 옆,3,0
202108,361. 동묘앞역 1번출구 뒤,0,2
202108,3618. 서울율현초교 삼거리,1,0
202108,362. 청계8가 사거리,1,0
202108,3620. 청담역 11번 출구,0,1
202108,3627. 압구정나들목,10,12
202108,3628. 역삼1동 주민센터,1,0
202108,3637. 세곡데이케어센터,0,1
202108,3638. 신청담나들목,1,1
202108,3657. 서울천호동우체국,3,0
202108,3664. 맥도날드 서울둔촌DT점 앞,2,0
202108,368. SK 서린빌딩 앞,1,1
202108,3680. 강동역3번출구,0,3
202108,369. 광화문 시민열린마당,2,0
202108,370. 시청역(2호선) 9번출구 뒤,5,0
202108,371. 동대입구역 6번출구 뒤,3,0
202108,372. 약수역 3번출구 뒤,0,2
202108,3758. 서울남부출입국관리소,0,1
202108,3762. 마곡9단지 907동앞,1,0
202108,3769. 가양동 이마트 앞,6,0
202108,3778. 김포공항입구 교차로,0,1
202108,3782. 겸재정선미술관,0,1
202108,3787. 가양나들목,0,1
202108,3788. 정곡나들목,1,2
202108,3789. 염창나들목,2,0
202108,379. 서울역9번출구,8,0
202108,3794. 안양천합수부(현대3차아파트),2,3
202108,3802. 관악구민체육센터,0,2
202108,3803. 세븐일레븐 신림점,2,0
202108,3811.신사로입구,3,0
202108,3812. KT관악지점,1,1
202108,382. 약수역 10번출구 앞,0,1
202108,385. 종각역 5번출구,2,1
202108,3860. 건국대학교 정문 앞,1,1
202108,3864. 광진소방서 앞,2,2
202108,387. 훈련원공원주차장 앞,5,1
202108,3879. 중랑천 뚝방길 산책로 입구,1,1
202108,3882. 자양2동 주민센터,1,0
202108,390. 충무로역 1번출구,2,2
202108,3904. 테크노마트 앞,0,2
202108,3910. 목양전원교회 앞 로터리,4,4
202108,393. 동대문역 8번 출구,4,3
202108,394. 경희궁 자이 3단지,1,1
202108,395. 경희궁 자이 2단지,1,1
202108,3966. 독산역1번출구 옆,1,0
202108,397. 종묘공영주차장 건너편,2,0
202108,398. 을지로3가역 3번출구,2,4
202108,399. 서울역 센트럴 자이아파트,2,3
202108,4002. 상계주공 14단지 상가 앞,3,2
202108,4003. 스타벅스 상계초교사거리점,1,0
202108,4004. 당고개입구오거리 당현천변,2,2
202108,4013. 중계 롯데마트,1,1
202108,4029. 청소년수련관 후문,1,1
202108,4033. 녹천 자동차운전 전문학원 (녹천역 4번 출구),5,5
202108,4040. 공릉로 26길,1,0
202108,405. DMC빌 앞,3,5
202108,4062. 평화도봉공원 주변,3,3
202108,4065. 창동역 1번출구 앞,1,1
202108,4076. 진영상운 앞 중랑천 변,1,2
202108,4077. 도봉제1교,0,2
202108,4103. 휘경sk뷰아파트 앞,1,0
202108,4104. 외대앞역 교차로,1,3
202108,4110. 용두롯데캐슬리치아파트 앞,1,0
202108,4113. 한국국방연구원 앞,4,6
202108,4116. 이문e편한세상아파트 앞,1,1
202108,412. DMC산학협력연구센터 앞,1,1
202108,4121. 서울문화재단 앞,4,6
202108,4122. 청계9가교차로 앞,1,0
202108,415. DMC역 9번출구 앞,1,0
202108,4167. 구로교 아래,1,1
202108,418. 월드컵경기장역 3번출구 옆,0,1
202108,420. 서울시 공공자전거 상암센터,1,2
202108,4202. 프런트원(공덕역4번출구 앞),1,1
202108,4206. 광흥창역5번출구,1,0
202108,4207. 아만티호텔 앞,1,3
202108,4208. 스타벅스(동교동) 앞,0,1
202108,421. 마포구청 앞,4,6
202108,4211. 시석빌딩 앞,2,3
202108,428. 명보사거리,1,0
202108,4305. 서일스포츠센터,1,0
202108,4306. 서래공원 앞,0,1
202108,431. 청계천 영도교,3,1
202108,4313. 반포종합운동장,2,0
202108,4320. 신영체르니 아파트,5,4
202108,433. 을지로입구역 2번출구,0,2
202108,434. 신당 래미안 버스정류장,0,1
202108,435. SK 남산빌딩,2,1
202108,4353. 코오롱디지털타워 3차앞,1,0
202108,4362. 행당중학교 후문,2,3
202108,437. 대흥역 1번출구,2,3
202108,4370. 서울숲IT캐슬 앞,1,4
202108,438. 성산2-1 공영주차장,1,0
202108,439. 마포어린이공원,4,9
202108,440. 하늘공원 입구,6,6
202108,442.서울역 서부,0,3
202108,4452. 삼성SDS,6,7
202108,4457. 아산병원 기숙사 부근,1,1
202108,4464. 올림픽공원 북2문,2,1
202108,4481. 올림픽공원 북2문 2,2,2
202108,4483. 잠실나들목4,3,3
202108,4484. 잠실나루역4번출구뒤,1,4
202108,4485. 잠실나루역 고가하부,1,0
202108,4486. 홈플러스 잠실점,2,3
202108,449. 일성아파트,1,1
202108,450. 효자동 삼거리,0,1
202108,4508. 유원목동아파트 앞,0,1
202108,451. 청와대앞길,0,2
202108,452. 동대문 종합시장 버스정류장,1,0
202108,4522. 다이소신곡시장점,0,1
202108,453. 종로오가 지하쇼핑센터 14번출구,2,2
202108,454. 종로2가 버스정류장 (종각방향),1,3
202108,4553. 당산삼성2차아파트,1,1
202108,4559. 신길역 2번출구,0,1
202108,4561. 양평역 1번출구,0,2
202108,4564. 63스퀘어,1,5
202108,4567. 한림대학교 강남성심병원 신관,1,0
202108,4569. 힐스테이트클래시안아파트,1,1
202108,457. 종로꽃시장 입구 옆,0,1
202108,4571. 문래동롯데캐슬아파트,0,1
202108,4574. 영등포시장역 포레나영등포,0,2
202108,458. 광화문역 5번출구,6,3
202108,4603. 한강GS에클라트 건너편 교통섬,1,0
202108,4604. 원효로다목적체육관 앞,0,4
202108,"4605. 노들섬 다목적홀(동쪽) 숲, 앞",3,3
202108,4607. 국립중앙박물관 -용산가족공원 앞,0,1
202108,4610. 한남나인원 105동 앞,4,2
202108,4612. 한남 준 J.FSS 앞,0,2
202108,4613. 서울갤러리아 앞,1,0
202108,4615. 크라운호텔앞 버스정류소,5,7
202108,4616. 신용산지하차도 앞,7,8
202108,4617. 동원베네스트 건너편,3,3
202108,4618. 풍전아파트 건너편,1,0
202108,4619. 한강트럼프월드3차 앞,2,4
202108,4620. 삼각지역 14번 출구 앞(교통섬),1,0
202108,4622. 한강중학교 앞 버스정류장,1,1
202108,4623. 라인프랜즈이태원점 앞,4,4
202108,4625. 용산공원갤러리앞,1,0
202108,4629. 한강초교보도육교 앞,1,4
202108,464. 삼청동 골목,1,1
202108,466.롯데호텔,0,1
202108,467.한국은행,3,4
202108,468.웨스틴 조선호텔,1,0
202108,470.회현역 7번출구,4,2
202108,4707. 청계3가 사거리,1,1
202108,4708. 조계사앞사거리(파리바케트앞),1,4
202108,471.회현사거리 남측,11,5
202108,4710. 자교교회 앞,1,0
202108,4713. 현대 뜨레비앙 아파트 앞,0,1
202108,472.삼일교(시그니쳐 타워),0,1
202108,474.동대문역사문화공원역 1번출구 뒤편,1,4
202108,475.DDP 패션몰,3,0
202108,4753. 우리은행 서소문금융센터,1,1
202108,476.광희문,3,0
202108,4761. 탐앤탐스 을지로3가점,1,1
202108,4765. 동대문디자인플라자,2,1
202108,4768. 서울도시건축전시관,0,1
202108,4776. 신세계면세점,5,1
202108,4784. 중부경찰서앞 사거리,1,2
202108,479.동대입구역 3번 출구,1,3
202108,4791. 명동역9번 출구,2,7
202108,4792. 퇴계로4가 교차로(중구청),1,3
202108,4794. 서울역 서부교차로(3),0,1
202108,4796. 부산은행,2,0
202108,480.약수역 6번 출구,1,0
202108,4804. 동서울농협 앞,2,2
202108,481.신당역 10번 출구,1,1
202108,484.도동삼거리,2,0
202108,485.서울역5번출구,2,1
202108,4857. 올림픽공원 장미광장,2,1
202108,4859. 잠실나루 나들목,1,4
202108,4863. 잠실나들목5,1,1
202108,4865. 한성백제역 1번출구 뒤,4,0
202108,4869. 잠실나들목6,2,2
202108,4870. 몽촌토성역 3번 출구,2,5
202108,491.월드컵파크 4단지,0,2
202108,493.홍대입구역 6번출구,9,3
202108,495.염리초등학교 앞,1,0
202108,497.합정동주민센터 앞,2,4
202108,498.연남동주민센터 앞,1,2
202108,502. 뚝섬유원지역 1번출구 앞,30,25
202108,505. 자양사거리 광진아크로텔 앞,2,0
202108,506. 금호 어울림 아파트 앞,1,0
202108,5063. 서남환경공원(방화동도시개발2단지방향),0,3
202108,508. 성수아카데미타워 앞,0,1
202108,509. 이마트 버스정류소 옆,3,2
202108,510. 서울숲 남문 버스정류소 옆,7,7
202108,511. 서울숲역 4번 출구 옆,6,6
202108,512. 뚝섬역 1번 출구 옆,1,0
202108,513. 뚝섬역 5번 출구 정류소 옆,1,1
202108,514. 성수사거리 버스정류장 앞,0,1
202108,515. 광양중학교 앞,6,7
202108,516. 광진메디칼 앞,1,0
202108,519. 양지사거리,0,1
202108,520. 상왕십리역 4번 출구 앞,0,8
202108,523. 옥수동성당 옆,5,2
202108,524. 래미안금호하이리버 아파트 102동 옆,1,1
202108,534. 금호사거리,0,2
202108,537. 한양대후문역 부근,3,1
202108,539. 군자교교차로,3,2
202108,542. 강변역 4번출구 뒤,3,1
202108,543. 구의공원(테크노마트 앞),0,1
202108,546. 잠실대교북단 교차로,1,0
202108,549. 아차산역 3번출구,0,1
202108,551. 구의삼성쉐르빌 앞,0,1
202108,559. 왕십리역 4번 출구 건너편,1,0
202108,560. 비전교회 앞,2,0
202108,561. 서울숲역 2번출구 앞,3,4
202108,565. 옥수역 3번출구,9,11
202108,567. 성수역 2번출구 앞,1,0
202108,578. 성동세무서 부근,1,0
202108,579. 마장역 4번출구,1,0
202108,582. 경일중학교 앞,2,0
202108,583. 청계천 생태교실 앞,5,2
202108,585. 성수2가1동 공영주차장 인근,1,4
202108,587. 유니베라 앞,3,3
202108,588. 뚝섬 유원지역,1,2
202108,589. 성수역3번출구,1,0
202108,592. 건국대학교 학생회관,2,5
202108,602. 장안동 사거리,1,0
202108,607. 신이문역 2번출구,1,0
202108,609. 제기2교,4,2
202108,616. 서울시립대 앞,0,1
202108,622. 전농사거리 교통섬,1,1
202108,624. 전농동 동아아파트 앞,0,1
202108,625. 답십리초등학교 앞(현대시장 옆),1,0
202108,626. 군자교 서측 녹지대,10,6
202108,631. 답십리역 1번출구,1,0
202108,633. 청량리 기업은행 앞,0,1
202108,634. 외국어대 정문 앞,10,3
202108,637. KAIST 경영대학 앞,3,5
202108,638. 서울시립대 정보기술관,1,1
202108,641. 용두역 4번출구,2,2
202108,643. 동대문구민체육센터 (육교아래),1,1
202108,646. 장한평역 1번출구 (국민은행앞),1,2
202108,650. 중랑교사거리,2,0
202108,654. 전농동 텃골공원,1,0
202108,658. 촬영소 사거리,1,1
202108,661. 경희대학교 청운관,1,2
202108,663. 외대앞역 4번출구,1,0
202108,666.이문대성유니드아파트 앞,3,3
202108,668.서울축산농협(장안지점),4,8
202108,669.청계한신휴플러스앞 삼거리,1,0
202108,670.삼육서울병원 버스정류장,1,1
202108,674.고대앞사거리 교통섬,1,0
202108,675.성복교회 앞 (장평교 아래),0,1
202108,680.꿈마루어린이도서관 앞,5,5
202108,708. 서울출입국관리사무소 앞,1,0
202108,749. 이대 목동병원 앞,0,1
202108,755. 목동1단지아파트 상가 앞,2,2
202108,762. 오목로 무중력지대 앞,0,1
202108,765. 오목교역 3번출구,0,2
202108,766. 신목동역 3번출구,0,1
202108,769.CBS방송국 앞,2,0
202108,"773.염창역 3, 4번 출구 사이",2,0
202108,"785.양천구청, 보건소 사잇길",1,1
202108,791.현대하이페리온,1,0
202108,802. 한강진역 2번 출구 앞,0,1
202108,807. 서울역 12번 출구 앞,7,10
202108,808. 서빙고동 금호맨션 앞,2,2
202108,809. 한남 유수지 복개주차장,4,6
202108,810. 이태원지하보도,2,8
202108,811. 녹사평역1번출구,1,0
202108,812. 용산전쟁기념관,2,0
202108,813. 삼각지역 3번출구,1,0
202108,815. LIG강촌아파트 103동앞,4,3
202108,816. 신용산역 6번출구 앞,11,4
202108,820. 청파동입구 교차로,4,3
202108,822. 이촌1동 마을공원,4,1
202108,825. 서빙고동 주민센터 앞,14,24
202108,826. 서울역 서부교차로2,3,5
202108,827. 국군복지단,2,0
202108,829. 베르가모앞,6,7
202108,831. 이태원관광특구입구,2,0
202108,832. 이촌1동 주민센터 뒤,2,1
202108,836. 현대자동차서비스 앞,1,0
202108,837. 한남나들목 입구,6,5
202108,838. 숙대입구역 4번출구,2,1
202108,839. 보광동 삼성리버빌아파트 앞,5,5
202108,840. 용산 파크타워 앞,2,1
202108,841. 신용산역 1번 출구,3,4
202108,843. 녹사평역 광장,3,2
202108,844. 이촌2동 동원베네스트 아파트 앞,1,5
202108,846. 용산중학교,2,1
202108,847. 국방부민원실옆,0,1
202108,848. 삼각지12번 출구,2,0
202108,849. 삼각지 자이아파트,4,4
202108,852.청암자이APT(103동),0,2
202108,853.용산역 맞은편,2,9
202108,854.HID 유족동지회 앞,0,1
202108,855.이촌역5번출구 앞,1,3
202108,857. 현대 안성타워,2,0
202108,858.녹사평역3번 출구,3,2
202108,860.LG한강 자이아파트 앞,5,7
202108,869.노들섬 동측 앞,2,2
202108,870.노들섬 서측 앞,8,8
202108,905. 구파발역 2번출구,2,2
202108,912. 응암오거리,1,0
202108,913. 이마트 은평점,1,1
202108,914. 새절역 2번출구,0,1
202108,915. 증산역 4번출구,3,2
202108,937. 상림마을 롯데캐슬2단지 옆,0,1
202108,950. 구산역 2번 출구 ,1,0
202108,954. 은평뉴타운구파발9단지,1,0
202108,996.응암역2번출구 국민은행 앞,1,0
202108,상담센터,2,0
202109,1004. 삼성광나루아파트 버스정류장,0,1
202109,1008. 암사역 3번출구(국민은행앞),1,0
202109,1009. 천호역4번출구(현대백화점),1,2
202109,1010. 강동세무서,1,0
202109,1011. LIGA 아파트 앞,3,3
202109,1014. 강동구평생학습관앞,1,1
202109,1018. 둔촌 주공 GS 맞은편,0,1
202109,102. 망원역 1번출구 앞,13,1
202109,1020. 강동경찰서,2,1
202109,1024.  강동구청 앞,2,0
202109,103. 망원역 2번출구 앞,8,15
202109,104. 합정역 1번출구 앞,3,1
202109,1042. 강일리버파크 2~5단지,0,1
202109,1044. 굽은다리역,1,0
202109,105. 합정역 5번출구 앞,1,3
202109,1057. 능골근린공원,0,1
202109,106. 합정역 7번출구 앞,13,29
202109,107. 신한은행 서교동금융센터점 앞,11,3
202109,1076.전자랜드 길동점,3,1
202109,1078.둔촌사거리,0,1
202109,108. 서교동 사거리,9,5
202109,1084. 윤선생빌딩(JYP사옥),7,2
202109,1085.래미안 솔베뉴(고덕로),1,0
202109,109. 제일빌딩 앞,9,4
202109,1105. 방화근린공원,0,1
202109,111. 상수역 2번출구 앞,6,21
202109,1117. 스타벅스앞,1,0
202109,112. 극동방송국 앞,14,17
202109,1122. 황금내근린공원,2,2
202109,1127. 화곡역(에이스정형외과앞) 버스정류장,1,0
202109,113. 홍대입구역 2번출구 앞,13,10
202109,1130. 화곡본동시장 버스정류장,0,1
202109,1131. 꿈돌이공원 앞,0,1
202109,114. 홍대입구역 8번출구 앞,19,18
202109,115. 마스타 빌딩 앞,8,7
202109,1150. 송정역 1번출구,0,2
202109,1151. 마곡역1번출구,1,0
202109,1157. 강서구청,1,1
202109,1158. 가양역 8번출구,1,0
202109,1159. 서서울모터리움앞,1,0
202109,116. 일진아이윌아파트 옆,11,1
202109,1169. 염창역 1번 출구,1,0
202109,117. 홍은사거리,1,0
202109,1173. 강서구청사거리(SH타워),1,0
202109,118. 광흥창역 2번출구 앞,2,0
202109,1182. KBS 스포츠월드,1,0
202109,119. 서강나루 공원,11,17
202109,1190. 마곡역 교차로(2번출구),1,0
202109,1195. 코오롱One&Only타워,0,1
202109,1196. 서울식물원(문화센터) 건너편,1,0
202109,1197. 엠펠리체 호텔 건너편,1,0
202109,1205. 종합운동장역 4번출구,2,2
202109,1206. 9호선종합운동장역 9번출구,0,2
202109,1207. 마천CU우방점 앞,0,1
202109,1209. 잠실나루역 (2번 출구 쪽),1,2
202109,1210. 롯데월드타워(잠실역2번출구 쪽),22,11
202109,1211. 방이삼거리,0,2
202109,1212. 송파역 2번 출구앞,2,0
202109,1215. 올림픽공원역 1번출구 앞,1,0
202109,1218. 방이역 4번출구,2,4
202109,1221. 삼전사거리 포스코더샵,1,1
202109,1222. 잠실새내역 5번 출구 뒤,4,1
202109,1224. 아시아지하보도 2번 출구,13,19
202109,1227. 거여역 8번출구 뒤,1,0
202109,1231. 잠실역 6번출구,2,3
202109,1232. 롯데마트 주차장 옆,5,4
202109,1233. 잠실3거리(갤러리아팰리스),1,1
202109,1235. 잠실트리지움310동 옆,0,2
202109,124. 서강대 정문 건너편,1,4
202109,1244. 문정 법조단지8,3,4
202109,1245. 문정 법조단지9,1,0
202109,1248. 방이초등학교,1,0
202109,125. 서강대 남문 옆,2,1
202109,1259. 방이역 1번출구,1,0
202109,126. 서강대 후문 옆,5,4
202109,1260. 방이동 한양3차아파트 옆,3,2
202109,1264. 천호역 10번 출구 앞,0,1
202109,1267. 올림픽공원 남2문 앞,2,1
202109,1268. 몽촌토성역 1번출구 옆,11,5
202109,1278. 송파구청 교차로,0,3
202109,128. 신촌역(2호선) 1번출구 옆,6,3
202109,1286. 위례중앙푸르지오 1단지 앞,1,0
202109,1289. 풍납동 자전거보관소,0,2
202109,129. 신촌역(2호선) 6번출구 옆,4,3
202109,1293. 석촌호교차로 (스타벅스 앞),3,0
202109,1295. 잠실역 8번출구,3,6
202109,1296. 석촌호수교차로 (송파나루근린공원 앞),1,6
202109,1297. 석촌호수교차로(동호 팔각정 앞),4,3
202109,130. 신촌역(2호선) 7번출구 앞,12,8
202109,1306. 한성대입구역2번출구,0,1
202109,1308. 안암로터리 버스정류장 앞,9,5
202109,131. 증산2교,4,3
202109,1315. 고려사대부속중고 정문,0,1
202109,1319. 종암사거리 분수대,1,0
202109,1321. 국민은행 종암동지점 앞,2,5
202109,1328. 월곡역 3번출구,1,2
202109,133. 해담는다리,2,2
202109,1332. 석계역 5번출구 건너편,0,1
202109,1337. 돈암성당 옆,4,1
202109,1338. 용문2교 옆,1,1
202109,134. 연세로 명물길,9,4
202109,135. 명물길 원형무대 앞,12,11
202109,1351. 안암2교 옆,2,1
202109,1354. 고려대학교 2번출구,9,3
202109,1355. 보문2교,5,1
202109,1362. 보문역6번출구 앞,2,0
202109,1363. 보문4교 인근,1,0
202109,1368. 성신여대입구 교차로,1,2
202109,1369. 미아사거리,0,1
202109,137. NH농협 신촌지점 앞,2,1
202109,1372. KEB은행 고대점,1,0
202109,138. 신촌동 제1공영주차장 앞,2,4
202109,1380.월곡역 5번출구 앞,2,0
202109,1385.성신여대입구역 3번출구 앞,0,2
202109,139. 연세대 정문 건너편,2,2
202109,140. 이화여대 후문,11,5
202109,1402. 금란주차장 앞,1,0
202109,1403. 중화빌딩 앞 (동부시장),0,1
202109,141. 연대 대운동장 옆,1,0
202109,1413. 봉화산역 5번출구 뒤,1,0
202109,143. 공덕역 2번출구,6,2
202109,1433. 중화역 2번출구,1,0
202109,1438. 홈플러스 신내점 앞,1,3
202109,144. 공덕역 8번출구,10,16
202109,1449. 상봉역 1번출구,0,1
202109,145. 공덕역 5번출구,4,0
202109,146. 마포역 2번출구 뒤,6,3
202109,1461.동양엔파트 앞,1,0
202109,147. 마포역 4번출구 뒤,5,6
202109,1470.중화동 우리은행 앞,1,1
202109,1471.동양쇼핑 정류소 앞,2,1
202109,148. 용강동 주민센터 앞,1,4
202109,150. 서강대역 2번출구 앞,9,4
202109,1503. 이디야 커피 수유역점 앞,4,3
202109,1506. 강북문화예술회관,1,0
202109,152. 마포구민체육센터 앞,9,13
202109,153. 성산2교 사거리,1,2
202109,1530. 광산사거리,2,3
202109,1535. 효성인텔리안 앞,0,1
202109,154. 마포구청역 ,1,1
202109,1545. 솔샘역 2번 출구,1,0
202109,1552. 강북구청사거리(던킨도너츠 앞),1,0
202109,1569.수유역2번출구,1,0
202109,158. 독립문 어린이 공원,0,1
202109,160. 북아현동 가구거리,1,1
202109,1608. 공릉역 1번 출구 앞,0,2
202109,1611. 과기대 입구(우),4,3
202109,1616. 하계2동 공항버스정류장 옆,0,1
202109,1625. 상계역(4번출구),2,2
202109,1628. 노일초등학교 앞,1,0
202109,1630. 수연빌딩 앞,1,2
202109,1636. 백병원 사거리 농협은행 앞,1,4
202109,1637. KT 노원점 건물 앞,2,2
202109,1639. 희성오피앙,1,1
202109,1640. 한내근린공원 북측,1,1
202109,1643. 태릉입구역 8번출구,1,1
202109,1650. 중계근린공원내,0,1
202109,1651. 맥도날드 상계점 앞,0,1
202109,1653. 노원역1번출구,0,1
202109,1655. 공릉1단지아파트,0,1
202109,1656. 중앙하이츠 아파트 입구,5,2
202109,1657. 노원구청 ,2,0
202109,1661. 당현천근린공원,1,1
202109,1668. 중계역 6번출구,1,0
202109,167. 연가초등학교 옆,7,0
202109,1674. 서울북부고용센터앞,3,1
202109,1677. 육군사관학교  앞,0,1
202109,1678. 성서대학교 밀알관,3,0
202109,1682. 중계종합사회복지관 교차로,1,0
202109,1686. 온수골사거리(스타벅스앞),1,1
202109,1690. 도봉운전면허시험장,1,0
202109,1693. 원자력 병원,1,0
202109,1716. 하나로마트 창동점,0,2
202109,173. 서대문역 8번출구 앞,3,0
202109,1743.창동19단지아파트 관리사무소앞,0,2
202109,1749. ESA아파트 상가 앞,1,0
202109,175. 홍연2교옆,2,0
202109,176. 명지대학교 도서관,3,2
202109,1761.방학중학교 앞,2,0
202109,180. 충정로역 7번출구 아래,3,1
202109,181. 망원초록길 입구,14,6
202109,1812. 갑을그레이트밸리 앞,1,0
202109,182. 망원2빗물펌프장 앞,6,15
202109,1827. 독산보도육교 앞 자전거 보관소,1,1
202109,183. 하늘채코오롱아파트 건너편,2,5
202109,1834. 월드메르디앙 벤처센터 2차,0,1
202109,1835. STX V타워,0,1
202109,1839. 수출의 다리 아래,1,0
202109,184. SK망원동주유소 건너편,1,4
202109,1848. 벽산 디지털밸리 5차,1,0
202109,185. 마포 신수공원 앞,7,6
202109,1851. 가산디지털단지 7번출구,1,1
202109,1858. 석수역1번출구 앞 (SK주유소),0,2
202109,186. 월드컵공원,13,5
202109,1867.대륭포스트타워6차 앞,0,1
202109,188. 홍은동 정원여중 입구,0,1
202109,1904. 도림천역 1번 출구 앞,2,3
202109,1906. 신도림역 1번 출구 앞,3,4
202109,1907. 구일우성(아) 육교 밑,0,1
202109,1911. 구로디지털단지역 앞,1,1
202109,1914. 대림역4번출구,3,1
202109,1925. 동양미래대학교 정문 옆,1,0
202109,1928. 고척스카이돔구장 광장,1,1
202109,1936. 개봉역 1번 출구 자전거보관서쪽,1,0
202109,194. 증산교 앞,0,1
202109,1946. 구로역 광장,1,0
202109,195. 모래내고가차도 ,2,1
202109,196. 연희교차로 인근,2,0
202109,1961. 신도림테크노근린공원,0,1
202109,1965. 삼환로즈빌아파트 105동 옆,1,1
202109,198. 충정2교,1,2
202109,1985. 구로도서관,2,10
202109,199. 서울 월드컵 경기장,1,0
202109,1991. 오류동역 맞은편,1,0
202109,1998. 고척교 교차로,0,1
202109,2002. 노들역 1번출구,5,6
202109,2003. 사육신공원앞,1,1
202109,2007. 유한양행앞,1,0
202109,201. 진미파라곤 앞,3,2
202109,2013. 장승배기역 5번출구,1,0
202109,2016. 신대방삼거리역 3번출구쪽,1,0
202109,202. 국민일보 앞,7,11
202109,2025. 흑석역 1번출구,33,36
202109,2026. 흑석역 4번출구,5,1
202109,2027. 중앙대학교 정문 1,8,1
202109,203. 국회의사당역 3번출구 옆,0,1
202109,2032. 이수역 11번출구쪽,4,2
202109,2033. 사당동 아르테스 웨딩앞,0,1
202109,2034. 사당역 7번출구쪽,2,2
202109,2036. 정금마을 마을버스정류장,0,1
202109,2037. 동작역 5번출구 동작주차공원,3,3
202109,2038. 동작역 7번출구,1,0
202109,205. 산업은행 앞,1,2
202109,2050. 노량진역 5번출구,6,10
202109,2054. 삼익아파트,0,1
202109,206. KBS 앞,1,2
202109,2060. 남성역3번출구 뒤,1,0
202109,2063. 대방역 4번출구,8,7
202109,2069. 숭실대 입구역3번 출구 앞,2,2
202109,207. 여의나루역 1번출구 앞,129,106
202109,2070. 노량진역 2번 출구 앞,0,1
202109,2076.노들나루공원 입구,16,11
202109,2077.노들역 3번출구,2,3
202109,2082.7호선 이수역7번출구,0,1
202109,2084.e편한세상 상도노빌리티 앞,2,0
202109,2085.강남중학교 앞,1,0
202109,2086.삼일수영장 앞,2,0
202109,2088.상도중앙하이츠빌 입구,2,0
202109,2089.사당역10번출구(금강빌딩),1,0
202109,209. 유진투자증권빌딩 앞,6,7
202109,2091.이수역9번출구(맥도날드),0,1
202109,2094.숭실대학교(중문) ,0,1
202109,210. IFC몰,6,7
202109,2102. 봉림교 교통섬,6,5
202109,2103. 신림동 우방아파트,1,0
202109,2104. 사당역 5번출구,1,0
202109,2107. 도림천 신화교,1,0
202109,2109. 은천로입구 가로공원,0,1
202109,2116. 에이스에이존빌딩,0,1
202109,2122. 낙성대로 입구,0,1
202109,2128. 관악구청교차로,1,1
202109,2129. 낙성대 과학전시관,3,4
202109,213. KT앞,5,0
202109,2135. 신림역 5번출구,0,2
202109,2136. 신림역 8번출구,5,4
202109,2140. 신림1교 교차로,4,1
202109,215. 여의도고교 앞,2,3
202109,2159. 인헌초교,1,0
202109,2167. 낙성대역 1번출구,1,0
202109,217. NH농협은행 앞,1,2
202109,2171. 서울대입구역 5번출구,2,2
202109,2172. 나들목공원,5,1
202109,2173. 당곡사거리,0,3
202109,2175. 신림동걷고싶은문화의거리입구,1,1
202109,2176. 보라매공원 보도육교,3,1
202109,2177. 신대방역 2번 출구,2,0
202109,2178. 서울대학교 정문,1,1
202109,2183. 동방1교,8,7
202109,2191.대학동주민센터 ,1,1
202109,2198.사랑의병원,0,1
202109,221. 여의도초교 앞,2,5
202109,2210. 반포1동 주민센터 앞,0,1
202109,2211. 서초구립반포도서관 앞,0,1
202109,2213. 고속터미널역 5번출구 앞,0,4
202109,2214. 신반포역 2번출구 앞,1,3
202109,2215. 반포종합운동장 입구,0,3
202109,2217.아크로리버뷰 부지 앞,14,17
202109,"2219. 고속터미널역 8-1번, 8-2번 출구 사이",14,12
202109,222. 시범아파트버스정류장 옆,1,0
202109,2220. 반포본동 주민센터 앞,3,6
202109,2227.방배열린문화센터 앞,1,0
202109,223. 진주아파트상가 앞,1,1
202109,2230.이수역 4번 출구,2,8
202109,2231. 삼성타운(삼성생명) A동 맞은편,2,4
202109,2239.교대역 6번출구,0,1
202109,224. 롯데캐슬 앞,0,1
202109,2241.양재전화국 사거리,0,1
202109,2244.교육개발원입구 교차로,1,0
202109,2246. 서울시 품질시험소 앞,0,1
202109,2247.섬들근린공원,1,2
202109,225. 앙카라공원 앞,3,8
202109,2250. 서초유치원 맞은편,10,7
202109,2252. 하이브랜드 앞,2,2
202109,2255.시민의숲역 1번출구 옆,0,1
202109,2259. 잠원역 3번-4번 출구사이 ,3,1
202109,226. 샛강역 1번출구 앞,4,2
202109,2262. 한신16차아파트 119동 앞,47,48
202109,2264. 이수역 1번출구,6,5
202109,2265. 이수고가차도 남단,1,4
202109,2269. 주홍교 하부,2,0
202109,227. 양평2나들목 보행통로 입구,2,6
202109,2273. 일동제약 사거리,2,0
202109,2276. 영동1교 (양재천근린공원),0,1
202109,228. 선유도역 3번출구 앞,4,4
202109,2285. LH서초3단지 301동 맞은편,1,1
202109,2293. SPC 앞,1,0
202109,2294. 두상빌딩 앞,5,3
202109,2298. 래미안서초스위트앞,1,0
202109,2299. 한전아트센터 앞,1,0
202109,230. 영등포구청역 1번출구,1,0
202109,2301. 현대고등학교 건너편,17,31
202109,2302. 교보타워 버스정류장(신논현역 3번출구 후면),6,11
202109,2303. 논현역 7번출구,9,16
202109,2305. MCM 본사 직영점 앞,2,2
202109,2306. 압구정역 2번 출구 옆,7,8
202109,2307. 압구정 한양 3차 아파트,1,0
202109,2308. 압구정파출소 앞,2,4
202109,2310. 청담동 맥도날드 옆(위치),2,0
202109,2312. 청담역 13번 출구 앞,0,1
202109,2313. 금원빌딩 앞,2,0
202109,2314. 청담나들목입구,6,5
202109,2315. 봉은사역 5번출구 옆,0,1
202109,2316. 삼성역 8번출구,2,1
202109,2317. 삼성도로공원,2,6
202109,2318. 삼성중앙역4번출구(문화센터더 리빌),1,0
202109,2319. 포스코사거리 서측(수협 삼성동 지점),2,3
202109,232. 양평우림 이비즈센타 앞,1,1
202109,2321. 학여울역 사거리,0,2
202109,2323. 주식회사 오뚜기 정문 앞,2,0
202109,2324. 천주교 대치 2동 교회 옆,0,1
202109,2325. 대치동 버거킹대치점,1,0
202109,2326. 대치동 삼성로,2,0
202109,2327. 뱅뱅사거리 랜드마크타워 앞,4,5
202109,2328. 르네상스 호텔 사거리 역삼지하보도 7번출구 앞,4,10
202109,2329. 르네상스호텔사거리 역삼지하보도 2번출구,1,0
202109,2330. 스타벅스 앞,1,0
202109,2331. 동영문화센터앞,2,2
202109,2332. 선릉역3번출구,5,11
202109,2333. 양재역 3번출구 주변,1,1
202109,2335. 3호선 매봉역 3번출구앞,1,1
202109,2337. 대모산입구역 2번출구 앞,1,0
202109,2340. 삼호물산버스정류장(23370) 옆,2,1
202109,2342. 대청역 1번출구  뒤,2,3
202109,2347. 두산건설 본사,2,0
202109,2348. 포스코사거리(기업은행),0,3
202109,2349. 역삼빌딩 앞(하나은행 옆),1,2
202109,2350. 래미안그레이튼102동앞,1,0
202109,2353. 강남구청역 2번출구 뒤,0,1
202109,2354. 청담역 2번출구,0,2
202109,2355. 삼성역 5~6번 출구 사이,10,3
202109,2356. 강남구청,1,0
202109,236. 문래동자이아파트 앞,2,0
202109,2362. 신사동 가로수길 입구,4,4
202109,2363. 강남 을지병원 교차로,1,1
202109,2364. 도산대로 렉서스 앞,4,3
202109,2365. K+ 타워 앞,0,2
202109,2369. KT선릉타워,1,1
202109,2370. 한티역 3번출구,1,0
202109,2373. 개포동역 사거리,1,1
202109,2377. 수서역 5번출구 뒤,4,2
202109,2381. 언주역 6번출구앞,0,1
202109,2382. 역삼동 sk뷰 501동앞,1,1
202109,2385. 학동역,2,1
202109,2388. 강남구 도시관리공단,1,0
202109,2389. 경기여자고등학교 후문 (삼성로3길 입구),1,0
202109,2398. 더라움,0,1
202109,240. 문래역 4번출구 앞,3,3
202109,2404. 대모산입구역 4번 출구 앞,0,1
202109,2405. 청담공원앞 교차로,1,1
202109,2406. 논현동 광명빌딩 앞,2,0
202109,2407. 역삼.서초.삼성 세무서 앞 (역삼빌딩 앞),12,7
202109,2408. 강남한양수자인아파트,0,2
202109,2409. 역삼동 디오슈페리움 (우성아파트 사거리),3,2
202109,2410. 포스코피앤에스타워 (역삼역 3번출구 부근),8,10
202109,2413.도곡역 1번 출구,0,1
202109,2418.봉은사역 7번 출구 ,3,2
202109,"2419.봉은사역 1,2번 출구 ",5,1
202109,2421. 신논현역 4번출구,4,3
202109,2425.세곡동 사거리(대왕초등학교 정류장),1,0
202109,2429.압구정로데오역 6번출구,1,4
202109,2431.대치역 7번출구,0,1
202109,244. 영등포삼환아파트 앞,0,2
202109,247. 당산역 10번출구 앞,4,0
202109,248. 초원아파트 앞,3,4
202109,249. 여의도중학교 옆,28,30
202109,2502. 서초역1번출구 앞,1,0
202109,2503. 반포1동 서초빌딩 앞,1,1
202109,2504. 신사역 4번출구 뒤,8,6
202109,2506. LG유플러스 (방배사옥),1,0
202109,2515.서초초등학교 후문,6,7
202109,2518.서초3교(효령로70길 방면),1,0
202109,2520.서초1교 (진흥아파트 방면),0,2
202109,2523.뉴코아 킴스클럽 앞,4,0
202109,2525.반포쇼핑타운 2동 앞,28,44
202109,2526.반포경남쇼핑 앞,5,10
202109,2527.반포중학교 앞(세화여고 맞은편),5,3
202109,2531.멤피스아파트 앞,1,0
202109,2535.신반포역 3번출구 뒤,0,1
202109,2538.사평리 공원,4,4
202109,2540.반포천 앞,0,1
202109,2542.신논현타워 앞,6,5
202109,2547.포드서초서비스센터앞,16,26
202109,259. 대방역6번출구,0,1
202109,260. 여의도 마리나선착장 앞,4,5
202109,2601. 석촌호수 아뜰리에,4,5
202109,2608. 송파구청,1,4
202109,2610. 송리단길,3,0
202109,2611. 송파지역자활센터 뒤,3,3
202109,2613. 잠실나들목,9,6
202109,2618. 삼전역 1번출구,5,0
202109,2619. 석촌고분역 4번출구,1,0
202109,2620. 송파나루역 4번 출구옆,1,0
202109,2621. 한성백제역 2번 출구,3,3
202109,2622. 올림픽공원역 3번출구,5,7
202109,2625.가락1동 주민센터 ,4,0
202109,2630.서울방이동 고분군,0,1
202109,2632.석촌고분역 2번 출구,3,5
202109,2633.송파학사 옆,0,2
202109,2634.위례포레샤인아파트 2318동,1,1
202109,2635.잠실새내역 1번출구,0,1
202109,2637.잠실월드 메르디앙,4,0
202109,2638.쌍용아파트,0,1
202109,2639.석촌역 8번출구,0,1
202109,2645.잠실나들목2(엘스아파트136동),1,1
202109,2646.레이크펠리스101동앞,1,1
202109,2647.잠실 자전거 수리센터 앞,2,3
202109,2648.헬리오시티 112동 앞,1,2
202109,2653.올림픽공원사거리(선수촌아파트),2,0
202109,2659.서울친환경유통센터,0,3
202109,267. 삼성화재 사옥 옆,1,1
202109,268. 그랜드컨벤션센터 앞,0,1
202109,270. 증권거래소후문교차로,0,1
202109,2701. 마곡나루역 5번출구 뒤편,1,1
202109,2709.강변아파트 310동 앞,3,3
202109,271. 샛강생태공원방문자센터 앞,0,3
202109,2715.마곡나루역 2번 출구 ,0,1
202109,2719.마곡문화공원,0,1
202109,272. 당산육갑문,44,27
202109,2720.힐스테이트에코,1,0
202109,2724.(재)FITI시험연구원,1,0
202109,274. 영등포역지하쇼핑센타 5번출구,1,6
202109,275. 신동아아파트,2,1
202109,2801. 대륭포스트타워1차,0,1
202109,2822.제니스스포츠 앞,2,2
202109,2823.중앙유통단지 앞,1,0
202109,2824.미래사랑어린이공원 앞,2,3
202109,286. 우성아파트 교차로,0,1
202109,287. 영등포전화국사거리 (서강어린이공원),0,1
202109,291. 문래동 하이테크 시티,1,0
202109,2911.상계역중앙시장,0,1
202109,2915.서울과학기술대학교(어학교육원),9,6
202109,2919.등나무 근린공원(시립북서울미술관 앞) ,3,2
202109,296.KT플라자 영등포점,1,0
202109,297.국회3문,1,1
202109,298.KBS 연구동 건너편,1,2
202109,299.여의도 순복음교회,1,3
202109,300. 정동사거리,2,1
202109,3002.벽산상암스마트큐브 ,1,3
202109,3006. 상암월드컵파크5단지(상암중학교),2,2
202109,3007.MBC 앞,2,3
202109,3009.서교동사거리(신),6,4
202109,301. 경복궁역 7번출구 앞,3,1
202109,3010.홍대입구역 3번출구,33,42
202109,3011.경의선(노고산동),5,7
202109,302. 경복궁역 4번출구 뒤,6,6
202109,303. 광화문역 1번출구 앞,2,1
202109,305. 종로구청 옆,1,2
202109,308. 광화문 S타워 앞,2,0
202109,309. 광화문역 6번출구 옆,1,0
202109,310. 청계광장 옆,2,4
202109,3100. 북성초교,0,1
202109,3101. 서대문구청,0,3
202109,3102. 연희삼거리,2,2
202109,3104. e편한세상 신촌4단지 앞,1,0
202109,3107. 연희초등학교 앞,0,2
202109,3115.북아현 치안센터 인근,1,0
202109,3116.신촌역 4번출구,4,1
202109,3117.이화여대 인문관 인근,5,3
202109,3119.연희 브라운스톤 아파트 앞,3,4
202109,3124.DMC센트럴아이파크아파트,0,7
202109,3125.연희파크푸르지오아파트 앞,3,4
202109,3131.연가교 교차로,0,1
202109,3133.핀란드 타워앞,2,2
202109,314. 국립현대미술관,7,0
202109,316. 종각역 1번출구 앞,3,0
202109,318. 광교사거리 남측,2,1
202109,320. 을지로입구역 4번출구 앞,7,0
202109,3202.당산롯데캐슬프레스티지,0,1
202109,321. KEB 하나금융그룹 명동사옥 옆,1,1
202109,322. 명동성당 앞,2,3
202109,324. 신세계백화점 본점 앞,5,3
202109,326. 안국역 5번출구 앞,4,5
202109,327. 낙원상가 옆,2,4
202109,328. 탑골공원 앞,3,5
202109,329. 청계2가 사거리 옆,1,1
202109,331. 을지로2가 사거리 북측,1,1
202109,3311.서울대입구역 4번 출구,1,1
202109,332. 을지로2가 사거리 남측,2,3
202109,334. 종로3가역 2번출구 뒤,3,1
202109,335. 종로3가역 15번출구 앞,1,0
202109,336. 티마크 호텔 앞,1,0
202109,338. 세운스퀘어 앞,0,1
202109,339. 종로4가 사거리,0,2
202109,340. 혜화동 로터리,4,1
202109,3406.세종로공원,1,2
202109,3407.안국동사거리(신),6,6
202109,3408.종로타워빌딩,3,2
202109,341. 혜화역 3번출구 뒤,0,3
202109,3410.종로3가역 8번출구,3,1
202109,3411.종묘,2,4
202109,3412.세운상가,1,2
202109,3415.동대문역6번출구,2,1
202109,3416.동묘앞역 6번출구,0,1
202109,3418.창신역2번 출구,0,1
202109,3419.국립어린이과학관,1,1
202109,3420.성균관대입구사거리(맥도날드),1,1
202109,3422.성균관대 정문,2,2
202109,343. 예일빌딩(율곡로) 앞,4,0
202109,3432.종로2가 사거리,1,1
202109,346. 맥스타일 앞,4,5
202109,348. 독립문역 사거리,1,1
202109,3501. 광진구청 앞,2,0
202109,3504. 원일교회,4,1
202109,3505. 신양초교앞 교차로,1,1
202109,3506. 영동대교 북단,1,1
202109,3507. 어린이회관,1,1
202109,3509. 세종사이버대학교,5,3
202109,3511. 응봉역 1번출구,11,5
202109,3513. 상왕십리역 1번출구,1,0
202109,3514. 왕십리교회옆,0,3
202109,3515. 서울숲 관리사무소,24,17
202109,3518. 군자역 7번출구뒤,3,1
202109,352. 중앙고입구 삼거리,2,0
202109,3520. 광진경찰서,2,1
202109,3524. 세종대학교,4,4
202109,3525. 금호스포츠센터앞,2,0
202109,3528. 광진정보도서관,1,0
202109,3529. 어린이대공원정문,5,1
202109,353. 재동초교 앞 삼거리,3,3
202109,3533. 건대입구역 사거리(롯데백화점),22,14
202109,3536. 중앙농협(자양동),1,0
202109,3541. 커먼그라운드,12,7
202109,3543. 세종대학교(학술정보원),8,1
202109,3544.한양대역 3번 출구,11,4
202109,3545.한양대역 1번출구,4,5
202109,3547.상왕십리역 6번 출입구,0,1
202109,3548.뚝섬역 6번출구,0,3
202109,3549.건영아파트 앞,0,1
202109,355. 서울사대부속초교 앞,0,1
202109,3550.금호나들목,14,6
202109,3552.서울숲 공영주차장앞,25,13
202109,3555.양지사거리(센트라스APT 115동앞),1,0
202109,3557.서울숲리버뷰자이APT105동 앞,1,0
202109,3559.성동구민종합체육센터 앞,7,7
202109,3560.성동구 견인차량 보관소 앞,1,0
202109,3564.나루마당,1,1
202109,3566.우성4차아파트,1,0
202109,3569.건대병원후문,6,9
202109,3570.구의역 리버비스타 오피스텔,1,0
202109,3571.화양 APT(횡단보도 옆),1,1
202109,3575.자양사거리 (LG 유플러스),2,0
202109,3578.중곡동 파크웨이빌딩,1,0
202109,358. 성대입구 사거리,0,1
202109,3581.광진광장,1,0
202109,3582.화양동 우체국,0,2
202109,3586.군자역 비채온 오피스텔,1,0
202109,3600.사근빗물펌프장 건너편,4,8
202109,3603. 삼성역 2번출구,0,1
202109,3604. 삼성중앙역 5번출구,2,6
202109,3606. 신사동주민센터 옆,2,8
202109,3609. 언주초등학교 입구,0,1
202109,361. 동묘앞역 1번출구 뒤,1,2
202109,3614. 은마아파트 입구 사거리,2,1
202109,3618. 서울율현초교 삼거리,0,2
202109,362. 청계8가 사거리,1,1
202109,3623. 일원에코파크 앞(개포로 방면),1,0
202109,3627. 압구정나들목,13,18
202109,3628. 역삼1동 주민센터,5,1
202109,3629. 청담사거리(신한오피스텔빌딩 앞),2,0
202109,3634. 국악고교 앞 교차로,0,2
202109,3636. 삼성중앙역·플래티넘아파트 정류소,2,3
202109,3637. 세곡데이케어센터,1,1
202109,3638. 신청담나들목,3,0
202109,3659. 명일초등학교 옆,0,1
202109,3661. 명일동신동아아파트 앞,1,0
202109,367. 독립문역 3-1번출구 ,0,2
202109,3676. 강동리엔파크9단지,0,1
202109,3677. 강동구음식물재활용센터,1,1
202109,368. SK 서린빌딩 앞,7,5
202109,3681. 길동 마루빌딩,2,2
202109,3682. 길동 동호빌딩,1,0
202109,3683. KT&G강동지사,0,1
202109,369. 광화문 시민열린마당,2,4
202109,370. 시청역(2호선) 9번출구 뒤,4,4
202109,3703. 신성교회 앞,1,1
202109,371. 동대입구역 6번출구 뒤,0,7
202109,3711. 월계2교 교차로,0,1
202109,372. 약수역 3번출구 뒤,1,2
202109,374. 청구역 2번출구 앞,1,0
202109,3755. 어위쉬예다인오피스텔,0,1
202109,3782. 겸재정선미술관,1,2
202109,3784. 벽산아파트,0,1
202109,3787. 가양나들목,1,1
202109,379. 서울역9번출구,0,3
202109,380. CJ제일제당 앞,0,1
202109,3803. 세븐일레븐 신림점,1,0
202109,3806. 낙성대 교수아파트,3,1
202109,3807. 관악우체국 교차로,1,0
202109,381. 장충체육관,1,0
202109,3811.신사로입구,1,0
202109,3814. 난곡사거리 ,0,1
202109,382. 약수역 10번출구 앞,7,6
202109,383. 신당역 12번 출구 뒤,3,0
202109,385. 종각역 5번출구,3,2
202109,3860. 건국대학교 정문 앞,0,1
202109,3864. 광진소방서 앞,0,1
202109,387. 훈련원공원주차장 앞,1,2
202109,3879. 중랑천 뚝방길 산책로 입구,1,1
202109,3880. 홍련봉 공원,0,1
202109,3881. 신자초교입구 교차로,1,0
202109,3882. 자양2동 주민센터,1,1
202109,389. 을지로4가역 1번출구,1,0
202109,3904. 테크노마트 앞,6,2
202109,3907. 신도림7차e편한세상아파트 806동 앞,1,1
202109,391. 정동길입구,1,0
202109,3910. 목양전원교회 앞 로터리,1,1
202109,393. 동대문역 8번 출구,4,2
202109,394. 경희궁 자이 3단지,1,1
202109,395. 경희궁 자이 2단지,2,1
202109,3956. 대륭테크노타운21차 앞,1,1
202109,3966. 독산역1번출구 옆,1,0
202109,398. 을지로3가역 3번출구,12,12
202109,399. 서울역 센트럴 자이아파트,0,1
202109,4002. 상계주공 14단지 상가 앞,3,3
202109,4005. 중계2차 한화꿈에그린 101동 인근,16,4
202109,4013. 중계 롯데마트,2,1
202109,4020. 중계동 성모빌딩 앞 ,3,13
202109,4025. 한천교 동편,0,1
202109,4032. 은행사거리(불암주유소 앞),0,2
202109,405. DMC빌 앞,5,10
202109,4077. 도봉제1교,2,4
202109,408. LG CNS앞,1,0
202109,410. 상암중학교 옆,3,1
202109,4102. 휘경1동주민센터 앞,4,1
202109,4103. 휘경sk뷰아파트 앞,5,8
202109,4104. 외대앞역 교차로,8,9
202109,411. DMC홍보관,0,2
202109,4110. 용두롯데캐슬리치아파트 앞,1,0
202109,4112. 신이문빗물펌프장 옆,1,1
202109,4113. 한국국방연구원 앞,4,8
202109,4117. 휘경119안전센터 앞,0,3
202109,412. DMC산학협력연구센터 앞,0,2
202109,4121. 서울문화재단 앞,6,4
202109,4122. 청계9가교차로 앞,0,1
202109,4158. 노량진근린공원,0,1
202109,416. 상암월드컵파크 1단지 교차로,4,0
202109,4169. 신대방삼거리,0,1
202109,4173. 이화약국 앞,3,0
202109,418. 월드컵경기장역 3번출구 옆,9,6
202109,419. 홈플러스 앞,3,4
202109,420. 서울시 공공자전거 상암센터,0,3
202109,4206. 광흥창역5번출구,2,1
202109,4207. 아만티호텔 앞,3,2
202109,4208. 스타벅스(동교동) 앞,2,0
202109,421. 마포구청 앞,0,3
202109,4211. 시석빌딩 앞,2,0
202109,4213. 마포구중앙도서관 정문 앞,1,0
202109,4216. 망원정 앞,9,0
202109,4217. 한강공원 망원나들목,23,29
202109,422. 문화비축기지,0,1
202109,426. 서울신용보증재단,4,4
202109,4306. 서래공원 앞,1,1
202109,4307. 고투몰 gate 15옆,2,0
202109,431. 청계천 영도교,6,11
202109,4313. 반포종합운동장,2,3
202109,4316. 고속터미널역 3번출구,2,1
202109,4317. 양재근린공원,1,0
202109,4318. 방배역 2번 출구,0,1
202109,4320. 신영체르니 아파트,4,5
202109,433. 을지로입구역 2번출구,0,3
202109,435. SK 남산빌딩,1,1
202109,4353. 코오롱디지털타워 3차앞,2,0
202109,436. 이대역 5번출구,2,0
202109,4362. 행당중학교 후문,10,24
202109,437. 대흥역 1번출구,6,4
202109,4370. 서울숲IT캐슬 앞,1,2
202109,439. 마포어린이공원,7,15
202109,440. 하늘공원 입구,9,7
202109,441.염천교사거리,1,0
202109,442.서울역 서부,0,1
202109,443.호암아트홀,2,0
202109,445.대한상공회의소,9,4
202109,4452. 삼성SDS,1,2
202109,4453. 위례중앙푸르지오 201동 앞,0,1
202109,4460. 올림픽훼미리아파트 112동 앞,2,1
202109,4464. 올림픽공원 북2문,0,2
202109,4468. 가락1동 주민센터 2,0,2
202109,4481. 올림픽공원 북2문 2,0,4
202109,4483. 잠실나들목4,6,11
202109,4484. 잠실나루역4번출구뒤,2,2
202109,4497. 아시아선수촌아파트 교차로,2,0
202109,4500. 풍납나들목,0,1
202109,4508. 유원목동아파트 앞,1,0
202109,4509. 서울영상고교 입구,24,21
202109,451. 청와대앞길,1,1
202109,4515. 동문굿모닝탑,2,1
202109,452. 동대문 종합시장 버스정류장,1,0
202109,453. 종로오가 지하쇼핑센터 14번출구,5,2
202109,454. 종로2가 버스정류장 (종각방향),0,3
202109,455. 삼익한의원,2,0
202109,4559. 신길역 2번출구,1,0
202109,456. 숭인2동 주민센터 입구 (이강3대냉면),1,0
202109,4561. 양평역 1번출구,1,4
202109,4564. 63스퀘어,8,6
202109,4565. 영등포 신세계백화점,2,2
202109,4566. 대림성원상떼빌아파트,2,0
202109,4568. 영등포로터리,1,0
202109,457. 종로꽃시장 입구 옆,0,1
202109,458. 광화문역 5번출구,6,4
202109,4585. 국회6문,0,1
202109,4588.양남사거리2,0,1
202109,4589. KRX한국거래소(1),1,0
202109,4602. 숙명여대앞 버스정류소 주변,1,0
202109,4603. 한강GS에클라트 건너편 교통섬,0,4
202109,"4605. 노들섬 다목적홀(동쪽) 숲, 앞",4,6
202109,4607. 국립중앙박물관 -용산가족공원 앞,3,4
202109,4608. 국립중앙박물관 정문 앞,3,2
202109,4609. 파크타워 104동 앞,3,0
202109,4610. 한남나인원 105동 앞,9,2
202109,4612. 한남 준 J.FSS 앞,1,1
202109,4613. 서울갤러리아 앞,2,1
202109,4615. 크라운호텔앞 버스정류소,13,25
202109,4616. 신용산지하차도 앞,1,2
202109,4619. 한강트럼프월드3차 앞,7,16
202109,4620. 삼각지역 14번 출구 앞(교통섬),0,1
202109,4622. 한강중학교 앞 버스정류장,3,0
202109,4623. 라인프랜즈이태원점 앞,5,16
202109,4625. 용산공원갤러리앞,1,0
202109,4627. 효창공원앞역 5번출구 옆,0,2
202109,4629. 한강초교보도육교 앞,10,6
202109,464. 삼청동 골목,3,0
202109,466.롯데호텔,3,0
202109,467.한국은행,1,6
202109,4677. 백련산 SK뷰 아이파크 해모로 아파트 앞,0,1
202109,468.웨스틴 조선호텔,1,3
202109,4703. 쌍용아파트2단지 정문,0,1
202109,4704. 쌍용아파트2단지 상가앞,0,1
202109,4705. 웰니스센터(민방위교육장 앞),2,1
202109,4707. 청계3가 사거리,2,0
202109,4708. 조계사앞사거리(파리바케트앞),8,15
202109,471.회현사거리 남측,1,1
202109,4710. 자교교회 앞,1,2
202109,4713. 현대 뜨레비앙 아파트 앞,1,0
202109,472.삼일교(시그니쳐 타워),2,0
202109,473.을지로4가역 9번출구,2,0
202109,474.동대문역사문화공원역 1번출구 뒤편,2,2
202109,475.DDP 패션몰,4,3
202109,476.광희문,8,6
202109,4760. 서울역 7번출구,2,3
202109,4762. 국제빌딩,2,1
202109,4765. 동대문디자인플라자,11,7
202109,4766. 서소문성지역사박물관,1,0
202109,4768. 서울도시건축전시관,3,6
202109,477.앰배서더 호텔 주변,0,3
202109,4774. 을지로입구역 8번출구,1,0
202109,4776. 신세계면세점,2,3
202109,4778. 대신파이낸스센터,2,3
202109,4784. 중부경찰서앞 사거리,1,1
202109,4785. 롯데시티호텔,2,0
202109,4791. 명동역9번 출구,12,16
202109,4792. 퇴계로4가 교차로(중구청),2,2
202109,4793. 동대문역사문화공원역 5번출구,1,0
202109,4794. 서울역 서부교차로(3),7,2
202109,4796. 부산은행,1,3
202109,4797. KG타워 앞,2,4
202109,4804. 동서울농협 앞,1,0
202109,484.도동삼거리,0,2
202109,485.서울역5번출구,1,2
202109,4854. 가락시장역 2번 출구,0,1
202109,4857. 올림픽공원 장미광장,1,0
202109,4859. 잠실나루 나들목,1,1
202109,4862. 올림픽파크텔 맞은편,1,1
202109,4863. 잠실나들목5,2,2
202109,4865. 한성백제역 1번출구 뒤,1,0
202109,4868. 레이크 호텔 앞,7,6
202109,4869. 잠실나들목6,3,5
202109,487.신석초교앞 교차로 교통섬,1,2
202109,4870. 몽촌토성역 3번 출구,2,5
202109,488.푸르메병원,1,0
202109,490.가온문화공원,0,2
202109,491.월드컵파크 4단지,0,1
202109,492.성산시영아파트 후문,3,3
202109,493.홍대입구역 6번출구,2,1
202109,494.신수동주민센터,2,2
202109,495.염리초등학교 앞,3,1
202109,497.합정동주민센터 앞,3,1
202109,498.연남동주민센터 앞,4,1
202109,500. 어린이대공원역 3번출구 앞,1,2
202109,501. 광진구의회 앞,5,0
202109,502. 뚝섬유원지역 1번출구 앞,52,69
202109,505. 자양사거리 광진아크로텔 앞,0,4
202109,508. 성수아카데미타워 앞,2,1
202109,509. 이마트 버스정류소 옆,3,3
202109,510. 서울숲 남문 버스정류소 옆,5,15
202109,511. 서울숲역 4번 출구 옆,3,11
202109,512. 뚝섬역 1번 출구 옆,4,2
202109,513. 뚝섬역 5번 출구 정류소 옆,2,4
202109,515. 광양중학교 앞,4,4
202109,516. 광진메디칼 앞,1,0
202109,518. 청계천 박물관 앞,2,2
202109,519. 양지사거리,1,1
202109,520. 상왕십리역 4번 출구 앞,3,1
202109,521. 왕십리역 11번 출구 앞,0,1
202109,524. 래미안금호하이리버 아파트 102동 옆,0,2
202109,525. 한양대병원사거리,5,7
202109,533. 우리은행 금호동 지점 앞,1,0
202109,534. 금호사거리,2,0
202109,537. 한양대후문역 부근,2,3
202109,538. 답십리역 8번출구 앞,0,2
202109,539. 군자교교차로,1,1
202109,542. 강변역 4번출구 뒤,15,2
202109,543. 구의공원(테크노마트 앞),2,1
202109,544. 광남중학교,4,7
202109,548. 자양나들목,6,7
202109,549. 아차산역 3번출구,2,3
202109,550. 서울시설공단 앞,2,2
202109,555. 구의3동주민센터,1,0
202109,559. 왕십리역 4번 출구 건너편,1,2
202109,560. 비전교회 앞,5,7
202109,561. 서울숲역 2번출구 앞,3,4
202109,563. 성동세무서 건너편,1,0
202109,565. 옥수역 3번출구,25,19
202109,567. 성수역 2번출구 앞,3,1
202109,568. 청계8가사거리 부근,1,0
202109,571. 어린이대공원역6번출구,3,10
202109,573. 구의문주차장 앞,1,0
202109,574. 아차산역4번출구,5,1
202109,576. 광나루역 3번 출구,1,3
202109,579. 마장역 4번출구,1,1
202109,581. 용답초등학교,5,1
202109,582. 경일중학교 앞,0,1
202109,583. 청계천 생태교실 앞,17,8
202109,584. 광진광장 교통섬,3,4
202109,585. 성수2가1동 공영주차장 인근,9,9
202109,586. 마장동 주민센터,1,0
202109,587. 유니베라 앞,8,3
202109,588. 뚝섬 유원지역,2,3
202109,589. 성수역3번출구,1,4
202109,592. 건국대학교 학생회관,12,6
202109,593.자양중앙나들목,1,1
202109,602. 장안동 사거리,1,0
202109,605. 신설동역8번출구,0,2
202109,609. 제기2교,3,1
202109,613. 신설동역 10번출구 앞,0,1
202109,614. 용두동 사거리,1,0
202109,615. 용두동 래미안허브리츠아파트 앞,1,0
202109,623. 서울시립대 정문 앞,2,3
202109,625. 답십리초등학교 앞(현대시장 옆),1,1
202109,626. 군자교 서측 녹지대,2,2
202109,631. 답십리역 1번출구,1,0
202109,634. 외국어대 정문 앞,16,3
202109,635. 시조사 앞 (청량고정문 옆),6,0
202109,636. 세종대왕기념관 교차로,1,0
202109,637. KAIST 경영대학 앞,1,1
202109,639. 서울시립대 후문,6,2
202109,640. KEB하나은행 청량리역지점,2,0
202109,646. 장한평역 1번출구 (국민은행앞),0,1
202109,648. 장안동위더스빌옆,0,1
202109,650. 중랑교사거리,3,4
202109,654. 전농동 텃골공원,0,1
202109,656. 영휘원 교차로,1,0
202109,657. 동대문롯데캐슬아파트 앞,3,0
202109,658. 촬영소 사거리,0,1
202109,659. 제기역1번출구,1,0
202109,661. 경희대학교 청운관,2,1
202109,663. 외대앞역 4번출구,3,3
202109,664. 서울시립대 건설공학관,2,4
202109,668.서울축산농협(장안지점),1,0
202109,670.삼육서울병원 버스정류장,3,3
202109,671.대광빌딩,1,0
202109,673.안암골벽산아파트(후문),1,2
202109,674.고대앞사거리 교통섬,5,0
202109,675.성복교회 앞 (장평교 아래),1,1
202109,680.꿈마루어린이도서관 앞,4,7
202109,700. KB국민은행 염창역 지점 앞,0,1
202109,703. 오목교역 7번출구 앞,3,2
202109,704. 남부법원검찰청 교차로,1,0
202109,708. 서울출입국관리사무소 앞,2,0
202109,731. 서울시 도로환경관리센터,0,1
202109,746. 목동2단지 상가,2,1
202109,748. 목동운동장,1,0
202109,755. 목동1단지아파트 상가 앞,0,1
202109,763. 목동11단지 아파트,14,17
202109,765. 오목교역 3번출구,2,2
202109,766. 신목동역 3번출구,1,1
202109,768.목동5단지아파트 501동,1,0
202109,770.목동역5번출구 교통정보센터 앞,5,8
202109,776.목마공원,0,2
202109,780.신정교 하부,1,1
202109,781.신정보도육교 아래,1,2
202109,"785.양천구청, 보건소 사잇길",1,1
202109,788.양천구청역 2번출구 옆,2,2
202109,792.목동트라팰리스 웨스턴에비뉴,3,3
202109,795.양천 해누리타운,1,0
202109,802. 한강진역 2번 출구 앞,4,4
202109,803. 한남초교 앞 보도육교,0,1
202109,805. 문배어린이공원 앞,0,2
202109,806. 전자랜드 본관 앞,1,2
202109,807. 서울역 12번 출구 앞,7,12
202109,809. 한남 유수지 복개주차장,9,6
202109,810. 이태원지하보도,9,11
202109,811. 녹사평역1번출구,6,1
202109,812. 용산전쟁기념관,2,1
202109,813. 삼각지역 3번출구,6,3
202109,815. LIG강촌아파트 103동앞,3,9
202109,816. 신용산역 6번출구 앞,5,7
202109,817. 삼각지역 4번출구 앞,4,3
202109,818. 숙명여대 입구 교차로,0,3
202109,819. 선린인터넷 고등학교,4,4
202109,820. 청파동입구 교차로,6,1
202109,822. 이촌1동 마을공원,5,1
202109,825. 서빙고동 주민센터 앞,24,31
202109,826. 서울역 서부교차로2,6,10
202109,827. 국군복지단,1,0
202109,829. 베르가모앞,18,12
202109,830. 청암자이아파트앞,0,1
202109,831. 이태원관광특구입구,3,3
202109,832. 이촌1동 주민센터 뒤,3,4
202109,834. 효창공원앞역 3번출구 뒤,2,1
202109,835. 남영역 건너편,0,2
202109,836. 현대자동차서비스 앞,6,6
202109,837. 한남나들목 입구,16,23
202109,838. 숙대입구역 4번출구,2,1
202109,839. 보광동 삼성리버빌아파트 앞,8,9
202109,840. 용산 파크타워 앞,2,3
202109,841. 신용산역 1번 출구,18,15
202109,843. 녹사평역 광장,19,2
202109,845. 용산 선인상가,1,1
202109,846. 용산중학교,4,4
202109,847. 국방부민원실옆,6,2
202109,848. 삼각지12번 출구,5,0
202109,849. 삼각지 자이아파트,6,5
202109,852.청암자이APT(103동),2,2
202109,853.용산역 맞은편,20,17
202109,854.HID 유족동지회 앞,3,1
202109,855.이촌역5번출구 앞,3,0
202109,857. 현대 안성타워,0,1
202109,858.녹사평역3번 출구,6,6
202109,860.LG한강 자이아파트 앞,5,8
202109,863.이촌역2번 출구,5,4
202109,864.순천향대학병원(한남오거리),1,1
202109,866.브라운스톤 남산아파트,2,1
202109,867.서빙고역 광장(1번출구),0,4
202109,869.노들섬 동측 앞,1,0
202109,870.노들섬 서측 앞,22,18
202109,905. 구파발역 2번출구,3,1
202109,907. CJ 드림시티,2,2
202109,912. 응암오거리,1,0
202109,914. 새절역 2번출구,6,7
202109,915. 증산역 4번출구,0,1
202109,917. 녹번역 4번출구,1,0
202109,919. 서울혁신파크,0,3
202109,927. 연신내역 3번출구 인근,1,0
202109,928. 은평역사한옥박물관,1,1
202109,933. LG서비스 역촌점,1,1
202109,945. 기자촌 사거리,0,1
202109,949. 연신내역 1번 출구 ,1,1
202109,950. 구산역 2번 출구 ,1,1
202109,956. 응암시장교차로,1,0
202109,962. 은평뉴타운 힐데스하임,0,1
202109,966. 서울혁신파크1,1,0
202109,972. 수색역,2,0
202109,993.은평뉴타운 은뜨락아파트앞,1,1
202109,996.응암역2번출구 국민은행 앞,1,1
202110,1001. 광진교 남단 사거리(디지털프라자앞),1,0
202110,1009. 천호역4번출구(현대백화점),0,1
202110,1011. LIGA 아파트 앞,1,1
202110,1013. 강동구청역 1번 출입구,1,0
202110,1014. 강동구평생학습관앞,0,1
202110,1016. 해뜨는 주유소옆 리엔파크 109동앞,1,2
202110,1017. 맥도날드(길동),0,1
202110,1019. 다성이즈빌아파트(호원대 대각선 맞은편),1,0
202110,102. 망원역 1번출구 앞,3,3
202110,1027. 프라자 아파트 앞,2,2
202110,103. 망원역 2번출구 앞,8,4
202110,1032. 선사고등학교,0,1
202110,1039. 고덕초등학교,4,0
202110,104. 합정역 1번출구 앞,4,6
202110,1044. 굽은다리역,2,0
202110,1050.  둔촌역 3번 출입구,1,0
202110,1059. 래미안 강동팰리스(102동),0,2
202110,106. 합정역 7번출구 앞,8,34
202110,1065.보훈병원 후문옆(더 원커피),1,1
202110,107. 신한은행 서교동금융센터점 앞,1,4
202110,1073.SSTS 몰 앞,0,1
202110,1076.전자랜드 길동점,2,0
202110,1077.강동역 1번출구 앞,1,0
202110,108. 서교동 사거리,15,12
202110,1080.엘웨딩,1,0
202110,1081.트레빌빌딩,2,0
202110,1084. 윤선생빌딩(JYP사옥),1,3
202110,1088.풍납사거리(강동),0,2
202110,109. 제일빌딩 앞,5,5
202110,1090.상일동역 2번출구 앞,3,0
202110,1103. 방화역 4번출구앞,1,2
202110,111. 상수역 2번출구 앞,9,12
202110,1118. 증미역 3번출구뒤(등촌두산위브센티움오피스텔),2,7
202110,112. 극동방송국 앞,13,11
202110,1120. 대림경동아파트앞,0,1
202110,1122. 황금내근린공원,1,1
202110,1124. 발산역 6번 출구 뒤,2,0
202110,1129. 화곡역 1번 출구 앞,0,1
202110,113. 홍대입구역 2번출구 앞,10,12
202110,114. 홍대입구역 8번출구 앞,26,13
202110,1148. 볏골공원,0,1
202110,115. 마스타 빌딩 앞,11,3
202110,1150. 송정역 1번출구,0,5
202110,1151. 마곡역1번출구,1,0
202110,1152. 마곡역교차로,1,0
202110,"1153. 발산역 1번, 9번 인근 대여소",4,0
202110,1155. 기쁜우리복지관,1,1
202110,1158. 가양역 8번출구,2,1
202110,116. 일진아이윌아파트 옆,4,1
202110,1168. 마곡엠밸리10단지 앞,1,1
202110,1169. 염창역 1번 출구,1,0
202110,117. 홍은사거리,4,2
202110,1170. 강서구보건소 (삼성디지털 프라자),0,1
202110,1171. 염창동 새마을금고 건너편 (모닝글로리),1,1
202110,118. 광흥창역 2번출구 앞,1,1
202110,119. 서강나루 공원,12,19
202110,1193. 마곡센트럴타워 1차,1,1
202110,1197. 엠펠리체 호텔 건너편,6,1
202110,1199. 우장산역 3번출구,1,0
202110,120. 신수동 사거리,2,3
202110,1201. 가락시장역 3번 출구,0,1
202110,1204. 거여역 3번출구,0,2
202110,1205. 종합운동장역 4번출구,0,1
202110,1206. 9호선종합운동장역 9번출구,1,2
202110,1209. 잠실나루역 (2번 출구 쪽),1,0
202110,1210. 롯데월드타워(잠실역2번출구 쪽),14,12
202110,1211. 방이삼거리,7,6
202110,1214. 오금역 7번 출구 인근,1,1
202110,1215. 올림픽공원역 1번출구 앞,1,2
202110,1218. 방이역 4번출구,1,1
202110,122. 신성기사식당 앞,0,1
202110,1222. 잠실새내역 5번 출구 뒤,3,1
202110,1224. 아시아지하보도 2번 출구,11,12
202110,1227. 거여역 8번출구 뒤,1,1
202110,1231. 잠실역 6번출구,6,7
202110,1232. 롯데마트 주차장 옆,3,3
202110,1233. 잠실3거리(갤러리아팰리스),0,1
202110,1235. 잠실트리지움310동 옆,0,1
202110,124. 서강대 정문 건너편,2,2
202110,1243. 문정 법조단지7,4,1
202110,1244. 문정 법조단지8,1,3
202110,1245. 문정 법조단지9,2,1
202110,1246. 문정 법조단지10,0,2
202110,1248. 방이초등학교,1,4
202110,125. 서강대 남문 옆,3,2
202110,1250.문정2동 주민센터,1,1
202110,1257. 가락시장역 롯데마트앞,0,1
202110,126. 서강대 후문 옆,10,9
202110,1264. 천호역 10번 출구 앞,1,0
202110,1267. 올림픽공원 남2문 앞,3,4
202110,1268. 몽촌토성역 1번출구 옆,7,10
202110,1269. 리센츠아파트 ,4,1
202110,1271. 송파도서관,0,1
202110,1278. 송파구청 교차로,3,0
202110,128. 신촌역(2호선) 1번출구 옆,12,5
202110,1289. 풍납동 자전거보관소,1,1
202110,129. 신촌역(2호선) 6번출구 옆,11,4
202110,1295. 잠실역 8번출구,1,7
202110,1296. 석촌호수교차로 (송파나루근린공원 앞),3,1
202110,1297. 석촌호수교차로(동호 팔각정 앞),3,1
202110,130. 신촌역(2호선) 7번출구 앞,11,11
202110,1305. 성북구청,1,0
202110,1306. 한성대입구역2번출구,2,1
202110,1308. 안암로터리 버스정류장 앞,6,6
202110,131. 증산2교,5,1
202110,1315. 고려사대부속중고 정문,0,1
202110,1316. 고려사대부속중고 건너편 ,1,0
202110,1319. 종암사거리 분수대,0,2
202110,1320. LG베스트샵 종암점,1,0
202110,1321. 국민은행 종암동지점 앞,1,1
202110,1322. 래미안라센트아파트 103동 앞,0,1
202110,1332. 석계역 5번출구 건너편,1,0
202110,1337. 돈암성당 옆,3,4
202110,134. 연세로 명물길,6,2
202110,1342. 성북쉼터 앞,0,1
202110,135. 명물길 원형무대 앞,1,2
202110,1351. 안암2교 옆,2,4
202110,1354. 고려대학교 2번출구,2,2
202110,1355. 보문2교,6,2
202110,1359. 장위뉴타운 꿈에 숲 코오롱 하늘채 앞,0,1
202110,1360. 정릉역,0,1
202110,1362. 보문역6번출구 앞,2,0
202110,1363. 보문4교 인근,1,2
202110,1364. 성북동 치안센터 앞,1,2
202110,1368. 성신여대입구 교차로,0,2
202110,137. NH농협 신촌지점 앞,3,0
202110,1372. KEB은행 고대점,3,1
202110,1373. 성북구보건소 건너편,1,0
202110,138. 신촌동 제1공영주차장 앞,1,3
202110,1394.길음뉴타운 래미안9단지,0,2
202110,140. 이화여대 후문,3,1
202110,1411. 상봉시장앞 교차로 한성빌딩 앞,1,0
202110,142. 아현역 4번출구 앞,5,4
202110,1421. 신내역 4번출구,0,1
202110,143. 공덕역 2번출구,2,2
202110,1438. 홈플러스 신내점 앞,0,2
202110,144. 공덕역 8번출구,15,10
202110,1449. 상봉역 1번출구,0,1
202110,1451. 중랑세무서,0,1
202110,146. 마포역 2번출구 뒤,3,8
202110,1467.sk신내 주유소앞(용마산로),2,1
202110,147. 마포역 4번출구 뒤,12,9
202110,148. 용강동 주민센터 앞,2,6
202110,150. 서강대역 2번출구 앞,3,3
202110,1526. 수유동 채선당앞,2,0
202110,153. 성산2교 사거리,2,1
202110,1530. 광산사거리,1,0
202110,154. 마포구청역 ,1,0
202110,155. 가좌역1 번출구 앞,1,2
202110,1564.4.19민주묘지역 1번출구,1,0
202110,157. 애오개역 4번출구 앞,0,1
202110,158. 독립문 어린이 공원,1,0
202110,159. 이대역 4번 출구,1,0
202110,160. 북아현동 가구거리,1,0
202110,1601. 석계역 문화광장 내 자전거 보관소,0,1
202110,1608. 공릉역 1번 출구 앞,2,6
202110,1610. 화랑대역 2번출구 앞,1,1
202110,1611. 과기대 입구(우),4,4
202110,1616. 하계2동 공항버스정류장 옆,1,0
202110,1619. 중계동 하나프라자빌딩 앞(중1-1),2,0
202110,162. 봉원고가차도 밑,1,1
202110,1627. 수락산역 4번출구,0,1
202110,163. 명지전문대학교 정문 앞,0,1
202110,1636. 백병원 사거리 농협은행 앞,2,1
202110,1637. KT 노원점 건물 앞,1,0
202110,1642. 서울여대 남문,1,1
202110,1643. 태릉입구역 8번출구,4,5
202110,1651. 맥도날드 상계점 앞,1,1
202110,1652. 파르코 앞,1,0
202110,1653. 노원역1번출구,1,1
202110,1662. 노원역7번출구,0,1
202110,1664. 노해근린공원내,0,1
202110,1682. 중계종합사회복지관 교차로,1,0
202110,1684. 태릉입구역 5번출구,4,2
202110,1686. 온수골사거리(스타벅스앞),0,1
202110,1690. 도봉운전면허시험장,2,0
202110,1705. 도봉구청 정문앞,1,0
202110,1716. 하나로마트 창동점,1,1
202110,173. 서대문역 8번출구 앞,0,2
202110,175. 홍연2교옆,13,16
202110,1758.북서울교회 버스정류소 앞,3,3
202110,179. 가좌역 4번출구 앞,1,0
202110,180. 충정로역 7번출구 아래,1,0
202110,181. 망원초록길 입구,11,12
202110,182. 망원2빗물펌프장 앞,9,7
202110,1829. 홈플러스 금천점 앞,1,0
202110,183. 하늘채코오롱아파트 건너편,9,11
202110,1834. 월드메르디앙 벤처센터 2차,1,0
202110,184. SK망원동주유소 건너편,5,4
202110,1847. 독산주공 14단지 버스정류소,0,1
202110,185. 마포 신수공원 앞,2,3
202110,186. 월드컵공원,2,2
202110,1867.대륭포스트타워6차 앞,2,1
202110,1904. 도림천역 1번 출구 앞,0,2
202110,1906. 신도림역 1번 출구 앞,3,0
202110,191. 서우빌딩(바른학원),5,5
202110,192. 연서어린이공원,1,0
202110,1928. 고척스카이돔구장 광장,1,0
202110,1943. 온수역 북측,3,3
202110,1946. 구로역 광장,1,0
202110,195. 모래내고가차도 ,2,1
202110,1960. 화광신문사 앞,3,1
202110,1966. 한마을아파트 정문상가,1,0
202110,198. 충정2교,1,0
202110,1984. 구로구청,1,0
202110,1985. 구로도서관,3,3
202110,1986. 태평양물산빌딩,1,0
202110,1987. 개봉아이파크아파트 앞,0,1
202110,199. 서울 월드컵 경기장,4,3
202110,1994. 삼성전자 물류센터 앞,0,1
202110,2000. 신도림4차 e편한세상 아파트 1109동 앞,1,2
202110,2002. 노들역 1번출구,3,3
202110,2003. 사육신공원앞,1,0
202110,201. 진미파라곤 앞,5,2
202110,2013. 장승배기역 5번출구,1,2
202110,2015. 신대방삼거리역 6번출구쪽,1,1
202110,202. 국민일보 앞,3,1
202110,2025. 흑석역 1번출구,8,10
202110,2026. 흑석역 4번출구,1,0
202110,2027. 중앙대학교 정문 1,11,11
202110,2032. 이수역 11번출구쪽,0,1
202110,2036. 정금마을 마을버스정류장,1,0
202110,2037. 동작역 5번출구 동작주차공원,4,7
202110,2038. 동작역 7번출구,2,0
202110,204. 국회의사당역 5번출구 옆,2,0
202110,2040. 비계 버스정류소,2,0
202110,205. 산업은행 앞,1,1
202110,2050. 노량진역 5번출구,9,7
202110,2056. 동작구민 체육센터,0,1
202110,2058. 노량진동 맥도널드앞,0,1
202110,2059. 보라매공원 정문,0,1
202110,206. KBS 앞,5,1
202110,2065. 서울시여성가족재단,1,0
202110,2069. 숭실대 입구역3번 출구 앞,1,2
202110,207. 여의나루역 1번출구 앞,86,81
202110,2070. 노량진역 2번 출구 앞,5,2
202110,2076.노들나루공원 입구,7,7
202110,2077.노들역 3번출구,4,3
202110,2079.중앙대학교 중앙광장,0,1
202110,209. 유진투자증권빌딩 앞,4,1
202110,2092.흑석한강푸르지오(110동),0,1
202110,210. IFC몰,10,11
202110,2102. 봉림교 교통섬,3,2
202110,211. 여의도역 4번출구 옆,4,4
202110,2111. 서울대입구역 1번출구,1,0
202110,2112. 서울대입구역 마에스트로,1,0
202110,2115. 관악농협농산물백화점,1,0
202110,212. 여의도역 1번출구 옆,1,0
202110,2122. 낙성대로 입구,1,1
202110,2128. 관악구청교차로,0,1
202110,2129. 낙성대 과학전시관,1,0
202110,213. KT앞,1,0
202110,2135. 신림역 5번출구,0,2
202110,2136. 신림역 8번출구,0,1
202110,214. 금융감독원 앞,1,0
202110,2140. 신림1교 교차로,1,0
202110,2141. 미림여고입구 교차로,1,0
202110,2143. 서울산업정보학교,1,0
202110,215. 여의도고교 앞,1,7
202110,217. NH농협은행 앞,2,0
202110,2172. 나들목공원,4,0
202110,2173. 당곡사거리,1,1
202110,2175. 신림동걷고싶은문화의거리입구,1,0
202110,2176. 보라매공원 보도육교,5,1
202110,2177. 신대방역 2번 출구,0,1
202110,2178. 서울대학교 정문,4,0
202110,2183. 동방1교,1,3
202110,2195.은천교회,1,0
202110,2202.청계산입구역 1번출구,2,3
202110,2206. 언남초등학교 앞,1,0
202110,221. 여의도초교 앞,2,6
202110,2213. 고속터미널역 5번출구 앞,5,5
202110,2214. 신반포역 2번출구 앞,3,2
202110,2215. 반포종합운동장 입구,3,1
202110,2217.아크로리버뷰 부지 앞,29,26
202110,"2219. 고속터미널역 8-1번, 8-2번 출구 사이",10,9
202110,222. 시범아파트버스정류장 옆,0,1
202110,2220. 반포본동 주민센터 앞,9,8
202110,2221.하나은행 방배동지점 앞,1,0
202110,2222.사당역 12번출구 뒤,1,0
202110,2226. 신동아럭스빌아파트 앞,1,0
202110,2227.방배열린문화센터 앞,1,0
202110,2230.이수역 4번 출구,2,5
202110,2231. 삼성타운(삼성생명) A동 맞은편,1,2
202110,2247.섬들근린공원,3,3
202110,225. 앙카라공원 앞,0,2
202110,2250. 서초유치원 맞은편,8,11
202110,2252. 하이브랜드 앞,1,3
202110,2255.시민의숲역 1번출구 옆,0,2
202110,2259. 잠원역 3번-4번 출구사이 ,5,1
202110,226. 샛강역 1번출구 앞,5,0
202110,2262. 한신16차아파트 119동 앞,40,52
202110,2264. 이수역 1번출구,2,1
202110,2265. 이수고가차도 남단,2,2
202110,2266. 서초역 3번출구,0,1
202110,2269. 주홍교 하부,2,0
202110,227. 양평2나들목 보행통로 입구,2,6
202110,2276. 영동1교 (양재천근린공원),2,1
202110,2279. 교대역 5번출구뒤,0,1
202110,228. 선유도역 3번출구 앞,3,3
202110,2280. 서울서초고용센터앞,0,1
202110,229. 양평1 보행육교 앞,1,1
202110,2294. 두상빌딩 앞,6,3
202110,2298. 래미안서초스위트앞,0,1
202110,2301. 현대고등학교 건너편,11,15
202110,2302. 교보타워 버스정류장(신논현역 3번출구 후면),1,2
202110,2303. 논현역 7번출구,3,3
202110,2306. 압구정역 2번 출구 옆,4,5
202110,2307. 압구정 한양 3차 아파트,2,0
202110,2308. 압구정파출소 앞,2,0
202110,2310. 청담동 맥도날드 옆(위치),0,1
202110,2312. 청담역 13번 출구 앞,0,1
202110,2313. 금원빌딩 앞,1,0
202110,2314. 청담나들목입구,0,1
202110,2315. 봉은사역 5번출구 옆,5,7
202110,2316. 삼성역 8번출구,5,8
202110,2317. 삼성도로공원,6,5
202110,2318. 삼성중앙역4번출구(문화센터더 리빌),1,0
202110,2328. 르네상스 호텔 사거리 역삼지하보도 7번출구 앞,0,1
202110,2330. 스타벅스 앞,0,1
202110,2332. 선릉역3번출구,3,4
202110,2340. 삼호물산버스정류장(23370) 옆,0,2
202110,2342. 대청역 1번출구  뒤,0,2
202110,2348. 포스코사거리(기업은행),0,1
202110,2349. 역삼빌딩 앞(하나은행 옆),1,0
202110,2353. 강남구청역 2번출구 뒤,1,0
202110,2355. 삼성역 5~6번 출구 사이,1,0
202110,236. 문래동자이아파트 앞,1,0
202110,2362. 신사동 가로수길 입구,3,2
202110,2364. 도산대로 렉서스 앞,1,0
202110,2365. K+ 타워 앞,8,2
202110,2369. KT선릉타워,1,1
202110,2371. 한국우편사업진흥원,1,2
202110,2373. 개포동역 사거리,2,2
202110,2390. 구룡마을 입구 (래미안블레스티지 아파트),1,1
202110,2396. 영동3교 북단(우성캐릭터 앞 보도),2,1
202110,2404. 대모산입구역 4번 출구 앞,0,1
202110,2405. 청담공원앞 교차로,3,0
202110,2406. 논현동 광명빌딩 앞,1,1
202110,2407. 역삼.서초.삼성 세무서 앞 (역삼빌딩 앞),4,1
202110,2413.도곡역 1번 출구,2,2
202110,2417.선정릉 디캠프(D.CAMP)앞,0,1
202110,2418.봉은사역 7번 출구 ,0,2
202110,"2419.봉은사역 1,2번 출구 ",3,0
202110,2420.학여울역 사거리(LG베스트샵 앞),0,1
202110,2421. 신논현역 4번출구,1,1
202110,2423.영희초교 사거리(래미안개포루체하임),2,2
202110,2425.세곡동 사거리(대왕초등학교 정류장),2,0
202110,2429.압구정로데오역 6번출구,0,10
202110,247. 당산역 10번출구 앞,1,5
202110,248. 초원아파트 앞,1,4
202110,249. 여의도중학교 옆,20,29
202110,2502. 서초역1번출구 앞,1,0
202110,2503. 반포1동 서초빌딩 앞,1,2
202110,2504. 신사역 4번출구 뒤,3,1
202110,2505. 우성아파트사거리 (기업은행앞),2,4
202110,2508. 양재이스타빌 앞,0,1
202110,2514.사평역 2번출구,1,2
202110,2515.서초초등학교 후문,1,1
202110,2520.서초1교 (진흥아파트 방면),5,3
202110,2523.뉴코아 킴스클럽 앞,4,0
202110,2524.반포쇼핑타운 8동 앞,2,0
202110,2525.반포쇼핑타운 2동 앞,13,24
202110,2526.반포경남쇼핑 앞,1,4
202110,2527.반포중학교 앞(세화여고 맞은편),4,5
202110,2530.삼호3차아파트 앞,1,0
202110,2532.국립국악원 앞,1,0
202110,2533.한가람미술관 앞,1,0
202110,2535.신반포역 3번출구 뒤,5,0
202110,2538.사평리 공원,1,5
202110,2539.대한무역투자진흥공사 KOTRA 앞,1,0
202110,2540.반포천 앞,1,3
202110,2542.신논현타워 앞,1,2
202110,2547.포드서초서비스센터앞,5,5
202110,255. 도림사거리,0,1
202110,259. 대방역6번출구,0,1
202110,260. 여의도 마리나선착장 앞,1,0
202110,2601. 석촌호수 아뜰리에,2,0
202110,2606. 위례동주민센터 맞은편 근린공원,2,0
202110,2608. 송파구청,5,8
202110,2611. 송파지역자활센터 뒤,1,0
202110,2613. 잠실나들목,1,4
202110,2615. 테라타워2,0,1
202110,2619. 석촌고분역 4번출구,1,0
202110,2620. 송파나루역 4번 출구옆,10,10
202110,2621. 한성백제역 2번 출구,10,5
202110,2622. 올림픽공원역 3번출구,15,17
202110,2623.석촌동 주민센터,1,0
202110,2633.송파학사 옆,1,3
202110,2637.잠실월드 메르디앙,2,2
202110,2639.석촌역 8번출구,3,0
202110,2641.송파역 4번출구,0,1
202110,2647.잠실 자전거 수리센터 앞,2,8
202110,2653.올림픽공원사거리(선수촌아파트),2,0
202110,2658.가락몰 업무동,2,1
202110,267. 삼성화재 사옥 옆,0,5
202110,268. 그랜드컨벤션센터 앞,0,2
202110,270. 증권거래소후문교차로,1,0
202110,2701. 마곡나루역 5번출구 뒤편,1,0
202110,2708.강서한강자이타워 앞,2,2
202110,2709.강변아파트 310동 앞,4,4
202110,271. 샛강생태공원방문자센터 앞,1,1
202110,272. 당산육갑문,24,16
202110,2721.등촌1-10단지 교차로,0,3
202110,2723.마곡 필네이처,1,0
202110,2724.(재)FITI시험연구원,0,1
202110,274. 영등포역지하쇼핑센타 5번출구,1,1
202110,275. 신동아아파트,0,4
202110,278. 쌍용플레티넘오피스텔,0,1
202110,281. 신동아아파트 앞,1,2
202110,2824.미래사랑어린이공원 앞,0,1
202110,284. 센트럴 푸르지오 시티 앞,2,1
202110,286. 우성아파트 교차로,2,1
202110,287. 영등포전화국사거리 (서강어린이공원),1,1
202110,288. 쌍용예가(구청별관),1,1
202110,2914.서울과학기술대학교(미래관),1,0
202110,2915.서울과학기술대학교(어학교육원),9,8
202110,2919.등나무 근린공원(시립북서울미술관 앞) ,0,1
202110,296.KT플라자 영등포점,2,0
202110,299.여의도 순복음교회,0,1
202110,300. 정동사거리,6,2
202110,3002.벽산상암스마트큐브 ,0,1
202110,3005.마포구청 청사내,1,0
202110,3006. 상암월드컵파크5단지(상암중학교),0,2
202110,3007.MBC 앞,2,1
202110,3008.DMC역7번출구,1,0
202110,3009.서교동사거리(신),16,14
202110,301. 경복궁역 7번출구 앞,0,1
202110,3010.홍대입구역 3번출구,23,19
202110,3011.경의선(노고산동),22,12
202110,3013.서울지방고용노동청 앞,2,2
202110,302. 경복궁역 4번출구 뒤,15,7
202110,305. 종로구청 옆,0,1
202110,308. 광화문 S타워 앞,1,0
202110,309. 광화문역 6번출구 옆,3,0
202110,310. 청계광장 옆,4,1
202110,3111.무악재역 4번 출구,0,1
202110,3116.신촌역 4번출구,2,5
202110,3117.이화여대 인문관 인근,3,2
202110,3119.연희 브라운스톤 아파트 앞,0,1
202110,3120.DMC엘가아파트 앞,0,1
202110,3123.DMC파크뷰자이1단지 110동 앞,0,1
202110,3124.DMC센트럴아이파크아파트,1,0
202110,3125.연희파크푸르지오아파트 앞,0,2
202110,3128.동신병원 맞은편,1,2
202110,3130.가재울사거리,1,0
202110,314. 국립현대미술관,5,7
202110,316. 종각역 1번출구 앞,2,2
202110,318. 광교사거리 남측,1,2
202110,320. 을지로입구역 4번출구 앞,1,2
202110,3202.당산롯데캐슬프레스티지,2,0
202110,321. KEB 하나금융그룹 명동사옥 옆,6,1
202110,3219.영등포역 2번출구,1,0
202110,322. 명동성당 앞,1,0
202110,324. 신세계백화점 본점 앞,2,2
202110,326. 안국역 5번출구 앞,0,2
202110,327. 낙원상가 옆,4,6
202110,328. 탑골공원 앞,6,13
202110,329. 청계2가 사거리 옆,3,1
202110,331. 을지로2가 사거리 북측,0,3
202110,3311.서울대입구역 4번 출구,1,0
202110,332. 을지로2가 사거리 남측,2,0
202110,334. 종로3가역 2번출구 뒤,1,3
202110,336. 티마크 호텔 앞,2,0
202110,337. 창경궁 입구,1,0
202110,339. 종로4가 사거리,4,3
202110,340. 혜화동 로터리,2,0
202110,3405.파크팰리스,0,1
202110,3407.안국동사거리(신),3,0
202110,3408.종로타워빌딩,1,0
202110,341. 혜화역 3번출구 뒤,1,1
202110,3410.종로3가역 8번출구,5,4
202110,3411.종묘,0,2
202110,3412.세운상가,0,4
202110,3413.종로플레이스,3,2
202110,3414.종로5가역 4번출구,2,0
202110,3415.동대문역6번출구,1,1
202110,3416.동묘앞역 6번출구,2,0
202110,3417.창신3동주민센터,0,1
202110,3419.국립어린이과학관,3,0
202110,342. 대학로 마로니에공원,7,1
202110,3420.성균관대입구사거리(맥도날드),1,0
202110,3421.혜화역 1번출구,0,1
202110,3422.성균관대 정문,2,3
202110,3432.종로2가 사거리,1,1
202110,344. 성균관대 E하우스 앞,5,5
202110,346. 맥스타일 앞,3,4
202110,347. 동대문역사문화공원역 9번출구 앞,4,1
202110,349. 사직동주민센터,1,0
202110,3500. 군자역2번출구,3,1
202110,3501. 광진구청 앞,1,6
202110,3504. 원일교회,1,0
202110,3505. 신양초교앞 교차로,4,2
202110,3506. 영동대교 북단,2,4
202110,3507. 어린이회관,1,1
202110,3509. 세종사이버대학교,0,3
202110,3510. 중곡SK아파트앞,0,1
202110,3511. 응봉역 1번출구,23,18
202110,3513. 상왕십리역 1번출구,5,4
202110,3514. 왕십리교회옆,2,5
202110,3515. 서울숲 관리사무소,22,6
202110,3516. 구의아리수정수센터앞,1,0
202110,3518. 군자역 7번출구뒤,1,0
202110,352. 중앙고입구 삼거리,2,3
202110,3524. 세종대학교,35,57
202110,3525. 금호스포츠센터앞,9,0
202110,3528. 광진정보도서관,3,0
202110,3529. 어린이대공원정문,9,4
202110,353. 재동초교 앞 삼거리,5,3
202110,3533. 건대입구역 사거리(롯데백화점),19,24
202110,3534. 건대입구역 5번출구 뒤,2,2
202110,3541. 커먼그라운드,5,7
202110,3543. 세종대학교(학술정보원),36,13
202110,3544.한양대역 3번 출구,8,8
202110,3545.한양대역 1번출구,11,5
202110,3547.상왕십리역 6번 출입구,0,1
202110,3548.뚝섬역 6번출구,2,1
202110,3549.건영아파트 앞,3,3
202110,3550.금호나들목,10,3
202110,3552.서울숲 공영주차장앞,6,13
202110,3553.마장역3번출구,0,2
202110,3559.성동구민종합체육센터 앞,5,11
202110,3561.행당동 삼부APT후문,0,1
202110,3566.우성4차아파트,1,1
202110,3569.건대병원후문,9,17
202110,3570.구의역 리버비스타 오피스텔,1,0
202110,3571.화양 APT(횡단보도 옆),1,0
202110,3573.광나루안전체험관,1,0
202110,3575.자양사거리 (LG 유플러스),0,1
202110,3578.중곡동 파크웨이빌딩,0,1
202110,3579.광진 캠퍼스시티,0,2
202110,3582.화양동 우체국,0,6
202110,359. 원남동사거리,3,4
202110,3600.사근빗물펌프장 건너편,24,24
202110,3603. 삼성역 2번출구,1,0
202110,3606. 신사동주민센터 옆,3,5
202110,361. 동묘앞역 1번출구 뒤,14,10
202110,362. 청계8가 사거리,4,4
202110,3622. 은마아파트입구 사거리,2,0
202110,3623. 일원에코파크 앞(개포로 방면),1,0
202110,3627. 압구정나들목,11,9
202110,3628. 역삼1동 주민센터,1,2
202110,363. 신설동역 11번출구 뒤,4,3
202110,3634. 국악고교 앞 교차로,1,0
202110,3638. 신청담나들목,1,0
202110,3664. 맥도날드 서울둔촌DT점 앞,2,0
202110,3668. 성내삼성아파트,1,0
202110,367. 독립문역 3-1번출구 ,1,0
202110,368. SK 서린빌딩 앞,5,2
202110,3681. 길동 마루빌딩,3,3
202110,369. 광화문 시민열린마당,5,2
202110,370. 시청역(2호선) 9번출구 뒤,3,3
202110,371. 동대입구역 6번출구 뒤,0,1
202110,374. 청구역 2번출구 앞,1,1
202110,375. 다산 어린이공원,0,1
202110,3778. 김포공항입구 교차로,0,1
202110,3786. 강서힐스테이트 상가 앞,1,1
202110,3787. 가양나들목,3,3
202110,3788. 정곡나들목,6,8
202110,3789. 염창나들목,1,1
202110,379. 서울역9번출구,3,1
202110,3794. 안양천합수부(현대3차아파트),2,4
202110,380. CJ제일제당 앞,2,1
202110,3803. 세븐일레븐 신림점,0,2
202110,3811.신사로입구,1,0
202110,382. 약수역 10번출구 앞,3,1
202110,383. 신당역 12번 출구 뒤,2,3
202110,384. 종로학원본원 ,1,0
202110,385. 종각역 5번출구,6,4
202110,3853. 어린이대공원역 2번출구,3,0
202110,3860. 건국대학교 정문 앞,0,3
202110,3864. 광진소방서 앞,1,0
202110,3865. 이튼타워리버 2차,2,2
202110,3868. 자양한강도서관,2,4
202110,387. 훈련원공원주차장 앞,3,4
202110,388. 동성중학교 앞,0,1
202110,3882. 자양2동 주민센터,2,1
202110,389. 을지로4가역 1번출구,4,1
202110,390. 충무로역 1번출구,1,10
202110,3904. 테크노마트 앞,2,4
202110,391. 정동길입구,2,2
202110,3910. 목양전원교회 앞 로터리,1,1
202110,3914. 신도림쌍용플래티넘노블아파트 앞,1,0
202110,393. 동대문역 8번 출구,7,4
202110,395. 경희궁 자이 2단지,0,1
202110,3963. 에이스 하드웨어(시흥대로 396) 앞,1,3
202110,397. 종묘공영주차장 건너편,0,3
202110,398. 을지로3가역 3번출구,15,9
202110,400. 상암한화오벨리스크 1차 앞,1,0
202110,4002. 상계주공 14단지 상가 앞,2,2
202110,4003. 스타벅스 상계초교사거리점,1,0
202110,4005. 중계2차 한화꿈에그린 101동 인근,7,1
202110,4007. 노원 을지대학교 병원,0,1
202110,4008. 하계 어린이 공원,1,1
202110,4013. 중계 롯데마트,2,0
202110,4020. 중계동 성모빌딩 앞 ,0,6
202110,4027. 이마트 월계점,1,1
202110,403. 부엉이공원 앞,0,1
202110,4032. 은행사거리(불암주유소 앞),0,2
202110,405. DMC빌 앞,3,1
202110,4058. 다락원체육공원 전망대 입구,1,0
202110,406. 상암월드컵파크 7단지 앞,4,0
202110,4062. 평화도봉공원 주변,1,1
202110,408. LG CNS앞,0,1
202110,409. 누리꿈스퀘어 옆,1,3
202110,410. 상암중학교 옆,2,0
202110,4102. 휘경1동주민센터 앞,7,4
202110,4103. 휘경sk뷰아파트 앞,4,5
202110,4104. 외대앞역 교차로,6,4
202110,4107. 장안동근린공원 입구,1,0
202110,411. DMC홍보관,0,1
202110,4113. 한국국방연구원 앞,1,3
202110,4114. 휘경여중고삼거리,2,2
202110,4121. 서울문화재단 앞,8,4
202110,414. 상암동주민센터 옆,1,1
202110,415. DMC역 9번출구 앞,1,0
202110,4153. 흑석동효사정앞,0,1
202110,418. 월드컵경기장역 3번출구 옆,3,7
202110,419. 홈플러스 앞,3,3
202110,420. 서울시 공공자전거 상암센터,5,1
202110,4202. 프런트원(공덕역4번출구 앞),1,0
202110,4206. 광흥창역5번출구,1,4
202110,4207. 아만티호텔 앞,1,0
202110,4208. 스타벅스(동교동) 앞,2,4
202110,421. 마포구청 앞,1,3
202110,4211. 시석빌딩 앞,2,3
202110,4216. 망원정 앞,1,2
202110,4217. 한강공원 망원나들목,45,26
202110,422. 문화비축기지,2,3
202110,424. 롯데하이마트 (상암월드컵점) ,1,0
202110,4255. 래미안 루센티아 아파트 108동 앞,2,0
202110,426. 서울신용보증재단,1,2
202110,430. KEB하나은행 장충동지점,0,2
202110,4303. 매헌역 2번출구앞광역버스 정류장앞(22-297),1,0
202110,4306. 서래공원 앞,0,1
202110,4307. 고투몰 gate 15옆,1,0
202110,431. 청계천 영도교,2,7
202110,4313. 반포종합운동장,1,2
202110,4316. 고속터미널역 3번출구,1,1
202110,4317. 양재근린공원,1,0
202110,433. 을지로입구역 2번출구,2,3
202110,435. SK 남산빌딩,2,4
202110,436. 이대역 5번출구,1,1
202110,4362. 행당중학교 후문,22,23
202110,4367. kt 행당빌딩 앞,1,1
202110,437. 대흥역 1번출구,12,9
202110,4370. 서울숲IT캐슬 앞,2,1
202110,439. 마포어린이공원,25,31
202110,440. 하늘공원 입구,7,26
202110,441.염천교사거리,3,1
202110,4414. 안암역 3번 출구,3,0
202110,442.서울역 서부,1,1
202110,445.대한상공회의소,4,1
202110,4452. 삼성SDS,1,1
202110,4453. 위례중앙푸르지오 201동 앞,1,0
202110,4460. 올림픽훼미리아파트 112동 앞,1,2
202110,4463. 방이역 2번 출구,2,0
202110,4464. 올림픽공원 북2문,0,2
202110,4465. 건영아파트앞 사거리,0,1
202110,4469. 거여동 어울림아파트  102동앞,1,1
202110,4480. 가락시장역 롯데마트2,2,1
202110,4481. 올림픽공원 북2문 2,0,6
202110,4483. 잠실나들목4,3,4
202110,4484. 잠실나루역4번출구뒤,2,6
202110,4496. 잠실 파크리오 120동 앞,0,2
202110,4500. 풍납나들목,2,1
202110,4509. 서울영상고교 입구,46,38
202110,4515. 동문굿모닝탑,1,1
202110,4527. 목동신시가지아파트6단지,3,7
202110,453. 종로오가 지하쇼핑센터 14번출구,0,1
202110,454. 종로2가 버스정류장 (종각방향),7,5
202110,4553. 당산삼성2차아파트,0,1
202110,4559. 신길역 2번출구,0,3
202110,4561. 양평역 1번출구,6,11
202110,4563. 여의도 은하아파트,0,1
202110,4564. 63스퀘어,4,7
202110,4565. 영등포 신세계백화점,0,1
202110,4566. 대림성원상떼빌아파트,2,0
202110,4568. 영등포로터리,3,1
202110,457. 종로꽃시장 입구 옆,2,0
202110,458. 광화문역 5번출구,4,6
202110,4585. 국회6문,2,1
202110,4590. KRX한국거래소(2),1,1
202110,4592. 신길우성4차아파트,2,1
202110,"4605. 노들섬 다목적홀(동쪽) 숲, 앞",3,3
202110,4607. 국립중앙박물관 -용산가족공원 앞,3,2
202110,4608. 국립중앙박물관 정문 앞,1,0
202110,4609. 파크타워 104동 앞,2,3
202110,4610. 한남나인원 105동 앞,1,0
202110,4611. 국제루터교회 앞,1,2
202110,4612. 한남 준 J.FSS 앞,1,0
202110,4613. 서울갤러리아 앞,2,0
202110,4615. 크라운호텔앞 버스정류소,20,13
202110,4616. 신용산지하차도 앞,4,2
202110,4617. 동원베네스트 건너편,1,1
202110,4618. 풍전아파트 건너편,0,2
202110,4619. 한강트럼프월드3차 앞,7,4
202110,4620. 삼각지역 14번 출구 앞(교통섬),1,0
202110,4622. 한강중학교 앞 버스정류장,1,0
202110,4623. 라인프랜즈이태원점 앞,4,11
202110,4627. 효창공원앞역 5번출구 옆,0,1
202110,4629. 한강초교보도육교 앞,2,1
202110,4633. 센트럴파크타워 앞,3,9
202110,465. 삼청공원 앞,6,6
202110,466.롯데호텔,0,3
202110,467.한국은행,1,1
202110,468.웨스틴 조선호텔,7,7
202110,469.회현역 1번출구,1,0
202110,470.회현역 7번출구,2,2
202110,4705. 웰니스센터(민방위교육장 앞),4,2
202110,4707. 청계3가 사거리,3,1
202110,4708. 조계사앞사거리(파리바케트앞),1,6
202110,471.회현사거리 남측,2,1
202110,4710. 자교교회 앞,0,1
202110,4713. 현대 뜨레비앙 아파트 앞,5,4
202110,4715. 돈의문 박물관 마을,2,3
202110,473.을지로4가역 9번출구,2,0
202110,474.동대문역사문화공원역 1번출구 뒤편,11,2
202110,475.DDP 패션몰,1,3
202110,4752. 삼성사이버빌리지아파트,0,1
202110,476.광희문,13,17
202110,4762. 국제빌딩,1,0
202110,4765. 동대문디자인플라자,8,6
202110,4768. 서울도시건축전시관,8,2
202110,477.앰배서더 호텔 주변,2,2
202110,4772. 중앙일보,0,1
202110,4774. 을지로입구역 8번출구,1,0
202110,4775. 을지로지하쇼핑센터,2,3
202110,4776. 신세계면세점,0,5
202110,4782. 서소문역사공원,2,2
202110,4784. 중부경찰서앞 사거리,2,0
202110,4785. 롯데시티호텔,0,1
202110,479.동대입구역 3번 출구,1,0
202110,4791. 명동역9번 출구,8,9
202110,4792. 퇴계로4가 교차로(중구청),3,6
202110,4793. 동대문역사문화공원역 5번출구,5,6
202110,4794. 서울역 서부교차로(3),1,4
202110,4796. 부산은행,2,1
202110,4797. KG타워 앞,5,8
202110,4802. 새우개마을,1,1
202110,"4809. 동성1,2차 아파트 앞",1,0
202110,481.신당역 10번 출구,0,3
202110,483.남산타운아파트 버스정류장,1,1
202110,484.도동삼거리,1,0
202110,485.서울역5번출구,2,1
202110,4852. 서울복합물류 게이트 1,1,0
202110,4856. 올림픽공원 서1문 앞,2,4
202110,4857. 올림픽공원 장미광장,2,1
202110,4860. 가락쌍용2차아파트 103동,0,2
202110,4861. 거여삼거리,1,0
202110,4862. 올림픽파크텔 맞은편,3,0
202110,4863. 잠실나들목5,1,1
202110,4864. 송파사거리,1,1
202110,4865. 한성백제역 1번출구 뒤,1,0
202110,4868. 레이크 호텔 앞,1,2
202110,4869. 잠실나들목6,4,3
202110,487.신석초교앞 교차로 교통섬,1,0
202110,4870. 몽촌토성역 3번 출구,1,3
202110,4874. 탄천1교 하부보도,2,1
202110,490.가온문화공원,4,3
202110,491.월드컵파크 4단지,1,1
202110,493.홍대입구역 6번출구,13,15
202110,497.합정동주민센터 앞,2,1
202110,498.연남동주민센터 앞,6,8
202110,500. 어린이대공원역 3번출구 앞,3,3
202110,501. 광진구의회 앞,3,2
202110,502. 뚝섬유원지역 1번출구 앞,55,66
202110,505. 자양사거리 광진아크로텔 앞,1,0
202110,508. 성수아카데미타워 앞,1,1
202110,509. 이마트 버스정류소 옆,5,3
202110,510. 서울숲 남문 버스정류소 옆,9,11
202110,511. 서울숲역 4번 출구 옆,1,4
202110,512. 뚝섬역 1번 출구 옆,3,0
202110,514. 성수사거리 버스정류장 앞,1,0
202110,515. 광양중학교 앞,4,4
202110,519. 양지사거리,3,0
202110,520. 상왕십리역 4번 출구 앞,4,12
202110,522. 금호역 1번출구 앞,1,1
202110,523. 옥수동성당 옆,0,1
202110,525. 한양대병원사거리,3,3
202110,529. 장한평역 8번 출구 앞,2,0
202110,530. 청계벽산아파트 앞,1,0
202110,535. 응봉삼거리,0,1
202110,537. 한양대후문역 부근,0,1
202110,540. 군자역 7번출구 베스트샵 앞,1,0
202110,542. 강변역 4번출구 뒤,1,1
202110,543. 구의공원(테크노마트 앞),2,1
202110,548. 자양나들목,1,2
202110,549. 아차산역 3번출구,0,1
202110,550. 서울시설공단 앞,1,1
202110,553. 중곡 성원APT 앞,0,1
202110,556. 달맞이공원,0,2
202110,557. 도선동 주민센터 앞,1,0
202110,559. 왕십리역 4번 출구 건너편,1,7
202110,560. 비전교회 앞,1,2
202110,561. 서울숲역 2번출구 앞,0,1
202110,564. 금호역 3번출구,0,1
202110,565. 옥수역 3번출구,42,25
202110,567. 성수역 2번출구 앞,9,2
202110,568. 청계8가사거리 부근,1,1
202110,571. 어린이대공원역6번출구,33,8
202110,573. 구의문주차장 앞,5,8
202110,582. 경일중학교 앞,3,2
202110,583. 청계천 생태교실 앞,3,10
202110,584. 광진광장 교통섬,3,5
202110,585. 성수2가1동 공영주차장 인근,7,8
202110,587. 유니베라 앞,2,5
202110,588. 뚝섬 유원지역,5,3
202110,589. 성수역3번출구,12,17
202110,590. 건국대학교 (입학정보관),0,2
202110,591. 건국대학교 (행정관),3,0
202110,592. 건국대학교 학생회관,10,4
202110,602. 장안동 사거리,1,0
202110,605. 신설동역8번출구,1,0
202110,609. 제기2교,4,2
202110,612. 시립동부병원 앞 사거리,1,2
202110,613. 신설동역 10번출구 앞,2,3
202110,615. 용두동 래미안허브리츠아파트 앞,1,2
202110,623. 서울시립대 정문 앞,2,3
202110,628. 휘봉고등학교 앞,2,0
202110,630. 동대문구 보건소,2,2
202110,633. 청량리 기업은행 앞,1,1
202110,634. 외국어대 정문 앞,9,9
202110,635. 시조사 앞 (청량고정문 옆),5,1
202110,636. 세종대왕기념관 교차로,1,0
202110,637. KAIST 경영대학 앞,2,4
202110,638. 서울시립대 정보기술관,1,0
202110,639. 서울시립대 후문,2,0
202110,641. 용두역 4번출구,3,0
202110,643. 동대문구민체육센터 (육교아래),0,1
202110,646. 장한평역 1번출구 (국민은행앞),1,1
202110,650. 중랑교사거리,1,3
202110,658. 촬영소 사거리,1,0
202110,659. 제기역1번출구,1,1
202110,661. 경희대학교 청운관,4,0
202110,663. 외대앞역 4번출구,1,1
202110,669.청계한신휴플러스앞 삼거리,1,0
202110,670.삼육서울병원 버스정류장,6,6
202110,671.대광빌딩,1,1
202110,672.대광고등학교,0,2
202110,674.고대앞사거리 교통섬,16,8
202110,677.청량리역 4번 5번출구 사이,0,1
202110,680.꿈마루어린이도서관 앞,9,4
202110,703. 오목교역 7번출구 앞,1,1
202110,704. 남부법원검찰청 교차로,1,0
202110,708. 서울출입국관리사무소 앞,1,1
202110,716.신정6동 주민센터 인근,0,1
202110,731. 서울시 도로환경관리센터,0,1
202110,756. 목동주차장,2,0
202110,763. 목동11단지 아파트,23,20
202110,765. 오목교역 3번출구,0,1
202110,768.목동5단지아파트 501동,1,0
202110,769.CBS방송국 앞,4,3
202110,770.목동역5번출구 교통정보센터 앞,7,17
202110,776.목마공원,1,0
202110,"785.양천구청, 보건소 사잇길",1,0
202110,788.양천구청역 2번출구 옆,3,0
202110,791.현대하이페리온,1,0
202110,792.목동트라팰리스 웨스턴에비뉴,2,2
202110,797.목동아파트 1422동 1434동 사잇길,0,1
202110,800. 목월공원 앞,2,0
202110,802. 한강진역 2번 출구 앞,3,1
202110,803. 한남초교 앞 보도육교,0,1
202110,806. 전자랜드 본관 앞,3,2
202110,807. 서울역 12번 출구 앞,3,1
202110,808. 서빙고동 금호맨션 앞,1,1
202110,809. 한남 유수지 복개주차장,4,6
202110,810. 이태원지하보도,10,20
202110,811. 녹사평역1번출구,9,9
202110,812. 용산전쟁기념관,1,5
202110,813. 삼각지역 3번출구,3,3
202110,815. LIG강촌아파트 103동앞,8,4
202110,816. 신용산역 6번출구 앞,3,4
202110,817. 삼각지역 4번출구 앞,0,1
202110,819. 선린인터넷 고등학교,6,4
202110,820. 청파동입구 교차로,5,5
202110,822. 이촌1동 마을공원,0,3
202110,825. 서빙고동 주민센터 앞,17,38
202110,826. 서울역 서부교차로2,2,3
202110,829. 베르가모앞,23,26
202110,831. 이태원관광특구입구,1,1
202110,832. 이촌1동 주민센터 뒤,6,11
202110,834. 효창공원앞역 3번출구 뒤,6,4
202110,835. 남영역 건너편,3,1
202110,836. 현대자동차서비스 앞,3,4
202110,837. 한남나들목 입구,13,23
202110,838. 숙대입구역 4번출구,2,3
202110,839. 보광동 삼성리버빌아파트 앞,12,20
202110,840. 용산 파크타워 앞,6,4
202110,841. 신용산역 1번 출구,15,14
202110,843. 녹사평역 광장,11,8
202110,844. 이촌2동 동원베네스트 아파트 앞,2,2
202110,845. 용산 선인상가,0,2
202110,846. 용산중학교,9,4
202110,847. 국방부민원실옆,2,1
202110,848. 삼각지12번 출구,3,3
202110,849. 삼각지 자이아파트,0,2
202110,851.효창 푸르지오 앞,0,2
202110,852.청암자이APT(103동),2,2
202110,853.용산역 맞은편,12,11
202110,854.HID 유족동지회 앞,1,2
202110,855.이촌역5번출구 앞,0,3
202110,857. 현대 안성타워,7,2
202110,858.녹사평역3번 출구,2,8
202110,860.LG한강 자이아파트 앞,6,9
202110,863.이촌역2번 출구,4,0
202110,864.순천향대학병원(한남오거리),2,5
202110,865.하얏트호텔 앞,2,0
202110,866.브라운스톤 남산아파트,0,3
202110,867.서빙고역 광장(1번출구),1,4
202110,869.노들섬 동측 앞,2,7
202110,870.노들섬 서측 앞,8,17
202110,905. 구파발역 2번출구,0,4
202110,912. 응암오거리,3,2
202110,914. 새절역 2번출구,1,1
202110,915. 증산역 4번출구,5,4
202110,932. 예일여중,1,0
202110,934. 신사동 성당,0,1
202110,971. 역촌 센트레빌 아파트,2,0
202110,973.제각말푸르지오 5-1단지 아파트,0,1
202110,977.신도중학교앞,1,0
202110,984.상신초등학교앞 버스정류장,0,1
202110,989.응암 꼬꼬닭치킨호프 앞,4,4
202110,991.흥국사 정류장,3,0
202110,996.응암역2번출구 국민은행 앞,2,1
202111,1008. 암사역 3번출구(국민은행앞),1,0
202111,102. 망원역 1번출구 앞,3,4
202111,1024.  강동구청 앞,1,0
202111,103. 망원역 2번출구 앞,0,10
202111,104. 합정역 1번출구 앞,6,4
202111,105. 합정역 5번출구 앞,3,5
202111,1058. 고덕숲 아이파크 1,0,1
202111,106. 합정역 7번출구 앞,16,11
202111,107. 신한은행 서교동금융센터점 앞,8,0
202111,1078.둔촌사거리,1,0
202111,108. 서교동 사거리,3,2
202111,1084. 윤선생빌딩(JYP사옥),3,0
202111,109. 제일빌딩 앞,5,3
202111,111. 상수역 2번출구 앞,3,9
202111,112. 극동방송국 앞,7,8
202111,1122. 황금내근린공원,0,1
202111,1124. 발산역 6번 출구 뒤,0,2
202111,1129. 화곡역 1번 출구 앞,1,0
202111,113. 홍대입구역 2번출구 앞,18,10
202111,114. 홍대입구역 8번출구 앞,23,16
202111,115. 마스타 빌딩 앞,9,9
202111,1150. 송정역 1번출구,0,1
202111,1151. 마곡역1번출구,1,2
202111,"1153. 발산역 1번, 9번 인근 대여소",2,0
202111,116. 일진아이윌아파트 옆,4,2
202111,1166. 강서구립등빛도서관,3,0
202111,117. 홍은사거리,7,5
202111,1172. 가양3동 주민센터,1,0
202111,1174. 강서구청사거리(부민병원),0,1
202111,118. 광흥창역 2번출구 앞,3,0
202111,119. 서강나루 공원,5,5
202111,1191. 마곡역 교차로(NH농협),1,0
202111,1193. 마곡센트럴타워 1차,1,0
202111,1194. 센서텍㈜,0,3
202111,1195. 코오롱One&Only타워,2,0
202111,1197. 엠펠리체 호텔 건너편,10,8
202111,1201. 가락시장역 3번 출구,2,7
202111,1203. 밀리아나2빌딩 앞,1,0
202111,1205. 종합운동장역 4번출구,1,2
202111,1206. 9호선종합운동장역 9번출구,0,1
202111,1207. 마천CU우방점 앞,2,2
202111,1209. 잠실나루역 (2번 출구 쪽),2,1
202111,1210. 롯데월드타워(잠실역2번출구 쪽),8,7
202111,1211. 방이삼거리,5,3
202111,1221. 삼전사거리 포스코더샵,1,0
202111,1222. 잠실새내역 5번 출구 뒤,2,0
202111,1224. 아시아지하보도 2번 출구,9,8
202111,123. 문화촌 공원,1,1
202111,1231. 잠실역 6번출구,0,2
202111,1232. 롯데마트 주차장 옆,2,6
202111,1235. 잠실트리지움310동 옆,0,2
202111,124. 서강대 정문 건너편,6,2
202111,1241. 문정 법조단지5,1,0
202111,1244. 문정 법조단지8,1,2
202111,1248. 방이초등학교,2,0
202111,125. 서강대 남문 옆,1,1
202111,1259. 방이역 1번출구,1,0
202111,126. 서강대 후문 옆,10,17
202111,1267. 올림픽공원 남2문 앞,3,2
202111,1268. 몽촌토성역 1번출구 옆,9,10
202111,1269. 리센츠아파트 ,2,0
202111,127. 현대벤처빌 앞,2,0
202111,1278. 송파구청 교차로,0,1
202111,128. 신촌역(2호선) 1번출구 옆,14,5
202111,129. 신촌역(2호선) 6번출구 옆,1,0
202111,1291. 서울체육고등학교 앞,0,2
202111,1295. 잠실역 8번출구,1,1
202111,1296. 석촌호수교차로 (송파나루근린공원 앞),1,1
202111,1297. 석촌호수교차로(동호 팔각정 앞),2,1
202111,1299. 송파소방서 (방이119안전센터),1,0
202111,130. 신촌역(2호선) 7번출구 앞,6,16
202111,1303. 돈암초교 입구,0,1
202111,1308. 안암로터리 버스정류장 앞,2,0
202111,131. 증산2교,0,1
202111,1321. 국민은행 종암동지점 앞,2,3
202111,1328. 월곡역 3번출구,0,2
202111,1332. 석계역 5번출구 건너편,0,1
202111,1336. 성북3교 위,1,1
202111,1337. 돈암성당 옆,1,0
202111,134. 연세로 명물길,0,5
202111,1343. 한성대7번출구 앞,1,0
202111,1346. 길음8골어린이공원 옆,1,0
202111,135. 명물길 원형무대 앞,3,2
202111,1351. 안암2교 옆,2,1
202111,1354. 고려대학교 2번출구,0,7
202111,1355. 보문2교,2,0
202111,1359. 장위뉴타운 꿈에 숲 코오롱 하늘채 앞,0,2
202111,1363. 보문4교 인근,0,1
202111,1368. 성신여대입구 교차로,1,0
202111,1369. 미아사거리,0,1
202111,137. NH농협 신촌지점 앞,0,5
202111,138. 신촌동 제1공영주차장 앞,2,2
202111,1384.성신여대입구역 5번출구,1,0
202111,1385.성신여대입구역 3번출구 앞,0,1
202111,139. 연세대 정문 건너편,1,0
202111,140. 이화여대 후문,2,7
202111,141. 연대 대운동장 옆,0,1
202111,1413. 봉화산역 5번출구 뒤,1,0
202111,142. 아현역 4번출구 앞,0,2
202111,1426. 면목도시개발아파트 1동 앞,3,0
202111,143. 공덕역 2번출구,3,2
202111,1438. 홈플러스 신내점 앞,0,2
202111,144. 공덕역 8번출구,7,5
202111,1455. 상봉역 2번 출구,0,3
202111,146. 마포역 2번출구 뒤,2,7
202111,1461.동양엔파트 앞,1,1
202111,147. 마포역 4번출구 뒤,3,6
202111,148. 용강동 주민센터 앞,2,1
202111,1480. 용마지구대 옆,1,1
202111,150. 서강대역 2번출구 앞,3,2
202111,153. 성산2교 사거리,1,2
202111,1531. 미아사거리 1번 출구,0,1
202111,1542. 삼양사거리역,0,1
202111,1547. 꿈의숲 롯데캐슬,1,0
202111,1548. 북서울 꿈의숲 서문,3,3
202111,1568.4.19민주묘지 입구사거리,1,0
202111,157. 애오개역 4번출구 앞,1,0
202111,159. 이대역 4번 출구,5,8
202111,160. 북아현동 가구거리,1,1
202111,1608. 공릉역 1번 출구 앞,6,7
202111,1610. 화랑대역 2번출구 앞,1,0
202111,1611. 과기대 입구(우),5,0
202111,162. 봉원고가차도 밑,0,4
202111,163. 명지전문대학교 정문 앞,0,3
202111,1636. 백병원 사거리 농협은행 앞,0,1
202111,1642. 서울여대 남문,0,1
202111,166. 가재울 초등학교,2,1
202111,1677. 육군사관학교  앞,2,0
202111,1684. 태릉입구역 5번출구,0,1
202111,169. 북가좌 삼거리,1,0
202111,1690. 도봉운전면허시험장,1,0
202111,170. 가재울 뉴타운 주유소 옆,0,1
202111,171. 임광빌딩 앞,2,0
202111,175. 홍연2교옆,5,7
202111,176. 명지대학교 도서관,1,0
202111,179. 가좌역 4번출구 앞,1,1
202111,180. 충정로역 7번출구 아래,2,0
202111,181. 망원초록길 입구,3,5
202111,182. 망원2빗물펌프장 앞,7,8
202111,1827. 독산보도육교 앞 자전거 보관소,0,1
202111,183. 하늘채코오롱아파트 건너편,4,3
202111,184. SK망원동주유소 건너편,0,1
202111,185. 마포 신수공원 앞,0,1
202111,1858. 석수역1번출구 앞 (SK주유소),0,4
202111,186. 월드컵공원,5,1
202111,1904. 도림천역 1번 출구 앞,0,1
202111,1908. 해원리바파크 육교 밑,1,0
202111,191. 서우빌딩(바른학원),5,1
202111,1911. 구로디지털단지역 앞,1,0
202111,1946. 구로역 광장,0,1
202111,1952. 천왕연지타운2단지 앞,1,1
202111,1955. 디지털입구 교차로,1,1
202111,1961. 신도림테크노근린공원,0,1
202111,1985. 구로도서관,0,1
202111,1988. 고척LIGA아파트 앞,2,2
202111,199. 서울 월드컵 경기장,4,0
202111,1996. 구일역 1번 출입구 앞,1,0
202111,2000. 신도림4차 e편한세상 아파트 1109동 앞,3,1
202111,2002. 노들역 1번출구,5,12
202111,2003. 사육신공원앞,1,0
202111,2007. 유한양행앞,0,1
202111,201. 진미파라곤 앞,0,3
202111,202. 국민일보 앞,6,3
202111,2025. 흑석역 1번출구,18,11
202111,2026. 흑석역 4번출구,4,1
202111,2027. 중앙대학교 정문 1,9,14
202111,2037. 동작역 5번출구 동작주차공원,9,2
202111,204. 국회의사당역 5번출구 옆,0,2
202111,205. 산업은행 앞,0,2
202111,2050. 노량진역 5번출구,5,5
202111,2054. 삼익아파트,1,2
202111,2058. 노량진동 맥도널드앞,1,0
202111,2059. 보라매공원 정문,0,1
202111,206. KBS 앞,1,1
202111,2060. 남성역3번출구 뒤,1,0
202111,2062. 사당새마을금고,1,0
202111,2068. 총신대 앞(육교),2,4
202111,2069. 숭실대 입구역3번 출구 앞,1,1
202111,207. 여의나루역 1번출구 앞,40,30
202111,2076.노들나루공원 입구,2,7
202111,2077.노들역 3번출구,5,4
202111,2079.중앙대학교 중앙광장,0,1
202111,2082.7호선 이수역7번출구,0,1
202111,2083.흑석롯데캐슬에듀포레(107동),0,1
202111,2089.사당역10번출구(금강빌딩),0,2
202111,209. 유진투자증권빌딩 앞,1,0
202111,2092.흑석한강푸르지오(110동),1,0
202111,2094.숭실대학교(중문) ,1,0
202111,210. IFC몰,0,4
202111,2102. 봉림교 교통섬,2,2
202111,2104. 사당역 5번출구,1,1
202111,2109. 은천로입구 가로공원,0,2
202111,211. 여의도역 4번출구 옆,1,2
202111,2111. 서울대입구역 1번출구,1,0
202111,212. 여의도역 1번출구 옆,2,1
202111,213. KT앞,1,1
202111,2135. 신림역 5번출구,0,1
202111,2136. 신림역 8번출구,2,0
202111,2139. 서울신성초등학교,0,1
202111,214. 금융감독원 앞,6,1
202111,2141. 미림여고입구 교차로,2,0
202111,2148. 낙성대역 3번출구 뒤,2,0
202111,215. 여의도고교 앞,0,1
202111,2164. 관악우체국,1,1
202111,2167. 낙성대역 1번출구,1,1
202111,217. NH농협은행 앞,1,2
202111,2172. 나들목공원,2,0
202111,2173. 당곡사거리,5,5
202111,2176. 보라매공원 보도육교,3,1
202111,2177. 신대방역 2번 출구,0,1
202111,2178. 서울대학교 정문,1,1
202111,2179. 양녕로 입구,1,0
202111,2183. 동방1교,0,2
202111,2185. 대학동 고시촌,1,1
202111,2186.우리은행 낙성대역지점,0,1
202111,2202.청계산입구역 1번출구,0,1
202111,221. 여의도초교 앞,10,3
202111,2213. 고속터미널역 5번출구 앞,0,1
202111,2214. 신반포역 2번출구 앞,2,2
202111,2217.아크로리버뷰 부지 앞,3,5
202111,"2219. 고속터미널역 8-1번, 8-2번 출구 사이",2,5
202111,2220. 반포본동 주민센터 앞,1,5
202111,2222.사당역 12번출구 뒤,0,2
202111,2230.이수역 4번 출구,3,2
202111,2239.교대역 6번출구,0,1
202111,2241.양재전화국 사거리,1,0
202111,2242.양재역 11번 출구 앞,0,3
202111,2248. 서초리슈빌S 글로벌 앞,1,0
202111,225. 앙카라공원 앞,2,1
202111,2250. 서초유치원 맞은편,4,4
202111,2255.시민의숲역 1번출구 옆,1,3
202111,2259. 잠원역 3번-4번 출구사이 ,5,0
202111,226. 샛강역 1번출구 앞,2,2
202111,2262. 한신16차아파트 119동 앞,21,19
202111,2264. 이수역 1번출구,1,1
202111,2266. 서초역 3번출구,0,1
202111,227. 양평2나들목 보행통로 입구,3,3
202111,2279. 교대역 5번출구뒤,0,1
202111,2280. 서울서초고용센터앞,1,3
202111,2282. 방배래미안아트힐 101동앞,1,0
202111,2293. SPC 앞,2,0
202111,2294. 두상빌딩 앞,4,4
202111,230. 영등포구청역 1번출구,1,3
202111,2301. 현대고등학교 건너편,9,11
202111,2303. 논현역 7번출구,0,2
202111,2305. MCM 본사 직영점 앞,4,2
202111,2306. 압구정역 2번 출구 옆,3,5
202111,2307. 압구정 한양 3차 아파트,0,1
202111,2313. 금원빌딩 앞,1,1
202111,2314. 청담나들목입구,0,4
202111,2315. 봉은사역 5번출구 옆,6,3
202111,2317. 삼성도로공원,0,1
202111,2318. 삼성중앙역4번출구(문화센터더 리빌),2,3
202111,232. 양평우림 이비즈센타 앞,1,0
202111,2327. 뱅뱅사거리 랜드마크타워 앞,1,0
202111,2328. 르네상스 호텔 사거리 역삼지하보도 7번출구 앞,0,3
202111,2330. 스타벅스 앞,2,2
202111,2331. 동영문화센터앞,1,0
202111,2332. 선릉역3번출구,0,4
202111,2333. 양재역 3번출구 주변,2,0
202111,2340. 삼호물산버스정류장(23370) 옆,1,0
202111,2348. 포스코사거리(기업은행),2,3
202111,2349. 역삼빌딩 앞(하나은행 옆),0,4
202111,2353. 강남구청역 2번출구 뒤,0,1
202111,2354. 청담역 2번출구,1,1
202111,2356. 강남구청,1,0
202111,2357. 르네상스호텔사거리 역삼지하보도 3번출구 앞 (더 오번 빌딩 명동칼국수 앞),0,1
202111,236. 문래동자이아파트 앞,2,0
202111,2362. 신사동 가로수길 입구,1,5
202111,2364. 도산대로 렉서스 앞,1,2
202111,2365. K+ 타워 앞,5,4
202111,2368. 도곡동 경남아파트 건너편,1,0
202111,2380. 삼성동베이직하우스앞,1,2
202111,2381. 언주역 6번출구앞,2,3
202111,2382. 역삼동 sk뷰 501동앞,0,1
202111,240. 문래역 4번출구 앞,2,0
202111,2406. 논현동 광명빌딩 앞,3,0
202111,2407. 역삼.서초.삼성 세무서 앞 (역삼빌딩 앞),3,1
202111,2410. 포스코피앤에스타워 (역삼역 3번출구 부근),2,0
202111,2413.도곡역 1번 출구,1,0
202111,2417.선정릉 디캠프(D.CAMP)앞,1,0
202111,2418.봉은사역 7번 출구 ,3,5
202111,"2419.봉은사역 1,2번 출구 ",2,3
202111,2421. 신논현역 4번출구,2,1
202111,2429.압구정로데오역 6번출구,0,1
202111,247. 당산역 10번출구 앞,3,2
202111,248. 초원아파트 앞,6,5
202111,249. 여의도중학교 옆,10,8
202111,2504. 신사역 4번출구 뒤,1,0
202111,2505. 우성아파트사거리 (기업은행앞),4,0
202111,2508. 양재이스타빌 앞,4,0
202111,2515.서초초등학교 후문,2,4
202111,252. 보라매역4번출구,0,1
202111,2520.서초1교 (진흥아파트 방면),1,0
202111,2523.뉴코아 킴스클럽 앞,0,1
202111,2524.반포쇼핑타운 8동 앞,1,0
202111,2525.반포쇼핑타운 2동 앞,6,14
202111,2526.반포경남쇼핑 앞,1,2
202111,2527.반포중학교 앞(세화여고 맞은편),2,1
202111,2532.국립국악원 앞,4,0
202111,2533.한가람미술관 앞,1,0
202111,2538.사평리 공원,1,0
202111,2540.반포천 앞,2,1
202111,2542.신논현타워 앞,1,2
202111,2547.포드서초서비스센터앞,1,0
202111,2548.반포1동 자율방범초소 옆,0,1
202111,259. 대방역6번출구,0,1
202111,260. 여의도 마리나선착장 앞,4,1
202111,2601. 석촌호수 아뜰리에,3,4
202111,2608. 송파구청,2,4
202111,2610. 송리단길,5,0
202111,2613. 잠실나들목,2,1
202111,2620. 송파나루역 4번 출구옆,1,10
202111,2621. 한성백제역 2번 출구,8,10
202111,2622. 올림픽공원역 3번출구,25,20
202111,2637.잠실월드 메르디앙,1,0
202111,2639.석촌역 8번출구,0,4
202111,2641.송파역 4번출구,0,3
202111,2643.풍납중학교 측면,0,2
202111,2646.레이크펠리스101동앞,0,1
202111,2647.잠실 자전거 수리센터 앞,1,1
202111,2648.헬리오시티 112동 앞,1,1
202111,2704.홈플러스(강서점),2,2
202111,2710.라이품 공영주차장 앞,0,1
202111,2715.마곡나루역 2번 출구 ,4,1
202111,2717.LG유플러스 마곡사옥,0,1
202111,2719.마곡문화공원,0,1
202111,272. 당산육갑문,30,27
202111,2722.마곡 문영비지웍스,4,7
202111,2725.서울식물원 식물문화센터,3,0
202111,2727.서울식물원 잔디마당 앞,2,0
202111,2728.마곡나루역 3번 출구,1,2
202111,2733.마곡13단지 정문 앞,0,1
202111,2737.까치산역 3번 출구,1,1
202111,274. 영등포역지하쇼핑센타 5번출구,1,4
202111,280. 양평동6차현대아파트 앞,1,0
202111,2824.미래사랑어린이공원 앞,1,1
202111,284. 센트럴 푸르지오 시티 앞,0,3
202111,286. 우성아파트 교차로,1,0
202111,2915.서울과학기술대학교(어학교육원),5,8
202111,293. 충북 미래관,1,1
202111,297.국회3문,0,1
202111,300. 정동사거리,1,0
202111,3002.벽산상암스마트큐브 ,2,2
202111,3005.마포구청 청사내,2,4
202111,3006. 상암월드컵파크5단지(상암중학교),1,0
202111,3009.서교동사거리(신),10,4
202111,301. 경복궁역 7번출구 앞,1,0
202111,3010.홍대입구역 3번출구,25,15
202111,3011.경의선(노고산동),5,9
202111,302. 경복궁역 4번출구 뒤,0,8
202111,309. 광화문역 6번출구 옆,2,0
202111,310. 청계광장 옆,2,2
202111,3100. 북성초교,3,4
202111,3101. 서대문구청,0,1
202111,3102. 연희삼거리,0,1
202111,3115.북아현 치안센터 인근,1,0
202111,3116.신촌역 4번출구,7,8
202111,3119.연희 브라운스톤 아파트 앞,6,4
202111,3120.DMC엘가아파트 앞,1,1
202111,3123.DMC파크뷰자이1단지 110동 앞,3,2
202111,3124.DMC센트럴아이파크아파트,0,3
202111,3127.홍은2파출소 옆,2,0
202111,3128.동신병원 맞은편,4,0
202111,314. 국립현대미술관,3,2
202111,316. 종각역 1번출구 앞,1,4
202111,318. 광교사거리 남측,6,1
202111,320. 을지로입구역 4번출구 앞,3,0
202111,3202.당산롯데캐슬프레스티지,0,1
202111,321. KEB 하나금융그룹 명동사옥 옆,2,2
202111,322. 명동성당 앞,1,1
202111,324. 신세계백화점 본점 앞,2,5
202111,326. 안국역 5번출구 앞,2,4
202111,327. 낙원상가 옆,1,7
202111,328. 탑골공원 앞,3,2
202111,329. 청계2가 사거리 옆,1,1
202111,331. 을지로2가 사거리 북측,1,1
202111,3311.서울대입구역 4번 출구,1,0
202111,332. 을지로2가 사거리 남측,1,1
202111,334. 종로3가역 2번출구 뒤,0,1
202111,335. 종로3가역 15번출구 앞,1,0
202111,336. 티마크 호텔 앞,1,1
202111,337. 창경궁 입구,1,2
202111,339. 종로4가 사거리,1,1
202111,3405.파크팰리스,1,0
202111,3407.안국동사거리(신),2,0
202111,3410.종로3가역 8번출구,2,1
202111,3411.종묘,4,4
202111,3412.세운상가,0,1
202111,3414.종로5가역 4번출구,0,2
202111,3415.동대문역6번출구,2,0
202111,3416.동묘앞역 6번출구,2,1
202111,342. 대학로 마로니에공원,4,5
202111,3420.성균관대입구사거리(맥도날드),2,0
202111,3421.혜화역 1번출구,3,0
202111,3422.성균관대 정문,0,1
202111,343. 예일빌딩(율곡로) 앞,1,1
202111,346. 맥스타일 앞,4,1
202111,347. 동대문역사문화공원역 9번출구 앞,2,1
202111,3500. 군자역2번출구,3,0
202111,3501. 광진구청 앞,3,1
202111,3502. 중곡역 1번출구,1,1
202111,3504. 원일교회,3,1
202111,3506. 영동대교 북단,3,3
202111,3507. 어린이회관,3,0
202111,3509. 세종사이버대학교,0,2
202111,351. 청운초교 앞 삼거리,0,1
202111,3510. 중곡SK아파트앞,0,1
202111,3511. 응봉역 1번출구,6,5
202111,3513. 상왕십리역 1번출구,0,7
202111,3514. 왕십리교회옆,0,2
202111,3515. 서울숲 관리사무소,15,19
202111,3517. 용마사거리,0,1
202111,3518. 군자역 7번출구뒤,2,2
202111,352. 중앙고입구 삼거리,1,7
202111,3524. 세종대학교,38,52
202111,3525. 금호스포츠센터앞,1,3
202111,3529. 어린이대공원정문,7,0
202111,353. 재동초교 앞 삼거리,16,5
202111,3533. 건대입구역 사거리(롯데백화점),7,11
202111,3534. 건대입구역 5번출구 뒤,6,7
202111,3539. 서원마을,3,3
202111,3541. 커먼그라운드,2,1
202111,3543. 세종대학교(학술정보원),14,4
202111,3544.한양대역 3번 출구,2,2
202111,3545.한양대역 1번출구,9,6
202111,3547.상왕십리역 6번 출입구,1,3
202111,3548.뚝섬역 6번출구,2,1
202111,3549.건영아파트 앞,1,2
202111,355. 서울사대부속초교 앞,1,0
202111,3550.금호나들목,3,3
202111,3552.서울숲 공영주차장앞,6,14
202111,3557.서울숲리버뷰자이APT105동 앞,1,0
202111,3559.성동구민종합체육센터 앞,13,3
202111,356. KT혜화지사 앞,2,0
202111,3561.행당동 삼부APT후문,4,1
202111,3563.구의7단지현대아파트,1,0
202111,3569.건대병원후문,7,13
202111,3570.구의역 리버비스타 오피스텔,1,1
202111,3571.화양 APT(횡단보도 옆),1,0
202111,3573.광나루안전체험관,1,2
202111,358. 성대입구 사거리,1,1
202111,3588.세종대학교(영실관),5,0
202111,359. 원남동사거리,2,1
202111,3600.사근빗물펌프장 건너편,8,8
202111,3604. 삼성중앙역 5번출구,0,2
202111,3606. 신사동주민센터 옆,0,5
202111,3609. 언주초등학교 입구,0,1
202111,361. 동묘앞역 1번출구 뒤,1,1
202111,3614. 은마아파트 입구 사거리,0,1
202111,3622. 은마아파트입구 사거리,1,0
202111,3623. 일원에코파크 앞(개포로 방면),0,1
202111,3627. 압구정나들목,3,5
202111,3629. 청담사거리(신한오피스텔빌딩 앞),0,2
202111,363. 신설동역 11번출구 뒤,0,1
202111,3634. 국악고교 앞 교차로,0,1
202111,3638. 신청담나들목,2,0
202111,3645. 구역삼세무서 교차로,1,1
202111,3664. 맥도날드 서울둔촌DT점 앞,1,0
202111,368. SK 서린빌딩 앞,2,3
202111,3680. 강동역3번출구,3,0
202111,3681. 길동 마루빌딩,3,1
202111,3684. 고덕자이(105동 앞),1,0
202111,369. 광화문 시민열린마당,3,3
202111,370. 시청역(2호선) 9번출구 뒤,4,1
202111,371. 동대입구역 6번출구 뒤,3,1
202111,374. 청구역 2번출구 앞,1,0
202111,3758. 서울남부출입국관리소,1,0
202111,3760. 발산역 8번 출구,0,1
202111,3783. 마곡금호어울림아파트,2,2
202111,3784. 벽산아파트,0,1
202111,3787. 가양나들목,3,4
202111,3788. 정곡나들목,1,1
202111,379. 서울역9번출구,3,2
202111,3792. 화곡본동시장 입구,1,0
202111,380. CJ제일제당 앞,5,3
202111,3803. 세븐일레븐 신림점,2,1
202111,3811.신사로입구,1,1
202111,3813. 낙성대역 5번출구,0,2
202111,382. 약수역 10번출구 앞,1,1
202111,383. 신당역 12번 출구 뒤,4,1
202111,385. 종각역 5번출구,4,4
202111,3853. 어린이대공원역 2번출구,1,0
202111,3860. 건국대학교 정문 앞,1,6
202111,387. 훈련원공원주차장 앞,5,0
202111,388. 동성중학교 앞,0,1
202111,3881. 신자초교입구 교차로,0,5
202111,389. 을지로4가역 1번출구,1,1
202111,390. 충무로역 1번출구,1,4
202111,3904. 테크노마트 앞,1,1
202111,391. 정동길입구,3,0
202111,3914. 신도림쌍용플래티넘노블아파트 앞,1,0
202111,393. 동대문역 8번 출구,1,2
202111,3959. 시흥사거리(시흥동 994-3 앞),1,0
202111,397. 종묘공영주차장 건너편,0,1
202111,398. 을지로3가역 3번출구,7,9
202111,4013. 중계 롯데마트,1,0
202111,405. DMC빌 앞,1,1
202111,4058. 다락원체육공원 전망대 입구,0,1
202111,407. 마포구 육아종합지원센터,1,0
202111,409. 누리꿈스퀘어 옆,3,4
202111,4102. 휘경1동주민센터 앞,1,1
202111,4103. 휘경sk뷰아파트 앞,8,8
202111,4104. 외대앞역 교차로,1,0
202111,4107. 장안동근린공원 입구,1,0
202111,411. DMC홍보관,0,1
202111,4113. 한국국방연구원 앞,0,1
202111,4114. 휘경여중고삼거리,0,3
202111,4116. 이문e편한세상아파트 앞,0,1
202111,4117. 휘경119안전센터 앞,1,0
202111,4121. 서울문화재단 앞,5,4
202111,4122. 청계9가교차로 앞,4,4
202111,4125. 회기역 2-①번출구,7,8
202111,413. 상암월드컵파크 3단지 후문,2,5
202111,415. DMC역 9번출구 앞,2,0
202111,4173. 이화약국 앞,0,3
202111,418. 월드컵경기장역 3번출구 옆,6,3
202111,419. 홈플러스 앞,0,1
202111,4202. 프런트원(공덕역4번출구 앞),4,4
202111,4206. 광흥창역5번출구,1,1
202111,4207. 아만티호텔 앞,5,0
202111,4208. 스타벅스(동교동) 앞,6,0
202111,421. 마포구청 앞,1,2
202111,4210. 가좌행복주택 앞,1,0
202111,4211. 시석빌딩 앞,2,1
202111,4216. 망원정 앞,0,1
202111,4217. 한강공원 망원나들목,31,22
202111,422. 문화비축기지,2,0
202111,426. 서울신용보증재단,3,0
202111,4304. 서울고앞,1,0
202111,4306. 서래공원 앞,1,0
202111,4307. 고투몰 gate 15옆,1,0
202111,431. 청계천 영도교,14,15
202111,4313. 반포종합운동장,0,1
202111,4316. 고속터미널역 3번출구,1,1
202111,4319. 삼성전자R&D어린이집 뒤,0,1
202111,4320. 신영체르니 아파트,1,1
202111,433. 을지로입구역 2번출구,5,1
202111,435. SK 남산빌딩,1,0
202111,4353. 코오롱디지털타워 3차앞,2,0
202111,436. 이대역 5번출구,1,1
202111,4362. 행당중학교 후문,7,3
202111,437. 대흥역 1번출구,2,10
202111,4370. 서울숲IT캐슬 앞,1,2
202111,438. 성산2-1 공영주차장,0,2
202111,439. 마포어린이공원,8,5
202111,440. 하늘공원 입구,3,9
202111,441.염천교사거리,3,4
202111,442.서울역 서부,3,1
202111,443.호암아트홀,0,1
202111,4452. 삼성SDS,2,1
202111,4457. 아산병원 기숙사 부근,0,2
202111,4464. 올림픽공원 북2문,6,6
202111,4465. 건영아파트앞 사거리,1,0
202111,4481. 올림픽공원 북2문 2,5,5
202111,4483. 잠실나들목4,3,3
202111,4484. 잠실나루역4번출구뒤,1,3
202111,4486. 홈플러스 잠실점,2,3
202111,4500. 풍납나들목,3,1
202111,4509. 서울영상고교 입구,36,31
202111,4515. 동문굿모닝탑,2,4
202111,452. 동대문 종합시장 버스정류장,1,0
202111,4527. 목동신시가지아파트6단지,6,4
202111,453. 종로오가 지하쇼핑센터 14번출구,3,0
202111,454. 종로2가 버스정류장 (종각방향),1,2
202111,455. 삼익한의원,3,1
202111,4561. 양평역 1번출구,7,7
202111,4564. 63스퀘어,2,7
202111,4566. 대림성원상떼빌아파트,3,1
202111,4568. 영등포로터리,1,0
202111,457. 종로꽃시장 입구 옆,2,1
202111,4571. 문래동롯데캐슬아파트,3,2
202111,4574. 영등포시장역 포레나영등포,0,1
202111,458. 광화문역 5번출구,3,1
202111,4585. 국회6문,2,0
202111,4592. 신길우성4차아파트,1,0
202111,4603. 한강GS에클라트 건너편 교통섬,0,1
202111,"4605. 노들섬 다목적홀(동쪽) 숲, 앞",4,5
202111,4607. 국립중앙박물관 -용산가족공원 앞,4,2
202111,4608. 국립중앙박물관 정문 앞,1,4
202111,4609. 파크타워 104동 앞,3,1
202111,461. 서울지방경찰청,0,2
202111,4610. 한남나인원 105동 앞,2,3
202111,4611. 국제루터교회 앞,2,0
202111,4612. 한남 준 J.FSS 앞,1,2
202111,4613. 서울갤러리아 앞,5,4
202111,4615. 크라운호텔앞 버스정류소,13,16
202111,4616. 신용산지하차도 앞,4,2
202111,4619. 한강트럼프월드3차 앞,28,39
202111,4620. 삼각지역 14번 출구 앞(교통섬),3,3
202111,4622. 한강중학교 앞 버스정류장,1,2
202111,4623. 라인프랜즈이태원점 앞,8,8
202111,4625. 용산공원갤러리앞,1,2
202111,4627. 효창공원앞역 5번출구 옆,2,0
202111,4629. 한강초교보도육교 앞,4,9
202111,4633. 센트럴파크타워 앞,6,6
202111,464. 삼청동 골목,1,2
202111,466.롯데호텔,2,0
202111,468.웨스틴 조선호텔,0,2
202111,469.회현역 1번출구,0,1
202111,470.회현역 7번출구,0,2
202111,4705. 웰니스센터(민방위교육장 앞),2,1
202111,4708. 조계사앞사거리(파리바케트앞),2,4
202111,471.회현사거리 남측,5,5
202111,4710. 자교교회 앞,0,1
202111,4713. 현대 뜨레비앙 아파트 앞,0,1
202111,472.삼일교(시그니쳐 타워),1,0
202111,473.을지로4가역 9번출구,5,1
202111,474.동대문역사문화공원역 1번출구 뒤편,9,4
202111,475.DDP 패션몰,3,3
202111,4752. 삼성사이버빌리지아파트,0,2
202111,476.광희문,4,5
202111,4760. 서울역 7번출구,1,1
202111,4761. 탐앤탐스 을지로3가점,1,0
202111,4762. 국제빌딩,0,1
202111,4765. 동대문디자인플라자,5,15
202111,4768. 서울도시건축전시관,4,0
202111,477.앰배서더 호텔 주변,0,1
202111,4774. 을지로입구역 8번출구,5,0
202111,4775. 을지로지하쇼핑센터,0,1
202111,4776. 신세계면세점,3,2
202111,4777. 약수동 주민센터,6,0
202111,4778. 대신파이낸스센터,3,4
202111,4781. 브라운스위트레지던스,1,1
202111,4785. 롯데시티호텔,2,0
202111,479.동대입구역 3번 출구,0,1
202111,4791. 명동역9번 출구,4,4
202111,4792. 퇴계로4가 교차로(중구청),1,5
202111,4793. 동대문역사문화공원역 5번출구,4,1
202111,4794. 서울역 서부교차로(3),3,3
202111,4796. 부산은행,0,5
202111,4797. KG타워 앞,1,1
202111,4798. 황학동롯데캐슬,3,3
202111,480.약수역 6번 출구,4,0
202111,484.도동삼거리,2,0
202111,485.서울역5번출구,4,4
202111,4854. 가락시장역 2번 출구,1,0
202111,4856. 올림픽공원 서1문 앞,1,0
202111,4857. 올림픽공원 장미광장,1,0
202111,4859. 잠실나루 나들목,1,0
202111,4862. 올림픽파크텔 맞은편,4,1
202111,4863. 잠실나들목5,1,1
202111,4869. 잠실나들목6,2,3
202111,487.신석초교앞 교차로 교통섬,0,1
202111,4870. 몽촌토성역 3번 출구,1,1
202111,4873. 개롱역사거리 2번 출구,0,2
202111,490.가온문화공원,2,2
202111,493.홍대입구역 6번출구,15,8
202111,494.신수동주민센터,1,0
202111,497.합정동주민센터 앞,2,2
202111,498.연남동주민센터 앞,1,0
202111,500. 어린이대공원역 3번출구 앞,1,2
202111,501. 광진구의회 앞,5,4
202111,502. 뚝섬유원지역 1번출구 앞,16,37
202111,505. 자양사거리 광진아크로텔 앞,3,4
202111,509. 이마트 버스정류소 옆,1,3
202111,510. 서울숲 남문 버스정류소 옆,7,9
202111,511. 서울숲역 4번 출구 옆,11,1
202111,512. 뚝섬역 1번 출구 옆,2,3
202111,513. 뚝섬역 5번 출구 정류소 옆,0,2
202111,514. 성수사거리 버스정류장 앞,1,1
202111,516. 광진메디칼 앞,0,1
202111,518. 청계천 박물관 앞,1,2
202111,520. 상왕십리역 4번 출구 앞,0,4
202111,521. 왕십리역 11번 출구 앞,3,1
202111,523. 옥수동성당 옆,0,1
202111,525. 한양대병원사거리,6,2
202111,526. 용답토속공원 앞,0,1
202111,529. 장한평역 8번 출구 앞,1,0
202111,530. 청계벽산아파트 앞,0,1
202111,537. 한양대후문역 부근,4,1
202111,538. 답십리역 8번출구 앞,0,1
202111,539. 군자교교차로,1,0
202111,542. 강변역 4번출구 뒤,2,3
202111,543. 구의공원(테크노마트 앞),6,0
202111,546. 잠실대교북단 교차로,0,4
202111,551. 구의삼성쉐르빌 앞,0,1
202111,552. 대림아크로리버 앞,0,1
202111,553. 중곡 성원APT 앞,1,1
202111,556. 달맞이공원,0,2
202111,559. 왕십리역 4번 출구 건너편,1,1
202111,560. 비전교회 앞,21,30
202111,561. 서울숲역 2번출구 앞,2,0
202111,562. 군자지하보도 앞,2,2
202111,563. 성동세무서 건너편,1,0
202111,564. 금호역 3번출구,1,0
202111,565. 옥수역 3번출구,12,5
202111,567. 성수역 2번출구 앞,4,7
202111,568. 청계8가사거리 부근,2,0
202111,569. 응봉현대아파트 정류소,1,0
202111,571. 어린이대공원역6번출구,8,2
202111,574. 아차산역4번출구,0,1
202111,579. 마장역 4번출구,2,0
202111,582. 경일중학교 앞,2,0
202111,583. 청계천 생태교실 앞,8,7
202111,584. 광진광장 교통섬,6,1
202111,585. 성수2가1동 공영주차장 인근,5,3
202111,588. 뚝섬 유원지역,5,4
202111,589. 성수역3번출구,18,10
202111,590. 건국대학교 (입학정보관),1,3
202111,592. 건국대학교 학생회관,6,1
202111,593.자양중앙나들목,3,2
202111,607. 신이문역 2번출구,0,1
202111,609. 제기2교,2,1
202111,614. 용두동 사거리,1,3
202111,623. 서울시립대 정문 앞,4,6
202111,626. 군자교 서측 녹지대,1,1
202111,630. 동대문구 보건소,1,0
202111,631. 답십리역 1번출구,7,2
202111,634. 외국어대 정문 앞,8,7
202111,635. 시조사 앞 (청량고정문 옆),5,3
202111,637. KAIST 경영대학 앞,3,3
202111,638. 서울시립대 정보기술관,2,0
202111,641. 용두역 4번출구,1,2
202111,646. 장한평역 1번출구 (국민은행앞),1,2
202111,648. 장안동위더스빌옆,5,4
202111,659. 제기역1번출구,3,1
202111,661. 경희대학교 청운관,2,1
202111,663. 외대앞역 4번출구,2,2
202111,664. 서울시립대 건설공학관,2,4
202111,670.삼육서울병원 버스정류장,8,7
202111,671.대광빌딩,0,1
202111,674.고대앞사거리 교통섬,1,0
202111,677.청량리역 4번 5번출구 사이,1,1
202111,680.꿈마루어린이도서관 앞,7,5
202111,681.서울특별시 동부교육지원청(육교),1,0
202111,704. 남부법원검찰청 교차로,1,2
202111,708. 서울출입국관리사무소 앞,1,0
202111,719. 홍익병원앞 교차로,1,0
202111,746. 목동2단지 상가,1,3
202111,763. 목동11단지 아파트,20,17
202111,765. 오목교역 3번출구,1,1
202111,766. 신목동역 3번출구,2,2
202111,769.CBS방송국 앞,1,1
202111,770.목동역5번출구 교통정보센터 앞,4,10
202111,788.양천구청역 2번출구 옆,0,1
202111,791.현대하이페리온,1,1
202111,792.목동트라팰리스 웨스턴에비뉴,4,6
202111,794.양천문화회관,1,0
202111,800. 목월공원 앞,0,1
202111,802. 한강진역 2번 출구 앞,3,0
202111,803. 한남초교 앞 보도육교,1,0
202111,805. 문배어린이공원 앞,1,0
202111,806. 전자랜드 본관 앞,4,3
202111,807. 서울역 12번 출구 앞,4,7
202111,808. 서빙고동 금호맨션 앞,5,0
202111,809. 한남 유수지 복개주차장,1,1
202111,810. 이태원지하보도,5,4
202111,811. 녹사평역1번출구,13,3
202111,812. 용산전쟁기념관,4,2
202111,813. 삼각지역 3번출구,3,2
202111,815. LIG강촌아파트 103동앞,3,8
202111,816. 신용산역 6번출구 앞,0,2
202111,817. 삼각지역 4번출구 앞,0,2
202111,818. 숙명여대 입구 교차로,0,1
202111,819. 선린인터넷 고등학교,8,11
202111,820. 청파동입구 교차로,5,3
202111,822. 이촌1동 마을공원,1,1
202111,823. 효창동주민센터 앞,0,2
202111,825. 서빙고동 주민센터 앞,14,39
202111,826. 서울역 서부교차로2,5,4
202111,828. 숙대입구역 8번,3,1
202111,829. 베르가모앞,10,11
202111,831. 이태원관광특구입구,9,1
202111,832. 이촌1동 주민센터 뒤,4,7
202111,834. 효창공원앞역 3번출구 뒤,1,0
202111,835. 남영역 건너편,0,2
202111,836. 현대자동차서비스 앞,3,4
202111,837. 한남나들목 입구,14,16
202111,838. 숙대입구역 4번출구,3,0
202111,839. 보광동 삼성리버빌아파트 앞,3,6
202111,840. 용산 파크타워 앞,5,3
202111,841. 신용산역 1번 출구,3,2
202111,843. 녹사평역 광장,6,4
202111,846. 용산중학교,12,11
202111,847. 국방부민원실옆,4,2
202111,848. 삼각지12번 출구,13,1
202111,849. 삼각지 자이아파트,5,2
202111,850. KCC용산월츠타워 ,0,1
202111,851.효창 푸르지오 앞,4,6
202111,852.청암자이APT(103동),4,4
202111,853.용산역 맞은편,9,12
202111,854.HID 유족동지회 앞,4,0
202111,857. 현대 안성타워,8,3
202111,858.녹사평역3번 출구,5,15
202111,860.LG한강 자이아파트 앞,1,4
202111,863.이촌역2번 출구,1,0
202111,865.하얏트호텔 앞,2,0
202111,866.브라운스톤 남산아파트,4,4
202111,867.서빙고역 광장(1번출구),4,4
202111,869.노들섬 동측 앞,3,2
202111,870.노들섬 서측 앞,17,20
202111,907. CJ 드림시티,3,3
202111,908. 구산역 4번출구,1,0
202111,911. 은평평화공원(역촌역4번출구),1,0
202111,912. 응암오거리,2,5
202111,914. 새절역 2번출구,1,0
202111,915. 증산역 4번출구,1,1
202111,924. 메뚜기다리,1,1
202111,927. 연신내역 3번출구 인근,1,0
202111,928. 은평역사한옥박물관,2,2
202111,948. 디지털미디어 시티역 4번출구(DMC역),1,0
202111,956. 응암시장교차로,1,1
202111,962. 은평뉴타운 힐데스하임,0,1
202111,967. 서울혁신파크2,1,0
202111,991.흥국사 정류장,1,0
202111,992.북한산입구 정류장,1,0
202111,996.응암역2번출구 국민은행 앞,2,0
202112,1009. 천호역4번출구(현대백화점),0,1
202112,102. 망원역 1번출구 앞,1,1
202112,103. 망원역 2번출구 앞,3,2
202112,104. 합정역 1번출구 앞,1,1
202112,105. 합정역 5번출구 앞,2,0
202112,106. 합정역 7번출구 앞,15,18
202112,107. 신한은행 서교동금융센터점 앞,3,0
202112,108. 서교동 사거리,5,3
202112,1086.래미안 솔베뉴(구천면로),0,2
202112,109. 제일빌딩 앞,0,5
202112,111. 상수역 2번출구 앞,3,2
202112,112. 극동방송국 앞,5,3
202112,1122. 황금내근린공원,1,1
202112,1124. 발산역 6번 출구 뒤,1,1
202112,1126. 우장산역 1번출구옆(우장산아이파크105동앞),1,1
202112,1128. 화곡역 6번출구,1,2
202112,1129. 화곡역 1번 출구 앞,4,0
202112,113. 홍대입구역 2번출구 앞,2,3
202112,114. 홍대입구역 8번출구 앞,5,10
202112,1148. 볏골공원,1,3
202112,115. 마스타 빌딩 앞,22,16
202112,1158. 가양역 8번출구,1,0
202112,1159. 서서울모터리움앞,0,1
202112,118. 광흥창역 2번출구 앞,1,2
202112,119. 서강나루 공원,4,2
202112,1191. 마곡역 교차로(NH농협),0,1
202112,1197. 엠펠리체 호텔 건너편,8,2
202112,1205. 종합운동장역 4번출구,1,0
202112,1206. 9호선종합운동장역 9번출구,1,0
202112,1207. 마천CU우방점 앞,1,1
202112,1209. 잠실나루역 (2번 출구 쪽),1,0
202112,1210. 롯데월드타워(잠실역2번출구 쪽),9,6
202112,1211. 방이삼거리,1,1
202112,122. 신성기사식당 앞,4,3
202112,1222. 잠실새내역 5번 출구 뒤,1,0
202112,1224. 아시아지하보도 2번 출구,4,2
202112,1231. 잠실역 6번출구,2,0
202112,1232. 롯데마트 주차장 옆,1,0
202112,1235. 잠실트리지움310동 옆,0,1
202112,124. 서강대 정문 건너편,4,0
202112,1243. 문정 법조단지7,0,1
202112,1251. 석촌역 2번출구,1,0
202112,126. 서강대 후문 옆,6,6
202112,1262. 송파여성문화회관 앞,1,1
202112,127. 현대벤처빌 앞,0,1
202112,128. 신촌역(2호선) 1번출구 옆,4,2
202112,1295. 잠실역 8번출구,2,4
202112,130. 신촌역(2호선) 7번출구 앞,7,6
202112,1306. 한성대입구역2번출구,1,0
202112,1308. 안암로터리 버스정류장 앞,2,2
202112,1321. 국민은행 종암동지점 앞,1,1
202112,1337. 돈암성당 옆,2,0
202112,134. 연세로 명물길,1,2
202112,1349. 월계2교 버스정류장 앞,1,0
202112,135. 명물길 원형무대 앞,1,0
202112,1355. 보문2교,1,0
202112,1359. 장위뉴타운 꿈에 숲 코오롱 하늘채 앞,0,1
202112,1372. KEB은행 고대점,2,1
202112,1373. 성북구보건소 건너편,1,1
202112,1385.성신여대입구역 3번출구 앞,1,0
202112,140. 이화여대 후문,1,2
202112,141. 연대 대운동장 옆,0,6
202112,1438. 홈플러스 신내점 앞,1,0
202112,144. 공덕역 8번출구,2,1
202112,1447. 면목역 3번출구,2,1
202112,145. 공덕역 5번출구,3,1
202112,146. 마포역 2번출구 뒤,1,4
202112,1461.동양엔파트 앞,0,1
202112,147. 마포역 4번출구 뒤,2,5
202112,150. 서강대역 2번출구 앞,1,1
202112,153. 성산2교 사거리,2,0
202112,155. 가좌역1 번출구 앞,0,3
202112,159. 이대역 4번 출구,4,0
202112,1605. 헬스케어,0,1
202112,1636. 백병원 사거리 농협은행 앞,0,2
202112,1637. KT 노원점 건물 앞,0,1
202112,1643. 태릉입구역 8번출구,0,1
202112,1659. 중계동 을지중학교,1,0
202112,1669. 중계역 3번출구,1,0
202112,1670. 노원경찰서교차로,1,0
202112,1671. 인덕대학교,0,1
202112,1684. 태릉입구역 5번출구,1,0
202112,175. 홍연2교옆,0,2
202112,182. 망원2빗물펌프장 앞,2,1
202112,184. SK망원동주유소 건너편,1,0
202112,185. 마포 신수공원 앞,6,3
202112,186. 월드컵공원,4,3
202112,1904. 도림천역 1번 출구 앞,0,1
202112,1906. 신도림역 1번 출구 앞,1,0
202112,191. 서우빌딩(바른학원),2,0
202112,1975. 대림역 1번 출입구 밑,0,1
202112,1986. 태평양물산빌딩,0,1
202112,1991. 오류동역 맞은편,4,6
202112,2002. 노들역 1번출구,0,3
202112,201. 진미파라곤 앞,0,1
202112,202. 국민일보 앞,0,3
202112,2025. 흑석역 1번출구,13,11
202112,2026. 흑석역 4번출구,7,1
202112,2027. 중앙대학교 정문 1,5,8
202112,203. 국회의사당역 3번출구 옆,1,1
202112,2032. 이수역 11번출구쪽,3,0
202112,2037. 동작역 5번출구 동작주차공원,1,1
202112,2040. 비계 버스정류소,2,0
202112,205. 산업은행 앞,2,1
202112,2050. 노량진역 5번출구,5,2
202112,2054. 삼익아파트,0,2
202112,2058. 노량진동 맥도널드앞,1,0
202112,2060. 남성역3번출구 뒤,1,0
202112,207. 여의나루역 1번출구 앞,34,31
202112,2070. 노량진역 2번 출구 앞,1,0
202112,2077.노들역 3번출구,6,1
202112,2079.중앙대학교 중앙광장,2,1
202112,2080.빕스 대방점 앞,1,3
202112,2082.7호선 이수역7번출구,0,2
202112,209. 유진투자증권빌딩 앞,5,4
202112,2092.흑석한강푸르지오(110동),0,1
202112,2094.숭실대학교(중문) ,1,0
202112,2095.경문고등학교 앞,1,0
202112,210. IFC몰,0,6
202112,2102. 봉림교 교통섬,1,0
202112,2107. 도림천 신화교,1,0
202112,211. 여의도역 4번출구 옆,1,0
202112,2111. 서울대입구역 1번출구,1,0
202112,2115. 관악농협농산물백화점,1,1
202112,2119. 중앙동 동진빌딩,0,1
202112,212. 여의도역 1번출구 옆,4,0
202112,2122. 낙성대로 입구,1,0
202112,2128. 관악구청교차로,0,1
202112,2129. 낙성대 과학전시관,1,0
202112,2136. 신림역 8번출구,1,0
202112,215. 여의도고교 앞,2,0
202112,2159. 인헌초교,0,1
202112,2165. JK장평타워,1,0
202112,2167. 낙성대역 1번출구,1,0
202112,217. NH농협은행 앞,1,0
202112,2170. 조원동서울본병원,1,0
202112,2172. 나들목공원,2,0
202112,2173. 당곡사거리,1,0
202112,2184. 구암초등학교 버스정류장,0,1
202112,2186.우리은행 낙성대역지점,1,0
202112,220. 미성아파트 A동 앞,0,1
202112,221. 여의도초교 앞,2,5
202112,2213. 고속터미널역 5번출구 앞,0,1
202112,"2219. 고속터미널역 8-1번, 8-2번 출구 사이",1,8
202112,222. 시범아파트버스정류장 옆,3,0
202112,2220. 반포본동 주민센터 앞,0,1
202112,2221.하나은행 방배동지점 앞,2,1
202112,2222.사당역 12번출구 뒤,0,1
202112,2230.이수역 4번 출구,2,3
202112,2231. 삼성타운(삼성생명) A동 맞은편,1,2
202112,224. 롯데캐슬 앞,1,0
202112,2241.양재전화국 사거리,0,1
202112,2242.양재역 11번 출구 앞,1,2
202112,2247.섬들근린공원,2,2
202112,225. 앙카라공원 앞,5,0
202112,2250. 서초유치원 맞은편,10,6
202112,2251. 더케이호텔 입구(양재2) ,2,2
202112,2252. 하이브랜드 앞,0,1
202112,2262. 한신16차아파트 119동 앞,5,12
202112,2264. 이수역 1번출구,0,1
202112,227. 양평2나들목 보행통로 입구,7,6
202112,2276. 영동1교 (양재천근린공원),0,1
202112,2280. 서울서초고용센터앞,1,0
202112,2281. 연세사랑병원신관앞,0,1
202112,2294. 두상빌딩 앞,4,7
202112,2301. 현대고등학교 건너편,2,1
202112,2302. 교보타워 버스정류장(신논현역 3번출구 후면),1,1
202112,2306. 압구정역 2번 출구 옆,2,4
202112,2307. 압구정 한양 3차 아파트,3,0
202112,2308. 압구정파출소 앞,0,3
202112,231. 남부고용노동지청 남측,1,0
202112,2312. 청담역 13번 출구 앞,1,1
202112,2313. 금원빌딩 앞,0,5
202112,2317. 삼성도로공원,0,2
202112,232. 양평우림 이비즈센타 앞,0,1
202112,2320. 도곡역 대치지구대 방향,1,0
202112,2333. 양재역 3번출구 주변,1,1
202112,2335. 3호선 매봉역 3번출구앞,2,2
202112,2348. 포스코사거리(기업은행),1,1
202112,2349. 역삼빌딩 앞(하나은행 옆),0,1
202112,236. 문래동자이아파트 앞,0,1
202112,2362. 신사동 가로수길 입구,1,0
202112,2364. 도산대로 렉서스 앞,0,2
202112,2365. K+ 타워 앞,1,2
202112,2373. 개포동역 사거리,1,0
202112,2380. 삼성동베이직하우스앞,3,1
202112,2406. 논현동 광명빌딩 앞,1,0
202112,2417.선정릉 디캠프(D.CAMP)앞,1,0
202112,2418.봉은사역 7번 출구 ,2,0
202112,2421. 신논현역 4번출구,3,0
202112,2423.영희초교 사거리(래미안개포루체하임),0,1
202112,2429.압구정로데오역 6번출구,0,1
202112,243. 이앤씨드림타워 앞,2,3
202112,2431.대치역 7번출구,1,2
202112,248. 초원아파트 앞,0,2
202112,249. 여의도중학교 옆,4,6
202112,250. 대림아파트 사거리,1,1
202112,2502. 서초역1번출구 앞,0,1
202112,2503. 반포1동 서초빌딩 앞,0,1
202112,2504. 신사역 4번출구 뒤,1,1
202112,2505. 우성아파트사거리 (기업은행앞),1,2
202112,251. 서울지방병무청 버스정류장,5,2
202112,2518.서초3교(효령로70길 방면),1,1
202112,252. 보라매역4번출구,1,0
202112,2525.반포쇼핑타운 2동 앞,0,4
202112,2526.반포경남쇼핑 앞,0,2
202112,2533.한가람미술관 앞,2,1
202112,2538.사평리 공원,1,1
202112,2542.신논현타워 앞,1,0
202112,2549.LH 서초 4단지 403동,1,0
202112,260. 여의도 마리나선착장 앞,4,3
202112,2601. 석촌호수 아뜰리에,1,1
202112,2604. 삼표레미콘 앞,0,1
202112,2608. 송파구청,2,1
202112,2615. 테라타워2,1,1
202112,2621. 한성백제역 2번 출구,1,0
202112,2622. 올림픽공원역 3번출구,2,4
202112,2623.석촌동 주민센터,1,0
202112,2637.잠실월드 메르디앙,1,0
202112,2641.송파역 4번출구,1,3
202112,2647.잠실 자전거 수리센터 앞,0,1
202112,267. 삼성화재 사옥 옆,1,6
202112,2701. 마곡나루역 5번출구 뒤편,1,1
202112,2704.홈플러스(강서점),2,2
202112,2715.마곡나루역 2번 출구 ,0,1
202112,2717.LG유플러스 마곡사옥,1,0
202112,2719.마곡문화공원,0,1
202112,272. 당산육갑문,9,2
202112,2720.힐스테이트에코,1,0
202112,2721.등촌1-10단지 교차로,1,0
202112,2722.마곡 문영비지웍스,1,2
202112,2728.마곡나루역 3번 출구,0,1
202112,2733.마곡13단지 정문 앞,2,3
202112,2737.까치산역 3번 출구,1,1
202112,2824.미래사랑어린이공원 앞,0,1
202112,284. 센트럴 푸르지오 시티 앞,1,1
202112,2910.도깨비시장,1,1
202112,2917.신창중학교 후문 맞은편 버스정류장,0,1
202112,300. 정동사거리,1,1
202112,3002.벽산상암스마트큐브 ,2,3
202112,3005.마포구청 청사내,3,1
202112,3009.서교동사거리(신),0,2
202112,301. 경복궁역 7번출구 앞,0,1
202112,3010.홍대입구역 3번출구,8,6
202112,302. 경복궁역 4번출구 뒤,0,3
202112,305. 종로구청 옆,1,0
202112,307. 서울역사박물관 앞,1,0
202112,308. 광화문 S타워 앞,1,0
202112,3101. 서대문구청,2,6
202112,3113.독립문역사거리,2,2
202112,3116.신촌역 4번출구,11,9
202112,3128.동신병원 맞은편,3,1
202112,314. 국립현대미술관,1,3
202112,318. 광교사거리 남측,0,1
202112,320. 을지로입구역 4번출구 앞,2,3
202112,321. KEB 하나금융그룹 명동사옥 옆,5,3
202112,322. 명동성당 앞,0,1
202112,324. 신세계백화점 본점 앞,1,2
202112,326. 안국역 5번출구 앞,3,0
202112,327. 낙원상가 옆,1,1
202112,328. 탑골공원 앞,1,1
202112,329. 청계2가 사거리 옆,0,2
202112,331. 을지로2가 사거리 북측,1,0
202112,332. 을지로2가 사거리 남측,1,0
202112,334. 종로3가역 2번출구 뒤,0,2
202112,335. 종로3가역 15번출구 앞,3,0
202112,3407.안국동사거리(신),3,0
202112,3408.종로타워빌딩,2,1
202112,3411.종묘,1,0
202112,3414.종로5가역 4번출구,0,3
202112,342. 대학로 마로니에공원,1,2
202112,3422.성균관대 정문,1,1
202112,3428.서울미술관,0,1
202112,3432.종로2가 사거리,1,2
202112,344. 성균관대 E하우스 앞,1,0
202112,346. 맥스타일 앞,6,0
202112,347. 동대문역사문화공원역 9번출구 앞,0,1
202112,3500. 군자역2번출구,1,0
202112,3501. 광진구청 앞,8,6
202112,3505. 신양초교앞 교차로,1,2
202112,3506. 영동대교 북단,5,5
202112,3509. 세종사이버대학교,1,0
202112,3511. 응봉역 1번출구,0,2
202112,3513. 상왕십리역 1번출구,2,3
202112,3515. 서울숲 관리사무소,1,6
202112,352. 중앙고입구 삼거리,1,2
202112,3520. 광진경찰서,1,2
202112,3524. 세종대학교,15,14
202112,3533. 건대입구역 사거리(롯데백화점),4,4
202112,3534. 건대입구역 5번출구 뒤,5,3
202112,3536. 중앙농협(자양동),1,0
202112,3541. 커먼그라운드,5,3
202112,3543. 세종대학교(학술정보원),3,7
202112,3544.한양대역 3번 출구,3,4
202112,3545.한양대역 1번출구,0,2
202112,3547.상왕십리역 6번 출입구,1,4
202112,355. 서울사대부속초교 앞,0,1
202112,3552.서울숲 공영주차장앞,6,3
202112,3557.서울숲리버뷰자이APT105동 앞,1,0
202112,3559.성동구민종합체육센터 앞,6,4
202112,3569.건대병원후문,0,5
202112,3571.화양 APT(횡단보도 옆),2,1
202112,3573.광나루안전체험관,1,1
202112,3575.자양사거리 (LG 유플러스),1,0
202112,358. 성대입구 사거리,0,1
202112,3586.군자역 비채온 오피스텔,0,2
202112,359. 원남동사거리,0,3
202112,3600.사근빗물펌프장 건너편,2,4
202112,3606. 신사동주민센터 옆,3,2
202112,361. 동묘앞역 1번출구 뒤,3,3
202112,362. 청계8가 사거리,0,2
202112,3627. 압구정나들목,4,2
202112,3646. 선정릉역 4번 출구,0,1
202112,3680. 강동역3번출구,0,1
202112,369. 광화문 시민열린마당,2,3
202112,371. 동대입구역 6번출구 뒤,0,1
202112,374. 청구역 2번출구 앞,1,1
202112,3772. 길성그랑프리텔아파트,2,2
202112,3787. 가양나들목,1,1
202112,3794. 안양천합수부(현대3차아파트),4,4
202112,380. CJ제일제당 앞,5,3
202112,3811.신사로입구,0,1
202112,382. 약수역 10번출구 앞,2,0
202112,3853. 어린이대공원역 2번출구,1,0
202112,3863. 동일로58길 입구,2,2
202112,387. 훈련원공원주차장 앞,1,0
202112,390. 충무로역 1번출구,2,1
202112,3904. 테크노마트 앞,1,0
202112,3914. 신도림쌍용플래티넘노블아파트 앞,0,1
202112,393. 동대문역 8번 출구,1,1
202112,398. 을지로3가역 3번출구,1,2
202112,4009. 월계프라자,1,0
202112,4013. 중계 롯데마트,1,0
202112,4041. 공릉역3번출구,1,0
202112,4046. 경춘선 숲길,0,1
202112,409. 누리꿈스퀘어 옆,0,1
202112,4103. 휘경sk뷰아파트 앞,1,0
202112,4104. 외대앞역 교차로,5,8
202112,4114. 휘경여중고삼거리,0,1
202112,4125. 회기역 2-①번출구,7,3
202112,418. 월드컵경기장역 3번출구 옆,2,0
202112,419. 홈플러스 앞,1,0
202112,4202. 프런트원(공덕역4번출구 앞),6,7
202112,4206. 광흥창역5번출구,1,0
202112,4207. 아만티호텔 앞,0,2
202112,4208. 스타벅스(동교동) 앞,1,3
202112,421. 마포구청 앞,1,1
202112,4211. 시석빌딩 앞,2,0
202112,4217. 한강공원 망원나들목,7,2
202112,4220. 신촌 청년주택,1,1
202112,4224. 서부운전면허시험장,1,0
202112,426. 서울신용보증재단,1,2
202112,4303. 매헌역 2번출구앞광역버스 정류장앞(22-297),1,2
202112,4305. 서일스포츠센터,1,0
202112,4307. 고투몰 gate 15옆,2,0
202112,431. 청계천 영도교,10,13
202112,4316. 고속터미널역 3번출구,1,0
202112,4329. SC제일은행 양재동지점 앞,0,1
202112,433. 을지로입구역 2번출구,3,2
202112,"4330. 반포한강공원입구,씨티21옆",3,4
202112,435. SK 남산빌딩,1,0
202112,436. 이대역 5번출구,1,0
202112,4362. 행당중학교 후문,4,2
202112,4367. kt 행당빌딩 앞,0,2
202112,437. 대흥역 1번출구,2,2
202112,438. 성산2-1 공영주차장,1,1
202112,439. 마포어린이공원,4,1
202112,440. 하늘공원 입구,0,2
202112,4408. 돌곶이역 앞,1,1
202112,4453. 위례중앙푸르지오 201동 앞,0,1
202112,4460. 올림픽훼미리아파트 112동 앞,2,0
202112,4483. 잠실나들목4,0,1
202112,4484. 잠실나루역4번출구뒤,1,2
202112,450. 효자동 삼거리,2,0
202112,4507. 삼성전자서비스 신정센터,1,1
202112,4509. 서울영상고교 입구,25,18
202112,4515. 동문굿모닝탑,0,1
202112,4528. 양천구청역 1번출구,0,2
202112,453. 종로오가 지하쇼핑센터 14번출구,1,4
202112,4532. 목동현대아파트 후문 앞,0,1
202112,4561. 양평역 1번출구,12,8
202112,4564. 63스퀘어,2,5
202112,4566. 대림성원상떼빌아파트,9,10
202112,457. 종로꽃시장 입구 옆,2,0
202112,458. 광화문역 5번출구,1,1
202112,4588.양남사거리2,0,2
202112,4607. 국립중앙박물관 -용산가족공원 앞,0,6
202112,4608. 국립중앙박물관 정문 앞,1,0
202112,4615. 크라운호텔앞 버스정류소,4,6
202112,4617. 동원베네스트 건너편,1,0
202112,4619. 한강트럼프월드3차 앞,2,6
202112,4620. 삼각지역 14번 출구 앞(교통섬),2,2
202112,4623. 라인프랜즈이태원점 앞,1,3
202112,4625. 용산공원갤러리앞,3,0
202112,4627. 효창공원앞역 5번출구 옆,2,7
202112,4629. 한강초교보도육교 앞,1,1
202112,4633. 센트럴파크타워 앞,0,2
202112,466.롯데호텔,2,0
202112,470.회현역 7번출구,2,0
202112,4707. 청계3가 사거리,1,0
202112,4708. 조계사앞사거리(파리바케트앞),1,4
202112,471.회현사거리 남측,4,6
202112,4710. 자교교회 앞,1,1
202112,473.을지로4가역 9번출구,2,1
202112,474.동대문역사문화공원역 1번출구 뒤편,3,3
202112,475.DDP 패션몰,0,4
202112,4753. 우리은행 서소문금융센터,0,2
202112,476.광희문,6,3
202112,4765. 동대문디자인플라자,2,4
202112,4768. 서울도시건축전시관,4,1
202112,4774. 을지로입구역 8번출구,0,1
202112,4775. 을지로지하쇼핑센터,1,2
202112,4776. 신세계면세점,0,2
202112,4778. 대신파이낸스센터,2,2
202112,4785. 롯데시티호텔,0,1
202112,4792. 퇴계로4가 교차로(중구청),1,0
202112,4793. 동대문역사문화공원역 5번출구,1,0
202112,4794. 서울역 서부교차로(3),0,1
202112,4796. 부산은행,1,0
202112,4798. 황학동롯데캐슬,1,1
202112,480.약수역 6번 출구,1,0
202112,4807. 라코지스테이 앞,1,0
202112,481.신당역 10번 출구,2,0
202112,485.서울역5번출구,1,0
202112,487.신석초교앞 교차로 교통섬,3,0
202112,4896. 위례포레샤인15단지,1,0
202112,491.월드컵파크 4단지,1,0
202112,492.성산시영아파트 후문,1,1
202112,493.홍대입구역 6번출구,9,9
202112,497.합정동주민센터 앞,1,1
202112,498.연남동주민센터 앞,1,1
202112,501. 광진구의회 앞,2,2
202112,502. 뚝섬유원지역 1번출구 앞,21,8
202112,505. 자양사거리 광진아크로텔 앞,1,1
202112,5052. 마곡역7번출구 홈앤쇼핑 앞,1,0
202112,509. 이마트 버스정류소 옆,3,1
202112,510. 서울숲 남문 버스정류소 옆,6,2
202112,511. 서울숲역 4번 출구 옆,0,1
202112,512. 뚝섬역 1번 출구 옆,1,1
202112,516. 광진메디칼 앞,0,1
202112,519. 양지사거리,2,1
202112,520. 상왕십리역 4번 출구 앞,1,1
202112,521. 왕십리역 11번 출구 앞,0,1
202112,522. 금호역 1번출구 앞,2,0
202112,524. 래미안금호하이리버 아파트 102동 옆,1,0
202112,525. 한양대병원사거리,1,1
202112,529. 장한평역 8번 출구 앞,1,0
202112,535. 응봉삼거리,0,1
202112,537. 한양대후문역 부근,1,1
202112,542. 강변역 4번출구 뒤,2,0
202112,548. 자양나들목,1,3
202112,556. 달맞이공원,4,0
202112,559. 왕십리역 4번 출구 건너편,2,1
202112,560. 비전교회 앞,1,2
202112,563. 성동세무서 건너편,0,1
202112,565. 옥수역 3번출구,3,3
202112,567. 성수역 2번출구 앞,0,3
202112,568. 청계8가사거리 부근,3,2
202112,571. 어린이대공원역6번출구,2,5
202112,573. 구의문주차장 앞,1,0
202112,574. 아차산역4번출구,0,2
202112,577. 광진청소년수련관,0,1
202112,582. 경일중학교 앞,1,1
202112,583. 청계천 생태교실 앞,1,0
202112,584. 광진광장 교통섬,3,3
202112,585. 성수2가1동 공영주차장 인근,0,8
202112,588. 뚝섬 유원지역,2,1
202112,589. 성수역3번출구,9,8
202112,592. 건국대학교 학생회관,2,2
202112,593.자양중앙나들목,1,1
202112,600. 휘경2동 주민센터,1,0
202112,607. 신이문역 2번출구,0,1
202112,614. 용두동 사거리,2,1
202112,615. 용두동 래미안허브리츠아파트 앞,0,1
202112,622. 전농사거리 교통섬,0,1
202112,625. 답십리초등학교 앞(현대시장 옆),1,0
202112,628. 휘봉고등학교 앞,0,1
202112,630. 동대문구 보건소,2,1
202112,631. 답십리역 1번출구,4,3
202112,634. 외국어대 정문 앞,13,16
202112,635. 시조사 앞 (청량고정문 옆),0,2
202112,641. 용두역 4번출구,1,1
202112,646. 장한평역 1번출구 (국민은행앞),6,6
202112,648. 장안동위더스빌옆,3,5
202112,659. 제기역1번출구,0,1
202112,660. 동의보감타워,1,1
202112,663. 외대앞역 4번출구,1,1
202112,670.삼육서울병원 버스정류장,1,0
202112,673.안암골벽산아파트(후문),1,1
202112,674.고대앞사거리 교통섬,2,3
202112,677.청량리역 4번 5번출구 사이,2,2
202112,704. 남부법원검찰청 교차로,1,2
202112,708. 서울출입국관리사무소 앞,1,0
202112,710. 금옥여고보도육교,1,3
202112,716.신정6동 주민센터 인근,0,1
202112,732. 신월동 이마트,3,3
202112,734. 신트리공원 입구,0,1
202112,743. 현대6차아파트 101동 옆,9,2
202112,763. 목동11단지 아파트,17,11
202112,765. 오목교역 3번출구,0,1
202112,770.목동역5번출구 교통정보센터 앞,4,14
202112,"785.양천구청, 보건소 사잇길",4,4
202112,788.양천구청역 2번출구 옆,1,0
202112,792.목동트라팰리스 웨스턴에비뉴,0,1
202112,797.목동아파트 1422동 1434동 사잇길,1,0
202112,802. 한강진역 2번 출구 앞,1,0
202112,805. 문배어린이공원 앞,2,0
202112,806. 전자랜드 본관 앞,1,0
202112,807. 서울역 12번 출구 앞,3,4
202112,808. 서빙고동 금호맨션 앞,2,2
202112,809. 한남 유수지 복개주차장,5,2
202112,810. 이태원지하보도,8,7
202112,811. 녹사평역1번출구,5,2
202112,812. 용산전쟁기념관,1,1
202112,813. 삼각지역 3번출구,1,1
202112,816. 신용산역 6번출구 앞,3,0
202112,818. 숙명여대 입구 교차로,1,0
202112,819. 선린인터넷 고등학교,3,5
202112,820. 청파동입구 교차로,2,1
202112,822. 이촌1동 마을공원,1,0
202112,825. 서빙고동 주민센터 앞,3,5
202112,826. 서울역 서부교차로2,2,2
202112,829. 베르가모앞,1,3
202112,831. 이태원관광특구입구,6,3
202112,832. 이촌1동 주민센터 뒤,2,2
202112,834. 효창공원앞역 3번출구 뒤,0,1
202112,835. 남영역 건너편,1,2
202112,836. 현대자동차서비스 앞,3,5
202112,837. 한남나들목 입구,2,2
202112,838. 숙대입구역 4번출구,1,4
202112,839. 보광동 삼성리버빌아파트 앞,3,12
202112,840. 용산 파크타워 앞,4,3
202112,841. 신용산역 1번 출구,1,2
202112,843. 녹사평역 광장,8,5
202112,844. 이촌2동 동원베네스트 아파트 앞,1,1
202112,845. 용산 선인상가,1,1
202112,846. 용산중학교,4,4
202112,847. 국방부민원실옆,2,0
202112,848. 삼각지12번 출구,6,1
202112,849. 삼각지 자이아파트,8,2
202112,850. KCC용산월츠타워 ,0,5
202112,853.용산역 맞은편,4,8
202112,857. 현대 안성타워,2,1
202112,858.녹사평역3번 출구,6,5
202112,860.LG한강 자이아파트 앞,3,4
202112,863.이촌역2번 출구,0,2
202112,865.하얏트호텔 앞,1,1
202112,867.서빙고역 광장(1번출구),1,0
202112,870.노들섬 서측 앞,6,4
202112,904. 은평뉴타운 푸르지오,2,2
202112,962. 은평뉴타운 힐데스하임,2,2
202112,978.녹번 힐스테이트상가앞,0,1
202112,991.흥국사 정류장,0,2
202112,992.북한산입구 정류장,2,0
202112,상담센터,2,1
