년월,대여소명,대여건수,반납건수
2025-01,\N,0,2
2025-01,ST-10,3,2
2025-01,ST-103,1,0
2025-01,ST-105,2,0
2025-01,ST-1062,1,0
2025-01,ST-1065,2,3
2025-01,ST-1069,1,0
2025-01,ST-107,0,2
2025-01,ST-1070,0,1
2025-01,ST-1078,2,0
2025-01,ST-1087,2,7
2025-01,ST-109,0,1
2025-01,ST-1109,2,1
2025-01,ST-111,2,2
2025-01,ST-112,0,3
2025-01,ST-1147,1,1
2025-01,ST-1149,1,1
2025-01,ST-1164,1,0
2025-01,ST-1168,1,0
2025-01,ST-1169,1,0
2025-01,ST-1171,1,0
2025-01,ST-1172,1,0
2025-01,ST-1174,0,1
2025-01,ST-118,4,2
2025-01,ST-119,1,1
2025-01,ST-1193,3,1
2025-01,ST-1195,1,0
2025-01,ST-1199,16,15
2025-01,ST-1210,1,0
2025-01,ST-1227,1,0
2025-01,ST-1249,1,1
2025-01,ST-1251,1,0
2025-01,ST-126,0,1
2025-01,ST-1268,1,1
2025-01,ST-1269,1,2
2025-01,ST-1279,1,0
2025-01,ST-130,0,5
2025-01,ST-1317,0,1
2025-01,ST-1323,1,0
2025-01,ST-1325,0,1
2025-01,ST-1326,0,4
2025-01,ST-1344,0,4
2025-01,ST-136,0,1
2025-01,ST-137,6,2
2025-01,ST-1370,0,1
2025-01,ST-138,2,0
2025-01,ST-140,5,3
2025-01,ST-142,3,5
2025-01,ST-143,2,2
2025-01,ST-1432,2,1
2025-01,ST-1433,1,0
2025-01,ST-1435,2,2
2025-01,ST-1437,2,1
2025-01,ST-1438,1,2
2025-01,ST-1439,1,1
2025-01,ST-1440,3,0
2025-01,ST-1441,1,0
2025-01,ST-1445,0,2
2025-01,ST-1446,4,4
2025-01,ST-145,4,1
2025-01,ST-1461,0,1
2025-01,ST-1467,1,0
2025-01,ST-147,2,0
2025-01,ST-148,1,0
2025-01,ST-1495,0,1
2025-01,ST-15,1,1
2025-01,ST-151,1,0
2025-01,ST-152,4,5
2025-01,ST-1521,1,0
2025-01,ST-153,1,0
2025-01,ST-1545,2,0
2025-01,ST-1546,0,2
2025-01,ST-1554,1,1
2025-01,ST-1555,0,2
2025-01,ST-1556,1,1
2025-01,ST-156,1,0
2025-01,ST-157,1,0
2025-01,ST-1576,2,0
2025-01,ST-158,1,0
2025-01,ST-1599,1,1
2025-01,ST-160,0,1
2025-01,ST-1605,1,3
2025-01,ST-1606,6,4
2025-01,ST-1607,1,0
2025-01,ST-1609,1,0
2025-01,ST-1610,0,2
2025-01,ST-1611,0,1
2025-01,ST-1617,0,1
2025-01,ST-162,3,1
2025-01,ST-163,1,5
2025-01,ST-1632,0,1
2025-01,ST-1636,0,1
2025-01,ST-1649,0,2
2025-01,ST-1661,1,1
2025-01,ST-1670,0,1
2025-01,ST-1675,0,2
2025-01,ST-1677,1,0
2025-01,ST-1679,1,1
2025-01,ST-1680,1,0
2025-01,ST-1688,0,1
2025-01,ST-1694,2,0
2025-01,ST-1705,4,4
2025-01,ST-171,0,1
2025-01,ST-172,1,0
2025-01,ST-1729,2,1
2025-01,ST-1735,0,1
2025-01,ST-175,2,0
2025-01,ST-1753,0,1
2025-01,ST-1754,0,1
2025-01,ST-1756,1,0
2025-01,ST-176,2,1
2025-01,ST-1761,0,2
2025-01,ST-1772,2,0
2025-01,ST-1773,2,1
2025-01,ST-1774,1,2
2025-01,ST-1775,1,2
2025-01,ST-1776,1,0
2025-01,ST-1777,1,2
2025-01,ST-1779,1,2
2025-01,ST-1780,4,4
2025-01,ST-1781,6,0
2025-01,ST-1785,1,0
2025-01,ST-1796,2,4
2025-01,ST-18,4,8
2025-01,ST-180,0,2
2025-01,ST-1804,4,3
2025-01,ST-1805,0,1
2025-01,ST-1807,10,13
2025-01,ST-1808,1,0
2025-01,ST-1811,1,6
2025-01,ST-1812,3,2
2025-01,ST-1813,1,3
2025-01,ST-1829,4,0
2025-01,ST-186,1,0
2025-01,ST-1885,3,2
2025-01,ST-189,4,1
2025-01,ST-1895,1,0
2025-01,ST-1910,1,5
2025-01,ST-1923,1,2
2025-01,ST-1926,1,0
2025-01,ST-1933,2,1
2025-01,ST-1938,1,2
2025-01,ST-1941,1,1
2025-01,ST-195,1,1
2025-01,ST-196,0,1
2025-01,ST-198,4,2
2025-01,ST-1986,1,1
2025-01,ST-1994,1,0
2025-01,ST-1995,1,1
2025-01,ST-20,2,1
2025-01,ST-2005,0,1
2025-01,ST-201,2,4
2025-01,ST-2011,0,1
2025-01,ST-2017,1,1
2025-01,ST-2029,1,0
2025-01,ST-203,1,0
2025-01,ST-2031,2,5
2025-01,ST-2036,1,2
2025-01,ST-2037,1,0
2025-01,ST-204,0,1
2025-01,ST-2040,1,1
2025-01,ST-2045,0,3
2025-01,ST-2046,4,1
2025-01,ST-2047,1,2
2025-01,ST-2049,1,0
2025-01,ST-205,0,1
2025-01,ST-2054,0,1
2025-01,ST-207,2,0
2025-01,ST-21,4,2
2025-01,ST-211,1,3
2025-01,ST-2134,1,0
2025-01,ST-2147,1,0
2025-01,ST-2148,1,1
2025-01,ST-2156,1,1
2025-01,ST-2168,2,3
2025-01,ST-2177,2,3
2025-01,ST-2178,0,1
2025-01,ST-2181,3,3
2025-01,ST-2183,1,0
2025-01,ST-2184,0,1
2025-01,ST-2187,0,1
2025-01,ST-2188,2,2
2025-01,ST-2191,1,0
2025-01,ST-2199,0,1
2025-01,ST-22,1,0
2025-01,ST-2202,1,0
2025-01,ST-2207,2,2
2025-01,ST-2240,1,1
2025-01,ST-2265,0,1
2025-01,ST-2274,1,1
2025-01,ST-2280,1,0
2025-01,ST-2284,0,1
2025-01,ST-2308,0,2
2025-01,ST-2318,6,6
2025-01,ST-2325,1,0
2025-01,ST-2326,0,1
2025-01,ST-2329,1,0
2025-01,ST-2330,0,1
2025-01,ST-2332,1,0
2025-01,ST-2334,6,7
2025-01,ST-2341,4,1
2025-01,ST-2350,1,0
2025-01,ST-2352,0,1
2025-01,ST-2353,1,1
2025-01,ST-2355,1,0
2025-01,ST-2363,2,3
2025-01,ST-2364,2,3
2025-01,ST-2368,0,2
2025-01,ST-2393,0,2
2025-01,ST-2396,2,1
2025-01,ST-2405,2,2
2025-01,ST-2422,3,0
2025-01,ST-2431,7,11
2025-01,ST-2439,0,1
2025-01,ST-2442,1,0
2025-01,ST-2443,0,1
2025-01,ST-2446,0,4
2025-01,ST-2449,0,1
2025-01,ST-245,0,1
2025-01,ST-2450,0,1
2025-01,ST-2452,0,2
2025-01,ST-2453,0,1
2025-01,ST-2458,1,2
2025-01,ST-2464,1,1
2025-01,ST-2469,1,0
2025-01,ST-247,1,0
2025-01,ST-2472,1,0
2025-01,ST-2507,0,1
2025-01,ST-2513,2,2
2025-01,ST-2516,2,2
2025-01,ST-2520,1,1
2025-01,ST-2521,3,4
2025-01,ST-2522,2,0
2025-01,ST-2525,4,7
2025-01,ST-2526,11,9
2025-01,ST-2527,2,12
2025-01,ST-253,2,0
2025-01,ST-2530,0,1
2025-01,ST-2532,1,0
2025-01,ST-2539,0,1
2025-01,ST-254,5,6
2025-01,ST-2541,1,3
2025-01,ST-255,1,0
2025-01,ST-2557,1,0
2025-01,ST-2565,1,1
2025-01,ST-2593,3,1
2025-01,ST-2595,4,3
2025-01,ST-2596,1,2
2025-01,ST-2616,1,0
2025-01,ST-2625,1,0
2025-01,ST-2626,4,0
2025-01,ST-2637,0,1
2025-01,ST-2659,1,0
2025-01,ST-266,1,1
2025-01,ST-2688,4,9
2025-01,ST-2694,0,1
2025-01,ST-2726,0,1
2025-01,ST-2738,2,1
2025-01,ST-2749,2,2
2025-01,ST-277,1,1
2025-01,ST-278,1,1
2025-01,ST-2786,2,3
2025-01,ST-2787,0,1
2025-01,ST-279,1,1
2025-01,ST-2814,2,0
2025-01,ST-285,1,1
2025-01,ST-2852,2,0
2025-01,ST-2870,0,1
2025-01,ST-2876,4,4
2025-01,ST-288,1,0
2025-01,ST-2892,0,1
2025-01,ST-2903,2,1
2025-01,ST-2905,7,4
2025-01,ST-2917,2,2
2025-01,ST-2932,1,2
2025-01,ST-2934,0,1
2025-01,ST-296,3,8
2025-01,ST-297,5,1
2025-01,ST-2975,0,2
2025-01,ST-2977,4,2
2025-01,ST-2979,4,3
2025-01,ST-298,1,1
2025-01,ST-2995,1,0
2025-01,ST-3003,1,2
2025-01,ST-3017,0,1
2025-01,ST-3019,0,1
2025-01,ST-3021,0,1
2025-01,ST-3029,1,1
2025-01,ST-3042,0,2
2025-01,ST-3043,0,1
2025-01,ST-3044,0,1
2025-01,ST-3049,1,1
2025-01,ST-3054,1,1
2025-01,ST-3056,5,3
2025-01,ST-307,1,0
2025-01,ST-3075,1,1
2025-01,ST-3077,1,0
2025-01,ST-3078,1,1
2025-01,ST-3080,1,0
2025-01,ST-3083,1,1
2025-01,ST-3086,1,1
2025-01,ST-3090,1,2
2025-01,ST-3094,1,0
2025-01,ST-3104,1,0
2025-01,ST-3112,0,2
2025-01,ST-3139,0,3
2025-01,ST-3140,0,3
2025-01,ST-3142,1,1
2025-01,ST-315,3,2
2025-01,ST-3154,1,0
2025-01,ST-3159,1,0
2025-01,ST-3160,1,2
2025-01,ST-3164,0,1
2025-01,ST-3180,1,1
2025-01,ST-3187,2,0
2025-01,ST-3202,1,0
2025-01,ST-3203,0,2
2025-01,ST-3204,1,1
2025-01,ST-3205,0,3
2025-01,ST-3212,0,1
2025-01,ST-3226,2,1
2025-01,ST-3235,1,0
2025-01,ST-3239,3,6
2025-01,ST-324,4,0
2025-01,ST-3249,3,0
2025-01,ST-3254,1,1
2025-01,ST-3265,0,1
2025-01,ST-327,1,0
2025-01,ST-328,1,2
2025-01,ST-3286,1,1
2025-01,ST-330,2,2
2025-01,ST-3303,1,0
2025-01,ST-3309,0,2
2025-01,ST-331,1,1
2025-01,ST-3310,2,0
2025-01,ST-3313,1,0
2025-01,ST-3315,6,0
2025-01,ST-3316,1,1
2025-01,ST-3321,0,2
2025-01,ST-3325,2,2
2025-01,ST-3326,0,2
2025-01,ST-3328,1,1
2025-01,ST-3333,0,1
2025-01,ST-3354,5,3
2025-01,ST-3355,0,1
2025-01,ST-336,0,1
2025-01,ST-338,1,1
2025-01,ST-339,1,4
2025-01,ST-340,0,2
2025-01,ST-343,3,0
2025-01,ST-344,2,2
2025-01,ST-358,1,3
2025-01,ST-359,1,0
2025-01,ST-360,0,3
2025-01,ST-362,1,0
2025-01,ST-366,2,2
2025-01,ST-37,2,0
2025-01,ST-375,3,0
2025-01,ST-376,4,2
2025-01,ST-379,1,0
2025-01,ST-382,1,2
2025-01,ST-4,2,0
2025-01,ST-401,0,1
2025-01,ST-407,1,1
2025-01,ST-408,1,0
2025-01,ST-413,1,1
2025-01,ST-414,0,3
2025-01,ST-42,1,0
2025-01,ST-421,1,1
2025-01,ST-426,4,4
2025-01,ST-43,0,1
2025-01,ST-439,4,1
2025-01,ST-442,2,0
2025-01,ST-445,3,0
2025-01,ST-446,3,1
2025-01,ST-46,3,0
2025-01,ST-47,3,3
2025-01,ST-482,3,3
2025-01,ST-485,0,1
2025-01,ST-494,1,0
2025-01,ST-502,1,1
2025-01,ST-506,2,5
2025-01,ST-51,0,1
2025-01,ST-52,0,2
2025-01,ST-522,1,1
2025-01,ST-53,1,0
2025-01,ST-535,0,1
2025-01,ST-539,3,1
2025-01,ST-540,1,1
2025-01,ST-542,4,0
2025-01,ST-544,4,1
2025-01,ST-549,1,1
2025-01,ST-55,2,4
2025-01,ST-553,2,2
2025-01,ST-59,3,0
2025-01,ST-596,2,2
2025-01,ST-63,2,0
2025-01,ST-660,1,1
2025-01,ST-668,2,2
2025-01,ST-67,0,2
2025-01,ST-699,4,0
2025-01,ST-7,2,0
2025-01,ST-717,1,0
2025-01,ST-721,0,1
2025-01,ST-724,2,1
2025-01,ST-728,0,1
2025-01,ST-729,1,0
2025-01,ST-73,15,21
2025-01,ST-748,0,4
2025-01,ST-749,0,1
2025-01,ST-750,7,2
2025-01,ST-753,1,0
2025-01,ST-761,1,1
2025-01,ST-772,0,1
2025-01,ST-777,2,3
2025-01,ST-780,1,0
2025-01,ST-787,3,1
2025-01,ST-788,1,1
2025-01,ST-792,0,1
2025-01,ST-794,1,0
2025-01,ST-796,1,1
2025-01,ST-797,1,1
2025-01,ST-799,0,5
2025-01,ST-8,2,5
2025-01,ST-80,3,2
2025-01,ST-803,1,1
2025-01,ST-804,1,0
2025-01,ST-81,1,1
2025-01,ST-815,0,1
2025-01,ST-84,1,0
2025-01,ST-85,3,1
2025-01,ST-87,0,1
2025-01,ST-883,2,1
2025-01,ST-89,1,0
2025-01,ST-891,2,1
2025-01,ST-9,1,0
2025-01,ST-90,0,1
2025-01,ST-918,0,1
2025-01,ST-93,1,0
2025-01,ST-933,1,2
2025-01,ST-944,2,2
2025-01,ST-948,0,1
2025-01,ST-951,1,1
2025-01,ST-965,1,1
2025-01,ST-971,6,2
2025-01,ST-976,3,2
2025-01,ST-978,2,0
2025-01,ST-98,1,0
2025-01,ST-983,2,0
2025-01,ST-99,3,2
2025-02,ST-10,1,1
2025-02,ST-1007,0,1
2025-02,ST-1013,2,0
2025-02,ST-105,3,5
2025-02,ST-1065,2,2
2025-02,ST-107,3,0
2025-02,ST-1078,2,0
2025-02,ST-108,1,0
2025-02,ST-1087,1,0
2025-02,ST-1088,1,1
2025-02,ST-109,0,2
2025-02,ST-1099,0,1
2025-02,ST-1109,1,1
2025-02,ST-1140,1,0
2025-02,ST-1149,0,1
2025-02,ST-1150,1,0
2025-02,ST-1171,2,2
2025-02,ST-1172,3,0
2025-02,ST-1174,1,4
2025-02,ST-118,1,2
2025-02,ST-1186,0,1
2025-02,ST-1190,0,6
2025-02,ST-1195,1,0
2025-02,ST-1199,16,12
2025-02,ST-1201,1,1
2025-02,ST-1228,1,0
2025-02,ST-1229,1,0
2025-02,ST-1246,0,1
2025-02,ST-1279,0,2
2025-02,ST-1280,1,0
2025-02,ST-130,1,0
2025-02,ST-1302,1,0
2025-02,ST-1315,0,1
2025-02,ST-1317,1,0
2025-02,ST-1326,11,9
2025-02,ST-134,2,0
2025-02,ST-1344,0,1
2025-02,ST-1349,1,1
2025-02,ST-1364,0,1
2025-02,ST-137,4,0
2025-02,ST-1372,4,4
2025-02,ST-1373,1,0
2025-02,ST-1374,0,1
2025-02,ST-138,4,4
2025-02,ST-140,2,2
2025-02,ST-1409,1,2
2025-02,ST-1439,6,3
2025-02,ST-1440,3,2
2025-02,ST-1441,1,0
2025-02,ST-1445,0,3
2025-02,ST-145,2,4
2025-02,ST-147,0,2
2025-02,ST-1474,1,2
2025-02,ST-15,3,10
2025-02,ST-150,1,0
2025-02,ST-151,2,0
2025-02,ST-152,0,5
2025-02,ST-1545,0,1
2025-02,ST-1555,0,3
2025-02,ST-1556,4,2
2025-02,ST-156,2,0
2025-02,ST-1575,0,1
2025-02,ST-1576,2,1
2025-02,ST-1577,0,4
2025-02,ST-1582,0,1
2025-02,ST-1584,2,1
2025-02,ST-1586,2,1
2025-02,ST-159,0,2
2025-02,ST-1595,4,4
2025-02,ST-1605,0,1
2025-02,ST-1606,1,2
2025-02,ST-1608,5,3
2025-02,ST-1609,0,1
2025-02,ST-1610,19,15
2025-02,ST-1611,4,2
2025-02,ST-162,1,2
2025-02,ST-163,5,3
2025-02,ST-1636,0,1
2025-02,ST-165,3,0
2025-02,ST-1650,1,1
2025-02,ST-1660,5,0
2025-02,ST-1661,0,1
2025-02,ST-1679,2,0
2025-02,ST-1681,4,3
2025-02,ST-1687,1,0
2025-02,ST-1689,1,0
2025-02,ST-169,0,5
2025-02,ST-1692,1,1
2025-02,ST-1695,1,0
2025-02,ST-1696,0,1
2025-02,ST-1701,0,1
2025-02,ST-1703,1,0
2025-02,ST-1705,2,3
2025-02,ST-1714,2,2
2025-02,ST-1718,3,0
2025-02,ST-1719,2,2
2025-02,ST-1720,1,1
2025-02,ST-1721,3,2
2025-02,ST-1725,2,0
2025-02,ST-1736,0,1
2025-02,ST-174,1,1
2025-02,ST-175,1,2
2025-02,ST-1754,2,4
2025-02,ST-176,1,0
2025-02,ST-177,0,1
2025-02,ST-1772,3,1
2025-02,ST-1773,1,1
2025-02,ST-1774,0,1
2025-02,ST-1777,6,5
2025-02,ST-1778,1,0
2025-02,ST-1780,11,6
2025-02,ST-1781,5,4
2025-02,ST-1782,3,4
2025-02,ST-1791,0,2
2025-02,ST-1793,0,1
2025-02,ST-1796,0,9
2025-02,ST-1797,0,2
2025-02,ST-18,1,1
2025-02,ST-1804,7,5
2025-02,ST-1805,3,2
2025-02,ST-1807,0,2
2025-02,ST-1809,1,0
2025-02,ST-181,0,1
2025-02,ST-1811,6,4
2025-02,ST-1812,3,2
2025-02,ST-1813,0,2
2025-02,ST-1819,0,1
2025-02,ST-1829,0,5
2025-02,ST-1842,2,1
2025-02,ST-185,1,0
2025-02,ST-1858,2,1
2025-02,ST-186,0,1
2025-02,ST-1864,0,1
2025-02,ST-1867,1,0
2025-02,ST-1868,1,0
2025-02,ST-1870,2,0
2025-02,ST-1873,1,0
2025-02,ST-1885,1,1
2025-02,ST-189,1,0
2025-02,ST-1891,1,1
2025-02,ST-1895,0,2
2025-02,ST-1900,4,0
2025-02,ST-1910,6,8
2025-02,ST-1926,2,2
2025-02,ST-1938,0,3
2025-02,ST-194,4,2
2025-02,ST-195,15,10
2025-02,ST-1977,1,0
2025-02,ST-198,2,0
2025-02,ST-20,0,1
2025-02,ST-201,0,1
2025-02,ST-2020,1,1
2025-02,ST-2025,1,1
2025-02,ST-2029,1,1
2025-02,ST-203,1,0
2025-02,ST-2041,1,1
2025-02,ST-2045,0,3
2025-02,ST-205,0,1
2025-02,ST-206,0,1
2025-02,ST-207,4,3
2025-02,ST-2074,0,1
2025-02,ST-2081,1,0
2025-02,ST-21,1,1
2025-02,ST-2125,1,0
2025-02,ST-2149,1,0
2025-02,ST-2152,1,1
2025-02,ST-2156,1,0
2025-02,ST-2157,1,1
2025-02,ST-216,0,3
2025-02,ST-2167,2,3
2025-02,ST-2168,1,0
2025-02,ST-2172,2,4
2025-02,ST-2177,0,2
2025-02,ST-2179,1,0
2025-02,ST-2182,2,4
2025-02,ST-2183,1,0
2025-02,ST-2184,1,1
2025-02,ST-2187,3,2
2025-02,ST-2204,0,1
2025-02,ST-2223,1,1
2025-02,ST-2231,3,3
2025-02,ST-2239,1,0
2025-02,ST-2240,0,2
2025-02,ST-2265,2,0
2025-02,ST-2312,2,2
2025-02,ST-2326,0,2
2025-02,ST-2330,3,0
2025-02,ST-2334,1,1
2025-02,ST-2338,1,0
2025-02,ST-2341,0,1
2025-02,ST-2367,1,1
2025-02,ST-2369,1,0
2025-02,ST-2406,0,1
2025-02,ST-241,2,0
2025-02,ST-2420,0,2
2025-02,ST-243,0,1
2025-02,ST-2430,2,4
2025-02,ST-2431,4,6
2025-02,ST-2439,0,2
2025-02,ST-2440,2,0
2025-02,ST-2442,1,0
2025-02,ST-2447,2,3
2025-02,ST-2448,0,1
2025-02,ST-2450,5,0
2025-02,ST-2453,1,0
2025-02,ST-2456,6,5
2025-02,ST-2466,2,0
2025-02,ST-2468,1,2
2025-02,ST-2472,0,1
2025-02,ST-2473,0,2
2025-02,ST-249,0,1
2025-02,ST-2491,0,1
2025-02,ST-2502,0,1
2025-02,ST-2513,9,8
2025-02,ST-2516,2,2
2025-02,ST-2520,2,0
2025-02,ST-2521,5,3
2025-02,ST-2522,0,1
2025-02,ST-2526,1,2
2025-02,ST-2527,10,12
2025-02,ST-2532,1,0
2025-02,ST-2538,1,0
2025-02,ST-254,7,0
2025-02,ST-255,0,1
2025-02,ST-2550,1,1
2025-02,ST-2553,0,1
2025-02,ST-2565,4,4
2025-02,ST-257,1,0
2025-02,ST-2571,1,0
2025-02,ST-2574,1,0
2025-02,ST-2594,0,1
2025-02,ST-2609,0,2
2025-02,ST-2625,0,2
2025-02,ST-2626,2,4
2025-02,ST-2630,2,0
2025-02,ST-2644,0,1
2025-02,ST-2647,1,0
2025-02,ST-265,1,0
2025-02,ST-2654,1,1
2025-02,ST-2664,1,0
2025-02,ST-2673,0,3
2025-02,ST-2680,0,2
2025-02,ST-2688,3,3
2025-02,ST-2708,2,0
2025-02,ST-2728,0,2
2025-02,ST-273,0,1
2025-02,ST-277,1,1
2025-02,ST-278,1,0
2025-02,ST-2793,1,0
2025-02,ST-2814,0,1
2025-02,ST-2815,2,0
2025-02,ST-2834,1,1
2025-02,ST-285,1,2
2025-02,ST-2876,1,1
2025-02,ST-289,0,4
2025-02,ST-2896,3,2
2025-02,ST-2903,0,1
2025-02,ST-2905,9,8
2025-02,ST-2924,1,0
2025-02,ST-294,1,0
2025-02,ST-295,1,1
2025-02,ST-297,12,4
2025-02,ST-2976,1,0
2025-02,ST-2986,0,1
2025-02,ST-2991,1,1
2025-02,ST-30,1,0
2025-02,ST-3002,2,1
2025-02,ST-3003,1,0
2025-02,ST-3017,1,3
2025-02,ST-3019,2,0
2025-02,ST-3061,2,0
2025-02,ST-3066,1,1
2025-02,ST-3070,1,1
2025-02,ST-3077,0,3
2025-02,ST-3078,1,0
2025-02,ST-3083,0,1
2025-02,ST-3085,0,1
2025-02,ST-3102,1,0
2025-02,ST-3108,4,1
2025-02,ST-3114,0,1
2025-02,ST-3121,3,0
2025-02,ST-3125,2,2
2025-02,ST-3138,1,0
2025-02,ST-3139,1,0
2025-02,ST-3140,3,3
2025-02,ST-3142,0,2
2025-02,ST-3160,3,1
2025-02,ST-3164,2,0
2025-02,ST-32,0,1
2025-02,ST-3205,2,0
2025-02,ST-3213,1,0
2025-02,ST-3214,0,1
2025-02,ST-3238,0,2
2025-02,ST-3239,3,0
2025-02,ST-3249,1,6
2025-02,ST-3258,0,1
2025-02,ST-3264,0,2
2025-02,ST-328,2,0
2025-02,ST-3288,2,0
2025-02,ST-329,1,0
2025-02,ST-3291,2,2
2025-02,ST-330,0,1
2025-02,ST-3305,4,0
2025-02,ST-331,1,2
2025-02,ST-3314,2,0
2025-02,ST-3315,2,1
2025-02,ST-3325,0,6
2025-02,ST-3326,1,0
2025-02,ST-3328,2,0
2025-02,ST-3333,1,0
2025-02,ST-334,2,0
2025-02,ST-3342,0,2
2025-02,ST-3353,1,0
2025-02,ST-3354,5,3
2025-02,ST-3355,1,6
2025-02,ST-339,5,3
2025-02,ST-340,3,2
2025-02,ST-343,2,0
2025-02,ST-344,1,1
2025-02,ST-35,1,0
2025-02,ST-357,0,1
2025-02,ST-36,5,0
2025-02,ST-364,1,0
2025-02,ST-366,6,4
2025-02,ST-369,1,0
2025-02,ST-375,1,0
2025-02,ST-385,1,1
2025-02,ST-387,2,1
2025-02,ST-4,1,0
2025-02,ST-401,1,4
2025-02,ST-402,1,0
2025-02,ST-408,0,1
2025-02,ST-41,0,1
2025-02,ST-410,0,2
2025-02,ST-413,0,1
2025-02,ST-418,2,0
2025-02,ST-421,0,1
2025-02,ST-422,2,0
2025-02,ST-424,0,1
2025-02,ST-426,3,3
2025-02,ST-435,2,0
2025-02,ST-442,4,1
2025-02,ST-446,1,1
2025-02,ST-476,1,1
2025-02,ST-486,0,1
2025-02,ST-488,0,1
2025-02,ST-5,2,1
2025-02,ST-500,3,3
2025-02,ST-506,1,6
2025-02,ST-507,0,1
2025-02,ST-51,1,1
2025-02,ST-516,1,0
2025-02,ST-519,0,2
2025-02,ST-522,1,1
2025-02,ST-528,1,0
2025-02,ST-540,1,1
2025-02,ST-542,1,0
2025-02,ST-547,0,1
2025-02,ST-55,2,0
2025-02,ST-551,0,2
2025-02,ST-555,1,0
2025-02,ST-562,1,0
2025-02,ST-580,1,2
2025-02,ST-6,0,1
2025-02,ST-600,1,0
2025-02,ST-610,4,4
2025-02,ST-62,2,2
2025-02,ST-636,1,0
2025-02,ST-66,0,2
2025-02,ST-660,1,0
2025-02,ST-668,0,1
2025-02,ST-67,1,1
2025-02,ST-683,0,1
2025-02,ST-690,1,0
2025-02,ST-693,0,1
2025-02,ST-699,1,0
2025-02,ST-7,0,2
2025-02,ST-73,11,17
2025-02,ST-747,0,2
2025-02,ST-748,0,2
2025-02,ST-749,10,12
2025-02,ST-750,2,3
2025-02,ST-761,0,2
2025-02,ST-777,0,1
2025-02,ST-780,0,1
2025-02,ST-784,1,1
2025-02,ST-787,1,1
2025-02,ST-791,1,2
2025-02,ST-792,1,0
2025-02,ST-797,1,0
2025-02,ST-799,0,1
2025-02,ST-8,4,5
2025-02,ST-814,0,2
2025-02,ST-816,0,1
2025-02,ST-82,1,0
2025-02,ST-830,1,0
2025-02,ST-840,2,10
2025-02,ST-85,0,2
2025-02,ST-87,2,1
2025-02,ST-883,3,1
2025-02,ST-89,4,4
2025-02,ST-891,1,1
2025-02,ST-9,0,1
2025-02,ST-903,1,0
2025-02,ST-910,1,1
2025-02,ST-918,0,1
2025-02,ST-932,1,0
2025-02,ST-950,1,0
2025-02,ST-956,1,1
2025-02,ST-979,1,1
2025-02,ST-980,0,3
2025-02,ST-983,0,1
2025-02,ST-986,0,1
2025-02,ST-988,0,2
2025-02,ST-99,7,2
2025-03,\N,0,7
2025-03,ST-10,6,9
2025-03,ST-1002,2,0
2025-03,ST-1013,2,0
2025-03,ST-1015,2,0
2025-03,ST-1019,0,2
2025-03,ST-1028,3,2
2025-03,ST-103,0,1
2025-03,ST-1046,2,1
2025-03,ST-1047,1,0
2025-03,ST-1062,0,1
2025-03,ST-1063,0,1
2025-03,ST-1065,1,1
2025-03,ST-107,20,11
2025-03,ST-1070,1,1
2025-03,ST-1078,2,1
2025-03,ST-108,14,12
2025-03,ST-1083,2,2
2025-03,ST-1086,0,1
2025-03,ST-1087,8,6
2025-03,ST-1088,4,0
2025-03,ST-109,2,6
2025-03,ST-1098,0,1
2025-03,ST-1102,0,1
2025-03,ST-1109,1,0
2025-03,ST-111,3,3
2025-03,ST-1118,0,2
2025-03,ST-112,4,3
2025-03,ST-1121,3,2
2025-03,ST-1124,0,1
2025-03,ST-1136,1,1
2025-03,ST-1140,0,1
2025-03,ST-1150,1,2
2025-03,ST-1156,2,0
2025-03,ST-116,0,5
2025-03,ST-1163,2,3
2025-03,ST-1169,4,4
2025-03,ST-1171,3,4
2025-03,ST-1172,7,1
2025-03,ST-1173,3,2
2025-03,ST-1174,8,4
2025-03,ST-1178,2,0
2025-03,ST-118,4,7
2025-03,ST-1181,2,1
2025-03,ST-1185,1,0
2025-03,ST-1186,1,1
2025-03,ST-1188,1,0
2025-03,ST-1189,2,1
2025-03,ST-119,1,2
2025-03,ST-1190,5,7
2025-03,ST-1191,16,10
2025-03,ST-1192,0,1
2025-03,ST-1193,2,2
2025-03,ST-1194,1,5
2025-03,ST-1195,5,4
2025-03,ST-1197,0,1
2025-03,ST-1199,33,38
2025-03,ST-12,2,2
2025-03,ST-121,2,5
2025-03,ST-1222,1,0
2025-03,ST-1223,1,1
2025-03,ST-1227,0,1
2025-03,ST-123,2,3
2025-03,ST-124,1,0
2025-03,ST-1245,0,1
2025-03,ST-1246,2,3
2025-03,ST-1249,1,1
2025-03,ST-1251,1,1
2025-03,ST-1252,1,0
2025-03,ST-126,5,4
2025-03,ST-1260,0,1
2025-03,ST-1263,1,1
2025-03,ST-1264,1,2
2025-03,ST-1278,1,0
2025-03,ST-1279,1,0
2025-03,ST-1284,1,0
2025-03,ST-1285,0,2
2025-03,ST-130,10,12
2025-03,ST-1306,1,0
2025-03,ST-1317,3,1
2025-03,ST-132,1,1
2025-03,ST-1320,2,1
2025-03,ST-1321,3,1
2025-03,ST-1323,1,0
2025-03,ST-1325,2,0
2025-03,ST-1326,26,24
2025-03,ST-1327,4,0
2025-03,ST-1332,1,0
2025-03,ST-1335,1,1
2025-03,ST-1337,1,0
2025-03,ST-1339,3,5
2025-03,ST-134,4,0
2025-03,ST-1341,3,1
2025-03,ST-1343,0,1
2025-03,ST-1344,4,22
2025-03,ST-1349,8,7
2025-03,ST-136,1,0
2025-03,ST-1364,1,0
2025-03,ST-1365,2,0
2025-03,ST-1367,1,0
2025-03,ST-137,12,13
2025-03,ST-1372,12,18
2025-03,ST-1376,3,2
2025-03,ST-1378,0,1
2025-03,ST-138,2,11
2025-03,ST-1384,2,0
2025-03,ST-1395,1,0
2025-03,ST-1396,0,1
2025-03,ST-140,10,8
2025-03,ST-1400,1,1
2025-03,ST-1404,0,2
2025-03,ST-1409,4,4
2025-03,ST-142,2,0
2025-03,ST-1420,0,1
2025-03,ST-1426,0,1
2025-03,ST-1427,0,1
2025-03,ST-143,13,4
2025-03,ST-1432,1,4
2025-03,ST-1435,0,3
2025-03,ST-1437,5,3
2025-03,ST-1439,8,3
2025-03,ST-144,10,9
2025-03,ST-1440,7,15
2025-03,ST-1441,3,6
2025-03,ST-1442,1,0
2025-03,ST-1443,1,2
2025-03,ST-1445,7,1
2025-03,ST-1446,2,2
2025-03,ST-145,11,5
2025-03,ST-1454,1,0
2025-03,ST-1458,2,0
2025-03,ST-147,1,0
2025-03,ST-1470,0,1
2025-03,ST-1474,1,1
2025-03,ST-148,4,2
2025-03,ST-1483,1,1
2025-03,ST-1494,2,2
2025-03,ST-15,7,6
2025-03,ST-150,0,6
2025-03,ST-1503,1,2
2025-03,ST-1507,1,0
2025-03,ST-151,5,1
2025-03,ST-1511,1,0
2025-03,ST-1512,1,0
2025-03,ST-1515,0,1
2025-03,ST-1519,1,2
2025-03,ST-152,0,16
2025-03,ST-1521,0,2
2025-03,ST-1526,1,0
2025-03,ST-153,2,3
2025-03,ST-1531,2,2
2025-03,ST-1537,2,2
2025-03,ST-154,1,0
2025-03,ST-1543,1,0
2025-03,ST-1545,0,4
2025-03,ST-1546,0,2
2025-03,ST-1547,2,0
2025-03,ST-155,2,5
2025-03,ST-1555,2,10
2025-03,ST-156,0,1
2025-03,ST-1566,0,1
2025-03,ST-157,1,0
2025-03,ST-1574,1,2
2025-03,ST-1576,1,1
2025-03,ST-1577,0,2
2025-03,ST-158,1,0
2025-03,ST-1582,1,5
2025-03,ST-1584,9,8
2025-03,ST-1585,6,7
2025-03,ST-1586,9,7
2025-03,ST-159,3,2
2025-03,ST-1590,7,7
2025-03,ST-1599,0,5
2025-03,ST-1602,1,0
2025-03,ST-1603,15,4
2025-03,ST-1605,0,2
2025-03,ST-1606,8,8
2025-03,ST-1607,1,3
2025-03,ST-1608,1,1
2025-03,ST-1609,2,0
2025-03,ST-161,2,2
2025-03,ST-1611,3,1
2025-03,ST-1619,0,3
2025-03,ST-162,3,2
2025-03,ST-1625,1,1
2025-03,ST-163,14,6
2025-03,ST-1631,0,2
2025-03,ST-1632,1,0
2025-03,ST-1636,4,3
2025-03,ST-1642,0,1
2025-03,ST-1647,1,1
2025-03,ST-165,0,2
2025-03,ST-1650,2,0
2025-03,ST-1660,14,15
2025-03,ST-1661,11,10
2025-03,ST-1667,1,0
2025-03,ST-1668,3,2
2025-03,ST-167,1,1
2025-03,ST-1670,0,2
2025-03,ST-1672,1,1
2025-03,ST-1675,2,1
2025-03,ST-1678,1,1
2025-03,ST-1679,1,3
2025-03,ST-168,0,7
2025-03,ST-1681,4,11
2025-03,ST-1687,3,4
2025-03,ST-1688,0,1
2025-03,ST-1689,0,1
2025-03,ST-169,2,0
2025-03,ST-1691,1,1
2025-03,ST-1692,2,2
2025-03,ST-1696,0,2
2025-03,ST-17,3,4
2025-03,ST-170,7,2
2025-03,ST-1701,0,1
2025-03,ST-1705,6,10
2025-03,ST-171,1,0
2025-03,ST-1714,5,2
2025-03,ST-1718,0,1
2025-03,ST-1719,7,7
2025-03,ST-1720,4,7
2025-03,ST-1721,3,1
2025-03,ST-1723,1,3
2025-03,ST-1725,0,1
2025-03,ST-1729,2,1
2025-03,ST-173,2,0
2025-03,ST-1730,5,1
2025-03,ST-174,2,2
2025-03,ST-1745,1,1
2025-03,ST-1746,3,0
2025-03,ST-175,1,5
2025-03,ST-1753,3,5
2025-03,ST-1754,17,18
2025-03,ST-1756,6,6
2025-03,ST-1757,2,0
2025-03,ST-1758,0,2
2025-03,ST-1759,1,2
2025-03,ST-176,0,1
2025-03,ST-1760,0,1
2025-03,ST-1761,1,0
2025-03,ST-1764,1,0
2025-03,ST-1767,1,0
2025-03,ST-1768,0,1
2025-03,ST-177,0,1
2025-03,ST-1771,4,2
2025-03,ST-1772,1,1
2025-03,ST-1773,8,8
2025-03,ST-1774,2,0
2025-03,ST-1775,3,2
2025-03,ST-1776,6,3
2025-03,ST-1777,9,10
2025-03,ST-1778,4,0
2025-03,ST-1779,5,5
2025-03,ST-1780,21,8
2025-03,ST-1781,19,17
2025-03,ST-1782,2,2
2025-03,ST-1785,0,1
2025-03,ST-1786,0,4
2025-03,ST-1791,6,6
2025-03,ST-1796,2,8
2025-03,ST-1797,5,4
2025-03,ST-18,27,16
2025-03,ST-1801,2,0
2025-03,ST-1802,1,0
2025-03,ST-1804,5,1
2025-03,ST-1805,2,5
2025-03,ST-1807,4,4
2025-03,ST-1808,1,0
2025-03,ST-1809,1,5
2025-03,ST-181,9,4
2025-03,ST-1810,10,8
2025-03,ST-1811,7,3
2025-03,ST-1812,12,19
2025-03,ST-1813,2,0
2025-03,ST-1814,0,1
2025-03,ST-1816,1,0
2025-03,ST-1817,0,1
2025-03,ST-1818,1,1
2025-03,ST-1819,1,1
2025-03,ST-1822,4,3
2025-03,ST-1823,2,0
2025-03,ST-1826,2,2
2025-03,ST-1829,3,1
2025-03,ST-183,1,0
2025-03,ST-1831,0,1
2025-03,ST-1839,1,2
2025-03,ST-1840,4,5
2025-03,ST-1848,0,1
2025-03,ST-185,2,0
2025-03,ST-1850,1,0
2025-03,ST-1855,3,3
2025-03,ST-1858,3,2
2025-03,ST-1859,2,1
2025-03,ST-186,1,2
2025-03,ST-1862,2,4
2025-03,ST-1867,3,2
2025-03,ST-1868,4,7
2025-03,ST-1873,0,1
2025-03,ST-1879,0,1
2025-03,ST-1884,0,3
2025-03,ST-1885,3,5
2025-03,ST-1888,0,1
2025-03,ST-189,5,1
2025-03,ST-1895,1,3
2025-03,ST-19,0,1
2025-03,ST-1900,4,7
2025-03,ST-1902,2,1
2025-03,ST-1909,1,1
2025-03,ST-1910,12,17
2025-03,ST-1915,2,2
2025-03,ST-1918,1,1
2025-03,ST-1920,0,1
2025-03,ST-1922,0,1
2025-03,ST-1923,7,13
2025-03,ST-1926,3,1
2025-03,ST-1938,3,3
2025-03,ST-194,7,4
2025-03,ST-195,6,8
2025-03,ST-1955,0,1
2025-03,ST-1962,0,1
2025-03,ST-1964,0,1
2025-03,ST-1968,0,1
2025-03,ST-1969,5,1
2025-03,ST-197,0,2
2025-03,ST-1970,4,1
2025-03,ST-1971,2,5
2025-03,ST-1972,1,0
2025-03,ST-1976,1,1
2025-03,ST-198,5,9
2025-03,ST-1992,0,2
2025-03,ST-20,17,22
2025-03,ST-201,6,6
2025-03,ST-2017,2,2
2025-03,ST-2020,0,1
2025-03,ST-2029,2,3
2025-03,ST-203,3,1
2025-03,ST-2031,0,1
2025-03,ST-2032,1,0
2025-03,ST-2036,2,1
2025-03,ST-204,14,7
2025-03,ST-2040,0,2
2025-03,ST-2042,1,1
2025-03,ST-2044,1,1
2025-03,ST-2045,7,6
2025-03,ST-2046,1,1
2025-03,ST-2047,2,2
2025-03,ST-205,9,16
2025-03,ST-207,11,14
2025-03,ST-2081,1,1
2025-03,ST-2088,1,1
2025-03,ST-2089,1,0
2025-03,ST-21,5,4
2025-03,ST-210,1,0
2025-03,ST-211,1,1
2025-03,ST-2110,0,2
2025-03,ST-212,2,1
2025-03,ST-2152,14,1
2025-03,ST-2153,8,13
2025-03,ST-2154,3,1
2025-03,ST-2156,4,4
2025-03,ST-2157,2,6
2025-03,ST-216,3,2
2025-03,ST-2160,5,4
2025-03,ST-2167,5,8
2025-03,ST-2168,17,15
2025-03,ST-217,0,1
2025-03,ST-2172,11,10
2025-03,ST-2173,1,3
2025-03,ST-2176,4,4
2025-03,ST-2177,9,12
2025-03,ST-2178,4,3
2025-03,ST-2179,0,1
2025-03,ST-2182,0,1
2025-03,ST-2183,1,1
2025-03,ST-2184,5,6
2025-03,ST-2187,6,4
2025-03,ST-2188,0,1
2025-03,ST-219,1,1
2025-03,ST-2191,2,1
2025-03,ST-2196,0,1
2025-03,ST-2198,2,0
2025-03,ST-2199,0,1
2025-03,ST-22,4,2
2025-03,ST-2200,0,2
2025-03,ST-2201,3,0
2025-03,ST-2202,3,2
2025-03,ST-2204,8,3
2025-03,ST-2205,1,0
2025-03,ST-2210,2,1
2025-03,ST-2219,4,1
2025-03,ST-2222,6,8
2025-03,ST-2226,0,1
2025-03,ST-2239,2,2
2025-03,ST-2240,21,31
2025-03,ST-2244,1,0
2025-03,ST-2257,3,2
2025-03,ST-2264,0,5
2025-03,ST-2265,1,1
2025-03,ST-2266,0,1
2025-03,ST-2269,2,0
2025-03,ST-2270,0,3
2025-03,ST-2274,1,5
2025-03,ST-2279,1,0
2025-03,ST-2280,2,1
2025-03,ST-2283,0,1
2025-03,ST-230,0,1
2025-03,ST-2308,22,14
2025-03,ST-231,2,0
2025-03,ST-2310,3,2
2025-03,ST-2312,10,0
2025-03,ST-2318,2,0
2025-03,ST-2320,2,1
2025-03,ST-2321,5,7
2025-03,ST-2326,4,0
2025-03,ST-2327,2,0
2025-03,ST-233,0,1
2025-03,ST-2330,3,7
2025-03,ST-2331,3,0
2025-03,ST-2332,6,8
2025-03,ST-2334,52,40
2025-03,ST-2335,0,2
2025-03,ST-2341,19,16
2025-03,ST-2342,0,2
2025-03,ST-235,1,0
2025-03,ST-2350,2,1
2025-03,ST-2352,1,0
2025-03,ST-2353,0,1
2025-03,ST-2355,4,0
2025-03,ST-2356,0,2
2025-03,ST-2357,0,1
2025-03,ST-2366,1,0
2025-03,ST-2367,2,0
2025-03,ST-237,0,1
2025-03,ST-2375,2,5
2025-03,ST-2380,4,0
2025-03,ST-2382,3,0
2025-03,ST-239,3,4
2025-03,ST-2395,2,0
2025-03,ST-24,3,0
2025-03,ST-2408,6,4
2025-03,ST-241,3,4
2025-03,ST-2420,14,9
2025-03,ST-2430,0,2
2025-03,ST-2431,9,12
2025-03,ST-2439,1,0
2025-03,ST-2440,6,3
2025-03,ST-2441,3,1
2025-03,ST-2442,1,0
2025-03,ST-2444,2,0
2025-03,ST-2446,6,12
2025-03,ST-2447,2,3
2025-03,ST-2448,1,1
2025-03,ST-245,0,3
2025-03,ST-2450,4,9
2025-03,ST-2451,3,6
2025-03,ST-2452,2,0
2025-03,ST-2453,2,2
2025-03,ST-2455,0,1
2025-03,ST-2456,9,3
2025-03,ST-246,4,4
2025-03,ST-2464,2,2
2025-03,ST-2466,7,3
2025-03,ST-2468,3,4
2025-03,ST-247,1,0
2025-03,ST-2472,5,3
2025-03,ST-2473,3,2
2025-03,ST-2482,1,2
2025-03,ST-2487,2,2
2025-03,ST-249,4,1
2025-03,ST-2490,0,1
2025-03,ST-2491,2,4
2025-03,ST-2492,1,2
2025-03,ST-2493,0,3
2025-03,ST-2494,0,1
2025-03,ST-2496,1,1
2025-03,ST-2498,3,0
2025-03,ST-2499,1,2
2025-03,ST-2504,1,1
2025-03,ST-2513,5,1
2025-03,ST-2514,1,1
2025-03,ST-2516,5,1
2025-03,ST-2517,0,3
2025-03,ST-2518,3,0
2025-03,ST-2519,1,1
2025-03,ST-252,1,0
2025-03,ST-2520,1,1
2025-03,ST-2521,2,4
2025-03,ST-2522,5,3
2025-03,ST-2525,1,4
2025-03,ST-2526,1,1
2025-03,ST-2527,11,23
2025-03,ST-253,2,0
2025-03,ST-2530,3,2
2025-03,ST-2531,4,0
2025-03,ST-2532,7,8
2025-03,ST-2534,5,3
2025-03,ST-2536,7,6
2025-03,ST-2538,1,0
2025-03,ST-254,3,4
2025-03,ST-2542,2,1
2025-03,ST-2545,0,1
2025-03,ST-255,1,0
2025-03,ST-2550,1,0
2025-03,ST-2553,1,4
2025-03,ST-2557,1,1
2025-03,ST-256,0,1
2025-03,ST-2565,2,2
2025-03,ST-2569,1,1
2025-03,ST-2571,1,0
2025-03,ST-258,6,9
2025-03,ST-2580,3,0
2025-03,ST-2581,0,1
2025-03,ST-2592,1,1
2025-03,ST-2593,4,4
2025-03,ST-2594,0,1
2025-03,ST-2596,8,3
2025-03,ST-26,3,3
2025-03,ST-2608,4,1
2025-03,ST-2609,6,9
2025-03,ST-2616,2,0
2025-03,ST-262,0,1
2025-03,ST-2621,2,0
2025-03,ST-2623,12,9
2025-03,ST-2624,2,1
2025-03,ST-2625,11,6
2025-03,ST-2626,17,9
2025-03,ST-2634,1,0
2025-03,ST-2635,2,0
2025-03,ST-2646,0,1
2025-03,ST-265,1,0
2025-03,ST-2650,2,0
2025-03,ST-2655,1,1
2025-03,ST-2657,1,1
2025-03,ST-2658,0,1
2025-03,ST-2664,1,2
2025-03,ST-2667,2,2
2025-03,ST-2668,0,1
2025-03,ST-2671,0,1
2025-03,ST-2673,3,4
2025-03,ST-2684,0,1
2025-03,ST-2688,21,22
2025-03,ST-269,1,3
2025-03,ST-2690,0,2
2025-03,ST-2691,2,0
2025-03,ST-2693,2,0
2025-03,ST-2694,1,4
2025-03,ST-2718,1,0
2025-03,ST-272,2,0
2025-03,ST-2724,1,1
2025-03,ST-2728,2,0
2025-03,ST-273,1,0
2025-03,ST-2732,1,1
2025-03,ST-2736,0,1
2025-03,ST-2738,0,1
2025-03,ST-274,0,1
2025-03,ST-2742,1,0
2025-03,ST-2749,3,0
2025-03,ST-276,1,0
2025-03,ST-2760,1,0
2025-03,ST-2767,1,1
2025-03,ST-277,0,3
2025-03,ST-278,1,0
2025-03,ST-2782,2,5
2025-03,ST-2786,1,1
2025-03,ST-2787,0,1
2025-03,ST-279,1,1
2025-03,ST-2793,1,1
2025-03,ST-2797,0,1
2025-03,ST-28,4,2
2025-03,ST-280,2,0
2025-03,ST-281,0,1
2025-03,ST-2810,4,1
2025-03,ST-2813,0,1
2025-03,ST-2814,6,10
2025-03,ST-2815,9,4
2025-03,ST-2822,2,3
2025-03,ST-2823,1,0
2025-03,ST-2833,4,0
2025-03,ST-2834,0,3
2025-03,ST-285,1,0
2025-03,ST-2851,1,0
2025-03,ST-2854,2,2
2025-03,ST-2867,3,0
2025-03,ST-2871,1,0
2025-03,ST-2874,7,2
2025-03,ST-2876,2,3
2025-03,ST-2877,1,0
2025-03,ST-288,3,1
2025-03,ST-2884,1,0
2025-03,ST-289,1,1
2025-03,ST-2892,0,2
2025-03,ST-29,0,2
2025-03,ST-2905,62,50
2025-03,ST-2916,1,2
2025-03,ST-292,2,1
2025-03,ST-2923,2,5
2025-03,ST-2924,1,5
2025-03,ST-2935,2,2
2025-03,ST-294,1,0
2025-03,ST-2943,3,0
2025-03,ST-2947,1,1
2025-03,ST-2948,0,1
2025-03,ST-295,1,0
2025-03,ST-296,11,4
2025-03,ST-2961,1,0
2025-03,ST-297,54,44
2025-03,ST-2974,1,0
2025-03,ST-2975,1,4
2025-03,ST-2977,0,2
2025-03,ST-2979,1,1
2025-03,ST-2985,1,0
2025-03,ST-299,0,1
2025-03,ST-2994,1,1
2025-03,ST-30,6,2
2025-03,ST-3002,7,3
2025-03,ST-3003,6,0
2025-03,ST-3008,2,0
2025-03,ST-3017,11,7
2025-03,ST-3019,1,1
2025-03,ST-302,1,0
2025-03,ST-3024,1,0
2025-03,ST-3028,1,0
2025-03,ST-3029,1,1
2025-03,ST-3042,3,3
2025-03,ST-3044,2,2
2025-03,ST-3051,0,1
2025-03,ST-3054,4,6
2025-03,ST-3056,3,7
2025-03,ST-3058,2,0
2025-03,ST-306,1,1
2025-03,ST-3061,1,0
2025-03,ST-3062,7,3
2025-03,ST-3066,1,3
2025-03,ST-307,0,2
2025-03,ST-3070,0,1
2025-03,ST-3075,0,2
2025-03,ST-3077,1,1
2025-03,ST-3078,2,0
2025-03,ST-3082,1,3
2025-03,ST-3083,2,1
2025-03,ST-3086,2,0
2025-03,ST-309,0,1
2025-03,ST-3090,9,4
2025-03,ST-3091,0,1
2025-03,ST-3092,2,3
2025-03,ST-3094,1,2
2025-03,ST-3096,1,1
2025-03,ST-3098,6,4
2025-03,ST-31,0,3
2025-03,ST-3102,4,3
2025-03,ST-3107,3,4
2025-03,ST-3108,3,1
2025-03,ST-3111,0,4
2025-03,ST-3112,2,1
2025-03,ST-3119,0,1
2025-03,ST-3121,0,2
2025-03,ST-3125,0,1
2025-03,ST-3131,0,1
2025-03,ST-3133,2,0
2025-03,ST-3135,1,0
2025-03,ST-3138,1,2
2025-03,ST-3139,2,3
2025-03,ST-3140,5,3
2025-03,ST-3141,0,1
2025-03,ST-3142,5,10
2025-03,ST-3143,3,2
2025-03,ST-3148,2,0
2025-03,ST-315,1,2
2025-03,ST-3151,1,1
2025-03,ST-3155,1,0
2025-03,ST-3159,0,1
2025-03,ST-3160,9,5
2025-03,ST-3162,0,2
2025-03,ST-3170,0,1
2025-03,ST-3171,1,0
2025-03,ST-3177,1,1
2025-03,ST-3184,1,0
2025-03,ST-3187,4,1
2025-03,ST-3195,1,0
2025-03,ST-3199,1,0
2025-03,ST-32,7,13
2025-03,ST-3204,2,5
2025-03,ST-3205,3,1
2025-03,ST-3206,1,2
2025-03,ST-3212,2,3
2025-03,ST-3213,2,0
2025-03,ST-3214,5,5
2025-03,ST-3216,3,0
2025-03,ST-3226,0,1
2025-03,ST-3230,0,1
2025-03,ST-3235,1,2
2025-03,ST-3239,28,25
2025-03,ST-3249,6,4
2025-03,ST-3254,0,6
2025-03,ST-3258,2,1
2025-03,ST-3265,0,1
2025-03,ST-3267,0,1
2025-03,ST-3268,1,0
2025-03,ST-3275,1,0
2025-03,ST-328,1,4
2025-03,ST-3280,1,0
2025-03,ST-329,3,1
2025-03,ST-3291,0,3
2025-03,ST-3297,2,0
2025-03,ST-33,2,1
2025-03,ST-330,7,4
2025-03,ST-3300,0,1
2025-03,ST-3305,6,1
2025-03,ST-3309,2,0
2025-03,ST-331,1,9
2025-03,ST-3310,1,0
2025-03,ST-3311,1,1
2025-03,ST-3315,2,2
2025-03,ST-3316,1,0
2025-03,ST-332,2,3
2025-03,ST-3321,1,0
2025-03,ST-3323,3,0
2025-03,ST-3325,9,15
2025-03,ST-3326,6,4
2025-03,ST-3332,1,5
2025-03,ST-3333,4,5
2025-03,ST-334,5,2
2025-03,ST-3340,1,1
2025-03,ST-3342,3,8
2025-03,ST-3343,1,0
2025-03,ST-3347,0,1
2025-03,ST-335,0,1
2025-03,ST-3351,13,24
2025-03,ST-3352,1,0
2025-03,ST-3354,5,3
2025-03,ST-3355,7,6
2025-03,ST-336,2,3
2025-03,ST-338,16,10
2025-03,ST-339,21,15
2025-03,ST-340,16,13
2025-03,ST-341,2,3
2025-03,ST-342,1,4
2025-03,ST-343,3,2
2025-03,ST-344,2,0
2025-03,ST-345,1,0
2025-03,ST-352,3,3
2025-03,ST-357,3,1
2025-03,ST-36,6,2
2025-03,ST-362,2,1
2025-03,ST-366,5,5
2025-03,ST-369,0,1
2025-03,ST-37,1,1
2025-03,ST-370,0,1
2025-03,ST-375,2,4
2025-03,ST-376,2,3
2025-03,ST-379,1,0
2025-03,ST-382,2,3
2025-03,ST-384,1,0
2025-03,ST-385,3,3
2025-03,ST-387,2,2
2025-03,ST-39,0,1
2025-03,ST-390,1,1
2025-03,ST-391,1,1
2025-03,ST-395,0,1
2025-03,ST-4,3,10
2025-03,ST-40,1,0
2025-03,ST-400,1,2
2025-03,ST-401,3,1
2025-03,ST-402,2,2
2025-03,ST-404,1,1
2025-03,ST-408,4,2
2025-03,ST-409,4,2
2025-03,ST-41,4,10
2025-03,ST-410,0,1
2025-03,ST-414,4,3
2025-03,ST-420,1,1
2025-03,ST-421,2,0
2025-03,ST-422,0,2
2025-03,ST-424,1,0
2025-03,ST-425,1,5
2025-03,ST-426,26,18
2025-03,ST-43,0,1
2025-03,ST-435,1,3
2025-03,ST-436,1,0
2025-03,ST-437,1,0
2025-03,ST-438,2,3
2025-03,ST-442,16,20
2025-03,ST-443,1,1
2025-03,ST-445,3,1
2025-03,ST-446,7,29
2025-03,ST-453,1,4
2025-03,ST-454,1,0
2025-03,ST-46,2,2
2025-03,ST-460,6,4
2025-03,ST-462,2,1
2025-03,ST-47,8,10
2025-03,ST-476,2,2
2025-03,ST-482,1,7
2025-03,ST-483,7,6
2025-03,ST-485,0,1
2025-03,ST-487,2,2
2025-03,ST-491,0,1
2025-03,ST-493,2,0
2025-03,ST-494,1,2
2025-03,ST-5,7,6
2025-03,ST-50,3,3
2025-03,ST-500,1,0
2025-03,ST-502,0,2
2025-03,ST-503,1,0
2025-03,ST-504,2,2
2025-03,ST-506,17,18
2025-03,ST-51,2,3
2025-03,ST-513,1,1
2025-03,ST-516,1,1
2025-03,ST-517,1,0
2025-03,ST-52,6,3
2025-03,ST-520,2,3
2025-03,ST-522,1,0
2025-03,ST-523,1,0
2025-03,ST-53,3,4
2025-03,ST-534,1,2
2025-03,ST-539,5,1
2025-03,ST-542,2,1
2025-03,ST-544,0,1
2025-03,ST-547,4,10
2025-03,ST-548,2,0
2025-03,ST-55,2,4
2025-03,ST-550,4,3
2025-03,ST-555,9,4
2025-03,ST-560,2,2
2025-03,ST-564,1,1
2025-03,ST-571,1,2
2025-03,ST-572,1,0
2025-03,ST-574,1,1
2025-03,ST-580,4,1
2025-03,ST-59,3,3
2025-03,ST-590,0,4
2025-03,ST-596,3,2
2025-03,ST-6,7,5
2025-03,ST-600,2,3
2025-03,ST-606,1,0
2025-03,ST-611,1,1
2025-03,ST-615,1,0
2025-03,ST-62,2,0
2025-03,ST-620,2,0
2025-03,ST-623,2,3
2025-03,ST-636,1,0
2025-03,ST-637,0,1
2025-03,ST-64,6,7
2025-03,ST-643,1,0
2025-03,ST-644,1,0
2025-03,ST-658,1,0
2025-03,ST-66,2,2
2025-03,ST-663,2,2
2025-03,ST-664,6,1
2025-03,ST-669,0,2
2025-03,ST-67,4,13
2025-03,ST-683,18,15
2025-03,ST-691,0,1
2025-03,ST-692,7,11
2025-03,ST-693,0,3
2025-03,ST-695,5,14
2025-03,ST-699,0,4
2025-03,ST-7,4,1
2025-03,ST-702,6,2
2025-03,ST-714,1,0
2025-03,ST-72,1,2
2025-03,ST-720,1,0
2025-03,ST-727,0,1
2025-03,ST-73,69,76
2025-03,ST-742,1,1
2025-03,ST-743,0,3
2025-03,ST-744,1,1
2025-03,ST-748,5,7
2025-03,ST-749,25,46
2025-03,ST-750,16,14
2025-03,ST-752,1,1
2025-03,ST-753,0,1
2025-03,ST-761,1,0
2025-03,ST-766,0,1
2025-03,ST-767,0,1
2025-03,ST-769,1,0
2025-03,ST-773,1,1
2025-03,ST-777,15,13
2025-03,ST-780,3,5
2025-03,ST-784,3,5
2025-03,ST-787,2,4
2025-03,ST-788,1,3
2025-03,ST-789,1,0
2025-03,ST-790,0,2
2025-03,ST-791,8,14
2025-03,ST-792,1,0
2025-03,ST-793,1,2
2025-03,ST-797,1,1
2025-03,ST-799,8,2
2025-03,ST-8,19,27
2025-03,ST-80,3,1
2025-03,ST-804,1,1
2025-03,ST-810,3,0
2025-03,ST-812,1,0
2025-03,ST-814,0,1
2025-03,ST-818,2,0
2025-03,ST-82,7,5
2025-03,ST-83,1,1
2025-03,ST-830,2,0
2025-03,ST-831,1,0
2025-03,ST-834,1,1
2025-03,ST-838,4,2
2025-03,ST-840,10,8
2025-03,ST-847,1,1
2025-03,ST-85,5,2
2025-03,ST-850,1,1
2025-03,ST-856,0,1
2025-03,ST-87,18,19
2025-03,ST-877,4,3
2025-03,ST-883,3,2
2025-03,ST-884,0,3
2025-03,ST-886,0,3
2025-03,ST-887,0,1
2025-03,ST-89,1,0
2025-03,ST-891,17,15
2025-03,ST-9,1,2
2025-03,ST-90,1,0
2025-03,ST-910,4,8
2025-03,ST-912,0,1
2025-03,ST-914,1,0
2025-03,ST-92,0,1
2025-03,ST-923,0,1
2025-03,ST-928,1,1
2025-03,ST-93,1,0
2025-03,ST-932,2,1
2025-03,ST-936,0,1
2025-03,ST-943,6,3
2025-03,ST-944,5,3
2025-03,ST-946,2,0
2025-03,ST-948,2,0
2025-03,ST-949,1,0
2025-03,ST-95,1,1
2025-03,ST-958,0,2
2025-03,ST-959,1,0
2025-03,ST-963,2,1
2025-03,ST-964,0,1
2025-03,ST-965,0,3
2025-03,ST-966,3,0
2025-03,ST-968,2,3
2025-03,ST-97,0,2
2025-03,ST-971,1,3
2025-03,ST-972,1,0
2025-03,ST-974,1,0
2025-03,ST-976,0,2
2025-03,ST-978,1,0
2025-03,ST-979,0,2
2025-03,ST-98,2,0
2025-03,ST-980,0,2
2025-03,ST-987,1,1
2025-03,ST-988,3,0
2025-03,ST-99,35,57
2025-03,ST-990,1,0
2025-03,ST-992,7,7
2025-04,\N,0,23
2025-04,ST-10,11,16
2025-04,ST-1002,3,0
2025-04,ST-1010,1,0
2025-04,ST-1013,0,1
2025-04,ST-1015,4,1
2025-04,ST-1018,2,0
2025-04,ST-1019,2,1
2025-04,ST-102,2,1
2025-04,ST-103,1,1
2025-04,ST-1034,1,1
2025-04,ST-1035,0,1
2025-04,ST-1036,1,2
2025-04,ST-1039,1,0
2025-04,ST-1045,1,1
2025-04,ST-1046,0,8
2025-04,ST-1047,3,2
2025-04,ST-1048,3,0
2025-04,ST-105,18,12
2025-04,ST-1058,0,1
2025-04,ST-1059,0,1
2025-04,ST-1061,0,2
2025-04,ST-1062,0,1
2025-04,ST-1063,5,2
2025-04,ST-1064,1,0
2025-04,ST-1065,8,2
2025-04,ST-1067,2,0
2025-04,ST-107,25,33
2025-04,ST-1070,1,3
2025-04,ST-1072,1,1
2025-04,ST-108,28,32
2025-04,ST-1081,2,0
2025-04,ST-1083,3,4
2025-04,ST-1084,0,1
2025-04,ST-1087,33,20
2025-04,ST-1088,2,0
2025-04,ST-109,8,16
2025-04,ST-1095,2,0
2025-04,ST-1098,0,3
2025-04,ST-1099,0,3
2025-04,ST-1103,0,2
2025-04,ST-1104,0,1
2025-04,ST-1105,4,0
2025-04,ST-1109,3,1
2025-04,ST-111,10,4
2025-04,ST-1111,3,0
2025-04,ST-112,8,1
2025-04,ST-1124,1,1
2025-04,ST-1125,1,2
2025-04,ST-1132,1,1
2025-04,ST-1136,1,1
2025-04,ST-114,2,1
2025-04,ST-1147,0,1
2025-04,ST-1150,2,0
2025-04,ST-116,2,6
2025-04,ST-1163,1,0
2025-04,ST-1164,1,0
2025-04,ST-1165,1,1
2025-04,ST-1166,1,1
2025-04,ST-1168,10,7
2025-04,ST-1169,1,3
2025-04,ST-117,0,1
2025-04,ST-1171,3,16
2025-04,ST-1172,13,12
2025-04,ST-1173,4,5
2025-04,ST-1174,13,6
2025-04,ST-1178,3,1
2025-04,ST-1179,2,0
2025-04,ST-118,25,14
2025-04,ST-1180,1,2
2025-04,ST-1181,5,1
2025-04,ST-1185,2,0
2025-04,ST-1186,1,1
2025-04,ST-1188,2,6
2025-04,ST-1189,3,1
2025-04,ST-119,18,10
2025-04,ST-1190,3,3
2025-04,ST-1191,27,23
2025-04,ST-1193,0,2
2025-04,ST-1194,1,1
2025-04,ST-1195,12,18
2025-04,ST-1197,0,2
2025-04,ST-1198,4,0
2025-04,ST-1199,187,176
2025-04,ST-12,11,7
2025-04,ST-1201,2,3
2025-04,ST-1202,2,2
2025-04,ST-121,20,6
2025-04,ST-1212,1,1
2025-04,ST-1215,1,2
2025-04,ST-1223,0,1
2025-04,ST-1224,0,1
2025-04,ST-1226,0,1
2025-04,ST-1228,1,1
2025-04,ST-123,6,3
2025-04,ST-1237,1,1
2025-04,ST-124,3,2
2025-04,ST-1246,1,0
2025-04,ST-1247,1,0
2025-04,ST-1249,0,1
2025-04,ST-125,1,5
2025-04,ST-1251,2,3
2025-04,ST-1259,1,0
2025-04,ST-126,12,10
2025-04,ST-1260,1,0
2025-04,ST-1263,2,3
2025-04,ST-1265,1,1
2025-04,ST-1267,1,1
2025-04,ST-1268,0,1
2025-04,ST-1279,0,1
2025-04,ST-130,38,19
2025-04,ST-1302,1,7
2025-04,ST-1305,1,1
2025-04,ST-1306,5,1
2025-04,ST-1311,1,0
2025-04,ST-1312,1,0
2025-04,ST-1317,1,1
2025-04,ST-132,2,3
2025-04,ST-1320,1,2
2025-04,ST-1321,8,8
2025-04,ST-1323,0,2
2025-04,ST-1324,1,0
2025-04,ST-1325,2,4
2025-04,ST-1326,44,38
2025-04,ST-1327,1,0
2025-04,ST-1332,2,0
2025-04,ST-1333,0,2
2025-04,ST-1334,2,5
2025-04,ST-1335,2,2
2025-04,ST-1339,3,0
2025-04,ST-134,4,5
2025-04,ST-1341,0,1
2025-04,ST-1342,1,0
2025-04,ST-1343,4,3
2025-04,ST-1344,14,30
2025-04,ST-1349,3,3
2025-04,ST-1350,1,1
2025-04,ST-136,4,4
2025-04,ST-1361,6,0
2025-04,ST-1364,1,0
2025-04,ST-1365,2,2
2025-04,ST-1366,2,0
2025-04,ST-137,22,14
2025-04,ST-1372,14,13
2025-04,ST-1374,1,3
2025-04,ST-1375,0,1
2025-04,ST-1376,5,8
2025-04,ST-1378,1,1
2025-04,ST-138,22,20
2025-04,ST-1384,5,0
2025-04,ST-140,12,25
2025-04,ST-1403,1,2
2025-04,ST-1404,0,2
2025-04,ST-1408,1,1
2025-04,ST-1409,7,14
2025-04,ST-1413,5,10
2025-04,ST-142,13,15
2025-04,ST-1420,2,2
2025-04,ST-1422,0,1
2025-04,ST-1424,1,0
2025-04,ST-1427,1,0
2025-04,ST-143,14,13
2025-04,ST-1432,10,15
2025-04,ST-1433,5,3
2025-04,ST-1435,13,13
2025-04,ST-1436,3,0
2025-04,ST-1437,12,8
2025-04,ST-1438,2,0
2025-04,ST-1439,15,17
2025-04,ST-144,12,9
2025-04,ST-1440,13,5
2025-04,ST-1441,14,19
2025-04,ST-1442,0,1
2025-04,ST-1443,9,3
2025-04,ST-1445,6,13
2025-04,ST-1446,1,1
2025-04,ST-145,7,9
2025-04,ST-1454,4,1
2025-04,ST-1455,2,1
2025-04,ST-1456,1,0
2025-04,ST-1458,0,1
2025-04,ST-1463,1,0
2025-04,ST-1467,1,0
2025-04,ST-1468,2,1
2025-04,ST-147,3,7
2025-04,ST-1474,1,1
2025-04,ST-1479,3,0
2025-04,ST-148,1,2
2025-04,ST-1480,0,1
2025-04,ST-1484,2,2
2025-04,ST-1491,0,1
2025-04,ST-1492,0,1
2025-04,ST-1497,4,0
2025-04,ST-15,30,35
2025-04,ST-150,2,9
2025-04,ST-1503,4,1
2025-04,ST-1506,2,0
2025-04,ST-151,8,4
2025-04,ST-1510,1,0
2025-04,ST-1511,2,0
2025-04,ST-1515,0,1
2025-04,ST-152,10,14
2025-04,ST-1529,2,2
2025-04,ST-153,7,8
2025-04,ST-1531,1,5
2025-04,ST-154,10,5
2025-04,ST-1545,4,7
2025-04,ST-1547,2,0
2025-04,ST-155,25,24
2025-04,ST-1554,12,1
2025-04,ST-1555,8,11
2025-04,ST-1556,7,0
2025-04,ST-156,1,0
2025-04,ST-1566,2,2
2025-04,ST-157,3,0
2025-04,ST-1571,0,1
2025-04,ST-1575,2,2
2025-04,ST-1576,5,1
2025-04,ST-1577,3,4
2025-04,ST-1579,0,1
2025-04,ST-158,16,18
2025-04,ST-1580,1,0
2025-04,ST-1582,5,7
2025-04,ST-1584,9,34
2025-04,ST-1585,3,12
2025-04,ST-1586,20,17
2025-04,ST-1590,10,12
2025-04,ST-1599,1,1
2025-04,ST-160,0,1
2025-04,ST-1603,3,3
2025-04,ST-1605,18,15
2025-04,ST-1606,25,16
2025-04,ST-1607,10,13
2025-04,ST-1608,15,16
2025-04,ST-1609,9,8
2025-04,ST-1610,13,12
2025-04,ST-1611,11,16
2025-04,ST-1615,7,8
2025-04,ST-1619,2,2
2025-04,ST-162,16,13
2025-04,ST-1621,1,0
2025-04,ST-1625,2,4
2025-04,ST-1626,0,1
2025-04,ST-163,14,18
2025-04,ST-1631,6,4
2025-04,ST-1632,10,7
2025-04,ST-1640,1,0
2025-04,ST-1649,1,0
2025-04,ST-1650,6,3
2025-04,ST-1653,2,1
2025-04,ST-1656,0,2
2025-04,ST-1660,14,22
2025-04,ST-1661,11,28
2025-04,ST-1665,1,1
2025-04,ST-1667,3,1
2025-04,ST-1668,22,12
2025-04,ST-167,0,1
2025-04,ST-1670,4,8
2025-04,ST-1671,6,0
2025-04,ST-1675,4,2
2025-04,ST-1677,2,3
2025-04,ST-1678,3,3
2025-04,ST-1679,4,3
2025-04,ST-168,3,4
2025-04,ST-1680,2,0
2025-04,ST-1681,16,14
2025-04,ST-1684,1,0
2025-04,ST-1687,3,3
2025-04,ST-1688,2,1
2025-04,ST-1689,1,2
2025-04,ST-169,23,27
2025-04,ST-1691,1,0
2025-04,ST-1692,4,1
2025-04,ST-1695,1,0
2025-04,ST-1699,1,2
2025-04,ST-17,7,5
2025-04,ST-170,8,4
2025-04,ST-1701,1,1
2025-04,ST-1703,1,1
2025-04,ST-1705,19,13
2025-04,ST-1709,1,1
2025-04,ST-171,4,0
2025-04,ST-1713,1,0
2025-04,ST-1714,5,9
2025-04,ST-1715,0,1
2025-04,ST-1717,1,0
2025-04,ST-1718,3,1
2025-04,ST-1719,12,17
2025-04,ST-172,1,0
2025-04,ST-1720,32,22
2025-04,ST-1721,1,0
2025-04,ST-1722,0,2
2025-04,ST-1723,4,2
2025-04,ST-1725,0,1
2025-04,ST-1728,6,1
2025-04,ST-1729,5,3
2025-04,ST-173,5,0
2025-04,ST-1730,2,4
2025-04,ST-1731,1,1
2025-04,ST-1733,6,0
2025-04,ST-1736,0,2
2025-04,ST-174,6,3
2025-04,ST-1746,1,0
2025-04,ST-175,11,20
2025-04,ST-1753,5,3
2025-04,ST-1754,23,32
2025-04,ST-1756,5,3
2025-04,ST-1757,1,1
2025-04,ST-1758,2,1
2025-04,ST-1759,1,0
2025-04,ST-176,4,7
2025-04,ST-1760,8,7
2025-04,ST-1761,1,1
2025-04,ST-1769,1,0
2025-04,ST-177,1,1
2025-04,ST-1771,6,4
2025-04,ST-1772,11,8
2025-04,ST-1773,14,8
2025-04,ST-1774,4,6
2025-04,ST-1775,1,3
2025-04,ST-1776,6,8
2025-04,ST-1777,15,18
2025-04,ST-1778,6,6
2025-04,ST-1779,11,19
2025-04,ST-1780,34,18
2025-04,ST-1781,20,18
2025-04,ST-1782,12,7
2025-04,ST-1783,3,3
2025-04,ST-1785,0,2
2025-04,ST-1786,0,5
2025-04,ST-1789,0,2
2025-04,ST-1791,8,20
2025-04,ST-1793,2,1
2025-04,ST-1796,13,16
2025-04,ST-1797,10,11
2025-04,ST-18,25,27
2025-04,ST-180,0,1
2025-04,ST-1802,5,0
2025-04,ST-1804,16,25
2025-04,ST-1805,1,5
2025-04,ST-1807,21,22
2025-04,ST-1808,7,6
2025-04,ST-1809,4,7
2025-04,ST-181,12,8
2025-04,ST-1810,2,2
2025-04,ST-1811,17,14
2025-04,ST-1812,13,20
2025-04,ST-1813,1,0
2025-04,ST-1816,3,1
2025-04,ST-1817,0,1
2025-04,ST-1818,0,2
2025-04,ST-1819,2,3
2025-04,ST-1822,1,1
2025-04,ST-1823,3,0
2025-04,ST-1825,0,1
2025-04,ST-1826,1,1
2025-04,ST-1829,22,16
2025-04,ST-1833,2,0
2025-04,ST-1834,0,1
2025-04,ST-1837,0,1
2025-04,ST-1839,4,0
2025-04,ST-1841,0,1
2025-04,ST-1842,2,1
2025-04,ST-1845,1,0
2025-04,ST-1848,2,0
2025-04,ST-185,10,2
2025-04,ST-1850,1,1
2025-04,ST-1855,1,1
2025-04,ST-1857,1,0
2025-04,ST-1858,0,1
2025-04,ST-1859,1,0
2025-04,ST-186,6,12
2025-04,ST-1862,3,4
2025-04,ST-1864,8,3
2025-04,ST-1866,4,4
2025-04,ST-1867,1,5
2025-04,ST-1868,15,8
2025-04,ST-1870,1,0
2025-04,ST-1872,0,1
2025-04,ST-1876,4,4
2025-04,ST-1878,5,5
2025-04,ST-1879,5,7
2025-04,ST-1881,1,0
2025-04,ST-1883,0,1
2025-04,ST-1884,1,9
2025-04,ST-1885,13,12
2025-04,ST-189,3,2
2025-04,ST-1895,11,18
2025-04,ST-1896,0,2
2025-04,ST-1897,2,4
2025-04,ST-19,1,4
2025-04,ST-1900,1,5
2025-04,ST-1901,2,1
2025-04,ST-1904,1,0
2025-04,ST-1908,0,1
2025-04,ST-1909,2,3
2025-04,ST-1910,44,105
2025-04,ST-1915,0,1
2025-04,ST-1917,1,0
2025-04,ST-1918,0,1
2025-04,ST-1920,0,5
2025-04,ST-1923,29,42
2025-04,ST-1926,5,5
2025-04,ST-1929,2,0
2025-04,ST-1933,0,2
2025-04,ST-1938,6,6
2025-04,ST-194,15,10
2025-04,ST-1940,2,1
2025-04,ST-195,15,12
2025-04,ST-196,1,1
2025-04,ST-1964,0,2
2025-04,ST-1968,1,1
2025-04,ST-1969,3,4
2025-04,ST-197,0,2
2025-04,ST-1970,6,4
2025-04,ST-1971,15,10
2025-04,ST-1974,1,1
2025-04,ST-1976,0,1
2025-04,ST-198,8,9
2025-04,ST-1982,0,1
2025-04,ST-1990,0,2
2025-04,ST-1992,1,1
2025-04,ST-1994,1,3
2025-04,ST-1995,2,0
2025-04,ST-20,21,33
2025-04,ST-200,1,0
2025-04,ST-2000,0,5
2025-04,ST-2005,2,0
2025-04,ST-2006,2,3
2025-04,ST-201,4,5
2025-04,ST-2011,2,0
2025-04,ST-2016,0,1
2025-04,ST-2017,1,1
2025-04,ST-2020,3,4
2025-04,ST-2024,1,2
2025-04,ST-2025,2,1
2025-04,ST-2028,0,1
2025-04,ST-2029,1,0
2025-04,ST-203,9,8
2025-04,ST-2031,9,5
2025-04,ST-2033,1,0
2025-04,ST-2035,3,2
2025-04,ST-2036,3,4
2025-04,ST-2037,3,3
2025-04,ST-2039,0,1
2025-04,ST-204,15,5
2025-04,ST-2040,0,4
2025-04,ST-2041,1,2
2025-04,ST-2042,8,6
2025-04,ST-2044,1,0
2025-04,ST-2045,7,10
2025-04,ST-2047,1,0
2025-04,ST-205,16,29
2025-04,ST-206,2,2
2025-04,ST-207,9,6
2025-04,ST-2081,4,6
2025-04,ST-2089,0,2
2025-04,ST-2095,2,2
2025-04,ST-21,2,15
2025-04,ST-210,11,9
2025-04,ST-211,5,4
2025-04,ST-2110,1,1
2025-04,ST-212,2,2
2025-04,ST-2125,0,1
2025-04,ST-2126,1,0
2025-04,ST-2127,0,1
2025-04,ST-213,0,2
2025-04,ST-2134,1,0
2025-04,ST-214,6,2
2025-04,ST-2149,0,2
2025-04,ST-2152,17,17
2025-04,ST-2154,1,2
2025-04,ST-2156,10,15
2025-04,ST-2157,14,17
2025-04,ST-216,1,6
2025-04,ST-2160,3,4
2025-04,ST-2163,2,0
2025-04,ST-2166,0,2
2025-04,ST-2167,15,16
2025-04,ST-2168,28,27
2025-04,ST-217,1,2
2025-04,ST-2172,12,8
2025-04,ST-2173,0,2
2025-04,ST-2174,2,1
2025-04,ST-2175,1,1
2025-04,ST-2176,12,6
2025-04,ST-2177,16,21
2025-04,ST-2178,1,14
2025-04,ST-2179,1,3
2025-04,ST-2181,6,5
2025-04,ST-2182,2,4
2025-04,ST-2183,0,1
2025-04,ST-2184,22,12
2025-04,ST-2187,10,6
2025-04,ST-2188,4,6
2025-04,ST-219,0,1
2025-04,ST-2190,3,0
2025-04,ST-2191,5,0
2025-04,ST-2195,5,0
2025-04,ST-2196,0,1
2025-04,ST-2198,1,0
2025-04,ST-2199,1,2
2025-04,ST-22,3,0
2025-04,ST-2201,4,13
2025-04,ST-2202,0,1
2025-04,ST-2204,5,6
2025-04,ST-2206,1,0
2025-04,ST-221,2,0
2025-04,ST-2210,7,0
2025-04,ST-2212,4,4
2025-04,ST-2213,3,9
2025-04,ST-2216,3,3
2025-04,ST-2217,1,2
2025-04,ST-2219,0,1
2025-04,ST-2222,3,0
2025-04,ST-2223,1,1
2025-04,ST-2225,2,1
2025-04,ST-2226,2,0
2025-04,ST-223,1,2
2025-04,ST-2239,7,5
2025-04,ST-2240,61,77
2025-04,ST-2250,0,1
2025-04,ST-2253,0,1
2025-04,ST-2257,3,3
2025-04,ST-2259,3,0
2025-04,ST-2262,1,0
2025-04,ST-2264,1,1
2025-04,ST-2265,0,1
2025-04,ST-2269,1,0
2025-04,ST-2270,0,1
2025-04,ST-2272,0,2
2025-04,ST-2274,1,1
2025-04,ST-228,3,0
2025-04,ST-2280,10,10
2025-04,ST-2283,1,1
2025-04,ST-2290,1,0
2025-04,ST-2291,1,0
2025-04,ST-2293,0,2
2025-04,ST-23,1,2
2025-04,ST-230,3,1
2025-04,ST-2308,23,10
2025-04,ST-2309,0,1
2025-04,ST-231,5,0
2025-04,ST-2310,0,3
2025-04,ST-2312,7,6
2025-04,ST-2314,1,1
2025-04,ST-2318,1,1
2025-04,ST-232,1,1
2025-04,ST-2320,9,3
2025-04,ST-2321,6,9
2025-04,ST-2325,3,2
2025-04,ST-2326,11,3
2025-04,ST-2327,5,4
2025-04,ST-233,0,2
2025-04,ST-2330,9,14
2025-04,ST-2331,7,0
2025-04,ST-2332,14,11
2025-04,ST-2334,121,92
2025-04,ST-2338,2,0
2025-04,ST-2339,0,1
2025-04,ST-2341,42,45
2025-04,ST-2342,1,1
2025-04,ST-2343,0,1
2025-04,ST-2350,10,8
2025-04,ST-2352,1,0
2025-04,ST-2357,0,2
2025-04,ST-2358,0,1
2025-04,ST-236,1,0
2025-04,ST-2367,8,0
2025-04,ST-237,2,5
2025-04,ST-2375,0,1
2025-04,ST-239,1,0
2025-04,ST-2394,2,0
2025-04,ST-2396,0,1
2025-04,ST-24,4,2
2025-04,ST-2405,0,3
2025-04,ST-2408,2,0
2025-04,ST-241,5,2
2025-04,ST-2411,0,1
2025-04,ST-2414,4,3
2025-04,ST-2416,0,1
2025-04,ST-2417,1,0
2025-04,ST-242,4,0
2025-04,ST-2420,14,14
2025-04,ST-2422,7,6
2025-04,ST-2427,2,2
2025-04,ST-243,3,3
2025-04,ST-2430,5,5
2025-04,ST-2431,50,32
2025-04,ST-2438,1,11
2025-04,ST-2439,9,1
2025-04,ST-244,0,1
2025-04,ST-2440,8,0
2025-04,ST-2441,0,1
2025-04,ST-2442,5,2
2025-04,ST-2443,1,1
2025-04,ST-2444,3,1
2025-04,ST-2445,6,6
2025-04,ST-2446,21,21
2025-04,ST-2447,8,6
2025-04,ST-2448,2,2
2025-04,ST-245,4,1
2025-04,ST-2450,29,19
2025-04,ST-2451,4,8
2025-04,ST-2452,8,2
2025-04,ST-2453,7,1
2025-04,ST-2456,8,10
2025-04,ST-2458,0,1
2025-04,ST-2464,0,1
2025-04,ST-2466,1,1
2025-04,ST-2467,1,0
2025-04,ST-2468,16,8
2025-04,ST-2469,0,2
2025-04,ST-247,2,0
2025-04,ST-2472,11,5
2025-04,ST-2473,3,6
2025-04,ST-2476,1,1
2025-04,ST-2478,2,2
2025-04,ST-2481,3,2
2025-04,ST-2484,1,1
2025-04,ST-2486,1,3
2025-04,ST-2487,0,1
2025-04,ST-2491,4,5
2025-04,ST-2492,0,2
2025-04,ST-2493,7,6
2025-04,ST-2494,5,3
2025-04,ST-2496,0,5
2025-04,ST-2497,3,0
2025-04,ST-2498,3,1
2025-04,ST-2499,1,5
2025-04,ST-2504,6,4
2025-04,ST-2506,1,0
2025-04,ST-2513,14,15
2025-04,ST-2514,0,2
2025-04,ST-2516,3,0
2025-04,ST-2517,5,5
2025-04,ST-2518,7,1
2025-04,ST-2519,1,0
2025-04,ST-252,3,3
2025-04,ST-2520,10,1
2025-04,ST-2521,6,17
2025-04,ST-2522,3,6
2025-04,ST-2525,6,3
2025-04,ST-2526,7,5
2025-04,ST-2527,15,42
2025-04,ST-2528,1,0
2025-04,ST-253,1,1
2025-04,ST-2530,6,2
2025-04,ST-2531,4,1
2025-04,ST-2532,14,8
2025-04,ST-2533,2,1
2025-04,ST-2534,7,6
2025-04,ST-2535,5,9
2025-04,ST-2536,5,3
2025-04,ST-2537,1,0
2025-04,ST-254,7,5
2025-04,ST-2541,2,0
2025-04,ST-2542,3,2
2025-04,ST-2544,2,0
2025-04,ST-2545,3,0
2025-04,ST-2546,3,0
2025-04,ST-255,1,1
2025-04,ST-2550,0,1
2025-04,ST-2551,0,1
2025-04,ST-2552,1,0
2025-04,ST-2553,1,5
2025-04,ST-2556,1,0
2025-04,ST-2557,1,0
2025-04,ST-256,0,2
2025-04,ST-2564,3,0
2025-04,ST-2565,12,12
2025-04,ST-2569,1,1
2025-04,ST-257,1,4
2025-04,ST-2570,3,1
2025-04,ST-2571,0,3
2025-04,ST-2574,11,6
2025-04,ST-2578,0,1
2025-04,ST-258,11,13
2025-04,ST-2580,7,4
2025-04,ST-2581,0,1
2025-04,ST-2592,11,12
2025-04,ST-2593,9,7
2025-04,ST-2594,10,16
2025-04,ST-2595,1,1
2025-04,ST-2596,1,3
2025-04,ST-26,1,3
2025-04,ST-2601,2,0
2025-04,ST-2602,1,1
2025-04,ST-2608,4,4
2025-04,ST-2609,3,8
2025-04,ST-2613,0,1
2025-04,ST-2614,1,1
2025-04,ST-2616,1,1
2025-04,ST-2623,12,11
2025-04,ST-2624,1,0
2025-04,ST-2625,8,3
2025-04,ST-2626,18,12
2025-04,ST-2630,3,0
2025-04,ST-2631,2,0
2025-04,ST-2632,0,1
2025-04,ST-2634,0,1
2025-04,ST-2635,0,1
2025-04,ST-2637,2,4
2025-04,ST-2643,3,3
2025-04,ST-2646,2,0
2025-04,ST-265,0,1
2025-04,ST-2653,1,0
2025-04,ST-2654,1,1
2025-04,ST-2656,1,0
2025-04,ST-2658,1,3
2025-04,ST-2659,2,2
2025-04,ST-266,1,0
2025-04,ST-2661,1,2
2025-04,ST-2663,1,1
2025-04,ST-2664,6,8
2025-04,ST-2667,1,0
2025-04,ST-2668,0,2
2025-04,ST-267,2,0
2025-04,ST-2671,0,4
2025-04,ST-2673,30,17
2025-04,ST-2675,2,2
2025-04,ST-2677,0,2
2025-04,ST-2678,0,2
2025-04,ST-268,3,0
2025-04,ST-2680,1,0
2025-04,ST-2682,0,1
2025-04,ST-2685,2,2
2025-04,ST-2688,36,43
2025-04,ST-2689,2,2
2025-04,ST-269,1,1
2025-04,ST-2690,2,1
2025-04,ST-2693,11,13
2025-04,ST-2694,1,6
2025-04,ST-2707,1,0
2025-04,ST-2710,2,2
2025-04,ST-2711,0,1
2025-04,ST-2714,1,0
2025-04,ST-2719,1,0
2025-04,ST-272,2,2
2025-04,ST-2726,0,2
2025-04,ST-2728,3,2
2025-04,ST-2729,0,1
2025-04,ST-273,1,0
2025-04,ST-2731,0,1
2025-04,ST-2732,0,3
2025-04,ST-2733,0,1
2025-04,ST-2734,1,0
2025-04,ST-2736,0,1
2025-04,ST-274,4,1
2025-04,ST-2749,1,2
2025-04,ST-2756,2,3
2025-04,ST-2759,0,1
2025-04,ST-277,5,5
2025-04,ST-2774,3,3
2025-04,ST-2775,0,1
2025-04,ST-2779,0,3
2025-04,ST-278,9,5
2025-04,ST-2786,3,7
2025-04,ST-2789,8,6
2025-04,ST-279,1,5
2025-04,ST-2791,0,1
2025-04,ST-2793,1,0
2025-04,ST-2796,0,4
2025-04,ST-2797,2,2
2025-04,ST-2799,0,1
2025-04,ST-28,2,4
2025-04,ST-2803,1,0
2025-04,ST-2805,0,1
2025-04,ST-2806,1,0
2025-04,ST-2807,1,0
2025-04,ST-281,1,0
2025-04,ST-2810,3,1
2025-04,ST-2812,7,3
2025-04,ST-2813,2,0
2025-04,ST-2814,8,22
2025-04,ST-2815,10,12
2025-04,ST-2816,1,0
2025-04,ST-282,1,1
2025-04,ST-2822,11,1
2025-04,ST-2825,2,1
2025-04,ST-2827,0,2
2025-04,ST-2833,1,0
2025-04,ST-2834,4,7
2025-04,ST-2837,0,2
2025-04,ST-2839,1,1
2025-04,ST-2845,1,1
2025-04,ST-2846,1,1
2025-04,ST-2847,2,1
2025-04,ST-285,3,1
2025-04,ST-2852,2,0
2025-04,ST-2854,1,1
2025-04,ST-2858,1,0
2025-04,ST-2861,1,1
2025-04,ST-2865,2,1
2025-04,ST-2870,1,0
2025-04,ST-2871,0,1
2025-04,ST-2873,0,1
2025-04,ST-2874,9,2
2025-04,ST-2876,10,9
2025-04,ST-2878,0,1
2025-04,ST-2879,1,2
2025-04,ST-288,2,2
2025-04,ST-2880,2,4
2025-04,ST-2884,0,1
2025-04,ST-2886,1,0
2025-04,ST-2887,0,1
2025-04,ST-2888,0,1
2025-04,ST-289,1,0
2025-04,ST-2891,0,1
2025-04,ST-2892,0,1
2025-04,ST-2897,1,0
2025-04,ST-2899,5,6
2025-04,ST-29,2,0
2025-04,ST-2903,8,7
2025-04,ST-2905,90,86
2025-04,ST-2915,2,0
2025-04,ST-2916,1,2
2025-04,ST-292,1,2
2025-04,ST-2921,0,2
2025-04,ST-2923,2,3
2025-04,ST-2924,12,15
2025-04,ST-2929,2,3
2025-04,ST-293,1,0
2025-04,ST-2932,2,1
2025-04,ST-2934,0,5
2025-04,ST-2935,4,1
2025-04,ST-2943,1,2
2025-04,ST-2944,1,1
2025-04,ST-2945,2,2
2025-04,ST-2947,0,1
2025-04,ST-295,2,2
2025-04,ST-2958,0,2
2025-04,ST-2959,0,1
2025-04,ST-296,9,9
2025-04,ST-2961,0,2
2025-04,ST-2962,3,2
2025-04,ST-2967,1,1
2025-04,ST-297,73,58
2025-04,ST-2974,2,0
2025-04,ST-2975,6,8
2025-04,ST-2977,0,2
2025-04,ST-2979,16,9
2025-04,ST-298,3,3
2025-04,ST-2981,1,0
2025-04,ST-2993,1,0
2025-04,ST-2994,2,2
2025-04,ST-2995,1,0
2025-04,ST-30,13,5
2025-04,ST-300,1,1
2025-04,ST-3002,4,7
2025-04,ST-3003,16,8
2025-04,ST-3005,2,0
2025-04,ST-3008,2,2
2025-04,ST-3012,0,3
2025-04,ST-3013,1,1
2025-04,ST-3017,19,8
2025-04,ST-3019,3,0
2025-04,ST-302,1,1
2025-04,ST-3024,4,3
2025-04,ST-3030,1,3
2025-04,ST-3033,2,0
2025-04,ST-3042,2,2
2025-04,ST-3043,1,1
2025-04,ST-3049,0,3
2025-04,ST-3052,2,1
2025-04,ST-3053,2,0
2025-04,ST-3054,12,5
2025-04,ST-3056,7,18
2025-04,ST-306,3,0
2025-04,ST-3061,1,0
2025-04,ST-3062,4,4
2025-04,ST-3066,2,0
2025-04,ST-3068,1,1
2025-04,ST-3069,10,9
2025-04,ST-307,4,4
2025-04,ST-3070,5,7
2025-04,ST-3075,1,0
2025-04,ST-3077,12,12
2025-04,ST-3078,10,8
2025-04,ST-3079,8,18
2025-04,ST-3080,0,1
2025-04,ST-3081,0,3
2025-04,ST-3083,6,11
2025-04,ST-3086,0,9
2025-04,ST-3090,16,21
2025-04,ST-3092,2,4
2025-04,ST-3094,1,1
2025-04,ST-3095,1,2
2025-04,ST-3096,3,3
2025-04,ST-3098,3,4
2025-04,ST-3099,14,14
2025-04,ST-31,2,6
2025-04,ST-3102,1,0
2025-04,ST-3104,1,0
2025-04,ST-3106,3,1
2025-04,ST-3107,0,5
2025-04,ST-3108,13,4
2025-04,ST-311,1,1
2025-04,ST-3111,2,2
2025-04,ST-3112,14,14
2025-04,ST-3113,2,0
2025-04,ST-3114,1,1
2025-04,ST-3118,1,0
2025-04,ST-3120,0,1
2025-04,ST-3121,2,4
2025-04,ST-3125,2,1
2025-04,ST-3131,1,1
2025-04,ST-3135,3,3
2025-04,ST-3137,0,1
2025-04,ST-3138,1,2
2025-04,ST-3139,6,5
2025-04,ST-3140,19,9
2025-04,ST-3142,17,10
2025-04,ST-3143,1,2
2025-04,ST-3148,2,4
2025-04,ST-315,2,1
2025-04,ST-3152,3,0
2025-04,ST-3159,2,3
2025-04,ST-3160,14,18
2025-04,ST-3161,4,0
2025-04,ST-3162,2,4
2025-04,ST-3163,1,0
2025-04,ST-3165,0,1
2025-04,ST-3166,0,2
2025-04,ST-3168,2,1
2025-04,ST-317,0,1
2025-04,ST-3170,1,2
2025-04,ST-3171,1,1
2025-04,ST-3172,2,0
2025-04,ST-3173,1,0
2025-04,ST-3175,1,0
2025-04,ST-3177,2,2
2025-04,ST-3179,1,2
2025-04,ST-3185,0,1
2025-04,ST-3187,3,3
2025-04,ST-3198,1,3
2025-04,ST-32,22,13
2025-04,ST-3202,8,3
2025-04,ST-3204,13,11
2025-04,ST-3205,9,17
2025-04,ST-3206,0,2
2025-04,ST-3209,1,1
2025-04,ST-3212,1,1
2025-04,ST-3213,1,0
2025-04,ST-3214,7,7
2025-04,ST-3216,3,0
2025-04,ST-3221,2,0
2025-04,ST-3226,3,1
2025-04,ST-3228,2,0
2025-04,ST-3233,0,1
2025-04,ST-3235,3,1
2025-04,ST-3238,5,5
2025-04,ST-3239,63,60
2025-04,ST-324,4,5
2025-04,ST-3240,0,1
2025-04,ST-3243,5,2
2025-04,ST-3249,7,18
2025-04,ST-3254,5,4
2025-04,ST-3255,0,2
2025-04,ST-3258,4,2
2025-04,ST-3259,0,1
2025-04,ST-326,0,2
2025-04,ST-3264,2,2
2025-04,ST-3265,1,3
2025-04,ST-3268,0,1
2025-04,ST-327,5,6
2025-04,ST-3276,0,1
2025-04,ST-3277,1,2
2025-04,ST-328,5,8
2025-04,ST-3286,2,1
2025-04,ST-329,1,6
2025-04,ST-3291,5,9
2025-04,ST-3297,11,9
2025-04,ST-33,1,2
2025-04,ST-330,7,12
2025-04,ST-3300,5,2
2025-04,ST-3309,4,4
2025-04,ST-331,7,23
2025-04,ST-3310,1,1
2025-04,ST-3311,2,0
2025-04,ST-3315,5,4
2025-04,ST-3316,1,2
2025-04,ST-3318,2,0
2025-04,ST-332,10,0
2025-04,ST-3321,4,1
2025-04,ST-3323,3,0
2025-04,ST-3324,2,1
2025-04,ST-3325,14,11
2025-04,ST-3326,8,16
2025-04,ST-3328,0,1
2025-04,ST-3330,0,1
2025-04,ST-3331,4,1
2025-04,ST-3332,2,2
2025-04,ST-3333,8,9
2025-04,ST-3334,3,4
2025-04,ST-334,1,0
2025-04,ST-3341,0,7
2025-04,ST-3342,17,32
2025-04,ST-3344,2,1
2025-04,ST-3348,1,3
2025-04,ST-3349,1,0
2025-04,ST-335,0,5
2025-04,ST-3351,6,10
2025-04,ST-3354,14,12
2025-04,ST-3355,12,6
2025-04,ST-3356,0,1
2025-04,ST-3358,2,0
2025-04,ST-3359,1,0
2025-04,ST-336,6,8
2025-04,ST-3361,3,1
2025-04,ST-338,22,12
2025-04,ST-339,17,24
2025-04,ST-340,23,9
2025-04,ST-341,9,6
2025-04,ST-342,6,7
2025-04,ST-343,13,13
2025-04,ST-344,15,7
2025-04,ST-345,0,2
2025-04,ST-346,1,0
2025-04,ST-349,4,6
2025-04,ST-35,3,0
2025-04,ST-350,1,0
2025-04,ST-351,1,1
2025-04,ST-352,3,0
2025-04,ST-354,0,1
2025-04,ST-357,14,29
2025-04,ST-358,1,0
2025-04,ST-36,6,3
2025-04,ST-360,3,2
2025-04,ST-361,3,3
2025-04,ST-362,9,8
2025-04,ST-364,2,0
2025-04,ST-366,38,38
2025-04,ST-369,3,6
2025-04,ST-37,6,4
2025-04,ST-370,1,1
2025-04,ST-372,0,1
2025-04,ST-375,12,4
2025-04,ST-376,7,9
2025-04,ST-378,2,1
2025-04,ST-379,2,2
2025-04,ST-382,12,2
2025-04,ST-385,5,4
2025-04,ST-387,0,3
2025-04,ST-388,1,0
2025-04,ST-39,1,2
2025-04,ST-390,1,1
2025-04,ST-391,4,3
2025-04,ST-394,4,3
2025-04,ST-395,1,0
2025-04,ST-4,9,13
2025-04,ST-40,1,3
2025-04,ST-400,0,1
2025-04,ST-401,4,6
2025-04,ST-404,1,10
2025-04,ST-405,2,2
2025-04,ST-407,1,2
2025-04,ST-408,5,0
2025-04,ST-41,1,0
2025-04,ST-410,1,5
2025-04,ST-413,2,0
2025-04,ST-414,4,6
2025-04,ST-418,2,0
2025-04,ST-42,0,1
2025-04,ST-421,7,9
2025-04,ST-422,2,1
2025-04,ST-424,4,0
2025-04,ST-425,7,5
2025-04,ST-426,59,50
2025-04,ST-43,1,1
2025-04,ST-435,4,5
2025-04,ST-436,1,3
2025-04,ST-437,2,0
2025-04,ST-438,1,0
2025-04,ST-439,3,1
2025-04,ST-440,2,2
2025-04,ST-442,21,56
2025-04,ST-443,1,2
2025-04,ST-444,1,0
2025-04,ST-445,1,2
2025-04,ST-446,20,25
2025-04,ST-453,0,2
2025-04,ST-454,2,0
2025-04,ST-455,4,7
2025-04,ST-456,1,0
2025-04,ST-459,3,1
2025-04,ST-46,21,30
2025-04,ST-460,6,7
2025-04,ST-461,0,2
2025-04,ST-462,4,6
2025-04,ST-463,2,1
2025-04,ST-47,14,12
2025-04,ST-470,1,1
2025-04,ST-471,0,1
2025-04,ST-475,0,1
2025-04,ST-476,5,4
2025-04,ST-482,13,23
2025-04,ST-483,7,4
2025-04,ST-485,1,4
2025-04,ST-486,1,0
2025-04,ST-488,0,2
2025-04,ST-492,7,3
2025-04,ST-493,5,1
2025-04,ST-497,0,4
2025-04,ST-5,9,12
2025-04,ST-50,11,13
2025-04,ST-502,0,3
2025-04,ST-503,6,1
2025-04,ST-506,19,20
2025-04,ST-507,2,2
2025-04,ST-51,3,6
2025-04,ST-513,1,0
2025-04,ST-514,3,1
2025-04,ST-516,4,2
2025-04,ST-517,1,0
2025-04,ST-518,1,0
2025-04,ST-519,0,2
2025-04,ST-52,22,10
2025-04,ST-522,2,1
2025-04,ST-528,1,0
2025-04,ST-53,4,3
2025-04,ST-530,1,0
2025-04,ST-534,0,2
2025-04,ST-535,1,0
2025-04,ST-538,1,2
2025-04,ST-539,10,8
2025-04,ST-540,5,0
2025-04,ST-541,0,1
2025-04,ST-542,6,8
2025-04,ST-544,4,7
2025-04,ST-546,1,0
2025-04,ST-547,13,21
2025-04,ST-548,5,8
2025-04,ST-55,28,22
2025-04,ST-550,9,12
2025-04,ST-553,1,1
2025-04,ST-555,2,1
2025-04,ST-559,1,0
2025-04,ST-560,1,0
2025-04,ST-562,2,1
2025-04,ST-565,3,0
2025-04,ST-572,0,1
2025-04,ST-59,6,2
2025-04,ST-590,0,2
2025-04,ST-594,1,1
2025-04,ST-596,2,3
2025-04,ST-6,18,4
2025-04,ST-60,2,0
2025-04,ST-603,3,0
2025-04,ST-604,1,1
2025-04,ST-611,2,1
2025-04,ST-616,3,5
2025-04,ST-62,10,7
2025-04,ST-623,2,5
2025-04,ST-63,11,9
2025-04,ST-634,1,1
2025-04,ST-636,1,1
2025-04,ST-637,0,1
2025-04,ST-638,2,0
2025-04,ST-639,0,2
2025-04,ST-64,40,42
2025-04,ST-640,4,2
2025-04,ST-646,1,1
2025-04,ST-658,7,4
2025-04,ST-66,3,0
2025-04,ST-663,2,2
2025-04,ST-664,6,3
2025-04,ST-666,3,0
2025-04,ST-668,2,1
2025-04,ST-67,17,9
2025-04,ST-674,2,0
2025-04,ST-675,1,0
2025-04,ST-68,3,2
2025-04,ST-683,18,19
2025-04,ST-69,4,0
2025-04,ST-692,13,42
2025-04,ST-693,10,5
2025-04,ST-695,18,7
2025-04,ST-697,2,2
2025-04,ST-699,4,2
2025-04,ST-7,2,3
2025-04,ST-70,2,5
2025-04,ST-702,4,6
2025-04,ST-71,5,5
2025-04,ST-714,0,1
2025-04,ST-72,4,7
2025-04,ST-720,2,1
2025-04,ST-721,1,0
2025-04,ST-722,0,3
2025-04,ST-724,4,2
2025-04,ST-725,0,1
2025-04,ST-726,1,0
2025-04,ST-727,3,0
2025-04,ST-73,223,188
2025-04,ST-742,0,3
2025-04,ST-743,9,8
2025-04,ST-745,1,0
2025-04,ST-747,6,3
2025-04,ST-748,22,40
2025-04,ST-749,65,119
2025-04,ST-750,25,25
2025-04,ST-757,1,0
2025-04,ST-761,1,5
2025-04,ST-764,2,3
2025-04,ST-765,0,2
2025-04,ST-766,0,1
2025-04,ST-767,1,1
2025-04,ST-769,1,1
2025-04,ST-770,5,7
2025-04,ST-771,2,2
2025-04,ST-772,14,17
2025-04,ST-777,36,52
2025-04,ST-780,2,4
2025-04,ST-782,0,2
2025-04,ST-784,11,20
2025-04,ST-786,1,0
2025-04,ST-787,9,2
2025-04,ST-788,1,4
2025-04,ST-791,11,18
2025-04,ST-792,4,13
2025-04,ST-793,10,9
2025-04,ST-794,2,5
2025-04,ST-795,3,3
2025-04,ST-796,4,3
2025-04,ST-797,12,3
2025-04,ST-798,0,1
2025-04,ST-799,7,11
2025-04,ST-8,36,33
2025-04,ST-801,0,3
2025-04,ST-802,3,3
2025-04,ST-803,2,0
2025-04,ST-806,3,3
2025-04,ST-808,0,1
2025-04,ST-81,1,1
2025-04,ST-810,7,2
2025-04,ST-811,3,7
2025-04,ST-812,0,1
2025-04,ST-814,1,0
2025-04,ST-815,0,4
2025-04,ST-818,7,5
2025-04,ST-82,3,5
2025-04,ST-821,6,1
2025-04,ST-823,6,3
2025-04,ST-825,0,3
2025-04,ST-827,1,0
2025-04,ST-830,1,0
2025-04,ST-831,0,1
2025-04,ST-834,2,4
2025-04,ST-839,0,1
2025-04,ST-840,5,20
2025-04,ST-842,2,3
2025-04,ST-85,5,2
2025-04,ST-852,1,1
2025-04,ST-86,1,0
2025-04,ST-862,3,1
2025-04,ST-87,18,17
2025-04,ST-877,8,11
2025-04,ST-879,0,1
2025-04,ST-880,1,1
2025-04,ST-882,3,0
2025-04,ST-883,6,5
2025-04,ST-887,1,0
2025-04,ST-889,0,1
2025-04,ST-89,2,6
2025-04,ST-890,0,1
2025-04,ST-891,46,25
2025-04,ST-892,2,2
2025-04,ST-894,5,0
2025-04,ST-9,6,2
2025-04,ST-90,0,1
2025-04,ST-901,1,0
2025-04,ST-902,2,0
2025-04,ST-904,2,0
2025-04,ST-91,1,0
2025-04,ST-910,0,3
2025-04,ST-919,1,0
2025-04,ST-92,1,1
2025-04,ST-925,5,4
2025-04,ST-929,1,0
2025-04,ST-93,0,3
2025-04,ST-930,3,1
2025-04,ST-932,14,0
2025-04,ST-933,9,4
2025-04,ST-936,2,0
2025-04,ST-938,0,1
2025-04,ST-94,1,2
2025-04,ST-942,3,0
2025-04,ST-943,1,7
2025-04,ST-944,3,2
2025-04,ST-946,13,3
2025-04,ST-947,2,1
2025-04,ST-948,0,1
2025-04,ST-95,2,0
2025-04,ST-950,1,1
2025-04,ST-954,1,0
2025-04,ST-959,4,1
2025-04,ST-962,3,0
2025-04,ST-963,4,5
2025-04,ST-964,0,2
2025-04,ST-965,0,2
2025-04,ST-966,1,0
2025-04,ST-968,5,7
2025-04,ST-97,3,2
2025-04,ST-971,3,0
2025-04,ST-972,0,2
2025-04,ST-974,1,0
2025-04,ST-976,2,1
2025-04,ST-977,3,3
2025-04,ST-978,5,7
2025-04,ST-979,3,9
2025-04,ST-98,10,8
2025-04,ST-980,2,6
2025-04,ST-983,1,0
2025-04,ST-984,1,1
2025-04,ST-986,2,1
2025-04,ST-987,1,3
2025-04,ST-988,6,4
2025-04,ST-99,105,119
2025-04,ST-991,1,0
2025-04,ST-992,5,5
2025-05,\N,0,14
2025-05,ST-10,25,24
2025-05,ST-1002,4,0
2025-05,ST-1005,2,1
2025-05,ST-1007,2,1
2025-05,ST-1018,3,2
2025-05,ST-102,2,2
2025-05,ST-1034,0,1
2025-05,ST-1041,2,1
2025-05,ST-1046,5,3
2025-05,ST-1047,3,3
2025-05,ST-1049,0,1
2025-05,ST-105,11,11
2025-05,ST-1055,0,1
2025-05,ST-1058,1,1
2025-05,ST-1059,0,1
2025-05,ST-1063,6,1
2025-05,ST-1064,0,1
2025-05,ST-1065,3,3
2025-05,ST-1067,0,1
2025-05,ST-1069,2,1
2025-05,ST-107,42,45
2025-05,ST-1070,7,6
2025-05,ST-1072,1,1
2025-05,ST-1075,1,0
2025-05,ST-1076,0,2
2025-05,ST-1078,2,1
2025-05,ST-108,22,21
2025-05,ST-1083,9,12
2025-05,ST-1084,0,1
2025-05,ST-1086,3,7
2025-05,ST-1087,12,11
2025-05,ST-1088,3,1
2025-05,ST-109,13,20
2025-05,ST-1092,1,0
2025-05,ST-1095,2,0
2025-05,ST-1096,0,1
2025-05,ST-1099,8,3
2025-05,ST-1101,1,0
2025-05,ST-1104,1,1
2025-05,ST-1109,2,2
2025-05,ST-111,6,7
2025-05,ST-1111,3,3
2025-05,ST-112,10,3
2025-05,ST-1120,1,1
2025-05,ST-1121,0,2
2025-05,ST-114,3,1
2025-05,ST-1148,0,1
2025-05,ST-1149,1,0
2025-05,ST-1150,3,4
2025-05,ST-1151,2,2
2025-05,ST-1152,1,2
2025-05,ST-1154,1,0
2025-05,ST-1158,1,1
2025-05,ST-116,2,4
2025-05,ST-1162,1,1
2025-05,ST-1163,0,1
2025-05,ST-1164,3,2
2025-05,ST-1166,0,5
2025-05,ST-1168,2,0
2025-05,ST-1169,6,7
2025-05,ST-117,16,3
2025-05,ST-1171,19,19
2025-05,ST-1172,5,8
2025-05,ST-1173,10,12
2025-05,ST-1174,14,14
2025-05,ST-1178,8,2
2025-05,ST-1179,1,1
2025-05,ST-118,28,23
2025-05,ST-1182,0,2
2025-05,ST-1185,2,0
2025-05,ST-1186,3,2
2025-05,ST-1188,4,13
2025-05,ST-1189,0,3
2025-05,ST-119,1,4
2025-05,ST-1190,10,6
2025-05,ST-1191,34,38
2025-05,ST-1192,4,0
2025-05,ST-1193,1,0
2025-05,ST-1194,1,2
2025-05,ST-1195,24,15
2025-05,ST-1197,2,0
2025-05,ST-1198,5,5
2025-05,ST-1199,197,156
2025-05,ST-12,13,11
2025-05,ST-1200,1,0
2025-05,ST-1201,3,2
2025-05,ST-121,34,19
2025-05,ST-1216,2,2
2025-05,ST-1223,3,1
2025-05,ST-1226,4,0
2025-05,ST-1227,0,1
2025-05,ST-1228,0,4
2025-05,ST-123,9,6
2025-05,ST-1237,1,2
2025-05,ST-1239,3,3
2025-05,ST-124,2,0
2025-05,ST-1245,0,2
2025-05,ST-1246,3,1
2025-05,ST-125,1,1
2025-05,ST-1251,2,5
2025-05,ST-1252,3,1
2025-05,ST-126,6,7
2025-05,ST-1263,2,3
2025-05,ST-1267,2,1
2025-05,ST-1270,1,0
2025-05,ST-1275,2,1
2025-05,ST-1280,2,1
2025-05,ST-130,17,19
2025-05,ST-1302,1,0
2025-05,ST-1315,0,1
2025-05,ST-1317,8,4
2025-05,ST-132,8,3
2025-05,ST-1320,0,2
2025-05,ST-1321,3,4
2025-05,ST-1323,0,1
2025-05,ST-1325,8,4
2025-05,ST-1326,34,37
2025-05,ST-1331,0,1
2025-05,ST-1333,1,0
2025-05,ST-1334,3,2
2025-05,ST-1335,0,3
2025-05,ST-1339,7,11
2025-05,ST-134,6,7
2025-05,ST-1341,4,1
2025-05,ST-1343,4,14
2025-05,ST-1344,13,45
2025-05,ST-1349,2,2
2025-05,ST-1350,0,2
2025-05,ST-1351,0,1
2025-05,ST-1352,3,3
2025-05,ST-1357,1,0
2025-05,ST-136,8,17
2025-05,ST-1360,1,0
2025-05,ST-1361,2,1
2025-05,ST-1365,4,1
2025-05,ST-1366,2,0
2025-05,ST-137,12,12
2025-05,ST-1372,21,26
2025-05,ST-1373,1,0
2025-05,ST-1376,6,11
2025-05,ST-1378,4,0
2025-05,ST-1379,0,1
2025-05,ST-138,18,19
2025-05,ST-1380,2,0
2025-05,ST-1384,3,0
2025-05,ST-1387,1,0
2025-05,ST-1390,0,1
2025-05,ST-1397,2,1
2025-05,ST-140,28,21
2025-05,ST-1403,0,2
2025-05,ST-1404,3,0
2025-05,ST-1409,10,6
2025-05,ST-1413,0,2
2025-05,ST-1417,2,0
2025-05,ST-142,18,14
2025-05,ST-1420,2,3
2025-05,ST-1421,1,0
2025-05,ST-1422,1,1
2025-05,ST-1425,0,1
2025-05,ST-143,21,14
2025-05,ST-1432,4,19
2025-05,ST-1435,13,13
2025-05,ST-1436,1,2
2025-05,ST-1437,6,3
2025-05,ST-1439,19,20
2025-05,ST-144,12,7
2025-05,ST-1440,7,9
2025-05,ST-1441,11,19
2025-05,ST-1442,3,1
2025-05,ST-1443,21,20
2025-05,ST-1445,5,6
2025-05,ST-1446,6,6
2025-05,ST-1449,1,0
2025-05,ST-145,17,10
2025-05,ST-1452,0,1
2025-05,ST-1455,2,1
2025-05,ST-1456,2,0
2025-05,ST-1458,0,1
2025-05,ST-1466,1,0
2025-05,ST-1469,1,0
2025-05,ST-147,6,0
2025-05,ST-1474,6,3
2025-05,ST-148,11,4
2025-05,ST-1482,2,0
2025-05,ST-1483,2,0
2025-05,ST-1491,1,3
2025-05,ST-1497,1,1
2025-05,ST-1498,0,1
2025-05,ST-15,22,56
2025-05,ST-150,12,15
2025-05,ST-1504,0,1
2025-05,ST-1506,6,4
2025-05,ST-151,11,12
2025-05,ST-1510,2,0
2025-05,ST-152,15,9
2025-05,ST-1521,1,1
2025-05,ST-153,7,10
2025-05,ST-1531,2,2
2025-05,ST-1539,2,2
2025-05,ST-154,4,1
2025-05,ST-1543,0,1
2025-05,ST-1544,1,0
2025-05,ST-1545,8,2
2025-05,ST-1546,2,3
2025-05,ST-1547,1,2
2025-05,ST-155,15,19
2025-05,ST-1553,0,1
2025-05,ST-1554,6,5
2025-05,ST-1555,13,29
2025-05,ST-1556,4,5
2025-05,ST-1559,3,0
2025-05,ST-156,1,1
2025-05,ST-1566,0,1
2025-05,ST-1568,2,3
2025-05,ST-157,1,1
2025-05,ST-1575,5,5
2025-05,ST-1576,9,2
2025-05,ST-1577,6,10
2025-05,ST-1578,2,1
2025-05,ST-1579,0,3
2025-05,ST-158,5,0
2025-05,ST-1582,3,6
2025-05,ST-1584,9,15
2025-05,ST-1585,1,1
2025-05,ST-1586,6,6
2025-05,ST-159,0,4
2025-05,ST-1590,7,8
2025-05,ST-1599,8,4
2025-05,ST-1602,1,4
2025-05,ST-1603,2,2
2025-05,ST-1605,14,7
2025-05,ST-1606,14,12
2025-05,ST-1607,4,2
2025-05,ST-1608,9,15
2025-05,ST-1609,3,3
2025-05,ST-161,6,1
2025-05,ST-1610,5,9
2025-05,ST-1611,14,31
2025-05,ST-1615,2,1
2025-05,ST-162,14,11
2025-05,ST-1625,1,0
2025-05,ST-1627,0,1
2025-05,ST-1628,1,1
2025-05,ST-1629,0,1
2025-05,ST-163,23,18
2025-05,ST-1631,2,4
2025-05,ST-1632,8,8
2025-05,ST-1636,1,2
2025-05,ST-1637,2,0
2025-05,ST-1648,1,1
2025-05,ST-1649,0,1
2025-05,ST-165,5,4
2025-05,ST-1650,3,5
2025-05,ST-1653,1,1
2025-05,ST-1654,2,5
2025-05,ST-1655,0,1
2025-05,ST-1656,2,3
2025-05,ST-1660,34,32
2025-05,ST-1661,27,21
2025-05,ST-1663,2,0
2025-05,ST-1667,0,4
2025-05,ST-1668,12,17
2025-05,ST-1670,3,7
2025-05,ST-1671,30,21
2025-05,ST-1672,1,0
2025-05,ST-1675,1,9
2025-05,ST-1677,0,1
2025-05,ST-1679,1,2
2025-05,ST-168,1,8
2025-05,ST-1680,1,3
2025-05,ST-1681,16,33
2025-05,ST-1687,2,1
2025-05,ST-1689,2,2
2025-05,ST-169,26,31
2025-05,ST-1691,2,1
2025-05,ST-1692,5,5
2025-05,ST-1699,0,4
2025-05,ST-17,7,2
2025-05,ST-170,11,5
2025-05,ST-1701,1,0
2025-05,ST-1703,0,1
2025-05,ST-1705,14,27
2025-05,ST-1707,1,0
2025-05,ST-1709,1,0
2025-05,ST-171,5,0
2025-05,ST-1714,11,10
2025-05,ST-1715,1,1
2025-05,ST-1718,3,3
2025-05,ST-1719,19,15
2025-05,ST-172,1,0
2025-05,ST-1720,36,35
2025-05,ST-1721,0,4
2025-05,ST-1722,2,1
2025-05,ST-1723,0,1
2025-05,ST-1729,2,5
2025-05,ST-173,3,3
2025-05,ST-1730,6,2
2025-05,ST-1731,3,3
2025-05,ST-1733,1,0
2025-05,ST-1734,0,1
2025-05,ST-1736,0,3
2025-05,ST-174,5,8
2025-05,ST-1746,0,2
2025-05,ST-175,6,11
2025-05,ST-1753,25,14
2025-05,ST-1754,8,26
2025-05,ST-1756,7,8
2025-05,ST-1757,5,3
2025-05,ST-1758,4,3
2025-05,ST-176,6,15
2025-05,ST-1760,10,4
2025-05,ST-1761,0,1
2025-05,ST-1768,2,0
2025-05,ST-1769,2,1
2025-05,ST-177,7,7
2025-05,ST-1771,11,2
2025-05,ST-1773,3,5
2025-05,ST-1774,7,10
2025-05,ST-1775,2,2
2025-05,ST-1776,8,11
2025-05,ST-1777,26,21
2025-05,ST-1778,6,2
2025-05,ST-1779,12,16
2025-05,ST-178,1,1
2025-05,ST-1780,49,41
2025-05,ST-1781,31,23
2025-05,ST-1782,17,11
2025-05,ST-1783,3,4
2025-05,ST-1785,3,2
2025-05,ST-1786,1,1
2025-05,ST-1791,6,10
2025-05,ST-1795,2,0
2025-05,ST-1796,8,15
2025-05,ST-1797,7,19
2025-05,ST-18,34,20
2025-05,ST-1802,1,0
2025-05,ST-1804,14,21
2025-05,ST-1805,9,8
2025-05,ST-1807,28,17
2025-05,ST-1808,3,4
2025-05,ST-1809,8,9
2025-05,ST-181,11,10
2025-05,ST-1810,7,3
2025-05,ST-1811,18,17
2025-05,ST-1812,17,15
2025-05,ST-1813,13,8
2025-05,ST-1814,1,0
2025-05,ST-1816,2,1
2025-05,ST-1817,2,0
2025-05,ST-1818,2,6
2025-05,ST-1819,3,3
2025-05,ST-1822,3,0
2025-05,ST-1823,1,0
2025-05,ST-1827,1,1
2025-05,ST-1829,3,16
2025-05,ST-183,1,1
2025-05,ST-1833,1,2
2025-05,ST-1838,1,0
2025-05,ST-1839,7,4
2025-05,ST-1840,1,0
2025-05,ST-1841,1,0
2025-05,ST-1842,1,1
2025-05,ST-1845,1,0
2025-05,ST-1848,5,0
2025-05,ST-185,5,3
2025-05,ST-1850,2,2
2025-05,ST-1851,1,0
2025-05,ST-1853,0,1
2025-05,ST-1858,2,2
2025-05,ST-1859,4,1
2025-05,ST-186,4,6
2025-05,ST-1862,0,4
2025-05,ST-1864,4,1
2025-05,ST-1866,3,3
2025-05,ST-1867,2,0
2025-05,ST-1868,5,2
2025-05,ST-187,2,0
2025-05,ST-1873,4,1
2025-05,ST-1874,1,0
2025-05,ST-1875,1,0
2025-05,ST-1876,1,1
2025-05,ST-1881,3,5
2025-05,ST-1883,2,1
2025-05,ST-1884,2,5
2025-05,ST-1885,18,16
2025-05,ST-1889,0,1
2025-05,ST-189,5,4
2025-05,ST-1891,0,3
2025-05,ST-1895,12,14
2025-05,ST-1896,3,0
2025-05,ST-1897,1,0
2025-05,ST-1899,0,1
2025-05,ST-19,3,0
2025-05,ST-1900,1,8
2025-05,ST-1904,1,0
2025-05,ST-1905,0,2
2025-05,ST-1906,2,0
2025-05,ST-1908,4,3
2025-05,ST-1909,7,3
2025-05,ST-1910,45,114
2025-05,ST-1914,2,0
2025-05,ST-1915,0,3
2025-05,ST-1916,1,0
2025-05,ST-1920,2,6
2025-05,ST-1923,47,41
2025-05,ST-1924,5,1
2025-05,ST-1926,2,8
2025-05,ST-1929,2,0
2025-05,ST-1933,5,3
2025-05,ST-1936,1,0
2025-05,ST-1937,1,0
2025-05,ST-194,10,12
2025-05,ST-1947,0,1
2025-05,ST-195,8,5
2025-05,ST-1957,0,3
2025-05,ST-1958,3,0
2025-05,ST-196,1,0
2025-05,ST-1967,1,0
2025-05,ST-1968,3,0
2025-05,ST-1969,4,6
2025-05,ST-197,0,3
2025-05,ST-1970,1,2
2025-05,ST-1971,8,6
2025-05,ST-1972,5,9
2025-05,ST-1976,4,4
2025-05,ST-1977,2,1
2025-05,ST-198,15,17
2025-05,ST-1986,3,0
2025-05,ST-199,3,0
2025-05,ST-1992,0,2
2025-05,ST-1995,2,4
2025-05,ST-1996,0,1
2025-05,ST-1999,3,0
2025-05,ST-20,31,23
2025-05,ST-2000,1,0
2025-05,ST-2001,2,1
2025-05,ST-2002,0,4
2025-05,ST-2003,0,1
2025-05,ST-2005,1,0
2025-05,ST-2006,1,1
2025-05,ST-2007,1,0
2025-05,ST-201,2,5
2025-05,ST-2011,4,0
2025-05,ST-2013,2,0
2025-05,ST-2017,1,4
2025-05,ST-2020,0,2
2025-05,ST-2024,1,2
2025-05,ST-2025,1,2
2025-05,ST-2026,1,0
2025-05,ST-2028,1,0
2025-05,ST-203,0,4
2025-05,ST-2031,9,7
2025-05,ST-2032,4,1
2025-05,ST-2033,5,6
2025-05,ST-2035,3,3
2025-05,ST-2036,1,2
2025-05,ST-2037,2,1
2025-05,ST-2039,0,1
2025-05,ST-204,29,4
2025-05,ST-2041,1,0
2025-05,ST-2042,6,4
2025-05,ST-2045,10,12
2025-05,ST-2046,1,0
2025-05,ST-2047,4,1
2025-05,ST-205,38,41
2025-05,ST-2054,3,0
2025-05,ST-206,4,1
2025-05,ST-207,10,5
2025-05,ST-2075,2,0
2025-05,ST-2076,2,1
2025-05,ST-2080,1,0
2025-05,ST-2081,5,3
2025-05,ST-2085,1,1
2025-05,ST-2089,0,1
2025-05,ST-2096,1,0
2025-05,ST-21,13,23
2025-05,ST-210,16,15
2025-05,ST-2107,0,1
2025-05,ST-211,8,9
2025-05,ST-212,4,2
2025-05,ST-2124,1,0
2025-05,ST-2125,1,2
2025-05,ST-2127,0,1
2025-05,ST-213,4,6
2025-05,ST-2133,1,2
2025-05,ST-2134,0,3
2025-05,ST-2136,1,0
2025-05,ST-2137,6,3
2025-05,ST-214,2,1
2025-05,ST-2147,1,0
2025-05,ST-2148,1,1
2025-05,ST-2149,2,0
2025-05,ST-2152,22,11
2025-05,ST-2153,0,2
2025-05,ST-2154,1,4
2025-05,ST-2156,11,9
2025-05,ST-2157,32,19
2025-05,ST-216,0,1
2025-05,ST-2160,1,2
2025-05,ST-2165,2,3
2025-05,ST-2167,22,23
2025-05,ST-2168,39,32
2025-05,ST-217,0,2
2025-05,ST-2172,30,10
2025-05,ST-2173,5,3
2025-05,ST-2177,21,18
2025-05,ST-2178,4,3
2025-05,ST-2179,4,5
2025-05,ST-2181,4,4
2025-05,ST-2182,6,8
2025-05,ST-2183,8,3
2025-05,ST-2184,20,14
2025-05,ST-2187,13,10
2025-05,ST-2188,6,19
2025-05,ST-219,4,6
2025-05,ST-2190,5,0
2025-05,ST-2191,2,2
2025-05,ST-2195,4,4
2025-05,ST-2198,1,3
2025-05,ST-2199,1,6
2025-05,ST-22,3,2
2025-05,ST-2201,1,7
2025-05,ST-2202,1,1
2025-05,ST-2204,5,1
2025-05,ST-2205,1,1
2025-05,ST-2206,1,1
2025-05,ST-2210,5,5
2025-05,ST-2212,7,2
2025-05,ST-2213,8,6
2025-05,ST-2216,10,6
2025-05,ST-2217,0,1
2025-05,ST-2219,1,1
2025-05,ST-2222,0,5
2025-05,ST-2223,5,10
2025-05,ST-2225,2,0
2025-05,ST-2226,0,1
2025-05,ST-2231,1,2
2025-05,ST-2232,1,0
2025-05,ST-2234,0,1
2025-05,ST-2236,1,2
2025-05,ST-2237,1,0
2025-05,ST-2239,8,13
2025-05,ST-2240,61,75
2025-05,ST-2250,1,0
2025-05,ST-2252,1,0
2025-05,ST-2257,4,4
2025-05,ST-2261,1,0
2025-05,ST-2264,1,3
2025-05,ST-2266,0,5
2025-05,ST-2267,2,0
2025-05,ST-227,4,6
2025-05,ST-2270,7,1
2025-05,ST-2271,0,1
2025-05,ST-2272,2,1
2025-05,ST-2274,2,8
2025-05,ST-2276,3,3
2025-05,ST-2278,1,1
2025-05,ST-228,0,1
2025-05,ST-2280,5,9
2025-05,ST-2282,1,1
2025-05,ST-2289,1,1
2025-05,ST-2291,3,3
2025-05,ST-2292,0,1
2025-05,ST-2298,1,0
2025-05,ST-23,3,0
2025-05,ST-230,4,7
2025-05,ST-2300,1,0
2025-05,ST-2301,1,1
2025-05,ST-2305,6,1
2025-05,ST-2308,10,14
2025-05,ST-2309,1,3
2025-05,ST-231,0,2
2025-05,ST-2310,14,10
2025-05,ST-2312,9,7
2025-05,ST-2314,1,0
2025-05,ST-2318,10,9
2025-05,ST-232,4,0
2025-05,ST-2320,6,3
2025-05,ST-2321,4,2
2025-05,ST-2325,1,0
2025-05,ST-2326,11,7
2025-05,ST-2327,8,7
2025-05,ST-2329,0,1
2025-05,ST-2330,16,18
2025-05,ST-2331,3,3
2025-05,ST-2332,9,22
2025-05,ST-2334,61,70
2025-05,ST-2339,3,1
2025-05,ST-234,2,4
2025-05,ST-2341,26,36
2025-05,ST-2342,4,6
2025-05,ST-2350,3,1
2025-05,ST-2351,3,0
2025-05,ST-2352,1,2
2025-05,ST-2353,1,1
2025-05,ST-2356,0,2
2025-05,ST-2357,1,1
2025-05,ST-236,1,0
2025-05,ST-2364,3,0
2025-05,ST-2367,3,2
2025-05,ST-2368,1,0
2025-05,ST-237,2,1
2025-05,ST-2375,2,2
2025-05,ST-2379,1,0
2025-05,ST-2382,0,1
2025-05,ST-2396,3,1
2025-05,ST-2397,0,1
2025-05,ST-24,2,3
2025-05,ST-2401,0,2
2025-05,ST-2406,0,3
2025-05,ST-2408,3,2
2025-05,ST-2409,0,3
2025-05,ST-241,11,5
2025-05,ST-2414,8,1
2025-05,ST-242,2,0
2025-05,ST-2420,29,25
2025-05,ST-2422,8,5
2025-05,ST-2425,0,1
2025-05,ST-2427,0,1
2025-05,ST-243,2,2
2025-05,ST-2430,3,2
2025-05,ST-2431,40,51
2025-05,ST-2437,2,0
2025-05,ST-2438,14,15
2025-05,ST-2439,26,11
2025-05,ST-244,1,1
2025-05,ST-2440,18,5
2025-05,ST-2441,8,7
2025-05,ST-2442,6,3
2025-05,ST-2443,4,6
2025-05,ST-2444,0,4
2025-05,ST-2445,6,8
2025-05,ST-2446,13,24
2025-05,ST-2447,1,2
2025-05,ST-2449,1,0
2025-05,ST-245,0,1
2025-05,ST-2450,31,20
2025-05,ST-2451,22,19
2025-05,ST-2452,6,19
2025-05,ST-2453,1,8
2025-05,ST-2455,2,1
2025-05,ST-2456,27,13
2025-05,ST-2459,2,0
2025-05,ST-246,3,6
2025-05,ST-2464,1,0
2025-05,ST-2466,13,6
2025-05,ST-2467,3,1
2025-05,ST-2468,6,8
2025-05,ST-2469,1,2
2025-05,ST-247,0,2
2025-05,ST-2472,22,17
2025-05,ST-2473,9,12
2025-05,ST-2478,10,9
2025-05,ST-2487,0,1
2025-05,ST-2489,4,2
2025-05,ST-249,4,4
2025-05,ST-2490,2,2
2025-05,ST-2491,2,3
2025-05,ST-2494,6,4
2025-05,ST-2496,2,2
2025-05,ST-2497,3,2
2025-05,ST-2498,5,5
2025-05,ST-2499,3,5
2025-05,ST-2500,0,1
2025-05,ST-2504,2,3
2025-05,ST-2506,1,0
2025-05,ST-2507,8,8
2025-05,ST-2508,4,0
2025-05,ST-251,2,0
2025-05,ST-2513,9,14
2025-05,ST-2514,1,0
2025-05,ST-2516,6,1
2025-05,ST-2517,3,5
2025-05,ST-2518,7,5
2025-05,ST-2519,0,2
2025-05,ST-252,4,5
2025-05,ST-2520,8,17
2025-05,ST-2521,12,10
2025-05,ST-2522,7,10
2025-05,ST-2525,6,4
2025-05,ST-2526,4,3
2025-05,ST-2527,39,57
2025-05,ST-2528,1,1
2025-05,ST-253,5,4
2025-05,ST-2530,7,2
2025-05,ST-2531,22,10
2025-05,ST-2532,6,15
2025-05,ST-2533,2,3
2025-05,ST-2534,12,9
2025-05,ST-2535,1,0
2025-05,ST-2536,4,2
2025-05,ST-2537,1,0
2025-05,ST-254,5,9
2025-05,ST-2541,9,3
2025-05,ST-2542,2,2
2025-05,ST-2544,1,1
2025-05,ST-2545,11,3
2025-05,ST-2546,2,1
2025-05,ST-2547,0,2
2025-05,ST-2549,2,2
2025-05,ST-255,0,9
2025-05,ST-2553,7,6
2025-05,ST-2556,5,8
2025-05,ST-256,0,1
2025-05,ST-2564,0,1
2025-05,ST-2565,19,19
2025-05,ST-2567,1,1
2025-05,ST-2569,1,0
2025-05,ST-257,3,2
2025-05,ST-2570,1,0
2025-05,ST-2571,2,2
2025-05,ST-2572,1,0
2025-05,ST-2574,4,2
2025-05,ST-258,10,9
2025-05,ST-2580,4,6
2025-05,ST-2583,0,1
2025-05,ST-2584,1,0
2025-05,ST-2592,5,3
2025-05,ST-2593,9,6
2025-05,ST-2594,7,13
2025-05,ST-2596,1,3
2025-05,ST-26,7,1
2025-05,ST-260,0,1
2025-05,ST-2600,1,1
2025-05,ST-2601,1,2
2025-05,ST-2602,6,4
2025-05,ST-2606,4,0
2025-05,ST-2608,13,15
2025-05,ST-2609,2,2
2025-05,ST-2616,2,2
2025-05,ST-262,1,3
2025-05,ST-2621,2,3
2025-05,ST-2623,12,11
2025-05,ST-2624,3,8
2025-05,ST-2625,11,15
2025-05,ST-2626,10,12
2025-05,ST-2627,1,2
2025-05,ST-2631,2,0
2025-05,ST-2636,0,1
2025-05,ST-2637,1,0
2025-05,ST-2639,0,1
2025-05,ST-2641,1,0
2025-05,ST-2642,1,1
2025-05,ST-2643,1,0
2025-05,ST-2644,3,0
2025-05,ST-2647,1,0
2025-05,ST-2649,1,0
2025-05,ST-265,4,5
2025-05,ST-2650,2,1
2025-05,ST-2653,1,2
2025-05,ST-2655,4,2
2025-05,ST-2658,1,3
2025-05,ST-2659,6,3
2025-05,ST-266,2,0
2025-05,ST-2663,1,0
2025-05,ST-2664,2,2
2025-05,ST-2667,7,2
2025-05,ST-2668,3,0
2025-05,ST-2671,2,0
2025-05,ST-2673,21,11
2025-05,ST-2674,1,1
2025-05,ST-2675,6,4
2025-05,ST-2678,0,1
2025-05,ST-2679,0,2
2025-05,ST-2684,2,1
2025-05,ST-2685,1,1
2025-05,ST-2686,0,2
2025-05,ST-2688,52,57
2025-05,ST-2689,2,2
2025-05,ST-269,3,2
2025-05,ST-2690,6,4
2025-05,ST-2693,7,5
2025-05,ST-2694,4,3
2025-05,ST-2698,1,2
2025-05,ST-2706,1,0
2025-05,ST-271,0,2
2025-05,ST-2713,1,1
2025-05,ST-2718,0,1
2025-05,ST-272,8,7
2025-05,ST-2725,0,1
2025-05,ST-2728,2,0
2025-05,ST-273,4,1
2025-05,ST-2731,1,0
2025-05,ST-2738,1,1
2025-05,ST-274,8,1
2025-05,ST-2740,5,0
2025-05,ST-2748,2,2
2025-05,ST-2749,2,1
2025-05,ST-2752,1,0
2025-05,ST-2754,1,1
2025-05,ST-2756,1,6
2025-05,ST-2757,2,2
2025-05,ST-2760,2,0
2025-05,ST-2765,1,2
2025-05,ST-2767,2,0
2025-05,ST-277,14,21
2025-05,ST-2774,0,1
2025-05,ST-2779,0,1
2025-05,ST-278,22,23
2025-05,ST-2786,9,4
2025-05,ST-2789,1,2
2025-05,ST-279,3,5
2025-05,ST-2791,2,1
2025-05,ST-2793,2,0
2025-05,ST-2796,0,1
2025-05,ST-2797,9,6
2025-05,ST-2798,0,2
2025-05,ST-28,1,6
2025-05,ST-280,0,1
2025-05,ST-2803,1,2
2025-05,ST-2807,2,1
2025-05,ST-2810,0,1
2025-05,ST-2811,0,4
2025-05,ST-2812,2,1
2025-05,ST-2813,1,1
2025-05,ST-2814,19,18
2025-05,ST-2815,11,10
2025-05,ST-2817,1,1
2025-05,ST-2822,2,1
2025-05,ST-2825,0,1
2025-05,ST-2831,2,1
2025-05,ST-2833,8,4
2025-05,ST-2834,3,16
2025-05,ST-2837,3,0
2025-05,ST-2839,4,5
2025-05,ST-2844,0,2
2025-05,ST-2845,7,2
2025-05,ST-285,2,1
2025-05,ST-2851,3,2
2025-05,ST-2852,1,0
2025-05,ST-2854,2,2
2025-05,ST-2856,0,1
2025-05,ST-2858,1,1
2025-05,ST-2861,1,2
2025-05,ST-2865,4,2
2025-05,ST-2866,1,2
2025-05,ST-2867,1,1
2025-05,ST-2874,18,11
2025-05,ST-2876,9,6
2025-05,ST-2877,1,0
2025-05,ST-2879,1,1
2025-05,ST-288,1,1
2025-05,ST-2880,4,4
2025-05,ST-2882,0,4
2025-05,ST-2886,1,0
2025-05,ST-2888,0,1
2025-05,ST-289,5,3
2025-05,ST-2891,0,1
2025-05,ST-2896,0,1
2025-05,ST-2899,9,3
2025-05,ST-2903,11,5
2025-05,ST-2905,136,137
2025-05,ST-2916,2,0
2025-05,ST-292,6,2
2025-05,ST-2920,10,11
2025-05,ST-2923,0,2
2025-05,ST-2924,12,10
2025-05,ST-2925,3,1
2025-05,ST-2929,1,1
2025-05,ST-293,0,1
2025-05,ST-2934,4,3
2025-05,ST-2935,3,0
2025-05,ST-294,1,1
2025-05,ST-2940,1,0
2025-05,ST-2941,1,2
2025-05,ST-2943,3,2
2025-05,ST-2944,3,2
2025-05,ST-2945,5,3
2025-05,ST-295,4,3
2025-05,ST-2958,0,3
2025-05,ST-2959,1,0
2025-05,ST-296,15,15
2025-05,ST-2960,1,1
2025-05,ST-2962,6,6
2025-05,ST-2964,2,1
2025-05,ST-297,80,54
2025-05,ST-2974,0,3
2025-05,ST-2975,9,0
2025-05,ST-2976,2,0
2025-05,ST-2977,1,2
2025-05,ST-2978,3,0
2025-05,ST-2979,34,28
2025-05,ST-298,1,0
2025-05,ST-2981,2,1
2025-05,ST-2984,0,1
2025-05,ST-2991,1,5
2025-05,ST-2993,1,1
2025-05,ST-2994,1,0
2025-05,ST-2995,1,3
2025-05,ST-30,9,2
2025-05,ST-300,0,1
2025-05,ST-3002,8,5
2025-05,ST-3003,14,15
2025-05,ST-3005,2,2
2025-05,ST-3008,3,5
2025-05,ST-3009,0,3
2025-05,ST-3012,0,1
2025-05,ST-3013,2,1
2025-05,ST-3017,42,20
2025-05,ST-3019,6,8
2025-05,ST-302,1,1
2025-05,ST-3020,9,9
2025-05,ST-3021,0,1
2025-05,ST-3024,0,2
2025-05,ST-3025,0,2
2025-05,ST-3029,1,2
2025-05,ST-303,0,1
2025-05,ST-3032,3,0
2025-05,ST-3033,1,4
2025-05,ST-3037,1,0
2025-05,ST-3038,1,1
2025-05,ST-304,0,3
2025-05,ST-3042,1,6
2025-05,ST-3043,2,4
2025-05,ST-3044,4,4
2025-05,ST-3049,2,3
2025-05,ST-3051,5,6
2025-05,ST-3052,0,5
2025-05,ST-3053,0,1
2025-05,ST-3054,9,2
2025-05,ST-3056,13,24
2025-05,ST-3059,2,0
2025-05,ST-306,3,0
2025-05,ST-3061,5,6
2025-05,ST-3062,8,4
2025-05,ST-3066,4,8
2025-05,ST-3069,4,5
2025-05,ST-307,6,9
2025-05,ST-3070,4,6
2025-05,ST-3071,1,0
2025-05,ST-3075,8,5
2025-05,ST-3077,18,10
2025-05,ST-3078,7,9
2025-05,ST-3079,9,13
2025-05,ST-3083,6,28
2025-05,ST-3084,2,1
2025-05,ST-3086,0,8
2025-05,ST-309,1,1
2025-05,ST-3090,30,26
2025-05,ST-3092,2,0
2025-05,ST-3094,1,4
2025-05,ST-3095,2,0
2025-05,ST-3096,2,1
2025-05,ST-3098,6,6
2025-05,ST-3099,3,6
2025-05,ST-31,3,8
2025-05,ST-3100,6,0
2025-05,ST-3101,5,0
2025-05,ST-3102,1,1
2025-05,ST-3104,3,0
2025-05,ST-3105,8,2
2025-05,ST-3106,2,2
2025-05,ST-3108,3,1
2025-05,ST-311,4,5
2025-05,ST-3111,0,1
2025-05,ST-3112,31,16
2025-05,ST-3113,4,6
2025-05,ST-3116,0,1
2025-05,ST-3117,1,0
2025-05,ST-3118,1,0
2025-05,ST-3120,1,0
2025-05,ST-3121,3,9
2025-05,ST-3130,1,0
2025-05,ST-3131,0,1
2025-05,ST-3133,1,1
2025-05,ST-3135,0,3
2025-05,ST-3138,1,2
2025-05,ST-3139,5,1
2025-05,ST-3140,4,3
2025-05,ST-3142,9,16
2025-05,ST-3143,5,5
2025-05,ST-3145,1,0
2025-05,ST-3148,2,4
2025-05,ST-315,0,1
2025-05,ST-3150,1,0
2025-05,ST-3151,1,3
2025-05,ST-3160,12,9
2025-05,ST-3161,5,11
2025-05,ST-3162,0,1
2025-05,ST-3164,1,2
2025-05,ST-3168,2,0
2025-05,ST-317,0,1
2025-05,ST-3172,1,1
2025-05,ST-3182,0,1
2025-05,ST-3185,1,0
2025-05,ST-3187,1,2
2025-05,ST-3188,0,1
2025-05,ST-32,19,21
2025-05,ST-3202,2,2
2025-05,ST-3203,0,1
2025-05,ST-3204,12,12
2025-05,ST-3205,17,16
2025-05,ST-3206,0,2
2025-05,ST-3208,2,2
2025-05,ST-3212,1,0
2025-05,ST-3213,1,1
2025-05,ST-3214,10,8
2025-05,ST-3219,1,0
2025-05,ST-322,1,0
2025-05,ST-3221,3,0
2025-05,ST-3225,0,1
2025-05,ST-3226,0,2
2025-05,ST-3227,2,0
2025-05,ST-3228,2,0
2025-05,ST-3233,0,1
2025-05,ST-3235,0,6
2025-05,ST-3238,3,5
2025-05,ST-3239,41,36
2025-05,ST-324,4,2
2025-05,ST-3240,1,0
2025-05,ST-3242,3,0
2025-05,ST-3243,0,3
2025-05,ST-3244,2,1
2025-05,ST-3247,1,0
2025-05,ST-3249,21,10
2025-05,ST-3254,4,4
2025-05,ST-3258,3,3
2025-05,ST-3259,1,1
2025-05,ST-326,2,0
2025-05,ST-3263,0,1
2025-05,ST-3264,0,1
2025-05,ST-3265,1,1
2025-05,ST-3267,4,1
2025-05,ST-327,3,5
2025-05,ST-3270,2,0
2025-05,ST-3272,1,1
2025-05,ST-328,8,6
2025-05,ST-3281,1,0
2025-05,ST-329,6,3
2025-05,ST-3291,9,12
2025-05,ST-3293,0,1
2025-05,ST-3297,15,7
2025-05,ST-330,14,7
2025-05,ST-3300,7,7
2025-05,ST-3301,1,0
2025-05,ST-3303,1,0
2025-05,ST-3304,0,4
2025-05,ST-3305,2,3
2025-05,ST-3309,6,1
2025-05,ST-331,17,10
2025-05,ST-3310,3,3
2025-05,ST-3314,5,1
2025-05,ST-3315,12,11
2025-05,ST-3316,1,0
2025-05,ST-3317,2,1
2025-05,ST-3318,1,2
2025-05,ST-332,15,4
2025-05,ST-3320,4,3
2025-05,ST-3321,2,3
2025-05,ST-3325,15,11
2025-05,ST-3326,16,14
2025-05,ST-3328,2,2
2025-05,ST-3330,1,0
2025-05,ST-3331,1,1
2025-05,ST-3332,6,3
2025-05,ST-3333,3,5
2025-05,ST-3334,6,4
2025-05,ST-3337,1,0
2025-05,ST-334,7,2
2025-05,ST-3341,1,1
2025-05,ST-3342,10,18
2025-05,ST-3344,1,1
2025-05,ST-3347,2,1
2025-05,ST-3348,1,0
2025-05,ST-335,4,5
2025-05,ST-3351,1,6
2025-05,ST-3352,1,0
2025-05,ST-3353,0,1
2025-05,ST-3354,7,2
2025-05,ST-3355,4,7
2025-05,ST-3356,2,3
2025-05,ST-336,8,1
2025-05,ST-3361,5,7
2025-05,ST-3362,2,2
2025-05,ST-3365,1,1
2025-05,ST-3366,2,2
2025-05,ST-3367,0,1
2025-05,ST-3368,1,0
2025-05,ST-3369,2,0
2025-05,ST-338,37,38
2025-05,ST-339,35,22
2025-05,ST-340,45,33
2025-05,ST-341,8,10
2025-05,ST-342,6,19
2025-05,ST-343,20,14
2025-05,ST-344,21,16
2025-05,ST-346,6,3
2025-05,ST-349,1,0
2025-05,ST-35,4,2
2025-05,ST-350,2,6
2025-05,ST-351,4,2
2025-05,ST-352,2,1
2025-05,ST-354,1,4
2025-05,ST-357,4,5
2025-05,ST-358,1,1
2025-05,ST-359,2,3
2025-05,ST-36,5,2
2025-05,ST-360,5,1
2025-05,ST-361,1,1
2025-05,ST-362,9,5
2025-05,ST-366,62,62
2025-05,ST-369,11,9
2025-05,ST-37,2,5
2025-05,ST-370,2,2
2025-05,ST-375,11,10
2025-05,ST-376,11,14
2025-05,ST-378,5,1
2025-05,ST-379,2,3
2025-05,ST-381,0,1
2025-05,ST-382,1,2
2025-05,ST-384,0,1
2025-05,ST-385,3,2
2025-05,ST-387,1,2
2025-05,ST-388,0,1
2025-05,ST-39,0,1
2025-05,ST-390,0,3
2025-05,ST-391,9,3
2025-05,ST-392,2,1
2025-05,ST-398,1,2
2025-05,ST-4,27,28
2025-05,ST-40,1,1
2025-05,ST-400,7,3
2025-05,ST-401,19,33
2025-05,ST-402,1,2
2025-05,ST-403,4,0
2025-05,ST-404,4,10
2025-05,ST-405,1,0
2025-05,ST-406,2,0
2025-05,ST-407,4,3
2025-05,ST-408,6,4
2025-05,ST-409,0,1
2025-05,ST-41,6,3
2025-05,ST-410,1,1
2025-05,ST-413,11,7
2025-05,ST-414,5,15
2025-05,ST-418,2,0
2025-05,ST-419,0,1
2025-05,ST-420,2,2
2025-05,ST-421,5,8
2025-05,ST-422,3,1
2025-05,ST-425,1,0
2025-05,ST-426,51,36
2025-05,ST-428,0,1
2025-05,ST-43,1,4
2025-05,ST-431,0,5
2025-05,ST-435,17,4
2025-05,ST-436,4,5
2025-05,ST-437,5,4
2025-05,ST-438,5,4
2025-05,ST-439,2,4
2025-05,ST-440,4,0
2025-05,ST-441,0,1
2025-05,ST-442,49,105
2025-05,ST-443,6,4
2025-05,ST-445,4,3
2025-05,ST-446,28,45
2025-05,ST-450,0,1
2025-05,ST-453,0,3
2025-05,ST-455,3,2
2025-05,ST-456,1,1
2025-05,ST-459,1,0
2025-05,ST-46,9,7
2025-05,ST-460,2,1
2025-05,ST-462,12,8
2025-05,ST-463,1,0
2025-05,ST-465,1,0
2025-05,ST-47,23,34
2025-05,ST-470,2,0
2025-05,ST-473,0,1
2025-05,ST-475,1,2
2025-05,ST-478,0,1
2025-05,ST-479,0,1
2025-05,ST-480,1,0
2025-05,ST-482,10,9
2025-05,ST-483,18,27
2025-05,ST-485,1,5
2025-05,ST-486,0,1
2025-05,ST-488,0,2
2025-05,ST-490,0,1
2025-05,ST-491,1,1
2025-05,ST-492,0,2
2025-05,ST-493,2,5
2025-05,ST-494,0,1
2025-05,ST-496,4,8
2025-05,ST-497,2,1
2025-05,ST-5,20,27
2025-05,ST-50,6,4
2025-05,ST-502,2,2
2025-05,ST-503,7,1
2025-05,ST-506,26,38
2025-05,ST-51,7,4
2025-05,ST-510,0,1
2025-05,ST-513,0,2
2025-05,ST-516,4,5
2025-05,ST-518,2,2
2025-05,ST-519,2,3
2025-05,ST-52,20,10
2025-05,ST-522,3,2
2025-05,ST-525,1,0
2025-05,ST-528,1,1
2025-05,ST-53,4,6
2025-05,ST-533,3,0
2025-05,ST-534,1,0
2025-05,ST-535,0,3
2025-05,ST-536,1,0
2025-05,ST-539,19,17
2025-05,ST-540,5,1
2025-05,ST-541,1,2
2025-05,ST-542,7,4
2025-05,ST-544,2,5
2025-05,ST-546,0,4
2025-05,ST-547,8,10
2025-05,ST-548,1,4
2025-05,ST-55,39,24
2025-05,ST-550,14,6
2025-05,ST-551,1,0
2025-05,ST-553,2,0
2025-05,ST-555,1,1
2025-05,ST-558,1,1
2025-05,ST-560,3,1
2025-05,ST-561,2,0
2025-05,ST-562,0,1
2025-05,ST-563,1,2
2025-05,ST-564,1,3
2025-05,ST-565,0,2
2025-05,ST-568,1,0
2025-05,ST-570,1,0
2025-05,ST-571,1,0
2025-05,ST-579,1,0
2025-05,ST-580,0,2
2025-05,ST-587,0,1
2025-05,ST-59,0,8
2025-05,ST-590,0,2
2025-05,ST-596,1,0
2025-05,ST-6,17,7
2025-05,ST-60,4,1
2025-05,ST-600,2,3
2025-05,ST-602,2,2
2025-05,ST-603,2,2
2025-05,ST-604,2,2
2025-05,ST-614,1,1
2025-05,ST-616,1,2
2025-05,ST-62,5,4
2025-05,ST-622,0,1
2025-05,ST-623,16,22
2025-05,ST-624,1,0
2025-05,ST-629,0,1
2025-05,ST-63,10,11
2025-05,ST-630,2,0
2025-05,ST-632,3,0
2025-05,ST-64,28,23
2025-05,ST-641,1,5
2025-05,ST-643,0,1
2025-05,ST-646,0,2
2025-05,ST-650,2,0
2025-05,ST-651,1,0
2025-05,ST-655,3,1
2025-05,ST-66,3,4
2025-05,ST-660,1,2
2025-05,ST-662,3,2
2025-05,ST-663,0,2
2025-05,ST-664,3,3
2025-05,ST-668,1,2
2025-05,ST-67,13,16
2025-05,ST-68,2,0
2025-05,ST-683,16,32
2025-05,ST-687,1,1
2025-05,ST-69,3,0
2025-05,ST-691,0,1
2025-05,ST-692,20,43
2025-05,ST-693,23,24
2025-05,ST-695,22,12
2025-05,ST-696,3,5
2025-05,ST-697,3,3
2025-05,ST-699,0,2
2025-05,ST-7,4,2
2025-05,ST-70,10,3
2025-05,ST-700,2,1
2025-05,ST-702,12,8
2025-05,ST-703,0,1
2025-05,ST-71,4,2
2025-05,ST-714,0,2
2025-05,ST-715,1,0
2025-05,ST-72,0,14
2025-05,ST-724,1,0
2025-05,ST-728,0,2
2025-05,ST-729,2,0
2025-05,ST-73,222,184
2025-05,ST-733,0,1
2025-05,ST-735,0,3
2025-05,ST-745,2,3
2025-05,ST-747,1,4
2025-05,ST-748,48,61
2025-05,ST-749,65,193
2025-05,ST-750,46,37
2025-05,ST-753,0,1
2025-05,ST-758,1,0
2025-05,ST-760,2,1
2025-05,ST-761,2,5
2025-05,ST-764,2,0
2025-05,ST-765,1,2
2025-05,ST-768,2,2
2025-05,ST-769,3,4
2025-05,ST-771,1,1
2025-05,ST-772,4,5
2025-05,ST-773,1,0
2025-05,ST-777,55,53
2025-05,ST-779,1,0
2025-05,ST-780,11,12
2025-05,ST-784,16,22
2025-05,ST-786,1,0
2025-05,ST-787,9,7
2025-05,ST-788,3,4
2025-05,ST-789,1,0
2025-05,ST-790,5,0
2025-05,ST-791,15,18
2025-05,ST-792,9,3
2025-05,ST-793,14,21
2025-05,ST-794,4,3
2025-05,ST-795,5,0
2025-05,ST-796,1,0
2025-05,ST-797,2,2
2025-05,ST-799,12,22
2025-05,ST-8,46,56
2025-05,ST-80,2,5
2025-05,ST-801,1,6
2025-05,ST-802,3,2
2025-05,ST-808,2,0
2025-05,ST-81,2,2
2025-05,ST-810,3,2
2025-05,ST-811,4,4
2025-05,ST-812,1,1
2025-05,ST-813,0,1
2025-05,ST-814,2,1
2025-05,ST-815,2,1
2025-05,ST-816,1,1
2025-05,ST-82,1,2
2025-05,ST-821,4,3
2025-05,ST-825,2,0
2025-05,ST-827,15,12
2025-05,ST-83,3,0
2025-05,ST-830,1,0
2025-05,ST-831,0,2
2025-05,ST-834,3,1
2025-05,ST-839,3,3
2025-05,ST-84,0,1
2025-05,ST-840,14,14
2025-05,ST-842,4,0
2025-05,ST-847,1,1
2025-05,ST-85,14,8
2025-05,ST-852,0,1
2025-05,ST-86,1,1
2025-05,ST-866,1,1
2025-05,ST-87,12,4
2025-05,ST-873,1,0
2025-05,ST-877,14,20
2025-05,ST-886,1,1
2025-05,ST-887,1,0
2025-05,ST-89,6,9
2025-05,ST-891,70,42
2025-05,ST-892,2,3
2025-05,ST-894,1,1
2025-05,ST-9,10,13
2025-05,ST-90,3,1
2025-05,ST-900,2,3
2025-05,ST-903,2,0
2025-05,ST-904,1,0
2025-05,ST-908,3,1
2025-05,ST-910,3,3
2025-05,ST-918,1,2
2025-05,ST-919,0,1
2025-05,ST-92,4,2
2025-05,ST-923,1,0
2025-05,ST-924,0,1
2025-05,ST-928,1,6
2025-05,ST-93,2,1
2025-05,ST-930,0,1
2025-05,ST-931,1,1
2025-05,ST-932,8,1
2025-05,ST-935,1,0
2025-05,ST-936,0,3
2025-05,ST-94,5,5
2025-05,ST-942,2,0
2025-05,ST-943,19,10
2025-05,ST-944,2,2
2025-05,ST-946,6,10
2025-05,ST-947,2,0
2025-05,ST-949,0,1
2025-05,ST-95,1,0
2025-05,ST-950,1,3
2025-05,ST-951,2,0
2025-05,ST-953,1,0
2025-05,ST-956,0,2
2025-05,ST-957,1,4
2025-05,ST-959,6,3
2025-05,ST-96,1,1
2025-05,ST-962,6,0
2025-05,ST-963,3,8
2025-05,ST-964,1,2
2025-05,ST-965,0,1
2025-05,ST-966,3,1
2025-05,ST-968,7,7
2025-05,ST-97,2,3
2025-05,ST-971,4,1
2025-05,ST-972,4,3
2025-05,ST-974,3,3
2025-05,ST-975,4,1
2025-05,ST-976,2,3
2025-05,ST-977,8,7
2025-05,ST-978,12,3
2025-05,ST-979,2,0
2025-05,ST-98,2,0
2025-05,ST-980,8,19
2025-05,ST-983,1,3
2025-05,ST-984,2,1
2025-05,ST-986,1,2
2025-05,ST-987,24,29
2025-05,ST-988,8,5
2025-05,ST-99,139,172
2025-05,ST-991,0,1
2025-05,ST-992,3,3
2025-05,ST-994,2,0
2025-05,ST-996,0,2
2025-06,\N,0,28
2025-06,ST-10,28,20
2025-06,ST-1002,3,0
2025-06,ST-1005,2,2
2025-06,ST-1013,0,1
2025-06,ST-1014,1,0
2025-06,ST-1015,2,0
2025-06,ST-1019,1,8
2025-06,ST-102,0,3
2025-06,ST-1024,2,1
2025-06,ST-1028,2,2
2025-06,ST-1035,0,3
2025-06,ST-1036,0,1
2025-06,ST-1041,6,2
2025-06,ST-1046,4,8
2025-06,ST-1047,5,3
2025-06,ST-105,6,5
2025-06,ST-1050,2,0
2025-06,ST-1058,0,1
2025-06,ST-1061,1,0
2025-06,ST-1062,2,0
2025-06,ST-1063,2,3
2025-06,ST-1064,1,4
2025-06,ST-1065,37,22
2025-06,ST-1067,1,6
2025-06,ST-1069,1,1
2025-06,ST-107,38,52
2025-06,ST-1070,5,3
2025-06,ST-1072,6,0
2025-06,ST-1076,3,2
2025-06,ST-1078,2,0
2025-06,ST-108,32,33
2025-06,ST-1081,2,2
2025-06,ST-1083,1,6
2025-06,ST-1086,2,2
2025-06,ST-1087,13,20
2025-06,ST-1088,3,0
2025-06,ST-109,15,20
2025-06,ST-1098,0,1
2025-06,ST-1099,0,4
2025-06,ST-1103,1,0
2025-06,ST-1104,4,5
2025-06,ST-1105,1,0
2025-06,ST-1109,1,1
2025-06,ST-111,9,13
2025-06,ST-1110,1,0
2025-06,ST-1111,9,8
2025-06,ST-1114,2,0
2025-06,ST-112,11,9
2025-06,ST-1121,0,1
2025-06,ST-1124,1,0
2025-06,ST-1132,1,0
2025-06,ST-114,3,2
2025-06,ST-1140,3,1
2025-06,ST-1148,1,0
2025-06,ST-1149,1,2
2025-06,ST-1150,7,4
2025-06,ST-1151,5,0
2025-06,ST-1152,1,1
2025-06,ST-1158,0,1
2025-06,ST-116,1,5
2025-06,ST-1161,1,1
2025-06,ST-1163,2,1
2025-06,ST-1164,1,3
2025-06,ST-1166,1,2
2025-06,ST-1168,1,2
2025-06,ST-1169,1,11
2025-06,ST-117,5,6
2025-06,ST-1171,16,29
2025-06,ST-1172,6,6
2025-06,ST-1173,8,9
2025-06,ST-1174,9,11
2025-06,ST-1177,0,1
2025-06,ST-1178,5,1
2025-06,ST-1179,0,1
2025-06,ST-118,24,31
2025-06,ST-1181,6,5
2025-06,ST-1184,1,0
2025-06,ST-1185,2,0
2025-06,ST-1186,0,2
2025-06,ST-1188,1,2
2025-06,ST-119,4,2
2025-06,ST-1190,5,4
2025-06,ST-1191,10,16
2025-06,ST-1192,0,1
2025-06,ST-1193,0,6
2025-06,ST-1194,1,1
2025-06,ST-1195,32,22
2025-06,ST-1197,4,1
2025-06,ST-1198,4,8
2025-06,ST-1199,187,161
2025-06,ST-12,9,11
2025-06,ST-1201,7,4
2025-06,ST-1202,7,7
2025-06,ST-1203,0,1
2025-06,ST-1206,1,0
2025-06,ST-121,24,12
2025-06,ST-1215,2,2
2025-06,ST-1220,1,1
2025-06,ST-1224,4,0
2025-06,ST-1228,1,0
2025-06,ST-1229,2,0
2025-06,ST-123,0,2
2025-06,ST-1237,2,5
2025-06,ST-1239,1,1
2025-06,ST-124,2,1
2025-06,ST-1243,1,3
2025-06,ST-1245,2,5
2025-06,ST-1246,2,4
2025-06,ST-1248,0,1
2025-06,ST-1249,3,1
2025-06,ST-125,8,2
2025-06,ST-1250,1,1
2025-06,ST-1251,8,6
2025-06,ST-126,12,16
2025-06,ST-1260,1,1
2025-06,ST-1263,0,1
2025-06,ST-1267,2,3
2025-06,ST-1268,1,0
2025-06,ST-1270,1,0
2025-06,ST-1273,0,1
2025-06,ST-1275,0,1
2025-06,ST-1279,2,4
2025-06,ST-1285,0,1
2025-06,ST-130,24,17
2025-06,ST-1300,1,2
2025-06,ST-1305,1,0
2025-06,ST-1306,0,1
2025-06,ST-1310,1,1
2025-06,ST-1317,6,4
2025-06,ST-132,4,2
2025-06,ST-1321,1,3
2025-06,ST-1325,11,12
2025-06,ST-1326,62,63
2025-06,ST-1329,1,0
2025-06,ST-1331,3,0
2025-06,ST-1332,2,1
2025-06,ST-1334,6,1
2025-06,ST-1335,1,2
2025-06,ST-1337,3,3
2025-06,ST-1339,12,15
2025-06,ST-134,10,9
2025-06,ST-1341,1,1
2025-06,ST-1342,1,0
2025-06,ST-1343,7,21
2025-06,ST-1344,25,46
2025-06,ST-1345,1,1
2025-06,ST-1349,8,13
2025-06,ST-1352,5,2
2025-06,ST-1353,0,2
2025-06,ST-1357,1,1
2025-06,ST-136,14,12
2025-06,ST-1361,1,1
2025-06,ST-1364,1,2
2025-06,ST-1365,2,15
2025-06,ST-1366,2,1
2025-06,ST-137,24,21
2025-06,ST-1372,32,34
2025-06,ST-1373,1,0
2025-06,ST-1375,1,0
2025-06,ST-1376,23,13
2025-06,ST-138,24,26
2025-06,ST-1383,2,0
2025-06,ST-1387,0,1
2025-06,ST-1389,1,2
2025-06,ST-140,26,26
2025-06,ST-1403,2,0
2025-06,ST-1406,1,1
2025-06,ST-1409,3,8
2025-06,ST-1410,0,2
2025-06,ST-1417,2,0
2025-06,ST-142,30,10
2025-06,ST-1420,2,4
2025-06,ST-143,18,29
2025-06,ST-1432,10,23
2025-06,ST-1435,17,17
2025-06,ST-1436,1,1
2025-06,ST-1437,4,2
2025-06,ST-1439,6,12
2025-06,ST-144,11,17
2025-06,ST-1440,17,21
2025-06,ST-1441,18,19
2025-06,ST-1442,2,3
2025-06,ST-1443,23,19
2025-06,ST-1445,10,14
2025-06,ST-1446,4,5
2025-06,ST-145,8,11
2025-06,ST-1455,1,0
2025-06,ST-1456,2,1
2025-06,ST-1457,0,3
2025-06,ST-147,9,10
2025-06,ST-1474,6,3
2025-06,ST-148,3,3
2025-06,ST-1483,4,5
2025-06,ST-1486,1,0
2025-06,ST-1492,0,4
2025-06,ST-15,28,52
2025-06,ST-150,10,7
2025-06,ST-1503,2,0
2025-06,ST-1506,1,2
2025-06,ST-1507,0,1
2025-06,ST-1509,1,0
2025-06,ST-151,13,20
2025-06,ST-1512,1,1
2025-06,ST-1519,12,11
2025-06,ST-152,17,8
2025-06,ST-1521,0,1
2025-06,ST-1522,2,1
2025-06,ST-1526,0,4
2025-06,ST-1529,1,1
2025-06,ST-153,5,8
2025-06,ST-1531,1,0
2025-06,ST-154,6,6
2025-06,ST-1541,2,0
2025-06,ST-1542,1,0
2025-06,ST-1543,1,1
2025-06,ST-1544,2,1
2025-06,ST-1545,4,7
2025-06,ST-1546,8,5
2025-06,ST-1547,4,4
2025-06,ST-155,16,17
2025-06,ST-1553,1,2
2025-06,ST-1554,3,5
2025-06,ST-1555,17,21
2025-06,ST-1556,7,6
2025-06,ST-156,2,3
2025-06,ST-1566,3,3
2025-06,ST-157,5,1
2025-06,ST-1574,1,1
2025-06,ST-1575,1,2
2025-06,ST-1576,9,8
2025-06,ST-1577,6,10
2025-06,ST-158,2,4
2025-06,ST-1580,0,3
2025-06,ST-1582,3,5
2025-06,ST-1584,13,12
2025-06,ST-1585,2,3
2025-06,ST-1586,6,2
2025-06,ST-159,5,6
2025-06,ST-1590,5,6
2025-06,ST-1599,8,6
2025-06,ST-160,2,4
2025-06,ST-1602,2,2
2025-06,ST-1603,10,0
2025-06,ST-1605,5,7
2025-06,ST-1606,31,21
2025-06,ST-1607,10,5
2025-06,ST-1608,10,23
2025-06,ST-1609,14,15
2025-06,ST-161,1,0
2025-06,ST-1610,20,18
2025-06,ST-1611,19,13
2025-06,ST-1615,2,2
2025-06,ST-1617,2,0
2025-06,ST-1619,9,8
2025-06,ST-162,32,26
2025-06,ST-1625,3,2
2025-06,ST-1627,1,1
2025-06,ST-1628,0,1
2025-06,ST-163,17,11
2025-06,ST-1632,3,6
2025-06,ST-1636,5,3
2025-06,ST-1637,3,1
2025-06,ST-1641,1,0
2025-06,ST-1642,1,0
2025-06,ST-1645,2,1
2025-06,ST-1649,1,0
2025-06,ST-165,2,1
2025-06,ST-1650,1,2
2025-06,ST-1653,1,2
2025-06,ST-1657,1,2
2025-06,ST-1660,16,21
2025-06,ST-1661,21,17
2025-06,ST-1663,2,2
2025-06,ST-1667,1,1
2025-06,ST-1668,11,11
2025-06,ST-1670,8,12
2025-06,ST-1671,1,3
2025-06,ST-1675,0,5
2025-06,ST-1679,8,5
2025-06,ST-168,6,6
2025-06,ST-1680,7,3
2025-06,ST-1681,21,8
2025-06,ST-1687,5,2
2025-06,ST-1688,3,2
2025-06,ST-1689,4,2
2025-06,ST-169,27,28
2025-06,ST-1691,1,2
2025-06,ST-1692,1,0
2025-06,ST-1694,0,1
2025-06,ST-1698,1,0
2025-06,ST-1699,0,1
2025-06,ST-17,2,0
2025-06,ST-170,7,6
2025-06,ST-1701,1,3
2025-06,ST-1705,28,25
2025-06,ST-1707,3,0
2025-06,ST-1709,4,3
2025-06,ST-171,4,4
2025-06,ST-1713,3,0
2025-06,ST-1714,28,37
2025-06,ST-1715,0,1
2025-06,ST-1717,1,0
2025-06,ST-1718,3,4
2025-06,ST-1719,10,11
2025-06,ST-172,2,2
2025-06,ST-1720,12,16
2025-06,ST-1721,16,9
2025-06,ST-1723,0,1
2025-06,ST-1725,0,1
2025-06,ST-1728,8,7
2025-06,ST-1729,4,0
2025-06,ST-173,1,2
2025-06,ST-1730,6,6
2025-06,ST-1731,0,1
2025-06,ST-1734,0,2
2025-06,ST-1736,1,2
2025-06,ST-1739,2,0
2025-06,ST-174,23,25
2025-06,ST-175,17,26
2025-06,ST-1753,22,17
2025-06,ST-1754,10,12
2025-06,ST-1756,4,3
2025-06,ST-1757,0,3
2025-06,ST-1758,5,5
2025-06,ST-1759,1,0
2025-06,ST-176,14,18
2025-06,ST-1760,2,1
2025-06,ST-1761,1,3
2025-06,ST-1768,1,2
2025-06,ST-1769,2,0
2025-06,ST-177,9,8
2025-06,ST-1771,5,4
2025-06,ST-1772,8,6
2025-06,ST-1773,17,5
2025-06,ST-1774,9,9
2025-06,ST-1775,8,15
2025-06,ST-1776,2,7
2025-06,ST-1777,26,29
2025-06,ST-1778,10,2
2025-06,ST-1779,13,13
2025-06,ST-1780,90,49
2025-06,ST-1781,35,41
2025-06,ST-1782,5,8
2025-06,ST-1783,6,5
2025-06,ST-1785,0,5
2025-06,ST-1789,0,1
2025-06,ST-1791,12,26
2025-06,ST-1795,1,1
2025-06,ST-1796,7,16
2025-06,ST-1797,8,15
2025-06,ST-1798,1,0
2025-06,ST-1799,4,0
2025-06,ST-18,27,24
2025-06,ST-180,5,2
2025-06,ST-1802,2,0
2025-06,ST-1804,34,50
2025-06,ST-1805,8,9
2025-06,ST-1807,29,34
2025-06,ST-1808,10,5
2025-06,ST-1809,2,9
2025-06,ST-181,10,21
2025-06,ST-1810,22,8
2025-06,ST-1811,43,22
2025-06,ST-1812,37,41
2025-06,ST-1813,19,16
2025-06,ST-1814,1,1
2025-06,ST-1816,0,3
2025-06,ST-1817,6,3
2025-06,ST-1818,4,3
2025-06,ST-1819,3,2
2025-06,ST-1823,0,4
2025-06,ST-1825,0,1
2025-06,ST-1827,1,1
2025-06,ST-1829,13,8
2025-06,ST-183,1,2
2025-06,ST-1831,1,1
2025-06,ST-1833,2,2
2025-06,ST-1834,0,1
2025-06,ST-1838,1,1
2025-06,ST-1839,1,2
2025-06,ST-1840,1,2
2025-06,ST-1841,0,1
2025-06,ST-1842,3,1
2025-06,ST-1846,1,0
2025-06,ST-1848,3,3
2025-06,ST-185,13,15
2025-06,ST-1850,1,1
2025-06,ST-1851,4,8
2025-06,ST-1854,1,0
2025-06,ST-1855,2,0
2025-06,ST-1859,3,3
2025-06,ST-186,5,7
2025-06,ST-1862,3,4
2025-06,ST-1864,13,8
2025-06,ST-1866,1,2
2025-06,ST-1867,1,1
2025-06,ST-1868,10,9
2025-06,ST-1870,5,0
2025-06,ST-1873,2,3
2025-06,ST-1878,2,2
2025-06,ST-1879,0,1
2025-06,ST-1880,1,1
2025-06,ST-1881,1,0
2025-06,ST-1883,2,2
2025-06,ST-1884,16,10
2025-06,ST-1885,7,17
2025-06,ST-1886,0,1
2025-06,ST-1889,0,1
2025-06,ST-189,4,2
2025-06,ST-1893,1,1
2025-06,ST-1895,17,26
2025-06,ST-1896,4,1
2025-06,ST-1897,1,1
2025-06,ST-19,4,2
2025-06,ST-1900,3,7
2025-06,ST-1904,0,1
2025-06,ST-1908,1,1
2025-06,ST-1909,7,5
2025-06,ST-1910,100,142
2025-06,ST-1914,1,0
2025-06,ST-1915,0,1
2025-06,ST-1918,1,0
2025-06,ST-1920,10,7
2025-06,ST-1922,0,1
2025-06,ST-1923,42,49
2025-06,ST-1924,1,2
2025-06,ST-1926,3,6
2025-06,ST-1929,1,4
2025-06,ST-1933,0,1
2025-06,ST-1938,1,2
2025-06,ST-194,10,4
2025-06,ST-1940,1,0
2025-06,ST-1945,2,0
2025-06,ST-195,12,12
2025-06,ST-1957,2,0
2025-06,ST-1959,0,2
2025-06,ST-196,0,1
2025-06,ST-1963,0,1
2025-06,ST-1964,5,4
2025-06,ST-1967,2,2
2025-06,ST-1968,4,2
2025-06,ST-1969,4,0
2025-06,ST-197,2,1
2025-06,ST-1970,1,1
2025-06,ST-1971,8,16
2025-06,ST-1973,1,0
2025-06,ST-1975,1,2
2025-06,ST-1977,1,0
2025-06,ST-1978,1,1
2025-06,ST-198,17,18
2025-06,ST-1983,1,2
2025-06,ST-1985,3,2
2025-06,ST-1986,3,4
2025-06,ST-199,1,0
2025-06,ST-1990,2,0
2025-06,ST-1991,9,8
2025-06,ST-1994,2,8
2025-06,ST-1995,3,2
2025-06,ST-1996,0,1
2025-06,ST-1997,0,1
2025-06,ST-1999,0,3
2025-06,ST-20,35,39
2025-06,ST-200,0,3
2025-06,ST-2000,0,1
2025-06,ST-2003,0,1
2025-06,ST-2006,1,1
2025-06,ST-2007,0,1
2025-06,ST-201,6,1
2025-06,ST-2011,5,1
2025-06,ST-2012,0,1
2025-06,ST-2013,0,2
2025-06,ST-2014,2,2
2025-06,ST-2016,2,2
2025-06,ST-2020,3,2
2025-06,ST-2023,11,10
2025-06,ST-2024,3,2
2025-06,ST-2028,1,0
2025-06,ST-2029,0,1
2025-06,ST-203,8,8
2025-06,ST-2031,7,5
2025-06,ST-2032,1,0
2025-06,ST-2033,6,2
2025-06,ST-2035,0,2
2025-06,ST-2036,4,5
2025-06,ST-2037,4,5
2025-06,ST-2039,5,4
2025-06,ST-204,15,8
2025-06,ST-2040,1,1
2025-06,ST-2041,0,1
2025-06,ST-2042,9,9
2025-06,ST-2044,0,1
2025-06,ST-2045,17,10
2025-06,ST-2047,1,0
2025-06,ST-2048,0,2
2025-06,ST-205,21,37
2025-06,ST-2054,1,1
2025-06,ST-2057,2,1
2025-06,ST-206,11,8
2025-06,ST-207,16,12
2025-06,ST-2080,1,0
2025-06,ST-2081,0,1
2025-06,ST-2086,3,2
2025-06,ST-2095,1,4
2025-06,ST-2099,0,1
2025-06,ST-21,12,17
2025-06,ST-210,4,4
2025-06,ST-2102,1,0
2025-06,ST-211,9,18
2025-06,ST-2112,0,1
2025-06,ST-212,3,3
2025-06,ST-213,0,1
2025-06,ST-2133,0,3
2025-06,ST-2137,2,1
2025-06,ST-2149,2,0
2025-06,ST-2150,1,0
2025-06,ST-2152,13,8
2025-06,ST-2153,1,0
2025-06,ST-2154,4,7
2025-06,ST-2156,18,7
2025-06,ST-2157,24,24
2025-06,ST-216,1,4
2025-06,ST-2160,0,3
2025-06,ST-2164,1,0
2025-06,ST-2167,45,27
2025-06,ST-2168,29,43
2025-06,ST-217,1,1
2025-06,ST-2172,22,16
2025-06,ST-2173,4,2
2025-06,ST-2174,1,0
2025-06,ST-2175,0,1
2025-06,ST-2176,4,0
2025-06,ST-2177,30,23
2025-06,ST-2178,4,3
2025-06,ST-2179,6,2
2025-06,ST-2181,5,8
2025-06,ST-2182,8,9
2025-06,ST-2183,3,2
2025-06,ST-2184,23,29
2025-06,ST-2187,21,6
2025-06,ST-2188,7,32
2025-06,ST-219,0,1
2025-06,ST-2190,2,0
2025-06,ST-2191,9,2
2025-06,ST-2195,2,3
2025-06,ST-2196,0,3
2025-06,ST-2199,1,3
2025-06,ST-22,5,2
2025-06,ST-2200,0,1
2025-06,ST-2201,11,12
2025-06,ST-2202,1,1
2025-06,ST-2205,5,4
2025-06,ST-2210,3,0
2025-06,ST-2212,0,1
2025-06,ST-2213,7,8
2025-06,ST-2219,0,1
2025-06,ST-2222,8,7
2025-06,ST-2223,1,3
2025-06,ST-2225,5,2
2025-06,ST-2226,2,0
2025-06,ST-2229,1,0
2025-06,ST-2231,4,0
2025-06,ST-2232,3,1
2025-06,ST-2239,8,14
2025-06,ST-2240,103,71
2025-06,ST-2257,5,4
2025-06,ST-2259,1,0
2025-06,ST-2260,2,0
2025-06,ST-2264,2,1
2025-06,ST-2269,3,0
2025-06,ST-227,1,3
2025-06,ST-2270,2,5
2025-06,ST-2271,1,4
2025-06,ST-2272,0,3
2025-06,ST-2273,2,3
2025-06,ST-2274,4,7
2025-06,ST-2276,0,1
2025-06,ST-228,5,6
2025-06,ST-2280,13,24
2025-06,ST-2282,0,1
2025-06,ST-2283,1,1
2025-06,ST-2284,1,1
2025-06,ST-2289,2,3
2025-06,ST-2292,2,1
2025-06,ST-2299,0,1
2025-06,ST-23,2,0
2025-06,ST-2300,1,1
2025-06,ST-2301,1,0
2025-06,ST-2305,0,1
2025-06,ST-2308,13,8
2025-06,ST-2309,1,0
2025-06,ST-231,1,2
2025-06,ST-2310,4,13
2025-06,ST-2312,5,2
2025-06,ST-2314,3,2
2025-06,ST-2318,4,7
2025-06,ST-232,6,4
2025-06,ST-2320,0,1
2025-06,ST-2321,2,0
2025-06,ST-2325,0,1
2025-06,ST-2326,6,9
2025-06,ST-2327,4,4
2025-06,ST-2329,1,3
2025-06,ST-233,2,3
2025-06,ST-2330,14,21
2025-06,ST-2331,3,0
2025-06,ST-2332,11,14
2025-06,ST-2334,67,42
2025-06,ST-2340,0,1
2025-06,ST-2341,34,42
2025-06,ST-2342,7,6
2025-06,ST-2343,3,0
2025-06,ST-235,1,1
2025-06,ST-2350,10,6
2025-06,ST-2351,3,0
2025-06,ST-2352,3,0
2025-06,ST-2353,0,1
2025-06,ST-2356,0,1
2025-06,ST-2357,3,4
2025-06,ST-2358,1,0
2025-06,ST-2367,2,2
2025-06,ST-237,0,1
2025-06,ST-2373,1,0
2025-06,ST-2375,2,0
2025-06,ST-238,0,2
2025-06,ST-2380,4,0
2025-06,ST-2396,0,2
2025-06,ST-24,1,4
2025-06,ST-240,4,6
2025-06,ST-2404,1,0
2025-06,ST-2405,1,0
2025-06,ST-2407,1,4
2025-06,ST-2409,1,0
2025-06,ST-241,9,8
2025-06,ST-2411,3,1
2025-06,ST-2414,6,4
2025-06,ST-2415,2,0
2025-06,ST-2417,1,0
2025-06,ST-2419,5,0
2025-06,ST-242,1,0
2025-06,ST-2420,18,20
2025-06,ST-2422,7,7
2025-06,ST-2424,1,0
2025-06,ST-2427,1,0
2025-06,ST-243,9,9
2025-06,ST-2430,1,5
2025-06,ST-2431,36,37
2025-06,ST-2432,1,1
2025-06,ST-2433,2,0
2025-06,ST-2434,3,2
2025-06,ST-2438,34,13
2025-06,ST-2439,14,8
2025-06,ST-244,2,2
2025-06,ST-2440,18,3
2025-06,ST-2441,8,2
2025-06,ST-2442,8,9
2025-06,ST-2443,7,3
2025-06,ST-2444,3,5
2025-06,ST-2445,4,3
2025-06,ST-2446,10,21
2025-06,ST-2447,9,3
2025-06,ST-2449,3,1
2025-06,ST-245,0,3
2025-06,ST-2450,36,48
2025-06,ST-2451,20,12
2025-06,ST-2452,16,18
2025-06,ST-2453,4,6
2025-06,ST-2455,1,0
2025-06,ST-2456,43,45
2025-06,ST-2459,2,2
2025-06,ST-2464,2,0
2025-06,ST-2466,2,5
2025-06,ST-2467,2,0
2025-06,ST-2468,3,4
2025-06,ST-2469,0,1
2025-06,ST-247,1,1
2025-06,ST-2472,16,13
2025-06,ST-2473,5,5
2025-06,ST-2478,4,0
2025-06,ST-2479,1,1
2025-06,ST-2480,0,2
2025-06,ST-2481,1,0
2025-06,ST-2486,3,4
2025-06,ST-2487,0,1
2025-06,ST-2489,1,0
2025-06,ST-249,8,4
2025-06,ST-2490,1,0
2025-06,ST-2491,5,6
2025-06,ST-2492,3,2
2025-06,ST-2493,4,7
2025-06,ST-2494,9,12
2025-06,ST-2496,1,1
2025-06,ST-2497,1,1
2025-06,ST-2498,3,5
2025-06,ST-2499,3,3
2025-06,ST-25,1,0
2025-06,ST-2500,2,2
2025-06,ST-2501,1,1
2025-06,ST-2502,1,0
2025-06,ST-2504,2,6
2025-06,ST-2505,1,0
2025-06,ST-2507,4,3
2025-06,ST-2508,1,1
2025-06,ST-2509,1,0
2025-06,ST-2513,15,18
2025-06,ST-2514,2,3
2025-06,ST-2516,0,5
2025-06,ST-2517,3,0
2025-06,ST-2518,8,9
2025-06,ST-252,0,3
2025-06,ST-2520,7,13
2025-06,ST-2521,3,6
2025-06,ST-2522,17,11
2025-06,ST-2525,2,2
2025-06,ST-2526,0,6
2025-06,ST-2527,30,52
2025-06,ST-2528,1,0
2025-06,ST-253,0,2
2025-06,ST-2530,2,5
2025-06,ST-2531,18,14
2025-06,ST-2532,7,10
2025-06,ST-2533,1,1
2025-06,ST-2534,12,6
2025-06,ST-2535,1,0
2025-06,ST-2536,1,0
2025-06,ST-2537,0,1
2025-06,ST-2538,0,5
2025-06,ST-254,2,16
2025-06,ST-2541,2,0
2025-06,ST-2542,1,3
2025-06,ST-2544,4,3
2025-06,ST-2545,3,0
2025-06,ST-2547,0,1
2025-06,ST-255,1,2
2025-06,ST-2553,1,4
2025-06,ST-2556,2,0
2025-06,ST-2557,1,3
2025-06,ST-256,0,1
2025-06,ST-2560,3,1
2025-06,ST-2561,1,2
2025-06,ST-2563,0,1
2025-06,ST-2564,5,4
2025-06,ST-2565,18,22
2025-06,ST-2569,2,2
2025-06,ST-257,5,5
2025-06,ST-2571,0,3
2025-06,ST-2572,0,2
2025-06,ST-2574,0,2
2025-06,ST-2576,3,3
2025-06,ST-2579,0,4
2025-06,ST-258,14,12
2025-06,ST-2580,4,0
2025-06,ST-2587,1,0
2025-06,ST-2592,4,1
2025-06,ST-2593,9,7
2025-06,ST-2594,6,9
2025-06,ST-2595,2,1
2025-06,ST-2596,1,2
2025-06,ST-2599,2,0
2025-06,ST-26,6,3
2025-06,ST-2601,8,1
2025-06,ST-2602,1,5
2025-06,ST-2603,3,1
2025-06,ST-2605,1,0
2025-06,ST-2606,2,1
2025-06,ST-2608,4,2
2025-06,ST-2609,5,6
2025-06,ST-2616,1,0
2025-06,ST-2617,0,1
2025-06,ST-262,1,1
2025-06,ST-2621,3,4
2025-06,ST-2623,17,11
2025-06,ST-2624,1,1
2025-06,ST-2625,4,6
2025-06,ST-2626,19,23
2025-06,ST-2630,0,1
2025-06,ST-2631,7,2
2025-06,ST-2634,2,0
2025-06,ST-2637,0,1
2025-06,ST-2639,1,1
2025-06,ST-2642,0,2
2025-06,ST-2649,2,0
2025-06,ST-265,1,2
2025-06,ST-2650,1,2
2025-06,ST-2653,8,13
2025-06,ST-2654,1,1
2025-06,ST-2655,1,1
2025-06,ST-2656,0,1
2025-06,ST-2658,0,1
2025-06,ST-2659,3,0
2025-06,ST-2661,2,0
2025-06,ST-2662,2,2
2025-06,ST-2663,0,3
2025-06,ST-2664,8,14
2025-06,ST-2667,5,5
2025-06,ST-2668,1,1
2025-06,ST-267,1,0
2025-06,ST-2671,1,0
2025-06,ST-2673,15,8
2025-06,ST-2675,2,4
2025-06,ST-2676,1,0
2025-06,ST-2677,1,2
2025-06,ST-2679,2,0
2025-06,ST-2681,1,1
2025-06,ST-2682,2,0
2025-06,ST-2688,54,60
2025-06,ST-2689,2,0
2025-06,ST-269,9,5
2025-06,ST-2690,11,9
2025-06,ST-2692,0,1
2025-06,ST-2693,21,10
2025-06,ST-2694,2,7
2025-06,ST-2702,1,0
2025-06,ST-271,4,2
2025-06,ST-2717,0,1
2025-06,ST-2718,0,1
2025-06,ST-272,17,13
2025-06,ST-2723,3,1
2025-06,ST-2726,3,2
2025-06,ST-2728,2,3
2025-06,ST-273,1,2
2025-06,ST-2731,1,0
2025-06,ST-2732,2,1
2025-06,ST-2737,0,4
2025-06,ST-2738,1,0
2025-06,ST-274,1,3
2025-06,ST-2742,4,4
2025-06,ST-2748,1,1
2025-06,ST-275,4,0
2025-06,ST-2751,0,1
2025-06,ST-2754,1,3
2025-06,ST-2756,1,0
2025-06,ST-2759,0,3
2025-06,ST-2762,1,0
2025-06,ST-2764,1,0
2025-06,ST-2765,1,2
2025-06,ST-277,16,11
2025-06,ST-2775,1,0
2025-06,ST-2779,4,1
2025-06,ST-278,11,16
2025-06,ST-2785,1,1
2025-06,ST-2786,5,1
2025-06,ST-2787,0,2
2025-06,ST-2789,0,1
2025-06,ST-279,1,3
2025-06,ST-2790,0,1
2025-06,ST-2791,0,4
2025-06,ST-2793,1,0
2025-06,ST-2796,1,1
2025-06,ST-2797,3,3
2025-06,ST-2798,0,2
2025-06,ST-2799,1,0
2025-06,ST-28,4,6
2025-06,ST-280,6,4
2025-06,ST-2803,0,1
2025-06,ST-2806,0,1
2025-06,ST-2807,2,1
2025-06,ST-281,2,2
2025-06,ST-2810,4,1
2025-06,ST-2812,3,1
2025-06,ST-2813,0,2
2025-06,ST-2814,8,18
2025-06,ST-2815,13,6
2025-06,ST-2817,0,1
2025-06,ST-282,3,2
2025-06,ST-2822,9,4
2025-06,ST-2827,0,2
2025-06,ST-2833,7,5
2025-06,ST-2834,1,6
2025-06,ST-2837,5,0
2025-06,ST-2838,0,2
2025-06,ST-2839,6,9
2025-06,ST-2841,2,3
2025-06,ST-2843,1,1
2025-06,ST-2844,1,1
2025-06,ST-285,3,0
2025-06,ST-2857,2,2
2025-06,ST-2865,1,1
2025-06,ST-2866,0,2
2025-06,ST-2870,0,6
2025-06,ST-2872,0,2
2025-06,ST-2873,0,1
2025-06,ST-2874,6,7
2025-06,ST-2876,14,10
2025-06,ST-2878,0,1
2025-06,ST-2879,2,1
2025-06,ST-288,12,12
2025-06,ST-2880,6,11
2025-06,ST-2884,1,0
2025-06,ST-2886,4,0
2025-06,ST-289,4,0
2025-06,ST-2891,0,7
2025-06,ST-2892,0,1
2025-06,ST-2897,1,0
2025-06,ST-2899,9,2
2025-06,ST-29,1,0
2025-06,ST-2902,0,1
2025-06,ST-2903,16,15
2025-06,ST-2904,0,2
2025-06,ST-2905,156,124
2025-06,ST-2909,0,1
2025-06,ST-2916,0,1
2025-06,ST-292,6,3
2025-06,ST-2920,14,12
2025-06,ST-2923,2,3
2025-06,ST-2924,29,23
2025-06,ST-2934,0,9
2025-06,ST-2935,3,2
2025-06,ST-2937,1,0
2025-06,ST-294,0,1
2025-06,ST-2940,1,0
2025-06,ST-2943,3,3
2025-06,ST-2944,1,0
2025-06,ST-295,6,8
2025-06,ST-2954,1,0
2025-06,ST-2958,19,5
2025-06,ST-2959,1,0
2025-06,ST-296,18,16
2025-06,ST-2961,5,7
2025-06,ST-2962,3,3
2025-06,ST-2964,0,1
2025-06,ST-297,62,66
2025-06,ST-2972,1,1
2025-06,ST-2974,0,2
2025-06,ST-2975,16,5
2025-06,ST-2977,2,2
2025-06,ST-2979,24,20
2025-06,ST-2980,0,1
2025-06,ST-2981,1,0
2025-06,ST-2986,1,1
2025-06,ST-2988,0,1
2025-06,ST-299,1,3
2025-06,ST-2992,1,0
2025-06,ST-2994,0,2
2025-06,ST-2995,0,1
2025-06,ST-2997,2,1
2025-06,ST-2999,1,1
2025-06,ST-30,13,11
2025-06,ST-300,0,1
2025-06,ST-3002,6,8
2025-06,ST-3003,15,15
2025-06,ST-3008,4,1
2025-06,ST-3009,1,1
2025-06,ST-3012,0,1
2025-06,ST-3013,0,2
2025-06,ST-3017,50,47
2025-06,ST-3019,9,11
2025-06,ST-3021,0,2
2025-06,ST-3025,0,1
2025-06,ST-3027,0,1
2025-06,ST-3029,3,1
2025-06,ST-3030,1,1
2025-06,ST-3038,1,0
2025-06,ST-3039,2,0
2025-06,ST-3042,5,11
2025-06,ST-3043,1,0
2025-06,ST-3049,2,2
2025-06,ST-3051,3,2
2025-06,ST-3052,0,2
2025-06,ST-3053,1,4
2025-06,ST-3054,3,2
2025-06,ST-3056,10,37
2025-06,ST-3058,0,2
2025-06,ST-306,4,1
2025-06,ST-3061,7,2
2025-06,ST-3062,10,12
2025-06,ST-3063,1,0
2025-06,ST-3064,0,3
2025-06,ST-3065,1,0
2025-06,ST-3066,16,13
2025-06,ST-3068,1,0
2025-06,ST-3069,1,0
2025-06,ST-307,3,10
2025-06,ST-3071,1,0
2025-06,ST-3075,10,9
2025-06,ST-3077,18,20
2025-06,ST-3078,12,5
2025-06,ST-3079,2,10
2025-06,ST-308,0,1
2025-06,ST-3080,2,2
2025-06,ST-3081,9,5
2025-06,ST-3082,2,0
2025-06,ST-3083,18,23
2025-06,ST-3084,1,1
2025-06,ST-3085,1,0
2025-06,ST-3086,2,4
2025-06,ST-3090,25,15
2025-06,ST-3092,4,1
2025-06,ST-3094,1,2
2025-06,ST-3095,2,2
2025-06,ST-3096,5,1
2025-06,ST-3098,4,9
2025-06,ST-3099,15,18
2025-06,ST-31,6,6
2025-06,ST-3100,1,0
2025-06,ST-3102,1,2
2025-06,ST-3104,3,5
2025-06,ST-3105,2,3
2025-06,ST-3106,0,1
2025-06,ST-3107,1,1
2025-06,ST-3108,11,5
2025-06,ST-311,1,1
2025-06,ST-3111,9,5
2025-06,ST-3112,22,13
2025-06,ST-3113,3,6
2025-06,ST-3114,1,0
2025-06,ST-3115,1,2
2025-06,ST-3116,1,1
2025-06,ST-3117,2,9
2025-06,ST-3118,0,4
2025-06,ST-3121,6,4
2025-06,ST-3125,2,3
2025-06,ST-3129,2,2
2025-06,ST-3133,1,1
2025-06,ST-3135,2,4
2025-06,ST-3137,0,1
2025-06,ST-3139,8,3
2025-06,ST-3140,13,8
2025-06,ST-3141,2,1
2025-06,ST-3142,17,19
2025-06,ST-3143,9,11
2025-06,ST-3144,1,0
2025-06,ST-3145,2,0
2025-06,ST-315,2,1
2025-06,ST-3150,1,0
2025-06,ST-3151,0,1
2025-06,ST-3153,4,1
2025-06,ST-3159,4,0
2025-06,ST-3160,27,4
2025-06,ST-3161,2,3
2025-06,ST-3164,4,2
2025-06,ST-3165,3,1
2025-06,ST-3168,0,1
2025-06,ST-3171,6,5
2025-06,ST-3172,1,2
2025-06,ST-3174,0,1
2025-06,ST-3177,1,1
2025-06,ST-3182,0,1
2025-06,ST-3187,2,2
2025-06,ST-3188,3,5
2025-06,ST-3195,1,0
2025-06,ST-32,12,15
2025-06,ST-3202,0,1
2025-06,ST-3203,0,1
2025-06,ST-3204,7,6
2025-06,ST-3205,15,18
2025-06,ST-3208,0,3
2025-06,ST-3212,1,1
2025-06,ST-3213,1,0
2025-06,ST-3214,4,8
2025-06,ST-3226,7,10
2025-06,ST-3235,2,3
2025-06,ST-3236,2,2
2025-06,ST-3237,1,1
2025-06,ST-3238,2,5
2025-06,ST-3239,82,55
2025-06,ST-324,8,7
2025-06,ST-3240,1,1
2025-06,ST-3241,3,2
2025-06,ST-3242,2,3
2025-06,ST-3243,3,3
2025-06,ST-3249,12,8
2025-06,ST-3254,7,2
2025-06,ST-3255,0,4
2025-06,ST-3258,1,0
2025-06,ST-326,1,1
2025-06,ST-3265,5,5
2025-06,ST-3266,1,0
2025-06,ST-3267,1,2
2025-06,ST-3268,3,2
2025-06,ST-327,2,7
2025-06,ST-3271,2,0
2025-06,ST-3279,0,1
2025-06,ST-328,7,11
2025-06,ST-3286,3,1
2025-06,ST-329,6,9
2025-06,ST-3290,2,0
2025-06,ST-3291,4,1
2025-06,ST-3296,1,0
2025-06,ST-3297,17,10
2025-06,ST-33,6,2
2025-06,ST-330,6,5
2025-06,ST-3300,16,8
2025-06,ST-3301,2,4
2025-06,ST-3303,1,2
2025-06,ST-3304,2,1
2025-06,ST-3305,13,8
2025-06,ST-3309,19,14
2025-06,ST-331,4,13
2025-06,ST-3310,3,2
2025-06,ST-3311,5,3
2025-06,ST-3313,1,1
2025-06,ST-3315,6,7
2025-06,ST-3316,7,3
2025-06,ST-3317,2,1
2025-06,ST-3318,0,1
2025-06,ST-332,8,3
2025-06,ST-3321,1,1
2025-06,ST-3323,1,1
2025-06,ST-3325,23,26
2025-06,ST-3326,8,11
2025-06,ST-3328,1,0
2025-06,ST-3331,2,2
2025-06,ST-3332,4,3
2025-06,ST-3333,7,7
2025-06,ST-3334,1,2
2025-06,ST-334,10,5
2025-06,ST-3341,0,2
2025-06,ST-3342,22,32
2025-06,ST-3345,1,1
2025-06,ST-3347,3,1
2025-06,ST-3348,2,5
2025-06,ST-3349,1,0
2025-06,ST-335,1,2
2025-06,ST-3351,1,0
2025-06,ST-3354,8,7
2025-06,ST-3355,4,6
2025-06,ST-3356,2,0
2025-06,ST-3357,2,2
2025-06,ST-3359,1,3
2025-06,ST-336,15,7
2025-06,ST-3361,6,4
2025-06,ST-3362,0,4
2025-06,ST-3363,3,0
2025-06,ST-3365,1,3
2025-06,ST-3366,1,0
2025-06,ST-3372,1,0
2025-06,ST-3373,5,0
2025-06,ST-3374,5,3
2025-06,ST-3375,1,0
2025-06,ST-3379,1,2
2025-06,ST-338,25,15
2025-06,ST-3380,0,5
2025-06,ST-339,20,20
2025-06,ST-340,26,21
2025-06,ST-341,8,3
2025-06,ST-342,10,10
2025-06,ST-343,8,9
2025-06,ST-344,6,10
2025-06,ST-346,3,1
2025-06,ST-347,1,0
2025-06,ST-349,1,2
2025-06,ST-35,7,2
2025-06,ST-351,1,3
2025-06,ST-352,1,2
2025-06,ST-354,3,0
2025-06,ST-357,15,0
2025-06,ST-358,1,1
2025-06,ST-36,12,5
2025-06,ST-360,0,5
2025-06,ST-361,0,2
2025-06,ST-362,17,3
2025-06,ST-364,2,1
2025-06,ST-365,2,0
2025-06,ST-366,88,73
2025-06,ST-369,6,1
2025-06,ST-37,5,7
2025-06,ST-370,1,1
2025-06,ST-372,1,1
2025-06,ST-375,17,4
2025-06,ST-376,11,9
2025-06,ST-378,1,0
2025-06,ST-382,1,3
2025-06,ST-384,3,1
2025-06,ST-385,4,4
2025-06,ST-386,1,0
2025-06,ST-387,0,1
2025-06,ST-388,4,9
2025-06,ST-39,2,4
2025-06,ST-390,0,1
2025-06,ST-391,1,1
2025-06,ST-392,0,1
2025-06,ST-394,3,3
2025-06,ST-395,0,1
2025-06,ST-398,3,2
2025-06,ST-4,35,42
2025-06,ST-40,1,1
2025-06,ST-400,1,2
2025-06,ST-401,5,13
2025-06,ST-402,3,2
2025-06,ST-403,2,2
2025-06,ST-404,1,1
2025-06,ST-405,6,5
2025-06,ST-406,2,3
2025-06,ST-407,3,5
2025-06,ST-408,12,15
2025-06,ST-409,3,4
2025-06,ST-41,1,4
2025-06,ST-410,3,3
2025-06,ST-413,4,15
2025-06,ST-414,9,5
2025-06,ST-417,1,0
2025-06,ST-418,1,0
2025-06,ST-419,2,2
2025-06,ST-42,0,3
2025-06,ST-421,6,11
2025-06,ST-422,7,4
2025-06,ST-424,0,5
2025-06,ST-425,2,1
2025-06,ST-426,45,42
2025-06,ST-43,1,0
2025-06,ST-435,15,17
2025-06,ST-436,2,3
2025-06,ST-437,3,2
2025-06,ST-438,5,3
2025-06,ST-439,10,1
2025-06,ST-440,1,0
2025-06,ST-441,2,1
2025-06,ST-442,72,130
2025-06,ST-443,13,3
2025-06,ST-445,5,7
2025-06,ST-446,15,21
2025-06,ST-447,5,4
2025-06,ST-450,1,2
2025-06,ST-452,0,1
2025-06,ST-453,1,1
2025-06,ST-454,0,1
2025-06,ST-455,8,10
2025-06,ST-457,1,0
2025-06,ST-459,2,0
2025-06,ST-46,7,8
2025-06,ST-460,0,2
2025-06,ST-461,0,2
2025-06,ST-462,6,5
2025-06,ST-463,0,2
2025-06,ST-465,0,1
2025-06,ST-47,15,16
2025-06,ST-476,6,5
2025-06,ST-479,1,0
2025-06,ST-480,2,0
2025-06,ST-481,1,0
2025-06,ST-482,22,19
2025-06,ST-483,16,9
2025-06,ST-485,2,2
2025-06,ST-488,5,3
2025-06,ST-492,3,2
2025-06,ST-493,1,2
2025-06,ST-495,1,0
2025-06,ST-499,0,1
2025-06,ST-5,26,14
2025-06,ST-50,4,3
2025-06,ST-500,1,1
2025-06,ST-502,3,4
2025-06,ST-505,1,0
2025-06,ST-506,21,29
2025-06,ST-507,1,1
2025-06,ST-51,3,1
2025-06,ST-513,1,2
2025-06,ST-516,12,9
2025-06,ST-517,2,3
2025-06,ST-518,1,3
2025-06,ST-519,3,2
2025-06,ST-52,15,7
2025-06,ST-522,19,19
2025-06,ST-523,4,5
2025-06,ST-525,0,2
2025-06,ST-526,1,0
2025-06,ST-528,1,0
2025-06,ST-53,5,3
2025-06,ST-530,2,1
2025-06,ST-535,0,1
2025-06,ST-539,5,9
2025-06,ST-540,7,0
2025-06,ST-542,6,9
2025-06,ST-544,1,2
2025-06,ST-547,15,7
2025-06,ST-548,2,1
2025-06,ST-55,38,27
2025-06,ST-550,11,7
2025-06,ST-551,1,1
2025-06,ST-558,2,0
2025-06,ST-561,1,0
2025-06,ST-562,0,1
2025-06,ST-564,0,2
2025-06,ST-572,1,1
2025-06,ST-586,1,0
2025-06,ST-589,2,2
2025-06,ST-59,5,14
2025-06,ST-590,0,2
2025-06,ST-596,5,6
2025-06,ST-6,11,14
2025-06,ST-60,1,3
2025-06,ST-600,1,0
2025-06,ST-602,1,2
2025-06,ST-603,1,1
2025-06,ST-604,1,4
2025-06,ST-611,2,3
2025-06,ST-612,1,1
2025-06,ST-613,1,0
2025-06,ST-62,9,5
2025-06,ST-622,2,0
2025-06,ST-623,11,22
2025-06,ST-624,0,1
2025-06,ST-625,1,0
2025-06,ST-63,2,4
2025-06,ST-632,2,2
2025-06,ST-637,2,2
2025-06,ST-64,20,27
2025-06,ST-641,1,1
2025-06,ST-643,6,3
2025-06,ST-646,1,3
2025-06,ST-652,1,0
2025-06,ST-655,10,5
2025-06,ST-657,3,0
2025-06,ST-66,9,2
2025-06,ST-660,1,0
2025-06,ST-663,3,3
2025-06,ST-664,10,6
2025-06,ST-666,1,0
2025-06,ST-668,4,3
2025-06,ST-67,23,18
2025-06,ST-673,4,3
2025-06,ST-674,1,0
2025-06,ST-675,1,0
2025-06,ST-678,1,1
2025-06,ST-68,0,3
2025-06,ST-683,26,32
2025-06,ST-69,1,2
2025-06,ST-692,23,35
2025-06,ST-693,25,34
2025-06,ST-694,1,0
2025-06,ST-695,28,25
2025-06,ST-696,4,3
2025-06,ST-697,0,3
2025-06,ST-699,3,4
2025-06,ST-7,8,11
2025-06,ST-70,7,5
2025-06,ST-700,2,0
2025-06,ST-702,3,5
2025-06,ST-703,1,1
2025-06,ST-71,1,6
2025-06,ST-712,0,2
2025-06,ST-715,0,1
2025-06,ST-717,2,0
2025-06,ST-719,1,0
2025-06,ST-72,5,18
2025-06,ST-724,3,3
2025-06,ST-726,1,0
2025-06,ST-729,1,0
2025-06,ST-73,225,212
2025-06,ST-731,0,1
2025-06,ST-735,1,0
2025-06,ST-742,1,1
2025-06,ST-745,2,0
2025-06,ST-746,0,2
2025-06,ST-747,2,2
2025-06,ST-748,25,43
2025-06,ST-749,72,147
2025-06,ST-750,52,43
2025-06,ST-752,1,0
2025-06,ST-753,2,2
2025-06,ST-754,0,1
2025-06,ST-760,1,2
2025-06,ST-761,7,1
2025-06,ST-762,1,0
2025-06,ST-765,1,0
2025-06,ST-768,1,0
2025-06,ST-769,3,2
2025-06,ST-77,0,1
2025-06,ST-771,4,0
2025-06,ST-772,4,4
2025-06,ST-774,0,2
2025-06,ST-777,52,64
2025-06,ST-779,2,0
2025-06,ST-780,6,11
2025-06,ST-783,1,1
2025-06,ST-784,22,36
2025-06,ST-787,18,14
2025-06,ST-788,15,18
2025-06,ST-790,2,2
2025-06,ST-791,31,36
2025-06,ST-792,10,4
2025-06,ST-793,12,19
2025-06,ST-794,4,4
2025-06,ST-795,7,5
2025-06,ST-796,6,4
2025-06,ST-797,2,2
2025-06,ST-798,2,1
2025-06,ST-799,11,10
2025-06,ST-8,42,62
2025-06,ST-80,8,3
2025-06,ST-801,4,1
2025-06,ST-802,2,1
2025-06,ST-804,0,1
2025-06,ST-807,2,0
2025-06,ST-808,2,2
2025-06,ST-809,0,2
2025-06,ST-810,1,0
2025-06,ST-811,3,1
2025-06,ST-812,0,2
2025-06,ST-815,2,5
2025-06,ST-816,1,0
2025-06,ST-82,1,3
2025-06,ST-820,2,4
2025-06,ST-821,5,1
2025-06,ST-823,1,2
2025-06,ST-827,5,8
2025-06,ST-83,2,0
2025-06,ST-830,3,1
2025-06,ST-831,1,0
2025-06,ST-840,7,9
2025-06,ST-842,2,0
2025-06,ST-85,6,6
2025-06,ST-852,2,0
2025-06,ST-86,1,1
2025-06,ST-862,1,0
2025-06,ST-866,1,1
2025-06,ST-869,1,0
2025-06,ST-87,5,13
2025-06,ST-876,2,0
2025-06,ST-877,2,4
2025-06,ST-88,1,0
2025-06,ST-882,0,1
2025-06,ST-886,11,5
2025-06,ST-887,0,1
2025-06,ST-889,1,0
2025-06,ST-89,4,7
2025-06,ST-890,1,1
2025-06,ST-891,40,38
2025-06,ST-892,1,0
2025-06,ST-894,1,1
2025-06,ST-896,1,0
2025-06,ST-9,11,4
2025-06,ST-90,2,0
2025-06,ST-903,2,3
2025-06,ST-904,0,1
2025-06,ST-905,1,3
2025-06,ST-906,0,3
2025-06,ST-91,2,5
2025-06,ST-910,1,0
2025-06,ST-913,3,0
2025-06,ST-915,1,2
2025-06,ST-918,0,1
2025-06,ST-92,5,1
2025-06,ST-920,0,1
2025-06,ST-923,1,2
2025-06,ST-924,0,2
2025-06,ST-928,4,3
2025-06,ST-929,0,1
2025-06,ST-93,2,2
2025-06,ST-932,10,0
2025-06,ST-933,0,4
2025-06,ST-935,1,1
2025-06,ST-936,1,2
2025-06,ST-938,2,0
2025-06,ST-94,4,4
2025-06,ST-941,1,0
2025-06,ST-943,10,2
2025-06,ST-944,14,10
2025-06,ST-946,6,7
2025-06,ST-947,3,1
2025-06,ST-948,1,2
2025-06,ST-949,12,3
2025-06,ST-95,0,4
2025-06,ST-950,1,1
2025-06,ST-951,0,1
2025-06,ST-953,1,3
2025-06,ST-954,2,0
2025-06,ST-956,0,1
2025-06,ST-959,3,0
2025-06,ST-961,1,0
2025-06,ST-962,0,1
2025-06,ST-963,3,0
2025-06,ST-966,1,0
2025-06,ST-968,7,3
2025-06,ST-97,4,5
2025-06,ST-971,4,0
2025-06,ST-972,1,0
2025-06,ST-974,11,9
2025-06,ST-976,2,3
2025-06,ST-977,11,10
2025-06,ST-978,24,8
2025-06,ST-979,7,4
2025-06,ST-98,2,0
2025-06,ST-980,10,12
2025-06,ST-983,1,1
2025-06,ST-984,2,1
2025-06,ST-987,4,2
2025-06,ST-988,13,6
2025-06,ST-99,164,166
2025-06,ST-992,1,1
2025-06,ST-993,3,0
2025-06,ST-995,1,0
2025-06,ST-997,3,0
