"년월","대여소명","대여건수","반납건수"
"202507","1001. 광진교 남단 사거리(천호공원 방면)","1","1"
"202507","1002. 해공공원(천호동)","0","1"
"202507","1003. 해공도서관앞","2","0"
"202507","1008. 암사역 3번출구(국민은행앞)","2","5"
"202507","1009. 천호역4번출구(현대백화점)","3","1"
"202507","1010. 강동세무서","6","5"
"202507","1011. LIGA 아파트 앞","1","0"
"202507","1017. 둔촌고교입구 교차로(길동주민센터 방면)","3","0"
"202507","1018. 둔촌 주공 GS 맞은편","6","2"
"202507","102. 망원역 1번출구 앞","18","20"
"202507","1020. 강동경찰서","4","4"
"202507","1022. 길동 사거리(초소앞)","0","1"
"202507","1029. 성내어울터","1","0"
"202507","103. 망원역 2번출구 앞","13","16"
"202507","1030. 미호 플랜트 앞","1","1"
"202507","1033. 고덕동 아남아파트","2","4"
"202507","1034. 고덕동 래미안 힐스테이트","0","1"
"202507","1036. 고덕동 주양쇼핑","0","1"
"202507","104. 합정역 1번출구 앞","8","11"
"202507","1041. 묘곡초등학교","2","0"
"202507","1044. 굽은다리역","6","2"
"202507","105. 합정역 5번출구 앞","1","5"
"202507","1050.  둔촌역 3번 출입구","1","3"
"202507","1057. 능골근린공원","1","1"
"202507","106. 합정역 7번출구 앞","39","42"
"202507","107. 수협 연남동지점","13","9"
"202507","1070.(시립)고덕평생학습관","1","0"
"202507","1072.고덕역 5번출구","1","0"
"202507","1078.둔촌사거리","0","1"
"202507","1079.강일동입구교차로","0","2"
"202507","108. 서교동 사거리","21","11"
"202507","1080.천호지하주차장 5번 출입구","2","0"
"202507","1081.트레빌빌딩","0","1"
"202507","1084. 윤선생빌딩(JYP사옥)","1","0"
"202507","1102. 방화사거리 마을버스 버스정류장","0","1"
"202507","1103. 방화역 4번출구앞","2","6"
"202507","111. 상수역 2번출구 앞","10","34"
"202507","1112. 마곡엠밸리4단지 정문","9","7"
"202507","1118. 증미역 3번출구뒤(등촌두산위브센티움오피스텔)","13","10"
"202507","1119. 염창동 한마음아파트 앞","1","1"
"202507","1121. 가양레포츠센터 앞","1","1"
"202507","1124. 발산역 6번 출구 뒤","5","2"
"202507","113. 홍대입구역 2번출구 앞","49","25"
"202507","1130. 화곡본동시장 버스정류장","0","1"
"202507","1132. 등촌역 7번출구","0","1"
"202507","1135. 강서구의회","0","1"
"202507","1136. 등촌2파출소","2","0"
"202507","1137. 등촌2동주민센터","1","0"
"202507","1139. 용문사 버스정류장","1","0"
"202507","114. 홍대입구역 8번출구 앞","32","29"
"202507","1140. 목동사거리 버스정류장","1","3"
"202507","1141. 곰달래 문화복지센터 A","1","1"
"202507","1145. 곰달래 문화복지센터 B","1","1"
"202507","115. 마스타 빌딩 앞","8","12"
"202507","1151. 마곡역1번출구","2","3"
"202507","1153. 발산역 1번, 9번 인근 대여소","4","9"
"202507","1155. 기쁜우리복지관","0","2"
"202507","1158. 가양역 8번출구","3","1"
"202507","1160. 양천향교역 7번출구앞","3","4"
"202507","1161. 강서면허시험장 앞","1","1"
"202507","1166. 강서구립등빛도서관","0","3"
"202507","1167. 마곡수명산파크3단지 교차로","0","2"
"202507","1169. 염창역 1번 출구","5","5"
"202507","117. 홍은사거리","3","4"
"202507","1173. 강서구청사거리(SH타워)","1","2"
"202507","1178. 개화산역 2번 출구","2","2"
"202507","118. 광흥창역 2번출구 앞","1","0"
"202507","1185. 등촌9단지","0","3"
"202507","119. 서강나루 공원","15","8"
"202507","1190. 마곡역 교차로(2번출구)","1","4"
"202507","1191. 마곡역 버스정류장(마곡나루역1번출구, 웰튼병원 방면)","8","3"
"202507","1193. 마곡센트럴타워 1차","2","2"
"202507","1197. 엠펠리체 호텔 건너편","10","5"
"202507","120. 신수동 사거리","1","0"
"202507","1204. 거여역 3번출구","0","1"
"202507","1205. 종합운동장역 4번출구","3","7"
"202507","1206. 9호선종합운동장역 9번출구","1","4"
"202507","1209. 잠실나루역 (2번 출구 쪽)","1","5"
"202507","121. 마포소방서 앞","1","1"
"202507","1210. 롯데월드타워(잠실역2번출구 쪽)","35","23"
"202507","1212. 송파역 2번 출구앞","4","5"
"202507","1213. 백토공원 앞","3","0"
"202507","1214. 오금역 7번 출구 인근","1","1"
"202507","1215. 올림픽공원역 1번출구 앞","2","1"
"202507","1217. 송파파인타운 7단지","1","0"
"202507","1218. 방이역 4번출구","3","1"
"202507","122. 신성기사식당 앞","1","0"
"202507","1221. 삼전역 4번출구","1","2"
"202507","1222. 잠실새내역 5번 출구 뒤","2","12"
"202507","1224. 아시아지하보도 2번 출구","0","1"
"202507","1226. 잠실4동 주민센터 옆","1","2"
"202507","123. 문화촌 공원","1","0"
"202507","1231. 잠실역 6번출구","3","3"
"202507","1232. 잠실주공 521동 건너편","1","2"
"202507","1233. 잠실3거리(갤러리아팰리스)","3","1"
"202507","1235. 잠실트리지움310동 옆","3","0"
"202507","124. 서강대 정문 건너편","8","7"
"202507","1240. 문정 법조단지4","1","0"
"202507","1243. 문정 법조단지7","1","0"
"202507","1244. 문정 법조단지8","9","8"
"202507","1247. 문정 법조단지11","3","2"
"202507","1248. 방이초등학교","2","5"
"202507","1251. 석촌역 2번출구","3","2"
"202507","1259. 방이역 1번출구","1","1"
"202507","126. 서강대 후문 옆","2","0"
"202507","1260. 방이동 한양3차아파트 옆","1","2"
"202507","1262. 송파여성문화회관 앞","1","0"
"202507","1264. 천호역 10번 출구 앞","1","2"
"202507","1265. 문정동 근린공원","1","0"
"202507","1267. 올림픽공원 남2문 앞","1","1"
"202507","1268. 몽촌토성역 1번출구 옆","15","8"
"202507","1269. 리센츠아파트 ","1","0"
"202507","127. 현대벤처빌 앞","3","0"
"202507","1274. 영파여고 앞","0","1"
"202507","1278. 송파구청 교차로","3","3"
"202507","128. 신촌역(2호선) 1번출구 옆","9","9"
"202507","1282. 송파소방서 맞은편(성내4교)","0","1"
"202507","1283. 오금공원 사거리","1","0"
"202507","129. 신촌역(2호선) 6번출구 옆","2","5"
"202507","1293. 석촌호수 서호 사거리","1","2"
"202507","1295. 잠실역 8번출구","4","12"
"202507","1296. 석촌호수교차로 (송파나루근린공원 앞)","0","3"
"202507","1297. 석촌호수교차로(동호 팔각정 앞)","3","3"
"202507","130. 신촌역(2호선) 7번출구 앞","17","29"
"202507","1306. 한성대입구역2번출구","0","6"
"202507","1308. 안암로터리 버스정류장 앞","5","4"
"202507","131. 증산2교","4","2"
"202507","1318. 길음역 3번출구 뒤","0","1"
"202507","1319. 종암박스파크","3","4"
"202507","1321. 국민은행 종암동지점 앞","5","1"
"202507","1322. 래미안라센트아파트 103동 앞","4","5"
"202507","1328. 월곡역 3번출구","0","1"
"202507","1332. 석계역 5번출구 건너편","0","2"
"202507","1337. 돈암성당 옆","5","2"
"202507","1338. 용문2교 옆","0","1"
"202507","1339. 삼성전자서비스 성북센터","2","0"
"202507","134. 연세로 명물길","15","8"
"202507","1344. 아리랑시네센터 앞","0","2"
"202507","135. 명물길 원형무대 앞","0","1"
"202507","1354. 고려대학교 2번출구","5","8"
"202507","1357. 북한산보국문역","0","1"
"202507","1363. 보문4교 인근","1","1"
"202507","1364. 성북동 치안센터 앞","0","1"
"202507","1368. 성신여대입구 교차로","4","3"
"202507","137. 신촌기차역입구 교차로","2","5"
"202507","1372. KEB은행 고대점","14","7"
"202507","1373. 성북구보건소 건너편","3","1"
"202507","138. 신촌동 제1공영주차장 앞","2","3"
"202507","1380.월곡역 5번출구 앞","1","0"
"202507","1385.성신여대입구역 3번출구 앞","6","0"
"202507","1388. 돈암초교입구 버스정류장(한성대입구역 방면)","0","2"
"202507","139. 연세대 정문 건너편","4","0"
"202507","1394.길음뉴타운 래미안9단지","1","0"
"202507","1395.래미안장위포레카운티(102동)","2","1"
"202507","140. 이화여대 후문","1","2"
"202507","1402. 금란주차장 앞","2","1"
"202507","141. 연대 대운동장 옆","2","1"
"202507","142. 아현역 4번출구 앞","3","3"
"202507","1426. 면목도시개발아파트 1동 앞","1","0"
"202507","1428. 원묵고등학교","0","2"
"202507","1429. 장안중학교","0","1"
"202507","143. 공덕역 2번출구","5","3"
"202507","1437. 늘푸른공원 앞","1","1"
"202507","1438. 홈플러스 신내점 앞","1","1"
"202507","1442. 중랑구청 중화동 별관 앞","2","1"
"202507","1447. 면목역 3번출구","2","2"
"202507","1448. 코스트코 상봉점","5","7"
"202507","1449. 상봉역 1번출구","1","0"
"202507","1450. 화랑대역 7번출구","1","0"
"202507","1451. 중랑세무서","1","4"
"202507","1454. 한국전력공사(동대문 중랑지사)","1","0"
"202507","1458. 상봉터미널2","0","1"
"202507","146. 마포역 2번출구 뒤","6","15"
"202507","1462.동부시장 북문 앞","2","4"
"202507","1464.중화역 4번출구","4","3"
"202507","147. 마포역 4번출구 뒤","15","17"
"202507","1471.동양쇼핑 정류소 앞","1","1"
"202507","1477.면목삼익아파트 앞","0","1"
"202507","148. 용강동 주민센터 앞","0","1"
"202507","1480. 용마지구대 B","0","1"
"202507","150. 서강대역 2번출구 앞","5","11"
"202507","1503. 강북구청사거리(수유역 8번출구)","3","1"
"202507","1512. 강북중학교 앞","1","0"
"202507","1514. 강북구청 사거리 버스정류소 앞","2","0"
"202507","1516. 우이동길마을마당","0","2"
"202507","1525. 미아동 복합청사","1","0"
"202507","1529. 미아동 한국전력공사","2","1"
"202507","153. 성산2교 사거리","7","2"
"202507","1531. 미아사거리 1번 출구","1","3"
"202507","1532. 번3동 주민센터 교차로","0","1"
"202507","1535. 효성인텔리안 앞","2","0"
"202507","154. 마포구청역 ","6","3"
"202507","1547. 꿈의숲 롯데캐슬","2","0"
"202507","155. 가좌역1 번출구 앞","2","1"
"202507","1552. 강북구청사거리","1","0"
"202507","1557.신창교","1","0"
"202507","156. 서울서부지방법원 앞","0","1"
"202507","1565.수유사거리","0","2"
"202507","1569.수유역2번출구","0","1"
"202507","157. 애오개역 4번출구 앞","1","0"
"202507","159. 이대역 4번 출구","0","5"
"202507","160. 북아현동 가구거리","4","2"
"202507","1601. 석계역 문화광장 내 자전거 보관소","1","1"
"202507","1605. 헬스케어","2","2"
"202507","1606. 태릉입구역 3번출구 ","0","1"
"202507","1608. 공릉역 1번 출구 앞","1","0"
"202507","1610. 화랑대역 2번출구 앞","2","2"
"202507","1611. 과기대 입구(우)","0","1"
"202507","1617. 하계동 중평어린이공원 앞","1","1"
"202507","162. 봉원고가차도 밑","0","1"
"202507","1637. KT 전화국 버스정류장 옆","0","1"
"202507","1646. 삼육대 입구","5","0"
"202507","1650. 중계근린공원내","1","1"
"202507","1653. 노원역1번출구","1","0"
"202507","1657. 노원구청 ","0","1"
"202507","1662. 노원역7번출구","4","2"
"202507","1663. 동해문화예술관앞","2","0"
"202507","1677. 육군사관학교  앞","2","5"
"202507","1684. 태릉입구역 5번출구","4","3"
"202507","1688. 마들역 7번출구","1","1"
"202507","1691. 노원정보도서관","0","1"
"202507","1703. 도봉산광역환승센터앞 ","1","0"
"202507","171. 임광빌딩 앞","0","1"
"202507","1720. 도봉구청 옆(중랑천변)","1","0"
"202507","1725. 창1동주민센터","2","0"
"202507","173. 서대문역 8번출구 앞","0","1"
"202507","1737. 신창시장","1","0"
"202507","175. 홍연2교옆","1","0"
"202507","176. 명지대학교 도서관","4","0"
"202507","1761.방학중학교 앞","2","1"
"202507","1767.방학초등학교 앞","0","1"
"202507","179. 가좌역 4번출구 앞","1","4"
"202507","180. 충정로역 7번출구 아래","1","3"
"202507","181. 망원초록길 입구","31","15"
"202507","182. 망원2빗물펌프장 앞","28","17"
"202507","183. 하늘채코오롱아파트 건너편","9","3"
"202507","1839. 수출의 다리 아래","0","1"
"202507","184.망원우체국사거리 인근","10","5"
"202507","1840. 솔브레인이엔지 뒤편","1","0"
"202507","185. 마포 신수공원 앞","5","19"
"202507","186. 월드컵공원","11","3"
"202507","1862.스타즈호텔독산 빌딩 앞","1","3"
"202507","1906. 신도림역 1번 출구 앞","1","3"
"202507","191. 서우빌딩","0","1"
"202507","1911. 구로디지털단지역 앞","5","7"
"202507","1912. 한신휴아파트 앞","1","1"
"202507","1914. 대림역4번출구","1","0"
"202507","1916. 구로중학교앞","1","1"
"202507","1920. 서울미래초등학교 사거리","2","0"
"202507","1925. 동양미래대학교 정문 옆","2","2"
"202507","194. 증산교 앞","2","0"
"202507","1943. 온수역 북측","0","1"
"202507","1946. 구로역 광장","3","0"
"202507","195. 모래내고가차도 ","1","0"
"202507","1952. 천왕연지타운2단지 앞","1","0"
"202507","1955. 디지털입구 교차로","3","2"
"202507","1958. 강서수도사업소민원센터","1","1"
"202507","196. 연희교차로 인근","1","3"
"202507","1961. 신도림테크노근린공원","11","4"
"202507","1965. 삼환로즈빌아파트 105동 옆","0","1"
"202507","1969. 궁동생태공원","2","0"
"202507","1975. 대림역 1번 출입구 밑","1","1"
"202507","1985. 구로도서관","1","1"
"202507","1986. 태평양물산","2","2"
"202507","199. 서울 월드컵 경기장","9","4"
"202507","1998. 고척교 교차로","0","2"
"202507","2002. 노들역 1번출구","31","31"
"202507","2003. 사육신공원앞","1","2"
"202507","2009. 보라매역 8번출구","1","2"
"202507","201. 진미파라곤 앞","4","5"
"202507","2013. 장승배기역 5번출구","0","2"
"202507","2015. 신대방삼거리역 6번출구쪽","2","0"
"202507","2016. 신대방삼거리역 3번출구쪽","1","0"
"202507","202. 국민일보 앞","19","16"
"202507","2025. 흑석역 1번출구","6","11"
"202507","2026. 흑석역 4번출구","6","4"
"202507","2027. 중앙대학교 정문 1","5","8"
"202507","203. 국회의사당역 3번출구 옆","4","6"
"202507","2034. 사당역 7번출구쪽","0","1"
"202507","2037. 동작역 5번출구 동작주차공원","3","2"
"202507","2038. 동작역 7번출구","5","6"
"202507","204. 국회의사당역 5번출구 옆","2","5"
"202507","2040. 비계 버스정류소","1","0"
"202507","205. 산업은행 앞","10","10"
"202507","2050. 노량진역 5번출구","2","1"
"202507","2054. 삼익아파트","3","2"
"202507","2058. 동작경찰서","1","1"
"202507","2059. 보라매공원 정문","3","1"
"202507","206. KBS 앞","12","9"
"202507","2067. 보라매역?동작세무서 버스정류장(강남중학교방면)","8","11"
"202507","207. 여의나루역 1번출구 앞","145","140"
"202507","2070. 노량진역 2번 출구 앞","0","11"
"202507","2077.노들역 3번출구","5","9"
"202507","2080. 대방지하보도(대방동경남아너스빌아파트)","1","0"
"202507","209. 유진투자증권빌딩 앞","18","6"
"202507","2090.기아자동차 사당점 앞","1","0"
"202507","2102. 봉림교 교통섬","4","6"
"202507","2103. 신림동 우방아파트","2","0"
"202507","2104. 사당역 5번출구","0","1"
"202507","2111. 서울대입구역 1번출구","1","0"
"202507","2128. 관악구청교차로","0","1"
"202507","2129. 낙성대 과학전시관","1","0"
"202507","213. KT앞","2","2"
"202507","2130. 영어마을 관악캠프","2","1"
"202507","214. 금융감독원 앞","4","2"
"202507","2140. 신림1교 교차로","8","9"
"202507","2143. 서울산업정보학교","2","1"
"202507","2145. 은천초등학교 육교","0","1"
"202507","215. 여의도고교 앞","15","15"
"202507","2167. 낙성대역 1번출구","0","1"
"202507","217. NH농협은행 앞","6","4"
"202507","2171. 서울대입구역 5번출구","0","1"
"202507","2175. 신림동걷고싶은문화의거리입구","1","1"
"202507","2176. 보라매공원 보도육교","0","2"
"202507","2177. 신대방역 2번 출구","1","0"
"202507","2178. 서울대학교 정문","1","0"
"202507","2185. 대학동 고시촌","1","0"
"202507","219. 롯데캐슬엠파이어 옆","1","1"
"202507","2198.사랑의병원","0","1"
"202507","2202.청계산입구역 1번출구","2","0"
"202507","221. 여의도초교 앞","30","15"
"202507","2211. 서초구립반포도서관 앞","0","1"
"202507","2213. 고속터미널역 5번출구 앞","0","3"
"202507","2214. 신반포역 2번출구 앞","39","40"
"202507","2215. 반포종합운동장 입구","4","0"
"202507","2217.아크로리버뷰 부지 앞","70","85"
"202507","2219. 고속터미널역 8-1번, 8-2번 출구 사이","32","26"
"202507","222. 시범아파트버스정류장 옆","3","1"
"202507","2221. 방일초교 마을버스 정류장","1","2"
"202507","2222.사당역 12번출구 뒤","3","2"
"202507","2229.로고스교회 맞은 편","1","1"
"202507","223. 진주아파트상가 앞","3","0"
"202507","2231. 삼성타운(삼성생명) A동 맞은편","4","5"
"202507","2237.서울남부터미널 대합실 입구","1","2"
"202507","224. 롯데캐슬 앞","2","4"
"202507","2243.서울가정법원","2","0"
"202507","2244. 말죽거리공원 사거리","1","0"
"202507","2245.양재초등학교 맞은편","1","2"
"202507","225. 앙카라공원 앞","2","6"
"202507","2255. 양재시민의숲역 1번출구","2","1"
"202507","2256.양재동 꽃시장 입구","0","2"
"202507","2259. 잠원역 3번-4번 출구사이 ","6","7"
"202507","226. 샛강역 1번출구 앞","3","3"
"202507","2264. 이수역 1번출구","1","0"
"202507","2265. 이수고가차도 남단","0","2"
"202507","2266. 서초역 3번출구","0","3"
"202507","227. 양평1나들목 보행통로 입구","8","12"
"202507","2272. 교대입구 교차로","2","3"
"202507","2273. 일동제약 사거리","1","1"
"202507","2274. 양재시민의숲역 3번출구","1","0"
"202507","2277. 길마중4교 하부","5","8"
"202507","2279. 교대역 5번출구뒤","2","1"
"202507","228. 선유도역 3번출구 앞","8","5"
"202507","2285. LH서초3단지 301동 맞은편","0","1"
"202507","229. 양평1 보행육교 앞","4","5"
"202507","2297. 남부터미널역 1번출구","1","0"
"202507","230. 영등포구청역 7번출구","2","0"
"202507","2301. 현대고등학교 건너편","19","18"
"202507","2302. 교보타워 버스정류장(신논현역 3번출구 후면)","6","7"
"202507","2303. 논현역 10번출구","1","2"
"202507","2304. 대현그린타워","7","0"
"202507","2305. MCM 본사 직영점 앞","5","2"
"202507","2306. 압구정역 2번 출구 옆","19","16"
"202507","2307. 압구정 한양 3차 아파트","4","6"
"202507","2308. 압구정파출소 앞","7","2"
"202507","2309. 청담역(우리들병원 앞)","3","2"
"202507","231. 남부고용노동지청 남측","11","10"
"202507","2310. 청담동 맥도날드 옆(위치)","2","1"
"202507","2311. 학동로 래미안 아파트 앞","1","0"
"202507","2312. 청담역 13번 출구 앞","6","11"
"202507","2313. 금원빌딩 앞","4","7"
"202507","2315. 봉은사역 5번출구 옆","5","3"
"202507","2317. 삼성도로공원","9","16"
"202507","2319. 포스코사거리 서측(수협 삼성동 지점)","0","1"
"202507","232. 양평우림 이비즈센타 앞","1","0"
"202507","2320. 도곡역 대치지구대 방향","1","0"
"202507","2324. 천주교 대치 2동 교회 옆","1","0"
"202507","2326. 대치동 삼성로","1","0"
"202507","2327. 뱅뱅사거리 랜드마크타워 앞","2","5"
"202507","2328. 르네상스 호텔 사거리 역삼지하보도 7번출구 앞","8","1"
"202507","2329. 르네상스호텔사거리 역삼지하보도 2번출구","2","2"
"202507","2332. 선릉역3번출구","8","2"
"202507","2334. 삼호아파트 2동 ( 간선도로)","0","1"
"202507","2348. 포스코사거리(기업은행)","6","0"
"202507","2349. 역삼빌딩 앞(하나은행 옆)","2","1"
"202507","235. 신길동 우리은행 옆","1","0"
"202507","2350. 래미안그레이튼102동앞","1","0"
"202507","2353. 강남구청역 2번출구 뒤","3","4"
"202507","2354. 청담역 2번출구","3","2"
"202507","2360. 도곡1동 주민센터 교차로","0","1"
"202507","2362. 신사동 가로수길 입구","9","13"
"202507","2363. 강남 을지병원 교차로","4","5"
"202507","2364. 도산공원교차로","1","6"
"202507","2365. K+ 타워 앞","6","1"
"202507","2369. KT선릉타워","6","2"
"202507","2371. 한국우편사업진흥원","3","1"
"202507","2373. 개포동역 사거리","0","1"
"202507","2377. 수서역 5번출구","1","3"
"202507","238. 제2구민체육센타 앞","1","0"
"202507","2381. 언주역 4번출구","0","2"
"202507","2382. 역삼동 sk뷰 501동앞","0","2"
"202507","2385. 학동역","5","6"
"202507","2386. 크린랩 본사","0","4"
"202507","239. 유스호스텔 앞","18","14"
"202507","2394. 개포래미안포레스트아파트 107동 앞","1","1"
"202507","2398. 더라움","2","0"
"202507","240. 문래역 4번출구 앞","0","3"
"202507","2404. 대모산입구역 4번 출구 앞","1","0"
"202507","2405. 청담공원앞 교차로","1","2"
"202507","2407. 역삼서초삼성 세무서 앞 (역삼빌딩 앞)","5","10"
"202507","2408. 강남한양수자인아파트","1","2"
"202507","241. 신길우성1차아파트 앞 공원","2","1"
"202507","2410. 포스코피앤에스타워 (역삼역 3번출구 부근)","2","1"
"202507","2414. 도곡역 아카데미스위트 앞","1","1"
"202507","2417.선정릉 디캠프(D,CAMP)앞","1","0"
"202507","2418.봉은사역 7번 출구 ","12","3"
"202507","2419.봉은사역 1,2번 출구 ","7","13"
"202507","2422.수서동 성당 맞은편","2","0"
"202507","2425.세곡동 사거리(대왕초등학교 정류장)","3","1"
"202507","2427.개포고등학교 정문앞","1","0"
"202507","2429.압구정로데오역 6번출구","2","11"
"202507","243. 이앤씨드림타워 앞","7","3"
"202507","2430.강남파이낸스센터앞(역삼역2번출구)","1","3"
"202507","245. 삼성생명 당산사옥 앞","1","2"
"202507","247. 당산역 10번출구 앞","4","5"
"202507","248. 초원아파트 앞","5","15"
"202507","249. 여의도중학교 옆","30","35"
"202507","2501. 서초 포레스타5단지","3","2"
"202507","2502. 서초역1번출구 앞","0","1"
"202507","2503. 반포1동 서초빌딩 앞","1","5"
"202507","2504. 신사역 4번출구 뒤","8","10"
"202507","2505. 우성아파트사거리 (기업은행앞)","13","10"
"202507","251. 서울지방병무청 버스정류장","3","1"
"202507","2515.서초초등학교 후문","3","9"
"202507","252. 보라매역4번출구","6","1"
"202507","2520.서초1교 (진흥아파트 방면)","1","1"
"202507","2521.서초 크로바타워 앞","1","0"
"202507","2524.반포쇼핑타운 8동 앞","4","3"
"202507","2525.반포쇼핑타운 2동 앞","54","79"
"202507","2530.삼호3차아파트 앞","0","5"
"202507","2531.멤피스아파트 앞","0","1"
"202507","2532.국립국악원 앞","1","0"
"202507","2535.신반포역 3번출구 뒤","3","3"
"202507","2537.양재역 8번출구 앞","2","6"
"202507","2538.사평리근린공원","15","6"
"202507","2539.대한무역투자진흥공사 KOTRA 앞","0","1"
"202507","2540.반포천 앞","1","2"
"202507","2541.옛골 입구","0","2"
"202507","2542.신논현타워 앞","7","5"
"202507","2547. 반포래미안 리오센트","5","3"
"202507","255. 도림사거리","7","11"
"202507","259. 대방역6번출구","4","10"
"202507","260. 여의도 마리나선착장 앞","0","1"
"202507","2601. 석촌호수 아뜰리에","2","2"
"202507","2604. 풍납토성 서성벽터A","1","1"
"202507","2608. 송파구청","4","5"
"202507","2613. 잠실나들목","11","2"
"202507","2619. 석촌고분역 4번출구","3","1"
"202507","2620. 송파나루역 4번 출구옆","3","0"
"202507","2621. 한성백제역 2번 출구","5","6"
"202507","2622. 올림픽공원역 3번출구","14","18"
"202507","2623.석촌동 주민센터","2","0"
"202507","2628.문정역 1번출구","2","0"
"202507","2630.서울방이동 고분군","0","1"
"202507","2632.석촌고분역 2번 출구","0","1"
"202507","2635.잠실새내역 1번출구","1","3"
"202507","2637. 아시아지하보도 14번 출구","1","2"
"202507","2639.석촌역 8번출구","2","0"
"202507","2641.송파역 4번출구","3","0"
"202507","2644. 성내5교","7","19"
"202507","2645.잠실나들목2(엘스아파트136동)","11","8"
"202507","2646.레이크펠리스101동앞","1","0"
"202507","2647.잠실 자전거 수리센터 앞","2","4"
"202507","2649.오금공원사거리2","2","0"
"202507","2652.송파 레미니스1단지 102동 앞","0","1"
"202507","2654.올림픽선수촌아파트 136동 앞","1","0"
"202507","2655.송이공원","0","3"
"202507","2658.가락몰 업무동","2","0"
"202507","267. 삼성화재 사옥 옆","8","6"
"202507","268. 그랜드컨벤션센터 앞","0","2"
"202507","270. 증권거래소후문교차로","3","0"
"202507","2701. 마곡나루역 5번출구 뒤편","0","2"
"202507","2704.홈플러스(강서점)","0","1"
"202507","2706.강서공업고등학교 앞","3","0"
"202507","2708.강서한강자이타워 앞","2","2"
"202507","271. 샛강생태공원방문자센터 앞","2","3"
"202507","2711.가로공원공영주차장 1번 출구","3","0"
"202507","2713.우장초등학교 앞","1","1"
"202507","2715.마곡나루역 2번 출구 ","13","10"
"202507","2717.LG유플러스 마곡사옥","2","2"
"202507","2719.마곡문화공원","2","2"
"202507","272. 당산육갑문","32","22"
"202507","2720.힐스테이트에코","2","4"
"202507","2723.마곡 필네이처","2","3"
"202507","2725.서울식물원 식물문화센터","6","2"
"202507","2727.서울식물원 잔디마당 앞","0","1"
"202507","2728.마곡나루역 3번 출구","7","10"
"202507","2729.넥센 유니버시티 앞","1","2"
"202507","2730.마곡메가박스 앞","2","1"
"202507","2737.까치산역 3번 출구","0","1"
"202507","2746.수명산파크 4단지 411동 앞","4","0"
"202507","275. 신동아아파트","0","1"
"202507","276. 영등포로터리2","4","5"
"202507","278. 쌍용플레티넘오피스텔","2","1"
"202507","279. 영등포 푸르지오 아파트 B","0","1"
"202507","2824.미래사랑어린이공원 앞","2","1"
"202507","284. 센트럴 푸르지오 시티 앞","5","3"
"202507","287. 영등포전화국사거리 (서강어린이공원)","3","0"
"202507","290. 새말소공원","1","1"
"202507","2908. 광운대학교 중앙도서관","0","2"
"202507","2909. 석계역 3번 출구","2","0"
"202507","291. 문래동 하이테크 시티","1","1"
"202507","2911.상계역중앙시장","0","2"
"202507","2913.상계8동 주민센터","1","1"
"202507","2915.서울과학기술대학교(어학교육원)","1","0"
"202507","293. 충북 미래관","1","1"
"202507","297.국회3문","1","1"
"202507","299.여의도 순복음교회","8","20"
"202507","300. 정동사거리","2","9"
"202507","3002.벽산상암스마트큐브 ","2","7"
"202507","3009. 홍대입구역 사거리","13","28"
"202507","301. 경복궁역 7번출구 앞","7","3"
"202507","3010.홍대입구역 3번출구","33","46"
"202507","3013.서울지방고용노동청 앞","9","9"
"202507","302. 경복궁역 6번출구 뒤","12","19"
"202507","303. 광화문역 1번출구 앞","5","7"
"202507","305. 종로구청 옆","11","18"
"202507","307. 서울역사박물관 앞","2","1"
"202507","308. 광화문 S타워 앞","2","1"
"202507","309. 광화문역 6번출구 옆 B","0","1"
"202507","310. 청계광장 옆","12","7"
"202507","3100. 북성초교","1","1"
"202507","3102. 연희삼거리","3","3"
"202507","3105. 홍은센트레빌 아파트 앞","1","0"
"202507","3113. 독립문 앞","0","1"
"202507","3115.북아현 치안센터 인근","1","3"
"202507","3116.신촌역 4번출구","3","8"
"202507","3117.이화여대 인문관 인근","0","5"
"202507","3119.연희 브라운스톤 아파트 앞","1","2"
"202507","3120.DMC엘가아파트 앞","3","4"
"202507","3121.가좌삼거리","2","0"
"202507","3125.연희파크푸르지오아파트 앞","2","1"
"202507","3127.홍은2파출소 옆","1","0"
"202507","3128.동신병원 맞은편","2","8"
"202507","3130.가재울사거리","1","1"
"202507","3131.연가교 교차로","3","0"
"202507","3132.홍제교","1","0"
"202507","314. 국립현대미술관","25","22"
"202507","316. 종각역 1번출구 앞","8","5"
"202507","318. 광교사거리 남측","12","10"
"202507","320. 을지로입구역 4번출구 앞","7","10"
"202507","3201.당산skv1센터","1","0"
"202507","3203.도림동배드민턴체육관","4","6"
"202507","3204.도림고가도로 밑","2","0"
"202507","3205.문래현대2차","0","1"
"202507","3207.양남사거리1","1","0"
"202507","321. KEB 하나금융그룹 명동사옥 옆","33","30"
"202507","3215.강변삼성래미안","2","2"
"202507","3219.영등포역 1번출구","1","0"
"202507","322. 명동성당 앞","33","31"
"202507","3220.래미안에스티움 앞 (신풍로)","0","1"
"202507","324. 신세계백화점 본점 앞","12","12"
"202507","326. 안국역 5번출구 앞","9","5"
"202507","327. 낙원상가 옆","23","25"
"202507","328. 탑골공원 앞","27","22"
"202507","329. 청계2가 사거리 옆","50","30"
"202507","331. 을지로2가 사거리 북측","10","6"
"202507","3311.서울대입구역 4번 출구","2","0"
"202507","332. 을지로2가 사거리 남측","4","6"
"202507","334. 종로3가역 2번출구 뒤","7","11"
"202507","335. 종로3가역 15번출구 뒤","11","8"
"202507","336. 충무로역 6번출구 앞","16","27"
"202507","337. 창경궁 입구","7","3"
"202507","338. 세운스퀘어 앞","8","4"
"202507","339. 종로4가 사거리","20","24"
"202507","340. 혜화동 로터리","3","7"
"202507","3405.파크팰리스","6","7"
"202507","3407.안국동사거리(신)","24","30"
"202507","3408.종로타워빌딩","11","8"
"202507","341. 혜화역 3번출구 뒤","6","0"
"202507","3410.종로3가역 8번출구","33","22"
"202507","3411.종묘","1","6"
"202507","3412.세운상가","1","3"
"202507","3413.종로플레이스","6","4"
"202507","3414.종로5가역 4번출구","12","21"
"202507","3415.동대문역6번출구","19","31"
"202507","3416.동묘앞역 6번출구","5","12"
"202507","3417.창신3동주민센터","0","2"
"202507","3418.창신역2번 출구","0","1"
"202507","3419.국립어린이과학관","2","3"
"202507","342. 대학로 마로니에공원","4","9"
"202507","3420. 성균관대입구 사거리 B","7","1"
"202507","3421.혜화역 1번출구","6","11"
"202507","3422.성균관대 정문","16","24"
"202507","3426.독립문역 2번출구 뒤","2","2"
"202507","3427.인왕산 아이파크 정문","1","2"
"202507","3428.서울미술관","0","1"
"202507","343. 힐스테이트창경궁 아파트 앞","2","1"
"202507","3432.종로2가 사거리","13","11"
"202507","344. 성균관대 E하우스 앞","2","9"
"202507","345. 서울보증보험본사 앞","5","4"
"202507","346. 맥스타일 앞","16","20"
"202507","347. 동대문역사문화공원역 9번출구 앞","24","14"
"202507","348. 독립문역 사거리","1","0"
"202507","349. 어린이도서관","3","2"
"202507","3500. 군자역2번출구","2","0"
"202507","3503. 광진유진스웰","1","0"
"202507","3504. 원일교회","1","0"
"202507","3505. 신양초교앞 교차로","12","5"
"202507","3506. 영동대교 북단","2","2"
"202507","3508. 화양사거리","2","1"
"202507","3509. 세종사이버대학교","2","1"
"202507","351. 청운초교 앞 삼거리","0","1"
"202507","3511. 응봉역 1번출구","9","15"
"202507","3513. 상왕십리역 1번출구","6","3"
"202507","3514. 왕십리교회옆","2","1"
"202507","3515. 서울숲 관리사무소","71","46"
"202507","3518. 군자역 7번출구뒤","1","4"
"202507","352. 중앙고입구 삼거리","6","12"
"202507","3525. 금호스포츠센터앞","1","3"
"202507","3528. 광진정보도서관","0","3"
"202507","3529. 어린이대공원정문","2","0"
"202507","353. 재동초교 앞 삼거리","39","50"
"202507","3533. 건대입구역 사거리(롯데백화점)","10","7"
"202507","3534. 건대입구역 5번출구 뒤","27","17"
"202507","354. 포르투갈 대사관 앞","6","4"
"202507","3544.한양대역 3번 출구","3","8"
"202507","3545.한양대역 1번출구","0","8"
"202507","3548.뚝섬역 6번출구","9","8"
"202507","355. 서울사대부설초등학교 앞","12","4"
"202507","3550.금호나들목","13","23"
"202507","3552.서울숲 공영주차장앞","20","24"
"202507","3553.마장역3번출구","0","5"
"202507","3559.성동구민종합체육센터 건너편","28","19"
"202507","356. KT혜화지사 앞","3","1"
"202507","3560.성동구 견인차량 보관소 앞","0","2"
"202507","3569.건대병원후문","7","6"
"202507","3570.구의역 리버비스타 오피스텔","1","0"
"202507","3571.화양 APT(횡단보도 옆)","6","5"
"202507","3573.광나루안전체험관","0","1"
"202507","3579.광진 캠퍼스시티","7","9"
"202507","358. 성균관대입구 사거리 A","2","6"
"202507","3581.광진광장","3","1"
"202507","3587.우성식품 앞","2","4"
"202507","359. 원남동사거리","91","68"
"202507","3600.사근빗물펌프장 건너편","15","11"
"202507","3604. 삼성중앙역 5번출구","2","0"
"202507","3606. 신사동주민센터 옆","13","2"
"202507","361. 동묘앞역 1번출구 뒤","18","17"
"202507","3610. 윗반마을 입구","2","3"
"202507","3615. 서울 논현동우체국 앞","3","4"
"202507","362. 청계8가사거리 A","11","9"
"202507","3627. 압구정나들목","27","28"
"202507","3628. 역삼1동 주민센터","3","0"
"202507","3629. 청담사거리(신한오피스텔빌딩 앞)","2","6"
"202507","363. 신설동역 11번출구 뒤","1","4"
"202507","3634. 국악고교 앞 교차로","0","1"
"202507","3636. 삼성중앙역·플래티넘아파트 정류소","5","0"
"202507","3638. 신청담나들목","5","6"
"202507","3646. 선정릉역 4번 출구","1","0"
"202507","3651. 개포동역 4번출구","1","0"
"202507","3657. 서울천호동우체국","3","4"
"202507","3663. 암사정수센터교차로(강동롯데캐슬퍼스트아파트)","0","2"
"202507","3664. 맥도날드 서울둔촌DT점 앞","1","1"
"202507","367. 독립문역 3-1번출구 ","1","0"
"202507","368. SK 서린빌딩 앞","14","6"
"202507","3681. 길동 마루빌딩","4","3"
"202507","3684. 고덕자이(105동 앞)","1","0"
"202507","370. 시청역(2호선) 9번출구 뒤","4","7"
"202507","3700. 강변그대가리버뷰 입구 맞은편","0","1"
"202507","371. 동대입구역 6번출구 뒤","2","15"
"202507","3718. 번동3단지 버스정류장","0","1"
"202507","372. 약수역 3번출구 뒤","0","4"
"202507","374. 신당동주민센터앞","2","4"
"202507","3758. 서울남부출입국관리소","0","1"
"202507","3759. 이대서울병원","0","2"
"202507","3761. 나이아가라관광호텔","19","9"
"202507","3764. 관문주유소(GS칼택스) 앞","1","1"
"202507","3767. 대원빌딩","2","0"
"202507","3780. 등촌서광아파트","0","1"
"202507","3781. 강서아동복지센터","1","1"
"202507","3782. 겸재정선미술관","0","2"
"202507","3783. 마곡금호어울림아파트","2","1"
"202507","3788. 정곡나들목","0","2"
"202507","3789. 염창나들목","2","13"
"202507","379. 서울역9번출구","13","14"
"202507","3794. 안양천합수부(현대3차아파트)","5","3"
"202507","3797. 마곡수명산파크7단지 710동 앞","1","1"
"202507","380. CJ제일제당 앞","10","10"
"202507","3804. 낙성대공원","1","0"
"202507","3806. 낙성대 교수아파트","0","1"
"202507","381. 장충체육관","0","1"
"202507","3812. KT관악지점","0","1"
"202507","3819. 서울대벤처타운역","4","9"
"202507","382. 약수역 10번출구 앞","1","2"
"202507","383. 신당역 12번 출구 뒤","11","11"
"202507","385. 종각역 5번출구","13","3"
"202507","3853. 어린이대공원역 2번출구","0","1"
"202507","3860. 건국대학교 정문 앞","4","5"
"202507","3864. 광진소방서 앞","1","0"
"202507","3868. 자양한강도서관","1","0"
"202507","387. 훈련원공원주차장 앞","42","39"
"202507","388. 동성중학교 앞","0","1"
"202507","3881. 신자초교입구 교차로","2","3"
"202507","3882. 자양2동 주민센터","0","2"
"202507","389. 을지로4가역 1번출구","13","20"
"202507","3890. 웰츠타워 오피스텔","2","2"
"202507","3894. 노룬산시장 앞","12","10"
"202507","3899. 아차산역 2번출구","1","1"
"202507","390. 충무로역 1번출구","6","3"
"202507","3900. 건국대학교 신공학관","0","1"
"202507","3904. 테크노마트 앞","0","2"
"202507","391. 시립미술관","3","2"
"202507","3914. 신도림쌍용플래티넘노블아파트 앞","1","0"
"202507","3919. 구로역·NC신구로점 버스정류장(구로역 방면)","2","2"
"202507","3925. 중앙유통단지 앞 B","1","1"
"202507","3928.고척아이파크아파트 106동 앞","0","2"
"202507","393. 동대문역 8번 출구","31","29"
"202507","3930. 온수역 2번 출구 앞","0","1"
"202507","3931. 천왕역 3번 출구 뒤","0","1"
"202507","3939.신도림역 3번출구","4","4"
"202507","395. 경희궁 자이 2단지","0","1"
"202507","3956. 대륭테크노타운21차 앞","1","1"
"202507","3966. 독산역1번출구 B","0","1"
"202507","397. 종묘공영주차장 건너편","9","18"
"202507","3975.현대시티아울렛 가산","2","0"
"202507","398. 을지로3가역 3번출구","22","8"
"202507","3985. 디폴리스 지식산업센터","3","3"
"202507","3986.청년주택 독산동점","2","0"
"202507","3988. 엘아르베뉴 102동 앞","0","1"
"202507","399. 서울역 센트럴 자이아파트","2","2"
"202507","4016. 노원 마들스타디움","2","2"
"202507","402. 상암월드컵파크 9단지 앞","1","0"
"202507","4023. 월계역 1번 출구","0","2"
"202507","4025. 한천교 동편","1","5"
"202507","4032. 불암주유소 앞","1","0"
"202507","4041. 공릉역3번출구","1","1"
"202507","405. DMC빌 앞","3","0"
"202507","4065. 창동역 1번출구 앞","1","1"
"202507","4074. 도봉구육아종합지원센터(창동)","0","1"
"202507","4076. 도봉통합복지센터 뒤 중랑천 변","2","2"
"202507","408. LG CNS앞","0","1"
"202507","4080. 창동주공19단지앞 ","1","0"
"202507","4087. 우이교 교차로","0","1"
"202507","4088. 김근태도서관","0","1"
"202507","4092. 도봉경찰서 교차로","1","0"
"202507","4105. 서울교통공사사거리 교통섬","1","1"
"202507","411. DMC홍보관","2","4"
"202507","4110. 용두롯데캐슬리치아파트 앞","4","4"
"202507","4113. 한국국방연구원 앞","0","1"
"202507","4114. 휘경여중고삼거리","0","1"
"202507","412. DMC산학협력연구센터 앞","1","1"
"202507","4122. 청계9가교차로 앞","2","0"
"202507","4131. 베네스트 오피스텔 앞","13","14"
"202507","4135. 삼성생명 앞","6","8"
"202507","4136. 롯데캐슬SKY-L65 D동 앞","0","2"
"202507","4137. 답십리역 4번출구","3","4"
"202507","4140. 신설동역 4번출구","3","4"
"202507","4141. 우리은행장안지점 앞","0","1"
"202507","4142. 현대썬앤빌 앞","3","0"
"202507","4143.서울동물복지지원센터 동대문","4","0"
"202507","4145.청량리동 주민센터","6","10"
"202507","415. DMC역 9번출구 앞","2","1"
"202507","4153. 흑석동효사정앞","3","0"
"202507","416. 상암월드컵파크 1단지 교차로","1","0"
"202507","4167. 구로교 아래","1","2"
"202507","4169. 신대방삼거리","1","1"
"202507","417. DMC역 2번출구 옆","1","0"
"202507","4173. 중대후문 마을버스정류장","1","0"
"202507","4179. 보라매병원역 1번출구","0","2"
"202507","418. 월드컵경기장역 3번출구 옆","15","12"
"202507","4180. 흑석동주민센터 입구","0","2"
"202507","419. 홈플러스 마포점 앞","3","5"
"202507","420. 서울시 공공자전거 상암센터","7","6"
"202507","4202. 프런트원(공덕역4번출구 앞)","3","0"
"202507","4206. 광흥창역5번출구","3","2"
"202507","4207. 아만티호텔 앞","18","13"
"202507","4208. 스타벅스(동교동) 앞","3","9"
"202507","421. 마포구청 앞","1","1"
"202507","4211. 시석빌딩 앞","18","8"
"202507","4212. 한화오벨리스크 앞","0","1"
"202507","4213. 마포구중앙도서관 정문 앞","0","1"
"202507","4216. 망원정 앞","26","11"
"202507","4217. 한강공원 망원나들목","87","79"
"202507","4218. 디지털매직스페이스","1","0"
"202507","422. 문화비축기지","3","0"
"202507","4220. 신촌 청년주택","6","4"
"202507","4224. 서부운전면허시험장","0","2"
"202507","4233. 코오롱아파트사거리","16","13"
"202507","424. 롯데하이마트 (상암월드컵점) ","0","1"
"202507","4244. 당인리발전소 공원 앞","39","36"
"202507","4246. 상수역새마을금고","1","3"
"202507","4248. 신촌 교보빌딩","2","0"
"202507","4253. 홍은도담도서관","0","4"
"202507","4255. 래미안 루센티아 아파트 108동 앞","1","0"
"202507","426. 서울신용보증재단","1","1"
"202507","4264. 홍남교 버스정류장","0","1"
"202507","4266.국민연금공단충정로사옥","0","1"
"202507","4267. 서대문역 2번 출구","4","2"
"202507","4269. 연희IC 남측","9","9"
"202507","4270. 우국한마음 아파트 맞은편","5","3"
"202507","4272. 홍남교 사거리","1","1"
"202507","4273. 홍연2교 사거리","3","3"
"202507","4274. 신촌 파랑고래 입구","0","2"
"202507","4278. 홍은2동주민센터","2","2"
"202507","428. 명보사거리","13","11"
"202507","430. 장충동먹자골목 앞","6","9"
"202507","4306. 서래공원 앞","8","2"
"202507","431. 청계천 영도교","10","13"
"202507","4312. 반포미도2차아파트 옆","1","0"
"202507","4316. 고속터미널역 3번출구","2","2"
"202507","4317. 양재근린공원","6","2"
"202507","4319. 삼성전자R&D어린이집 뒤","1","1"
"202507","4320. 비석공원","0","1"
"202507","4324. 세화고등학교","1","4"
"202507","4327. 몽마르뜨공원입구","1","0"
"202507","4329. SC제일은행 양재동지점 앞","3","0"
"202507","433. 을지로입구역 2번출구","10","10"
"202507","4332. 이수교차로","0","2"
"202507","4341. 영동1교 북단","1","2"
"202507","4347. 논현지하보도","0","2"
"202507","4349.삼성화재서초타워","1","5"
"202507","435. SK 남산빌딩","8","8"
"202507","4350.누리숲어린이공원 앞","2","1"
"202507","4353. 코오롱디지털타워 3차앞","4","4"
"202507","436. 이대역 5번출구","1","0"
"202507","4362. 행당중학교 후문","7","9"
"202507","4363. 신금호역 2번출구 앞","0","1"
"202507","4367. kt 행당빌딩 앞","2","2"
"202507","437. 대흥역 1번출구","4","2"
"202507","4370. 성동교 사거리","1","0"
"202507","4373. 서울숲 지식산업센터","5","10"
"202507","4377. 우영테크노센터 앞","6","10"
"202507","4381. 더스페이스타워 앞","0","2"
"202507","4382. 페코텍글로벌허브빌딩 앞","0","1"
"202507","4383. 푸조비즈타워 앞","1","1"
"202507","4385. 용답동 우체국 주변","7","10"
"202507","4386. 현대자동차 동부서비스센터 주변","2","0"
"202507","4387. 성수역 1번출구 주변","4","0"
"202507","4389. 서울숲역3번출구","8","3"
"202507","4392. 답십리역 6번출구","1","1"
"202507","4393. 상원삼거리 장안철교 아래","1","0"
"202507","4396. 마장축산물시장 서문 인근","2","2"
"202507","4397. 마장축산물시장 북문 건너편","1","0"
"202507","4398. 유원지식산업센터 앞","25","17"
"202507","4399. 더리브 세종타워 앞","11","11"
"202507","440. 하늘공원 입구","10","11"
"202507","441.염천교사거리","1","2"
"202507","4414. 안암역 3번 출구","2","1"
"202507","4425. 하늘채코오롱아파트 앞","0","1"
"202507","4427. 동일하이빌뉴시티","3","3"
"202507","443.호암아트홀","1","1"
"202507","445.대한상공회의소","11","2"
"202507","4452. 삼성SDS","1","8"
"202507","4457. 아산병원 기숙사 부근","5","2"
"202507","4460. 올림픽훼미리아파트 112동 앞","2","0"
"202507","4463. 방이역 2번 출구","0","1"
"202507","4464. 올림픽공원 북2문 A","4","1"
"202507","4465. 건영아파트앞 사거리","1","0"
"202507","4468. 가락1동주민센터 ","1","0"
"202507","4472. 송파파크데일 1단지 115동 건너편","0","1"
"202507","4479. 문정중학교","0","1"
"202507","4481. 올림픽공원 북2문 B","1","2"
"202507","4483. 잠실나들목4","9","9"
"202507","4484. 잠실나루역4번출구뒤","0","10"
"202507","4485. 잠실나루역 고가하부","2","3"
"202507","4486. 홈플러스 잠실점","1","0"
"202507","4491. 장지역 1번출구","0","1"
"202507","4496. 잠실 파크리오 120동 앞","4","0"
"202507","4497. 아시아선수촌아파트 교차로","0","1"
"202507","4499. 세양청마루 101동 앞","1","0"
"202507","450. 효자동 삼거리","8","2"
"202507","451. 청와대앞길","6","2"
"202507","452. 동대문 종합시장 버스정류장","17","9"
"202507","453. 종로오가 지하쇼핑센터 14번출구","26","23"
"202507","4531. 목동아파트 613동 앞","4","3"
"202507","4536. 양천해누리체육공원","5","5"
"202507","454. 종로2가 버스정류장 (종각방향)","12","9"
"202507","4540. 목동역 3번 출구","3","3"
"202507","4543. 오목교역 6번 출구","3","1"
"202507","4547. 목동역 2번 출구","1","1"
"202507","455. 종로6가역 버스정류장(동대문 방향)","16","16"
"202507","4553. 당산삼성2차아파트","0","1"
"202507","4557. 리버뷰신안인스빌2차 후문","4","1"
"202507","4558. 대영중고 후문","3","2"
"202507","4559. 신길역 2번출구","0","1"
"202507","456. 숭인2동 주민센터 입구","8","7"
"202507","4560. 양평동성원아파트","1","1"
"202507","4561. 양평역 1번출구","5","8"
"202507","4563. 여의도 은하아파트","3","4"
"202507","4564. 63스퀘어","16","5"
"202507","4565. 영등포 신세계백화점","4","8"
"202507","4566. 대림성원상떼빌아파트","1","0"
"202507","457. 종로꽃시장 입구 옆","2","8"
"202507","4574. 영등포시장역 포레나영등포","1","1"
"202507","458. 광화문역 5번출구","15","17"
"202507","4582. 국회도서관","0","1"
"202507","4585. 국회6문","11","7"
"202507","4589. KRX한국거래소(1)","5","0"
"202507","4592. 신길우성4차아파트","3","3"
"202507","4598. 오목교 동측 지하보도","26","10"
"202507","4600. 서울 영등포구 우체국","1","1"
"202507","4601.양평역2번출구 뒤","3","3"
"202507","4603. 한강GS에클라트 건너편 교통섬","0","4"
"202507","4604. 원효로다목적체육관 앞","1","0"
"202507","4605. 노들섬 다목적홀(동쪽) 숲, 앞","8","14"
"202507","4607. 국립중앙박물관 -용산가족공원 앞","5","11"
"202507","4608. 국립중앙박물관 정문 앞","7","8"
"202507","4609. 파크타워 104동 앞","4","1"
"202507","461. 서울경찰청","1","1"
"202507","4610. 한남나인원 105동 앞","10","7"
"202507","4611. 국제루터교회 앞","0","3"
"202507","4612. 이태원로 255","12","0"
"202507","4613. 서울갤러리아 앞","7","3"
"202507","4615. 크라운호텔앞 버스정류소","8","16"
"202507","4616. 신용산지하차도 앞","0","3"
"202507","4618. 풍전아파트 건너편","2","2"
"202507","4619. 한강트럼프월드3차 앞","11","26"
"202507","4620. 삼각지역 14번 출구 앞(교통섬)","7","13"
"202507","4621. 남산도서관 앞","10","3"
"202507","4622. 한강중학교 앞 버스정류장","9","9"
"202507","4623. 라인프랜즈이태원점 앞","3","1"
"202507","4629. 한강초교보도육교 앞","19","24"
"202507","4632. 용산 푸르지오 파크타운 1단지 앞","0","4"
"202507","4633. 센트럴파크타워 앞","12","6"
"202507","4634. 이태원역 3번 출구","8","9"
"202507","4637. 용산시티파크 101동 앞","1","0"
"202507","4638. 청파동삼거리 앞","0","1"
"202507","4639. 동빙고근린공원","2","12"
"202507","464. 삼청동 골목","1","4"
"202507","4640. 원효로2가 교차로","1","1"
"202507","4641. 아메리칸센터","2","1"
"202507","4642. 용산더프라임아파트 101동 앞","0","1"
"202507","4643. 한가람아파트 앞","6","5"
"202507","465. 삼청공원 앞","2","3"
"202507","4653. 불광역 9번 출구 맞은편","3","1"
"202507","466.롯데호텔","2","2"
"202507","4663. 불광역3,6호선 버스정류장(동명여고 방면)","4","5"
"202507","467.한국은행","7","6"
"202507","4671. 청구성심병원 앞","1","0"
"202507","468.웨스틴 조선호텔","8","6"
"202507","4685. DMC역 5번 출구(수색역 방향)","1","0"
"202507","469.회현역 1번출구","4","3"
"202507","4693. 수색감리교회","1","1"
"202507","470.회현역 7번출구","6","5"
"202507","4705. 웰니스센터(민방위교육장 앞)","25","20"
"202507","4707. 청계3가 사거리","23","27"
"202507","4708. 조계사앞사거리","14","11"
"202507","471.회현사거리 남측","31","31"
"202507","4710. 자교교회 앞","3","6"
"202507","4713. 현대 뜨레비앙 아파트 앞","25","31"
"202507","4715. 돈의문 박물관 마을","1","0"
"202507","4718. 광화문역 6번출구 옆 A","8","6"
"202507","4719. 종로문화원 건너편","30","36"
"202507","472.삼일교(시그니쳐 타워)","4","3"
"202507","4721. 통인시장 정자","13","12"
"202507","473.을지로4가역 9번출구","25","11"
"202507","474.동대문역사문화공원역 1번출구 뒤편","66","38"
"202507","475.DDP 패션몰","42","37"
"202507","476.광희문","10","4"
"202507","4760. 서울역 7번출구","4","1"
"202507","4761. 중부경찰서앞사거리 건너편","15","7"
"202507","4762. 국제빌딩","10","0"
"202507","4765. 동대문디자인플라자","29","39"
"202507","4768. 서울도시건축전시관","9","10"
"202507","477.앰배서더 호텔 주변","1","5"
"202507","4774. 을지로입구역 8번출구","16","13"
"202507","4775. 을지로지하쇼핑센터","8","11"
"202507","4776. 신세계면세점","5","10"
"202507","4777. 약수동 주민센터","0","2"
"202507","4781. 브라운스위트레지던스","5","2"
"202507","4784. 중부경찰서앞 사거리","30","25"
"202507","4785. 롯데시티호텔","4","0"
"202507","479.동대입구역 3번 출구","4","3"
"202507","4791. 명동역9번 출구","37","49"
"202507","4792. 퇴계로4가 교차로(중구청)","8","9"
"202507","4793. 동대문역사문화공원역 5번출구","12","10"
"202507","4794. 서울역 서부교차로(3)","2","3"
"202507","4796. 서울시청","12","6"
"202507","4797. KG타워 앞","1","5"
"202507","4798. 황학동롯데캐슬","4","4"
"202507","480.약수역 6번 출구","1","3"
"202507","4801. 충정로역 2호선(엘리베이터 앞)","1","0"
"202507","4807. 라코지스테이 앞","10","3"
"202507","4820. 망우역 2번 출구","1","1"
"202507","4843. 봉화산역 4번 출구","0","1"
"202507","4847. 신내역시티프라디움 앞","0","1"
"202507","485.서울역5번출구","8","11"
"202507","4856. 올림픽공원 서1문 앞","27","21"
"202507","4857. 올림픽공원 장미광장","3","3"
"202507","4859. 잠실나루 나들목","1","3"
"202507","4862. 성내교 남단","0","1"
"202507","4864. 송파사거리","1","0"
"202507","4865. 한성백제역 1번출구 뒤","1","0"
"202507","4868. 석촌호수 서호 남단","4","0"
"202507","4870. 몽촌토성역 3번 출구","9","6"
"202507","4873. 개롱역사거리 2번 출구","1","0"
"202507","488.푸르메병원","1","0"
"202507","4886. 배명고등학교 건너편","2","3"
"202507","4889. 마천역 1번 출구 인근②","0","1"
"202507","4897. 잠실주공5단지1","1","1"
"202507","490.가온문화공원","4","4"
"202507","4902. 구역삼세무서 교차로","1","1"
"202507","4903. 신사스퀘어","2","3"
"202507","4905. 강남경찰서","1","6"
"202507","4906. 섬유센터 앞","1","3"
"202507","4907. 극동스포츠 앞","8","5"
"202507","4908. SB타워 앞","3","2"
"202507","4909. 노보텔 앰배서더 앞","10","5"
"202507","491.월드컵파크 4단지","1","1"
"202507","4913. 레베쌍트 빌딩 앞","0","7"
"202507","4914. 도심공항타워 앞","7","11"
"202507","4915. 영동중앙교회 버스정류장","0","2"
"202507","4924.논현동가구거리","1","2"
"202507","4925. 청담백영빌딩 앞","1","1"
"202507","4926. 대치우성아파트 사거리","1","1"
"202507","4929. 파스쿠찌 청담사거리점 앞","3","1"
"202507","493.홍대입구역 6번출구","26","18"
"202507","4931. 디에이치퍼스티어아이파크 124동 앞","1","0"
"202507","495.염리초등학교 앞","3","4"
"202507","4951. 강동농협 버스정류소 앞(광채빌라)","1","1"
"202507","4957. 신명초교 교차로","5","5"
"202507","4960.고덕비즈밸리 지식산업센터 A","0","1"
"202507","497.합정동주민센터 앞","10","20"
"202507","498.연남동주민센터 앞","11","14"
"202507","500. 어린이대공원역 3번출구 앞","3","5"
"202507","501. 광진문화예술회관 앞","2","1"
"202507","502. 자양(뚝섬한강공원)역 1번출구 앞","103","107"
"202507","5053. 신마곡벽산블루밍메트로오피스텔앞","1","0"
"202507","5057. 마곡역4번출구","1","1"
"202507","5065. 허준박물관삼거리","0","2"
"202507","5066. 아망떼마곡전시장","1","0"
"202507","5072. 김포공항입구 교통섬","0","1"
"202507","5075. 등촌역 1번출구","1","1"
"202507","5076. 메이필드호텔앞","1","1"
"202507","5078. 왈도강서캠퍼스 앞","0","1"
"202507","508. 성수아카데미타워 앞","4","8"
"202507","5080. 가양역 1번출구","2","0"
"202507","5082. 가양역 7번출구","2","2"
"202507","5095. 원당근린공원","1","1"
"202507","5097. LG사이언스파크 E2동","1","0"
"202507","510. 뚝도아리수정수센터 버스정류소 옆","21","11"
"202507","511. 서울숲역 5번 출구 옆","21","14"
"202507","512. 뚝섬역 1번 출구 옆","17","8"
"202507","513. 뚝섬역 5번 출구 정류소 옆","2","3"
"202507","514. 성수사거리 버스정류장 앞","10","5"
"202507","518. 청계천 박물관 앞","1","2"
"202507","519. 양지사거리","1","3"
"202507","520. 상왕십리역 4번 출구 앞","2","0"
"202507","521. 왕십리역 11번 출구 앞","4","2"
"202507","522. 금호역 1번출구 앞","3","3"
"202507","524. 래미안금호하이리버 아파트 102동 옆","0","1"
"202507","525. 한양대병원사거리","21","9"
"202507","529. 장한평역 8번 출구 앞","1","0"
"202507","530. 청계벽산아파트 앞","2","1"
"202507","5323. 하계역 4번출구 앞","2","0"
"202507","5333. 노원역9번-10번 출구 앞","0","2"
"202507","534. 금호사거리","1","0"
"202507","536. 행당역 2번출구 앞","2","2"
"202507","537. 한양대후문역 부근","1","3"
"202507","542. 강변역 4번출구 뒤","1","5"
"202507","543. 구의공원(테크노마트 앞)","10","2"
"202507","546. 잠실대교북단 교차로","0","2"
"202507","548. 자양나들목","17","13"
"202507","549. 아차산역 3번출구","0","1"
"202507","5504.아현교회","1","0"
"202507","5506. 월드컵참누리아파트","5","5"
"202507","5508. 성산유수지공원","1","2"
"202507","5513. 마포음식문화거리","2","8"
"202507","5514.공덕역 1번출구","7","9"
"202507","552. 대림아크로리버 앞","1","0"
"202507","553. 중곡 성원아파트 앞","0","2"
"202507","556. 달맞이공원","1","1"
"202507","557. 도선동 주민센터 앞","0","2"
"202507","558. 성동광진 교육지원청 앞","2","2"
"202507","559. 왕십리역 4번 출구 건너편","2","6"
"202507","560. 비전교회 앞","1","2"
"202507","561. 서울숲역 2번출구 앞","7","11"
"202507","563. 성동세무서 건너편","2","0"
"202507","565. 옥수역 3번출구","53","32"
"202507","568. 청계8가 사거리 B","1","1"
"202507","569. 응봉현대아파트 정류소","0","1"
"202507","574. 아차산역4번출구","0","1"
"202507","5758. 올림픽선수기자촌아파트 123동 근처","2","1"
"202507","576. 광나루역 3번 출구","0","1"
"202507","5763. 세륜초등학교 건너편","0","1"
"202507","5764. 한국체육대학교","2","3"
"202507","5765. 삼전동주민센터 건너편","1","1"
"202507","5767. 북위례2","1","0"
"202507","5768.방이삼거리","7","5"
"202507","577. 광진청소년수련관","1","0"
"202507","5773. 송파시그니처롯데캐슬","0","1"
"202507","5774. 가락본동주민센터 인근","0","1"
"202507","5775. 가락시장역 5번출구","1","0"
"202507","5778. 북위례3","1","1"
"202507","578. 성동세무서 부근","1","0"
"202507","5781. 올림픽공원 수영장","1","1"
"202507","582. 경일중학교 앞","10","12"
"202507","583. 청계천 생태교실 앞","7","5"
"202507","584. 광진광장 교통섬","1","0"
"202507","585. 성수2가1동 공영주차장 인근","17","15"
"202507","5853. 여의도역2번출구 앞","5","3"
"202507","5857. U레지던스 앞","3","4"
"202507","5858. 영등포역5번출구","9","10"
"202507","5859. 여의도 삼부아파트","9","6"
"202507","5860. 어울림병원 앞","1","1"
"202507","5861. 보라주유소 앞","1","0"
"202507","5862. 당산역11번출구","0","1"
"202507","5864.장훈고 앞","1","2"
"202507","5865.더리브오피스텔 앞","6","4"
"202507","5866.포레나 당산","0","1"
"202507","5867. H타워 앞","2","3"
"202507","5868. 로프트시티오피스텔","3","2"
"202507","587. 유니베라 앞","10","9"
"202507","5870. LG트윈타워 앞","36","15"
"202507","5872. 서경팰리스 앞","0","1"
"202507","5878. 우리은행 앞","3","3"
"202507","588. 뚝섬 유원지역","18","7"
"202507","5881. 세계청소년NGO교육문화원","3","2"
"202507","5883. 영문초사거리","2","3"
"202507","5885. 신정교하부(도림천역 방면)","1","1"
"202507","5886.신풍역 2번출구","0","2"
"202507","5887.나루마을 마당공원","3","3"
"202507","5888.여의도성당","1","0"
"202507","5889.의원회관출입구 앞","6","0"
"202507","589. 성수역3번출구","14","20"
"202507","590. 건국대학교 (입학정보관)","1","1"
"202507","591. 건국대학교 (행정관)","1","0"
"202507","592. 건국대학교 학생회관","4","0"
"202507","593.자양중앙나들목","2","9"
"202507","594. 중랑물재생센터(서울새활용플라자)","1","1"
"202507","602. 장안동 사거리","0","2"
"202507","605. 신설동역8번출구","3","2"
"202507","6053. 중부세무서 앞","3","2"
"202507","6054.청구e편한세상아파트 113동 앞","1","1"
"202507","6057. 을지로5가(방산시장)","19","18"
"202507","6058. 서울도시건축전시관 옆","26","7"
"202507","6059. 덕수중학교","4","6"
"202507","6060. 신한은행 본점","7","21"
"202507","6061.충무아트센터","6","8"
"202507","612. 시립동부병원 앞 사거리","2","0"
"202507","613. 신설동역 10번출구 앞","3","6"
"202507","614. 용두동 사거리","2","2"
"202507","6180.양천향교역 3번출구","1","0"
"202507","6183.K스퀘어 마곡","3","1"
"202507","6184. 한강버스 마곡 선착장","4","2"
"202507","622. 전농사거리 교통섬","2","1"
"202507","623. 서울시립대 정문 앞 B","1","1"
"202507","626. 군자교 서측 녹지대","4","2"
"202507","631. 답십리역 1번출구","9","0"
"202507","633. 청량리 기업은행 앞","6","6"
"202507","634. 외국어대 정문 앞","1","2"
"202507","635. 시조사 앞","1","2"
"202507","637. KAIST 경영대학 앞","2","3"
"202507","638. 서울시립대 정보기술관","2","0"
"202507","639. 서울시립대 후문","3","3"
"202507","640. 동대문경찰서 교차로","3","0"
"202507","641. 용두역 4번출구","5","5"
"202507","642. 신답역 사거리","0","12"
"202507","650. 중랑교사거리","1","0"
"202507","654. 전농동 텃골공원","1","0"
"202507","657. 동대문롯데캐슬아파트 앞","0","1"
"202507","660. 동의보감타워","9","9"
"202507","661. 경희대학교 청운관","0","2"
"202507","664. 서울시립대 건설공학관","1","0"
"202507","665.이문동 쌍용아파트 정문","2","2"
"202507","666.이문대성유니드아파트 앞","0","1"
"202507","671.대광빌딩","2","0"
"202507","673.안암골벽산아파트(후문)","1","0"
"202507","674.고대앞사거리 교통섬","1","13"
"202507","676.FITI시험연구원 앞","2","0"
"202507","680.꿈마루어린이도서관 앞","1","2"
"202507","700. KB국민은행 염창역 지점 앞","4","4"
"202507","701. 목동사거리 부근","4","1"
"202507","703. 오목교역 7번출구 앞","1","1"
"202507","708. 서울출입국관리사무소 앞","2","1"
"202507","709. 신정3동 현장민원실 앞","1","0"
"202507","722. 경서농협 버스정류장(우리은행신정동지점방향)","0","1"
"202507","726. 목동3단지 시내버스정류장","0","2"
"202507","731. 서울시 도로환경관리센터","4","2"
"202507","735. 영도초등학교","0","2"
"202507","736. 오솔길공원","1","1"
"202507","742. 등촌역 5번 출구 뒤","0","3"
"202507","747. 목동3단지 상가","0","1"
"202507","748. 목동운동장","27","30"
"202507","749. 이대목동병원보도육교","3","0"
"202507","755. 목동1단지아파트 상가 앞","1","0"
"202507","756. 목동주차장","0","2"
"202507","760. 잣절보도육교 아래","0","1"
"202507","762. 오목로 무중력지대 앞","1","4"
"202507","765. 오목교역 3번출구","0","3"
"202507","766. 신목동역 3번출구","1","3"
"202507","768.목동5단지아파트 501동","3","4"
"202507","769.CBS방송국 앞","2","1"
"202507","773.염창역 3, 4번 출구 사이","5","9"
"202507","775.세종그랑시아 앞(102동)","0","4"
"202507","780.신정교 하부","1","0"
"202507","792.목동트라팰리스 웨스턴에비뉴","0","4"
"202507","793.목동5단지아파트 534동","1","3"
"202507","795.양천 해누리타운","1","1"
"202507","797.목동아파트 1422동 1434동 사잇길","1","0"
"202507","800. 목월공원 앞","2","4"
"202507","802. 한강진역 2번 출구 앞","7","6"
"202507","805. 문배어린이공원 앞","1","4"
"202507","806. 전자랜드 본관 앞","9","2"
"202507","807. 서울역 12번 출구 앞","4","1"
"202507","808. 서빙고동 금호맨션 앞","2","2"
"202507","809. 한남 유수지 복개주차장","9","5"
"202507","810. 이태원지하보도","7","11"
"202507","811. 녹사평역1번출구","6","3"
"202507","813. 삼각지역 3번출구","8","2"
"202507","815. LIG강촌아파트 103동앞","2","3"
"202507","816. 신용산역 6번출구 앞","4","14"
"202507","817. 삼각지역 4번출구 앞","0","1"
"202507","818. 숙명여대 입구 교차로","1","0"
"202507","819. 선린인터넷 고등학교","3","2"
"202507","822. 이촌1동 마을공원","2","0"
"202507","825. 서빙고동 주민센터 앞","46","82"
"202507","826. 서울역 서부교차로2","14","9"
"202507","828. 숙대입구역 8번","6","6"
"202507","829. 한강대교 북단 교차로","15","21"
"202507","832. 이촌1동 주민센터 뒤","16","9"
"202507","834. 효창공원앞역 3번출구 앞","2","0"
"202507","835. 남영역 건너편","1","0"
"202507","836. 현대자동차서비스 앞","2","6"
"202507","837. 한남나들목 입구","10","18"
"202507","838. 숙대입구역 4번출구","5","5"
"202507","839. 보광동 삼성리버빌아파트 앞","3","11"
"202507","840. 용산 파크타워 앞","2","1"
"202507","841. 신용산역 1번 출구","3","12"
"202507","843. 이태원관광특구 입구(용산구청방향)","10","6"
"202507","846. 용산중학교","1","6"
"202507","848. 삼각지12번 출구","8","10"
"202507","849. 삼각지 자이아파트","6","4"
"202507","851.효창 푸르지오 앞","2","2"
"202507","852. 청암자이아파트 앞","6","8"
"202507","853.용산역 맞은편","14","9"
"202507","854.HID 유족동지회 앞","4","2"
"202507","855.이촌역5번출구 앞","6","6"
"202507","857. 현대 안성타워","2","3"
"202507","858.녹사평역3번 출구","8","10"
"202507","859.남산공원 야외식물원 앞","2","1"
"202507","860.LG한강 자이아파트 앞","31","22"
"202507","863.이촌역2번 출구","13","3"
"202507","864.순천향대학병원(한남오거리)","7","8"
"202507","866.브라운스톤 남산아파트","0","1"
"202507","867.서빙고역 광장(1번출구)","4","1"
"202507","869.노들섬 동측 앞","6","2"
"202507","870.노들섬 서측 앞","32","32"
"202507","905. 구파발역 2번출구","1","2"
"202507","906. 연신내역 5번출구","3","0"
"202507","907. CJ 드림시티","3","2"
"202507","908. 구산역 4번출구","1","0"
"202507","911. 은평평화공원(역촌역4번출구)","2","1"
"202507","912. 응암오거리","1","2"
"202507","913. 이마트 버스정류장(서부경찰서 방면)","0","2"
"202507","914. 새절역 2번출구","6","9"
"202507","915. 증산역 4번출구","1","0"
"202507","916. 평생학습관 앞","1","0"
"202507","922. 연신내역 4번출구","4","4"
"202507","927. 연신내역 3번출구 인근","2","3"
"202507","932. 예일여중","1","0"
"202507","948. 디지털미디어 시티역 4번출구(DMC역)","1","1"
"202507","996.응암역2번출구 국민은행 앞","1","2"
"202508","1001. 광진교 남단 사거리(천호공원 방면)","0","2"
"202508","1002. 해공공원(천호동)","0","1"
"202508","1004. 삼성광나루아파트 버스정류장","2","0"
"202508","1008. 암사역 3번출구(국민은행앞)","2","1"
"202508","1009. 천호역4번출구(현대백화점)","0","1"
"202508","1010. 강동세무서","1","0"
"202508","1011. LIGA 아파트 앞","1","0"
"202508","1012. 천호역효성해링턴타워 앞","2","1"
"202508","1016. 해뜨는 주유소옆 리엔파크 109동앞","0","1"
"202508","1018. 둔촌 주공 GS 맞은편","7","9"
"202508","102. 망원역 1번출구 앞","12","15"
"202508","1024.  강동구청 앞","2","2"
"202508","1029. 성내어울터","0","1"
"202508","103. 망원역 2번출구 앞","18","15"
"202508","1031. 올림픽로 836(아리수로)","1","0"
"202508","1032. 선사고등학교","1","0"
"202508","1034. 고덕동 래미안 힐스테이트","0","1"
"202508","1039. 고덕초등학교","1","1"
"202508","104. 합정역 1번출구 앞","5","14"
"202508","105. 합정역 5번출구 앞","10","2"
"202508","1050.  둔촌역 3번 출입구","0","3"
"202508","1051. 강일중,선사고 버스정류장(신암중학교 방면)","1","0"
"202508","106. 합정역 7번출구 앞","8","15"
"202508","107. 수협 연남동지점","11","4"
"202508","1072.고덕역 5번출구","0","2"
"202508","1078.둔촌사거리","4","1"
"202508","108. 서교동 사거리","29","22"
"202508","1084. 윤선생빌딩(JYP사옥)","7","1"
"202508","1086.래미안 솔베뉴(구천면로)","1","0"
"202508","1088.풍납사거리(강동)","3","2"
"202508","1089.고덕 래미안힐스테이트(201동)","1","0"
"202508","1090.상일동역 2번출구 앞","1","0"
"202508","1103. 방화역 4번출구앞","2","0"
"202508","111. 상수역 2번출구 앞","16","29"
"202508","1112. 마곡엠밸리4단지 정문","3","3"
"202508","1117. 등촌5단지아파트 버스정류장","1","0"
"202508","1118. 증미역 3번출구뒤(등촌두산위브센티움오피스텔)","2","2"
"202508","1119. 염창동 한마음아파트 앞","1","1"
"202508","1124. 발산역 6번 출구 뒤","4","8"
"202508","1127. 화곡역 버스정류장","1","1"
"202508","1128. 화곡역 6번출구","2","1"
"202508","113. 홍대입구역 2번출구 앞","29","26"
"202508","1132. 등촌역 7번출구","1","1"
"202508","114. 홍대입구역 8번출구 앞","14","24"
"202508","1140. 목동사거리 버스정류장","1","4"
"202508","115. 마스타 빌딩 앞","19","14"
"202508","1150. 송정역 1번출구","0","1"
"202508","1152. 마곡역교차로","1","0"
"202508","1153. 발산역 1번, 9번 인근 대여소","14","8"
"202508","1155. 기쁜우리복지관","0","1"
"202508","1157. 강서구청","1","1"
"202508","1158. 가양역 8번출구","2","3"
"202508","1160. 양천향교역 7번출구앞","3","6"
"202508","1169. 염창역 1번 출구","0","3"
"202508","117. 홍은사거리","2","1"
"202508","1171. 염창동 새마을금고 건너편","1","0"
"202508","1173. 강서구청사거리(SH타워)","0","1"
"202508","1174. 강서구청사거리(부민병원)","0","2"
"202508","1175. 대한항공 인력개발센터","1","0"
"202508","1177. 수명중?고교","0","1"
"202508","118. 광흥창역 2번출구 앞","1","0"
"202508","119. 서강나루 공원","11","10"
"202508","1190. 마곡역 교차로(2번출구)","1","0"
"202508","1191. 마곡역 버스정류장(마곡나루역1번출구, 웰튼병원 방면)","2","1"
"202508","1193. 마곡센트럴타워 1차","1","0"
"202508","1195. 코오롱One&Only타워","2","0"
"202508","1197. 엠펠리체 호텔 건너편","12","9"
"202508","1198. LG 사이언스파크","1","1"
"202508","120. 신수동 사거리","1","0"
"202508","1205. 종합운동장역 4번출구","10","2"
"202508","1206. 9호선종합운동장역 9번출구","4","5"
"202508","1209. 잠실나루역 (2번 출구 쪽)","6","1"
"202508","121. 마포소방서 앞","2","1"
"202508","1210. 롯데월드타워(잠실역2번출구 쪽)","34","23"
"202508","1213. 백토공원 앞","2","1"
"202508","1215. 올림픽공원역 1번출구 앞","0","2"
"202508","1218. 방이역 4번출구","1","0"
"202508","122. 신성기사식당 앞","1","5"
"202508","1222. 잠실새내역 5번 출구 뒤","9","14"
"202508","1224. 아시아지하보도 2번 출구","0","2"
"202508","1226. 잠실4동 주민센터 옆","2","0"
"202508","123. 문화촌 공원","3","1"
"202508","1231. 잠실역 6번출구","7","10"
"202508","1232. 잠실주공 521동 건너편","5","4"
"202508","1233. 잠실3거리(갤러리아팰리스)","0","1"
"202508","1235. 잠실트리지움310동 옆","3","2"
"202508","124. 서강대 정문 건너편","2","2"
"202508","1243. 문정 법조단지7","1","0"
"202508","1244. 문정 법조단지8","14","15"
"202508","1245. 문정 법조단지9","4","0"
"202508","1246. 문정 법조단지10","3","3"
"202508","1248. 방이초등학교","4","0"
"202508","1251. 석촌역 2번출구","4","5"
"202508","1259. 방이역 1번출구","1","0"
"202508","126. 서강대 후문 옆","4","3"
"202508","1262. 송파여성문화회관 앞","0","3"
"202508","1264. 천호역 10번 출구 앞","1","5"
"202508","1267. 올림픽공원 남2문 앞","1","4"
"202508","1268. 몽촌토성역 1번출구 옆","3","9"
"202508","1269. 리센츠아파트 ","2","2"
"202508","1271. 송파도서관","1","0"
"202508","1278. 송파구청 교차로","4","2"
"202508","128. 신촌역(2호선) 1번출구 옆","9","5"
"202508","1283. 오금공원 사거리","1","0"
"202508","129. 신촌역(2호선) 6번출구 옆","6","2"
"202508","1290. 위례송파꿈에그린아파트24단지 앞 성벽 다리 밑","2","1"
"202508","1291. 서울체육고등학교 앞","3","0"
"202508","1293. 석촌호수 서호 사거리","2","3"
"202508","1295. 잠실역 8번출구","1","14"
"202508","1297. 석촌호수교차로(동호 팔각정 앞)","10","3"
"202508","130. 신촌역(2호선) 7번출구 앞","11","14"
"202508","1302. 한성대입구역6번출구 뒤","3","6"
"202508","1305. 성북구청","1","1"
"202508","1306. 한성대입구역2번출구","5","3"
"202508","1308. 안암로터리 버스정류장 앞","1","3"
"202508","131. 증산2교","4","1"
"202508","1319. 종암박스파크","5","5"
"202508","1321. 국민은행 종암동지점 앞","3","2"
"202508","1322. 래미안라센트아파트 103동 앞","1","0"
"202508","1325. 상월곡역 4번출구","0","1"
"202508","133. 해담는다리","0","1"
"202508","1336. 성북3교 위","4","3"
"202508","1337. 돈암성당 옆","3","3"
"202508","134. 연세로 명물길","13","14"
"202508","1340. 광운초등학교 앞","0","1"
"202508","1343. 한성대7번출구 앞","1","1"
"202508","135. 명물길 원형무대 앞","1","2"
"202508","1354. 고려대학교 2번출구","1","2"
"202508","1361. 홍익중고 입구","3","0"
"202508","1363. 보문4교 인근","0","1"
"202508","1364. 성북동 치안센터 앞","5","4"
"202508","1365. 선잠단지 앞","5","5"
"202508","1368. 성신여대입구 교차로","0","1"
"202508","137. 신촌기차역입구 교차로","2","1"
"202508","1372. KEB은행 고대점","2","1"
"202508","1373. 성북구보건소 건너편","0","1"
"202508","138. 신촌동 제1공영주차장 앞","1","2"
"202508","1380.월곡역 5번출구 앞","1","1"
"202508","1381.석계역 4번출구 뒤","0","1"
"202508","1385.성신여대입구역 3번출구 앞","1","1"
"202508","1388. 돈암초교입구 버스정류장(한성대입구역 방면)","2","1"
"202508","139. 연세대 정문 건너편","1","2"
"202508","1390.석관래미안아트리치","1","2"
"202508","1392.돈암삼성풍림아파트","1","0"
"202508","1395.래미안장위포레카운티(102동)","1","1"
"202508","140. 이화여대 후문","4","9"
"202508","1401. 극동늘푸른아파트","0","3"
"202508","1402. 금란주차장 앞","1","1"
"202508","1405. 망우역 1번출구","2","1"
"202508","1407. 먹골역 1번출구 뒤","2","4"
"202508","1408. 먹골역 6번출구 앞","1","0"
"202508","1414. 사가정역 2번출구","1","2"
"202508","1426. 면목도시개발아파트 1동 앞","2","1"
"202508","1427. 용마산역 1번출구","0","1"
"202508","1428. 원묵고등학교","4","0"
"202508","143. 공덕역 2번출구","10","8"
"202508","1431. 중랑구청 사거리","0","1"
"202508","1438. 홈플러스 신내점 앞","1","2"
"202508","1440. 면목2동 사거리","1","0"
"202508","1444. 면목4치안센터","1","1"
"202508","1446. 중랑전화국 교차로","1","0"
"202508","1448. 코스트코 상봉점","0","1"
"202508","1449. 상봉역 1번출구","1","2"
"202508","145. 공덕역 5번출구","6","4"
"202508","1451. 중랑세무서","0","1"
"202508","1452. 겸재교 진입부","1","1"
"202508","146. 마포역 2번출구 뒤","11","11"
"202508","1461.동양엔파트 앞","1","0"
"202508","1462.동부시장 북문 앞","1","0"
"202508","1463.중랑구민회관","2","1"
"202508","1464.중화역 4번출구","1","0"
"202508","1466.두산대림아파트 삼거리","2","0"
"202508","1469.먹골역 4번출구","1","2"
"202508","147. 마포역 4번출구 뒤","23","25"
"202508","1471.동양쇼핑 정류소 앞","0","1"
"202508","1474.서울중랑우체국","1","1"
"202508","1477.면목삼익아파트 앞","0","1"
"202508","1478.홈플러스 상봉점 앞","2","1"
"202508","1479.면목 홈플러스 2 ","2","2"
"202508","148. 용강동 주민센터 앞","0","4"
"202508","1480. 용마지구대 B","3","2"
"202508","150. 서강대역 2번출구 앞","4","9"
"202508","1501. 미아역 3번,4번 출구 사이","3","5"
"202508","1509. 서울북부수도사업소","1","1"
"202508","1527. 미아역 1번 출구 뒤","1","0"
"202508","1529. 미아동 한국전력공사","1","1"
"202508","153. 성산2교 사거리","2","2"
"202508","1531. 미아사거리 1번 출구","0","1"
"202508","1533. 번동 주공3, 4단지 교차로","1","1"
"202508","154. 마포구청역 ","7","10"
"202508","1546. 송천동우체국","0","1"
"202508","1548. 북서울 꿈의숲 서문","1","0"
"202508","155. 가좌역1 번출구 앞","17","8"
"202508","1552. 강북구청사거리","1","1"
"202508","1553.서울북부고용노동지청","1","0"
"202508","1558.강북문화정보도서관","1","0"
"202508","156. 서울서부지방법원 앞","3","1"
"202508","1560. 도봉세무서 앞","5","4"
"202508","1565.수유사거리","1","0"
"202508","1569.수유역2번출구","0","1"
"202508","157. 애오개역 4번출구 앞","1","0"
"202508","159. 이대역 4번 출구","1","9"
"202508","160. 북아현동 가구거리","0","7"
"202508","1601. 석계역 문화광장 내 자전거 보관소","1","1"
"202508","1606. 태릉입구역 3번출구 ","0","1"
"202508","1608. 공릉역 1번 출구 앞","2","0"
"202508","1610. 화랑대역 2번출구 앞","2","0"
"202508","1611. 과기대 입구(우)","0","1"
"202508","1616. 하계2동 공항버스정류장 옆","2","0"
"202508","1617. 하계동 중평어린이공원 앞","1","1"
"202508","162. 봉원고가차도 밑","1","0"
"202508","1627. 수락산역 4번출구","1","2"
"202508","1643. 태릉입구역 8번출구","0","1"
"202508","1650. 중계근린공원내","0","2"
"202508","1655. 공릉1단지아파트","1","0"
"202508","1657. 노원구청 ","1","0"
"202508","1661. 당현천근린공원","1","0"
"202508","1663. 동해문화예술관앞","3","1"
"202508","1677. 육군사관학교  앞","0","1"
"202508","1682. 중계종합사회복지관 교차로","0","1"
"202508","1690. 도봉운전면허시험장 버스정류장 옆","0","1"
"202508","1693. 원자력 병원","0","1"
"202508","1705. 도봉구청 정문앞","1","1"
"202508","1706. 방학동우체국 건너편","1","0"
"202508","171. 임광빌딩 앞","1","1"
"202508","1720. 도봉구청 옆(중랑천변)","1","0"
"202508","173. 서대문역 8번출구 앞","2","3"
"202508","1734. 쌍문현대1차아파트 108동 앞","1","0"
"202508","1737. 신창시장","1","1"
"202508","1749. ESA아파트 상가 앞","2","1"
"202508","175. 홍연2교옆","0","2"
"202508","1750. 창포원 남쪽 입구","0","1"
"202508","176. 명지대학교 도서관","2","0"
"202508","1765.쌍문역 1번출구 주변","0","1"
"202508","178. 증산3교 앞","1","0"
"202508","179. 가좌역 4번출구 앞","5","9"
"202508","180. 충정로역 7번출구 아래","2","6"
"202508","181. 망원초록길 입구","15","6"
"202508","182. 망원2빗물펌프장 앞","22","12"
"202508","183. 하늘채코오롱아파트 건너편","12","11"
"202508","1831. 한국전력 구로금천지사 앞","2","2"
"202508","1833. 독산역 1번출구 A","0","1"
"202508","1839. 수출의 다리 아래","1","1"
"202508","184.망원우체국사거리 인근","6","10"
"202508","1841. 가산동 주민센터","1","1"
"202508","1846. 롯데캐슬골드파크1차 동문","0","1"
"202508","1849. 대륭포스트타워5차","1","0"
"202508","185. 마포 신수공원 앞","6","7"
"202508","1851. 가산디지털단지 9번출구 인근","2","0"
"202508","186. 월드컵공원","7","7"
"202508","1862.스타즈호텔독산 빌딩 앞","5","4"
"202508","1867.대륭포스트타워6차 앞","1","2"
"202508","1869.롯데캐슬골드파크3차 301동 앞","0","1"
"202508","188. 홍은동 정원여중 입구","2","0"
"202508","1904. 도림천역 1번 출구 앞","1","1"
"202508","1906. 신도림역 1번 출구 앞","2","9"
"202508","191. 서우빌딩","0","1"
"202508","1912. 한신휴아파트 앞","1","1"
"202508","1914. 대림역4번출구","0","1"
"202508","1916. 구로중학교앞","0","1"
"202508","1924. 삼부르네상스파크빌","2","0"
"202508","1925. 동양미래대학교 정문 옆","6","2"
"202508","194. 증산교 앞","1","0"
"202508","1941. 오류동역 2번출구","1","0"
"202508","195. 모래내고가차도 ","5","3"
"202508","1952. 천왕연지타운2단지 앞","1","0"
"202508","1958. 강서수도사업소민원센터","1","0"
"202508","196. 연희교차로 인근","4","3"
"202508","1966. 한마을아파트 정문상가","1","0"
"202508","1973. 오리로와 서해안도로 교차로 앞","0","1"
"202508","1975. 대림역 1번 출입구 밑","0","1"
"202508","1985. 구로도서관","2","1"
"202508","1986. 태평양물산","0","3"
"202508","199. 서울 월드컵 경기장","3","2"
"202508","1996. 구일역 1번 출입구 앞","3","4"
"202508","1998. 고척교 교차로","2","0"
"202508","2000. 신도림4차 e편한세상 아파트 1109동 앞","3","0"
"202508","2002. 노들역 1번출구","10","24"
"202508","2003. 사육신공원앞","5","7"
"202508","2009. 보라매역 8번출구","0","1"
"202508","201. 진미파라곤 앞","7","8"
"202508","2012. 대림사거리(동작상떼빌아파트)","1","1"
"202508","202. 국민일보 앞","4","11"
"202508","2024. 상도역 1번출구","1","1"
"202508","2025. 흑석역 1번출구","12","13"
"202508","2026. 흑석역 4번출구","4","4"
"202508","2027. 중앙대학교 정문 1","4","2"
"202508","203. 국회의사당역 3번출구 옆","4","3"
"202508","2032. 이수역 11번출구쪽","1","0"
"202508","2033. 사당동 아르테스 웨딩앞","2","0"
"202508","2037. 동작역 5번출구 동작주차공원","1","2"
"202508","2038. 동작역 7번출구","12","10"
"202508","204. 국회의사당역 5번출구 옆","3","7"
"202508","2040. 비계 버스정류소","1","2"
"202508","2041. 사당중학교 버스정류소","0","1"
"202508","205. 산업은행 앞","25","10"
"202508","2050. 노량진역 5번출구","3","2"
"202508","2054. 삼익아파트","1","1"
"202508","2058. 동작경찰서","2","6"
"202508","206. KBS 앞","1","1"
"202508","2062. 사당새마을금고","0","1"
"202508","2064. 흑석한강푸르지오 106동앞","0","4"
"202508","2067. 보라매역?동작세무서 버스정류장(강남중학교방면)","0","1"
"202508","2069. 숭실대 입구역3번 출구 앞","0","1"
"202508","207. 여의나루역 1번출구 앞","171","147"
"202508","2070. 노량진역 2번 출구 앞","7","6"
"202508","2077.노들역 3번출구","6","6"
"202508","2078.흑석 아크로리버하임(103동)","2","0"
"202508","2079.중앙대학교 중앙광장","1","2"
"202508","2080. 대방지하보도(대방동경남아너스빌아파트)","1","1"
"202508","2083.흑석롯데캐슬에듀포레(107동)","2","2"
"202508","2088.상도중앙하이츠빌 입구","2","2"
"202508","209. 유진투자증권빌딩 앞","26","17"
"202508","2091. 이수역9번출구","0","1"
"202508","2094.숭실대학교(중문) ","4","1"
"202508","2095.경문고등학교 앞","1","1"
"202508","2102. 봉림교 교통섬","6","7"
"202508","2104. 사당역 5번출구","1","0"
"202508","2105. 미성동 신림체육센터","4","0"
"202508","2109. 은천로입구 가로공원","5","5"
"202508","2111. 서울대입구역 1번출구","0","1"
"202508","2115. 관악구시설관리공단","1","1"
"202508","2116. 에이스에이존빌딩","1","0"
"202508","2119. 중앙동 동진빌딩","1","0"
"202508","213. KT앞","0","6"
"202508","2136. 신림역 8번출구","3","3"
"202508","2139. 서울신성초등학교","0","1"
"202508","214. 금융감독원 앞","0","2"
"202508","2140. 신림1교 교차로","11","12"
"202508","2143. 서울산업정보학교","1","0"
"202508","2148. 낙성대역 3번출구 뒤","2","0"
"202508","215. 여의도고교 앞","19","30"
"202508","2169. 봉천역 2번출구","2","0"
"202508","217. NH농협은행 앞","1","2"
"202508","2171. 서울대입구역 5번출구","3","1"
"202508","2172. 나들목공원","2","2"
"202508","2176. 보라매공원 보도육교","3","3"
"202508","2178. 서울대학교 정문","3","4"
"202508","2179. 양녕로 입구","1","1"
"202508","2185. 대학동 고시촌","1","2"
"202508","2189. 봉천역 4번출구","3","3"
"202508","219. 롯데캐슬엠파이어 옆","7","4"
"202508","2191.대학동주민센터 ","3","0"
"202508","220. 미성아파트 A동 앞","2","3"
"202508","2202.청계산입구역 1번출구","0","1"
"202508","221. 여의도초교 앞","25","6"
"202508","2210. 반포1동 주민센터 앞","4","3"
"202508","2213. 고속터미널역 5번출구 앞","1","3"
"202508","2214. 신반포역 2번출구 앞","27","40"
"202508","2215. 반포종합운동장 입구","1","2"
"202508","2217.아크로리버뷰 부지 앞","63","101"
"202508","2219. 고속터미널역 8-1번, 8-2번 출구 사이","20","23"
"202508","222. 시범아파트버스정류장 옆","2","0"
"202508","2221. 방일초교 마을버스 정류장","0","1"
"202508","2222.사당역 12번출구 뒤","1","2"
"202508","2231. 삼성타운(삼성생명) A동 맞은편","0","2"
"202508","2237.서울남부터미널 대합실 입구","1","2"
"202508","2239.교대역 6번출구","4","0"
"202508","224. 롯데캐슬 앞","1","1"
"202508","2243.서울가정법원","1","0"
"202508","2244. 말죽거리공원 사거리","3","1"
"202508","225. 앙카라공원 앞","2","7"
"202508","2259. 잠원역 3번-4번 출구사이 ","9","3"
"202508","226. 샛강역 1번출구 앞","5","10"
"202508","2266. 서초역 3번출구","1","3"
"202508","227. 양평1나들목 보행통로 입구","5","12"
"202508","2271. 내방역 8번출구 앞","1","0"
"202508","2272. 교대입구 교차로","2","0"
"202508","2276. 영동1교 (양재천근린공원)","2","0"
"202508","2277. 길마중4교 하부","4","4"
"202508","228. 선유도역 3번출구 앞","13","9"
"202508","2280. 서울서초고용센터앞","3","0"
"202508","229. 양평1 보행육교 앞","3","2"
"202508","2297. 남부터미널역 1번출구","0","1"
"202508","230. 영등포구청역 7번출구","5","9"
"202508","2301. 현대고등학교 건너편","13","16"
"202508","2302. 교보타워 버스정류장(신논현역 3번출구 후면)","9","15"
"202508","2303. 논현역 10번출구","0","1"
"202508","2304. 대현그린타워","1","0"
"202508","2305. MCM 본사 직영점 앞","2","0"
"202508","2306. 압구정역 2번 출구 옆","24","24"
"202508","2307. 압구정 한양 3차 아파트","4","12"
"202508","2308. 압구정파출소 앞","10","5"
"202508","2309. 청담역(우리들병원 앞)","1","0"
"202508","231. 남부고용노동지청 남측","21","20"
"202508","2310. 청담동 맥도날드 옆(위치)","3","2"
"202508","2311. 학동로 래미안 아파트 앞","0","1"
"202508","2312. 청담역 13번 출구 앞","10","9"
"202508","2313. 금원빌딩 앞","8","13"
"202508","2315. 봉은사역 5번출구 옆","1","10"
"202508","2317. 삼성도로공원","10","19"
"202508","2318. 삼성중앙역4번출구(문화센터더 리빌)","6","3"
"202508","2319. 포스코사거리 서측(수협 삼성동 지점)","2","3"
"202508","232. 양평우림 이비즈센타 앞","3","2"
"202508","2321. 학여울역 사거리","1","1"
"202508","2327. 뱅뱅사거리 랜드마크타워 앞","2","2"
"202508","2328. 르네상스 호텔 사거리 역삼지하보도 7번출구 앞","2","6"
"202508","2329. 르네상스호텔사거리 역삼지하보도 2번출구","1","2"
"202508","2331. 동영문화센터앞","1","1"
"202508","2332. 선릉역3번출구","5","5"
"202508","2333. 양재역 3번출구 주변","0","5"
"202508","2337. 대모산입구역 2번출구 앞","4","3"
"202508","2340. 삼호물산버스정류장(23370) 옆","2","0"
"202508","2348. 포스코사거리(기업은행)","6","1"
"202508","2349. 역삼빌딩 앞(하나은행 옆)","2","3"
"202508","2352. 서울본부세관(건설회관 앞)","5","3"
"202508","2353. 강남구청역 2번출구 뒤","4","1"
"202508","2354. 청담역 2번출구","2","0"
"202508","2357. 르네상스호텔사거리 역삼지하보도 3번출구 앞 (더 오번 빌딩 명동칼국수 앞)","0","2"
"202508","236. 문래동자이아파트 앞","2","2"
"202508","2362. 신사동 가로수길 입구","7","9"
"202508","2363. 강남 을지병원 교차로","8","19"
"202508","2364. 도산공원교차로","6","2"
"202508","2365. K+ 타워 앞","4","5"
"202508","2369. KT선릉타워","18","4"
"202508","237. 보라매 두산위브 건너편","2","0"
"202508","2371. 한국우편사업진흥원","3","2"
"202508","2377. 수서역 5번출구","1","0"
"202508","2380. 봉은사로68길 북측","3","2"
"202508","2381. 언주역 4번출구","1","0"
"202508","2385. 학동역","0","2"
"202508","2388. 강남구 도시관리공단","6","2"
"202508","240. 문래역 4번출구 앞","7","5"
"202508","2405. 청담공원앞 교차로","1","0"
"202508","2406. 논현동 광명빌딩 앞","4","6"
"202508","2407. 역삼서초삼성 세무서 앞 (역삼빌딩 앞)","9","14"
"202508","2408. 강남한양수자인아파트","1","1"
"202508","2409. 역삼동 디오슈페리움 (우성아파트 사거리)","8","2"
"202508","2410. 포스코피앤에스타워 (역삼역 3번출구 부근)","2","2"
"202508","2411. 세곡동 성당","1","1"
"202508","2413.도곡역 1번 출구","0","2"
"202508","2415.한티역 롯데백화점 앞","2","0"
"202508","2417.선정릉 디캠프(D,CAMP)앞","0","2"
"202508","2418.봉은사역 7번 출구 ","5","9"
"202508","2419.봉은사역 1,2번 출구 ","4","11"
"202508","242. 신길선원가와인아파트 앞","1","1"
"202508","2420.학여울역 사거리(LG베스트샵 앞)","2","0"
"202508","2425.세곡동 사거리(대왕초등학교 정류장)","8","7"
"202508","2427.개포고등학교 정문앞","1","2"
"202508","2429.압구정로데오역 6번출구","15","17"
"202508","243. 이앤씨드림타워 앞","1","3"
"202508","2430.강남파이낸스센터앞(역삼역2번출구)","1","2"
"202508","244. 영등포삼환아파트 앞","0","5"
"202508","245. 삼성생명 당산사옥 앞","0","2"
"202508","247. 당산역 10번출구 앞","7","6"
"202508","248. 초원아파트 앞","13","12"
"202508","249. 여의도중학교 옆","40","35"
"202508","2501. 서초 포레스타5단지","1","2"
"202508","2502. 서초역1번출구 앞","1","2"
"202508","2503. 반포1동 서초빌딩 앞","6","2"
"202508","2504. 신사역 4번출구 뒤","4","9"
"202508","2505. 우성아파트사거리 (기업은행앞)","9","7"
"202508","2506. LG유플러스 (방배사옥)","1","1"
"202508","2509. 심산기념문화센터","0","1"
"202508","2511. 이수역 6번출구 앞","1","0"
"202508","2515.서초초등학교 후문","1","17"
"202508","2516.본마을 노인복지센터 앞","2","0"
"202508","252. 보라매역4번출구","1","3"
"202508","2520.서초1교 (진흥아파트 방면)","0","1"
"202508","2521.서초 크로바타워 앞","2","2"
"202508","2523.뉴코아 킴스클럽 앞","3","4"
"202508","2524.반포쇼핑타운 8동 앞","2","6"
"202508","2525.반포쇼핑타운 2동 앞","54","88"
"202508","2531.멤피스아파트 앞","3","4"
"202508","2532.국립국악원 앞","1","1"
"202508","2533.한가람미술관 앞","1","0"
"202508","2535.신반포역 3번출구 뒤","2","2"
"202508","2538.사평리근린공원","19","19"
"202508","254. 도림신협 앞","2","1"
"202508","2541.옛골 입구","1","2"
"202508","2542.신논현타워 앞","4","8"
"202508","2548.반포1동 자율방범초소 옆","3","1"
"202508","258. 신길역3번출구","8","2"
"202508","259. 대방역6번출구","8","13"
"202508","260. 여의도 마리나선착장 앞","7","2"
"202508","2601. 석촌호수 아뜰리에","5","2"
"202508","2605. 복정역 1번 출구 앞","0","1"
"202508","2608. 송파구청","16","23"
"202508","2609. 보성중고등학교 후문 앞","1","0"
"202508","2613. 잠실나들목","16","10"
"202508","2615. 테라타워2","0","1"
"202508","2618. 삼전역 1번출구","1","0"
"202508","2619. 석촌고분역 4번출구","4","1"
"202508","2620. 송파나루역 4번 출구옆","11","7"
"202508","2621. 한성백제역 2번 출구","20","14"
"202508","2622. 올림픽공원역 3번출구","7","13"
"202508","2628.문정역 1번출구","2","1"
"202508","2630.서울방이동 고분군","1","0"
"202508","2631.배명고등학교","1","1"
"202508","2632.석촌고분역 2번 출구","1","1"
"202508","2633.송파학사 옆","0","1"
"202508","2635.잠실새내역 1번출구","4","1"
"202508","2637. 아시아지하보도 14번 출구","2","2"
"202508","2639.석촌역 8번출구","5","7"
"202508","264. 교보생명보험 앞","6","5"
"202508","2641.송파역 4번출구","12","14"
"202508","2643.풍납중학교 측면","1","1"
"202508","2644. 성내5교","2","11"
"202508","2645.잠실나들목2(엘스아파트136동)","1","1"
"202508","2647.잠실 자전거 수리센터 앞","11","4"
"202508","2649.오금공원사거리2","4","0"
"202508","265. 영등포유통상가 사거리","0","3"
"202508","2652.송파 레미니스1단지 102동 앞","0","5"
"202508","2654.올림픽선수촌아파트 136동 앞","2","0"
"202508","2655.송이공원","1","0"
"202508","2656.풍납동 아이파크 107동 앞","1","1"
"202508","267. 삼성화재 사옥 옆","5","2"
"202508","268. 그랜드컨벤션센터 앞","3","1"
"202508","2702. 마곡 엠밸리2단지","0","2"
"202508","2707.한강아파트","0","1"
"202508","2709.강변아파트 310동 앞","1","0"
"202508","271. 샛강생태공원방문자센터 앞","1","3"
"202508","2710.라이품 공영주차장 앞","1","0"
"202508","2712.화곡터널입구교차로","0","1"
"202508","2713.우장초등학교 앞","1","6"
"202508","2715.마곡나루역 2번 출구 ","2","3"
"202508","2717.LG유플러스 마곡사옥","0","1"
"202508","2719.마곡문화공원","9","9"
"202508","272. 당산육갑문","32","29"
"202508","2720.힐스테이트에코","2","1"
"202508","2721.등촌1-10단지 교차로","6","1"
"202508","2724.(재)FITI시험연구원","0","1"
"202508","2725.서울식물원 식물문화센터","2","3"
"202508","2728.마곡나루역 3번 출구","5","5"
"202508","2730.마곡메가박스 앞","1","1"
"202508","2739.수명산파크1단지교차로","1","4"
"202508","2740.마곡레포츠센터","2","0"
"202508","275. 신동아아파트","0","1"
"202508","276. 영등포로터리2","6","2"
"202508","279. 영등포 푸르지오 아파트 B","0","1"
"202508","280. 양평동6차현대아파트 앞","0","3"
"202508","2801. 대륭포스트타워1차","0","3"
"202508","281. 대림신동아아파트 앞","1","1"
"202508","282. 신한은행 대림동지점","0","1"
"202508","283. 아크로타워 스퀘어(영등포시장)","1","1"
"202508","284. 센트럴 푸르지오 시티 앞","2","2"
"202508","287. 영등포전화국사거리 (서강어린이공원)","2","3"
"202508","288. 쌍용예가(구청별관)","0","1"
"202508","289. 대림3동사거리","0","1"
"202508","2908. 광운대학교 중앙도서관","0","2"
"202508","291. 문래동 하이테크 시티","1","3"
"202508","2910.도깨비시장","4","3"
"202508","2912.대진고등학교","0","1"
"202508","2913.상계8동 주민센터","3","0"
"202508","2919.등나무 근린공원(시립북서울미술관 앞) ","3","0"
"202508","293. 충북 미래관","2","0"
"202508","297.국회3문","1","0"
"202508","298.KBS 연구동 건너편","4","4"
"202508","299.여의도 순복음교회","6","10"
"202508","300. 정동사거리","5","2"
"202508","3002.벽산상암스마트큐브 ","5","7"
"202508","3007.MBC 앞","1","1"
"202508","3008.DMC역7번출구","2","2"
"202508","3009. 홍대입구역 사거리","22","24"
"202508","301. 경복궁역 7번출구 앞","8","0"
"202508","3010.홍대입구역 3번출구","30","40"
"202508","3013.서울지방고용노동청 앞","9","8"
"202508","302. 경복궁역 6번출구 뒤","29","32"
"202508","303. 광화문역 1번출구 앞","2","4"
"202508","305. 종로구청 옆","6","9"
"202508","307. 서울역사박물관 앞","2","1"
"202508","308. 광화문 S타워 앞","0","2"
"202508","309. 광화문역 6번출구 옆 B","2","1"
"202508","310. 청계광장 옆","12","9"
"202508","3100. 북성초교","2","3"
"202508","3101. 서대문구청","1","0"
"202508","3102. 연희삼거리","5","1"
"202508","3109.북한산더? 106동 앞","1","0"
"202508","3113. 독립문 앞","0","3"
"202508","3114.충정로역 3번 출구","1","1"
"202508","3116.신촌역 4번출구","2","1"
"202508","3117.이화여대 인문관 인근","4","4"
"202508","3119.연희 브라운스톤 아파트 앞","3","4"
"202508","3120.DMC엘가아파트 앞","4","3"
"202508","3123.DMC파크뷰자이1단지 110동 앞","1","1"
"202508","3125.연희파크푸르지오아파트 앞","1","1"
"202508","3127.홍은2파출소 옆","4","0"
"202508","3128.동신병원 맞은편","18","4"
"202508","3131.연가교 교차로","5","5"
"202508","3132.홍제교","1","0"
"202508","3134.SK리쳄블(서울아리수본부)","1","0"
"202508","314. 국립현대미술관","30","18"
"202508","316. 종각역 1번출구 앞","12","9"
"202508","318. 광교사거리 남측","10","11"
"202508","320. 을지로입구역 4번출구 앞","14","14"
"202508","3203.도림동배드민턴체육관","4","4"
"202508","3204.도림고가도로 밑","2","0"
"202508","3205.문래현대2차","1","1"
"202508","3207.양남사거리1","0","1"
"202508","321. KEB 하나금융그룹 명동사옥 옆","33","20"
"202508","3212.신풍역 6번출구","1","0"
"202508","3219.영등포역 1번출구","2","0"
"202508","322. 명동성당 앞","26","24"
"202508","3221.서울특별시 남부교육지원청","0","1"
"202508","324. 신세계백화점 본점 앞","21","21"
"202508","326. 안국역 5번출구 앞","19","13"
"202508","327. 낙원상가 옆","23","18"
"202508","328. 탑골공원 앞","16","11"
"202508","329. 청계2가 사거리 옆","24","21"
"202508","331. 을지로2가 사거리 북측","4","7"
"202508","332. 을지로2가 사거리 남측","7","3"
"202508","334. 종로3가역 2번출구 뒤","3","5"
"202508","335. 종로3가역 15번출구 뒤","0","5"
"202508","336. 충무로역 6번출구 앞","15","22"
"202508","337. 창경궁 입구","7","1"
"202508","338. 세운스퀘어 앞","11","5"
"202508","339. 종로4가 사거리","26","26"
"202508","340. 혜화동 로터리","2","2"
"202508","3402.이화공영주차장","5","0"
"202508","3405.파크팰리스","3","3"
"202508","3407.안국동사거리(신)","22","18"
"202508","3408.종로타워빌딩","5","8"
"202508","341. 혜화역 3번출구 뒤","7","1"
"202508","3410.종로3가역 8번출구","37","37"
"202508","3411.종묘","10","9"
"202508","3412.세운상가","4","2"
"202508","3413.종로플레이스","25","11"
"202508","3414.종로5가역 4번출구","30","15"
"202508","3415.동대문역6번출구","23","21"
"202508","3416.동묘앞역 6번출구","7","9"
"202508","3417.창신3동주민센터","3","0"
"202508","3419.국립어린이과학관","3","1"
"202508","342. 대학로 마로니에공원","9","10"
"202508","3420. 성균관대입구 사거리 B","5","3"
"202508","3421.혜화역 1번출구","10","7"
"202508","3422.성균관대 정문","1","3"
"202508","3425.광화문 풍림스페이스본 1단지앞","1","4"
"202508","3426.독립문역 2번출구 뒤","1","0"
"202508","3427.인왕산 아이파크 정문","1","1"
"202508","3428.서울미술관","2","2"
"202508","343. 힐스테이트창경궁 아파트 앞","14","19"
"202508","3432.종로2가 사거리","16","16"
"202508","344. 성균관대 E하우스 앞","2","0"
"202508","345. 서울보증보험본사 앞","6","11"
"202508","346. 맥스타일 앞","21","14"
"202508","347. 동대문역사문화공원역 9번출구 앞","26","28"
"202508","348. 독립문역 사거리","1","1"
"202508","349. 어린이도서관","2","3"
"202508","3503. 광진유진스웰","0","2"
"202508","3505. 신양초교앞 교차로","3","2"
"202508","3506. 영동대교 북단","3","1"
"202508","3507. 어린이회관","0","1"
"202508","3508. 화양사거리","2","4"
"202508","3509. 세종사이버대학교","1","2"
"202508","3511. 응봉역 1번출구","9","20"
"202508","3513. 상왕십리역 1번출구","0","1"
"202508","3515. 서울숲 관리사무소","102","55"
"202508","3516. 구의아리수정수센터앞","1","0"
"202508","3517. 용마사거리","2","0"
"202508","3518. 군자역 7번출구뒤","3","1"
"202508","352. 중앙고입구 삼거리","4","7"
"202508","3525. 금호스포츠센터앞","1","2"
"202508","3528. 광진정보도서관","3","2"
"202508","3529. 어린이대공원정문","2","1"
"202508","353. 재동초교 앞 삼거리","23","26"
"202508","3533. 건대입구역 사거리(롯데백화점)","9","5"
"202508","3534. 건대입구역 5번출구 뒤","28","16"
"202508","3536. 중앙농협(자양동)","1","0"
"202508","354. 포르투갈 대사관 앞","4","5"
"202508","3545.한양대역 1번출구","0","2"
"202508","3547.상왕십리역 6번 출입구","1","2"
"202508","3548.뚝섬역 6번출구","11","17"
"202508","3549.건영아파트 앞","3","0"
"202508","355. 서울사대부설초등학교 앞","1","0"
"202508","3550.금호나들목","9","17"
"202508","3551.성동도로사업소","2","0"
"202508","3552.서울숲 공영주차장앞","27","19"
"202508","3553.마장역3번출구","1","0"
"202508","3557.서울숲리버뷰자이APT105동 앞","1","0"
"202508","3558.마장동 금호어울림APT앞","2","0"
"202508","3559.성동구민종합체육센터 건너편","34","20"
"202508","356. KT혜화지사 앞","4","1"
"202508","3560.성동구 견인차량 보관소 앞","0","1"
"202508","3566.우성4차아파트","2","0"
"202508","3569.건대병원후문","3","5"
"202508","3570.구의역 리버비스타 오피스텔","1","0"
"202508","3571.화양 APT(횡단보도 옆)","3","0"
"202508","3573.광나루안전체험관","3","0"
"202508","3575. 자양사거리(서원빌딩)","1","3"
"202508","3579.광진 캠퍼스시티","5","8"
"202508","358. 성균관대입구 사거리 A","0","3"
"202508","3581.광진광장","0","1"
"202508","3582.화양동 우체국","6","4"
"202508","3586.군자역 비채온 오피스텔","0","3"
"202508","3587.우성식품 앞","0","1"
"202508","359. 원남동사거리","4","2"
"202508","3600.사근빗물펌프장 건너편","6","10"
"202508","3604. 삼성중앙역 5번출구","1","6"
"202508","3606. 신사동주민센터 옆","15","7"
"202508","3609. 언주초등학교 입구","1","0"
"202508","361. 동묘앞역 1번출구 뒤","19","19"
"202508","3610. 윗반마을 입구","4","5"
"202508","3612. 은곡마을","1","1"
"202508","3614. 은마아파트 입구 사거리","0","1"
"202508","3615. 서울 논현동우체국 앞","5","0"
"202508","362. 청계8가사거리 A","9","9"
"202508","3620. 청담역 11번 출구","0","3"
"202508","3627. 압구정나들목","40","40"
"202508","3628. 역삼1동 주민센터","4","1"
"202508","3629. 청담사거리(신한오피스텔빌딩 앞)","9","2"
"202508","363. 신설동역 11번출구 뒤","5","2"
"202508","3636. 삼성중앙역·플래티넘아파트 정류소","3","1"
"202508","3638. 신청담나들목","12","7"
"202508","3646. 선정릉역 4번 출구","4","0"
"202508","3651. 개포동역 4번출구","1","0"
"202508","3652. 한영외국어고등학교","1","1"
"202508","3657. 서울천호동우체국","4","2"
"202508","3663. 암사정수센터교차로(강동롯데캐슬퍼스트아파트)","0","1"
"202508","3664. 맥도날드 서울둔촌DT점 앞","1","0"
"202508","367. 독립문역 3-1번출구 ","3","2"
"202508","368. SK 서린빌딩 앞","15","14"
"202508","3681. 길동 마루빌딩","3","3"
"202508","3698. 명일역 3번출구 옆","0","1"
"202508","370. 시청역(2호선) 9번출구 뒤","3","4"
"202508","3700. 강변그대가리버뷰 입구 맞은편","0","1"
"202508","371. 동대입구역 6번출구 뒤","0","3"
"202508","372. 약수역 3번출구 뒤","0","1"
"202508","3725. 강북 청소년 문화정보도서관 앞","3","1"
"202508","3726.삼양동사거리","1","0"
"202508","374. 신당동주민센터앞","2","3"
"202508","3760. 발산역 8번 출구","1","0"
"202508","3761. 나이아가라관광호텔","2","1"
"202508","3762. 마곡9단지 907동앞","0","1"
"202508","3765. 문소빌딩","2","1"
"202508","3767. 대원빌딩","3","5"
"202508","3774. 마곡9단지 910동 상가앞","1","0"
"202508","3776. 김포공항사거리","0","1"
"202508","3778. 김포공항입구 교차로","3","3"
"202508","3780. 등촌서광아파트","2","0"
"202508","3789. 염창나들목","15","15"
"202508","379. 서울역9번출구","15","15"
"202508","3794. 안양천합수부(현대3차아파트)","5","9"
"202508","3796. 송정역 3번출구 앞","1","1"
"202508","3798. 그랜드아이파크아파트 앞","3","2"
"202508","380. CJ제일제당 앞","12","12"
"202508","3803. 남서울중학교","1","0"
"202508","381. 장충체육관","0","2"
"202508","3811.신사로입구","1","1"
"202508","3815. 광일빌딩","0","2"
"202508","3819. 서울대벤처타운역","5","9"
"202508","3820. 은천삼거리","1","0"
"202508","383. 신당역 12번 출구 뒤","11","14"
"202508","384. 중림동삼거리","0","6"
"202508","385. 종각역 5번출구","2","14"
"202508","3860. 건국대학교 정문 앞","4","5"
"202508","3865. 이튼타워리버 2차","1","0"
"202508","3868. 자양한강도서관","3","0"
"202508","387. 훈련원공원주차장 앞","27","20"
"202508","3881. 신자초교입구 교차로","1","0"
"202508","389. 을지로4가역 1번출구","11","11"
"202508","3890. 웰츠타워 오피스텔","5","3"
"202508","3894. 노룬산시장 앞","0","1"
"202508","390. 충무로역 1번출구","8","2"
"202508","3904. 테크노마트 앞","1","4"
"202508","3905. 희훈타워빌 앞","1","0"
"202508","391. 시립미술관","0","4"
"202508","3919. 구로역·NC신구로점 버스정류장(구로역 방면)","2","2"
"202508","3928.고척아이파크아파트 106동 앞","1","0"
"202508","393. 동대문역 8번 출구","20","35"
"202508","3939.신도림역 3번출구","1","0"
"202508","394. 경희궁 자이 3단지","0","1"
"202508","395. 경희궁 자이 2단지","1","3"
"202508","397. 종묘공영주차장 건너편","10","25"
"202508","398. 을지로3가역 3번출구","20","10"
"202508","3983. 금천구청역 1번 출구","3","3"
"202508","3984. 가산롯데아이티캐슬","0","1"
"202508","3987. LG전자가산A와 가산테라타워 사이","1","1"
"202508","3988. 엘아르베뉴 102동 앞","3","1"
"202508","399. 서울역 센트럴 자이아파트","2","2"
"202508","400. 상암한화오벨리스크 1차 앞","0","1"
"202508","402. 상암월드컵파크 9단지 앞","1","1"
"202508","4027. 한내 행복발전소 옆","1","1"
"202508","403. 부엉이공원 앞","0","1"
"202508","4040. 공릉로 26길","1","1"
"202508","4041. 공릉역3번출구","1","3"
"202508","4042. 상계문화정보도서관","1","1"
"202508","4043. 상계주공13단지 1301동","1","0"
"202508","405. DMC빌 앞","6","8"
"202508","4058. 다락원체육공원 전망대 입구","1","0"
"202508","406. 상암월드컵파크 7단지 앞","1","1"
"202508","4062. 평화도봉공원 주변","3","3"
"202508","4065. 창동역 1번출구 앞","0","2"
"202508","407. 마포구 육아종합지원센터","1","0"
"202508","4076. 도봉통합복지센터 뒤 중랑천 변","3","3"
"202508","409. 누리꿈스퀘어 옆","2","2"
"202508","4091. 방학역2번출구","0","1"
"202508","4092. 도봉경찰서 교차로","0","1"
"202508","4105. 서울교통공사사거리 교통섬","2","2"
"202508","4108. 답십리파크자이아파트 앞","2","1"
"202508","411. DMC홍보관","1","1"
"202508","4110. 용두롯데캐슬리치아파트 앞","1","0"
"202508","4117. 휘경119안전센터 앞","1","1"
"202508","4122. 청계9가교차로 앞","2","1"
"202508","413. 상암월드컵파크 3단지 후문","0","1"
"202508","4131. 베네스트 오피스텔 앞","1","1"
"202508","4134. 제기동 현대아파트 앞","0","3"
"202508","4135. 삼성생명 앞","2","2"
"202508","4136. 롯데캐슬SKY-L65 D동 앞","1","3"
"202508","4137. 답십리역 4번출구","3","2"
"202508","414. 상암동주민센터 옆","1","2"
"202508","4140. 신설동역 4번출구","7","6"
"202508","4141. 우리은행장안지점 앞","0","1"
"202508","4143.서울동물복지지원센터 동대문","0","2"
"202508","4144.시립대학교 박물관 앞","1","0"
"202508","4145.청량리동 주민센터","5","4"
"202508","4146.이삭어린이공원","1","1"
"202508","415. DMC역 9번출구 앞","4","3"
"202508","4153. 흑석동효사정앞","2","3"
"202508","416. 상암월드컵파크 1단지 교차로","1","0"
"202508","4167. 구로교 아래","3","2"
"202508","417. DMC역 2번출구 옆","1","3"
"202508","4173. 중대후문 마을버스정류장","0","1"
"202508","4177. 롯데캐슬 101동 앞","0","1"
"202508","4179. 보라매병원역 1번출구","3","5"
"202508","418. 월드컵경기장역 3번출구 옆","5","6"
"202508","4180. 흑석동주민센터 입구","0","1"
"202508","4181. 보라매공원역 2번출구","1","1"
"202508","4182.보라매병원역 2번출구","2","0"
"202508","419. 홈플러스 마포점 앞","6","5"
"202508","420. 서울시 공공자전거 상암센터","2","1"
"202508","4202. 프런트원(공덕역4번출구 앞)","2","0"
"202508","4206. 광흥창역5번출구","5","4"
"202508","4207. 아만티호텔 앞","15","10"
"202508","4208. 스타벅스(동교동) 앞","11","4"
"202508","421. 마포구청 앞","4","2"
"202508","4210. 가좌행복주택 앞","1","1"
"202508","4211. 시석빌딩 앞","9","6"
"202508","4213. 마포구중앙도서관 정문 앞","1","1"
"202508","4216. 망원정 앞","16","13"
"202508","4217. 한강공원 망원나들목","50","35"
"202508","4218. 디지털매직스페이스","3","1"
"202508","422. 문화비축기지","0","1"
"202508","4220. 신촌 청년주택","3","3"
"202508","4221. 솔리스타오피스텔(공덕동주민센터)","0","3"
"202508","4222. 서울디자인고등학교 앞","0","1"
"202508","4224. 서부운전면허시험장","2","1"
"202508","4233. 코오롱아파트사거리","20","9"
"202508","4234. 에스테반","0","1"
"202508","4238. 상암한샘빌딩앞","2","0"
"202508","424. 롯데하이마트 (상암월드컵점) ","3","0"
"202508","4244. 당인리발전소 공원 앞","38","12"
"202508","4246. 상수역새마을금고","5","4"
"202508","4248. 신촌 교보빌딩","2","3"
"202508","4255. 래미안 루센티아 아파트 108동 앞","0","1"
"202508","426. 서울신용보증재단","7","8"
"202508","4264. 홍남교 버스정류장","2","1"
"202508","4267. 서대문역 2번 출구","3","4"
"202508","4269. 연희IC 남측","4","1"
"202508","4270. 우국한마음 아파트 맞은편","2","6"
"202508","4272. 홍남교 사거리","3","3"
"202508","4274. 신촌 파랑고래 입구","5","10"
"202508","4275.농협생명본사빌딩 서관","2","1"
"202508","4277. 서대문우체국 정류소 옆","1","2"
"202508","4278. 홍은2동주민센터","1","0"
"202508","428. 명보사거리","7","9"
"202508","429. 송도병원","0","1"
"202508","430. 장충동먹자골목 앞","3","5"
"202508","4303. 매헌역 2번출구앞광역버스 정류장앞(22-297)","0","1"
"202508","4306. 서래공원 앞","4","2"
"202508","431. 청계천 영도교","8","7"
"202508","4312. 반포미도2차아파트 옆","1","0"
"202508","4313. 반포종합운동장","1","3"
"202508","4316. 고속터미널역 3번출구","3","4"
"202508","4323. 내곡도서관","1","0"
"202508","4324. 세화고등학교","2","9"
"202508","4329. SC제일은행 양재동지점 앞","1","2"
"202508","433. 을지로입구역 2번출구","25","26"
"202508","4332. 이수교차로","4","4"
"202508","4338.새정이마을버스정류장 앞","0","1"
"202508","434. 신당 래미안 버스정류장","2","1"
"202508","4341. 영동1교 북단","0","2"
"202508","4345. 반포역 4번출구","2","0"
"202508","4347. 논현지하보도","5","5"
"202508","4348. 사당역 1번출구","1","0"
"202508","4349.삼성화재서초타워","6","3"
"202508","435. SK 남산빌딩","0","9"
"202508","4353. 코오롱디지털타워 3차앞","6","5"
"202508","436. 이대역 5번출구","0","1"
"202508","4362. 행당중학교 후문","2","1"
"202508","4367. kt 행당빌딩 앞","3","2"
"202508","437. 대흥역 1번출구","6","11"
"202508","4370. 성동교 사거리","2","2"
"202508","4373. 서울숲 지식산업센터","6","9"
"202508","4377. 우영테크노센터 앞","8","7"
"202508","438. 성산2-1 공영주차장","2","0"
"202508","4381. 더스페이스타워 앞","1","0"
"202508","4382. 페코텍글로벌허브빌딩 앞","5","4"
"202508","4385. 용답동 우체국 주변","6","5"
"202508","4386. 현대자동차 동부서비스센터 주변","5","2"
"202508","4387. 성수역 1번출구 주변","3","7"
"202508","4389. 서울숲역3번출구","8","9"
"202508","4393. 상원삼거리 장안철교 아래","3","6"
"202508","4396. 마장축산물시장 서문 인근","0","1"
"202508","4397. 마장축산물시장 북문 건너편","4","2"
"202508","4398. 유원지식산업센터 앞","8","22"
"202508","4399. 더리브 세종타워 앞","14","12"
"202508","440. 하늘공원 입구","3","8"
"202508","4401.뚝섬유수지 공영주차장","1","0"
"202508","4406. 장곡초등학교 앞","0","1"
"202508","4408. 돌곶이역 앞","1","0"
"202508","441.염천교사거리","1","1"
"202508","4414. 안암역 3번 출구","0","11"
"202508","442.서울역 서부","3","4"
"202508","4427. 동일하이빌뉴시티","0","1"
"202508","445.대한상공회의소","2","3"
"202508","4453. 위례중앙푸르지오 201동 앞","1","0"
"202508","4457. 아산병원 기숙사 부근","8","9"
"202508","446. 상명대입구","0","2"
"202508","4464. 올림픽공원 북2문 A","7","1"
"202508","4468. 가락1동주민센터 ","1","1"
"202508","4481. 올림픽공원 북2문 B","1","0"
"202508","4483. 잠실나들목4","2","0"
"202508","4484. 잠실나루역4번출구뒤","2","6"
"202508","4485. 잠실나루역 고가하부","0","1"
"202508","4486. 홈플러스 잠실점","0","3"
"202508","4496. 잠실 파크리오 120동 앞","1","0"
"202508","4497. 아시아선수촌아파트 교차로","4","3"
"202508","450. 효자동 삼거리","11","2"
"202508","4509. 서울영상고교 입구","0","1"
"202508","451. 청와대앞길","2","1"
"202508","4514. 목동성당 앞","1","0"
"202508","4517. 성보하이드로빌딩","1","1"
"202508","452. 동대문 종합시장 버스정류장","13","9"
"202508","453. 종로오가 지하쇼핑센터 14번출구","25","29"
"202508","4530. 방아다리어린이공원","1","0"
"202508","4536. 양천해누리체육공원","4","5"
"202508","454. 종로2가 버스정류장 (종각방향)","8","4"
"202508","4540. 목동역 3번 출구","4","1"
"202508","4542. 월정초 사거리","0","1"
"202508","4543. 오목교역 6번 출구","0","1"
"202508","4547. 목동역 2번 출구","3","2"
"202508","455. 종로6가역 버스정류장(동대문 방향)","15","9"
"202508","4553. 당산삼성2차아파트","2","5"
"202508","4557. 리버뷰신안인스빌2차 후문","3","0"
"202508","4559. 신길역 2번출구","0","2"
"202508","456. 숭인2동 주민센터 입구","8","5"
"202508","4561. 양평역 1번출구","2","2"
"202508","4564. 63스퀘어","12","4"
"202508","4565. 영등포 신세계백화점","12","6"
"202508","457. 종로꽃시장 입구 옆","16","25"
"202508","4574. 영등포시장역 포레나영등포","6","2"
"202508","4575. 대림동 e편한세상영등포아델포레","1","1"
"202508","4576.보라매sk뷰 108동 앞","1","0"
"202508","4579. 국회의사당 본관","0","1"
"202508","458. 광화문역 5번출구","28","21"
"202508","4585. 국회6문","9","11"
"202508","4589. KRX한국거래소(1)","6","5"
"202508","4591. 신길자이아파트","3","0"
"202508","4592. 신길우성4차아파트","2","1"
"202508","4598. 오목교 동측 지하보도","4","0"
"202508","4601.양평역2번출구 뒤","3","0"
"202508","4603. 한강GS에클라트 건너편 교통섬","0","1"
"202508","4604. 원효로다목적체육관 앞","0","3"
"202508","4605. 노들섬 다목적홀(동쪽) 숲, 앞","10","11"
"202508","4607. 국립중앙박물관 -용산가족공원 앞","8","8"
"202508","4608. 국립중앙박물관 정문 앞","10","3"
"202508","4609. 파크타워 104동 앞","1","4"
"202508","461. 서울경찰청","6","3"
"202508","4610. 한남나인원 105동 앞","2","5"
"202508","4611. 국제루터교회 앞","0","5"
"202508","4612. 이태원로 255","6","3"
"202508","4613. 서울갤러리아 앞","4","8"
"202508","4615. 크라운호텔앞 버스정류소","7","10"
"202508","4616. 신용산지하차도 앞","7","3"
"202508","4619. 한강트럼프월드3차 앞","5","13"
"202508","4620. 삼각지역 14번 출구 앞(교통섬)","11","10"
"202508","4621. 남산도서관 앞","2","6"
"202508","4622. 한강중학교 앞 버스정류장","6","11"
"202508","4623. 라인프랜즈이태원점 앞","3","3"
"202508","4625. 용산공원갤러리앞","1","1"
"202508","4627. 효창공원앞역 5번출구 옆","1","1"
"202508","4629. 한강초교보도육교 앞","16","9"
"202508","4632. 용산 푸르지오 파크타운 1단지 앞","2","1"
"202508","4633. 센트럴파크타워 앞","7","9"
"202508","4634. 이태원역 3번 출구","5","16"
"202508","4636. 용산구꿈나무종합타운 앞","3","3"
"202508","4638. 청파동삼거리 앞","2","0"
"202508","4639. 동빙고근린공원","9","15"
"202508","464. 삼청동 골목","14","7"
"202508","4640. 원효로2가 교차로","2","2"
"202508","4641. 아메리칸센터","8","9"
"202508","4642. 용산더프라임아파트 101동 앞","1","0"
"202508","4643. 한가람아파트 앞","8","5"
"202508","465. 삼청공원 앞","4","2"
"202508","466.롯데호텔","12","0"
"202508","4663. 불광역3,6호선 버스정류장(동명여고 방면)","1","1"
"202508","4665. 응암역3번 출구(서부경찰서 방면)","1","0"
"202508","467.한국은행","18","14"
"202508","4674. 녹번역e편한세상 캐슬 정문 앞","4","0"
"202508","468.웨스틴 조선호텔","9","14"
"202508","4685. DMC역 5번 출구(수색역 방향)","2","1"
"202508","469.회현역 1번출구","9","14"
"202508","4693. 수색감리교회","0","1"
"202508","470.회현역 7번출구","1","1"
"202508","4705. 웰니스센터(민방위교육장 앞)","19","31"
"202508","4707. 청계3가 사거리","15","31"
"202508","4708. 조계사앞사거리","12","6"
"202508","471.회현사거리 남측","23","32"
"202508","4710. 자교교회 앞","4","3"
"202508","4711. 올림픽기념 국민생활관 로터리","2","5"
"202508","4713. 현대 뜨레비앙 아파트 앞","16","18"
"202508","4715. 돈의문 박물관 마을","2","2"
"202508","4718. 광화문역 6번출구 옆 A","4","3"
"202508","4719. 종로문화원 건너편","32","19"
"202508","472.삼일교(시그니쳐 타워)","7","3"
"202508","4721. 통인시장 정자","9","10"
"202508","473.을지로4가역 9번출구","13","8"
"202508","474.동대문역사문화공원역 1번출구 뒤편","58","53"
"202508","475.DDP 패션몰","25","22"
"202508","4752. 삼성사이버빌리지아파트","1","5"
"202508","4753. 시청역 10번출구","2","2"
"202508","476.광희문","12","9"
"202508","4760. 서울역 7번출구","0","4"
"202508","4761. 중부경찰서앞사거리 건너편","3","0"
"202508","4762. 국제빌딩","7","6"
"202508","4765. 동대문디자인플라자","62","38"
"202508","4768. 서울도시건축전시관","4","12"
"202508","4772. 중앙일보","6","0"
"202508","4774. 을지로입구역 8번출구","13","3"
"202508","4775. 을지로지하쇼핑센터","11","5"
"202508","4776. 신세계면세점","10","14"
"202508","4781. 브라운스위트레지던스","0","2"
"202508","4782. 서소문역사공원","0","2"
"202508","4784. 중부경찰서앞 사거리","8","2"
"202508","4785. 롯데시티호텔","13","3"
"202508","479.동대입구역 3번 출구","0","4"
"202508","4791. 명동역9번 출구","56","71"
"202508","4792. 퇴계로4가 교차로(중구청)","11","17"
"202508","4793. 동대문역사문화공원역 5번출구","14","15"
"202508","4794. 서울역 서부교차로(3)","14","7"
"202508","4796. 서울시청","20","17"
"202508","4797. KG타워 앞","6","2"
"202508","4798. 황학동롯데캐슬","14","13"
"202508","480.약수역 6번 출구","1","3"
"202508","4800. 필동 삼거리","6","0"
"202508","4804. 동서울농협 앞","1","1"
"202508","4807. 라코지스테이 앞","6","6"
"202508","4812. 묵동 이마트 앞","7","6"
"202508","4813. 망우지구대","1","0"
"202508","483.남산타운아파트 버스정류장","0","1"
"202508","4834. 용마복지센터 앞","1","0"
"202508","4835. 망우동 본죽 앞","1","1"
"202508","4840. 서울시 북부병원 앞","0","1"
"202508","4841. 중화수경공원","2","0"
"202508","4843. 봉화산역 4번 출구","3","6"
"202508","485.서울역5번출구","20","11"
"202508","4856. 올림픽공원 서1문 앞","6","3"
"202508","4857. 올림픽공원 장미광장","1","0"
"202508","4859. 잠실나루 나들목","4","4"
"202508","4862. 성내교 남단","0","2"
"202508","4863. 잠실나들목5","1","1"
"202508","4865. 한성백제역 1번출구 뒤","8","11"
"202508","4868. 석촌호수 서호 남단","2","3"
"202508","4870. 몽촌토성역 3번 출구","6","9"
"202508","4895. 송파레이크힐 상가","1","1"
"202508","4897. 잠실주공5단지1","2","0"
"202508","490.가온문화공원","2","2"
"202508","4902. 구역삼세무서 교차로","1","0"
"202508","4903. 신사스퀘어","1","1"
"202508","4905. 강남경찰서","8","7"
"202508","4906. 섬유센터 앞","11","15"
"202508","4907. 극동스포츠 앞","6","0"
"202508","4908. SB타워 앞","8","5"
"202508","4909. 노보텔 앰배서더 앞","17","5"
"202508","4911. 도곡동 골프 로데오거리","2","2"
"202508","4913. 레베쌍트 빌딩 앞","1","4"
"202508","4914. 도심공항타워 앞","26","9"
"202508","4915. 영동중앙교회 버스정류장","1","2"
"202508","4916. 청담역 1번출구","0","2"
"202508","4926. 대치우성아파트 사거리","1","1"
"202508","4928. 교수마을 입구","1","0"
"202508","4929. 파스쿠찌 청담사거리점 앞","1","1"
"202508","493.홍대입구역 6번출구","16","8"
"202508","4930. 학여울역 1번출구","0","1"
"202508","4935. 도곡삼성래미안","1","1"
"202508","4936. SK텔레콤(T1) 인근","8","6"
"202508","4939.도산공원","10","8"
"202508","4940.한강버스 압구정 선착장","102","90"
"202508","4941.압구정로 11길","6","7"
"202508","495.염리초등학교 앞","13","6"
"202508","4952.천호시장 버스정류소 옆","1","0"
"202508","4953. 세양청마루아파트 앞","0","1"
"202508","4964.암사역사공원역 1번출구 A","1","0"
"202508","4965.고덕비즈밸리 쿠쿠강동빌딩","0","1"
"202508","497.합정동주민센터 앞","10","9"
"202508","498.연남동주민센터 앞","5","8"
"202508","500. 어린이대공원역 3번출구 앞","0","2"
"202508","501. 광진문화예술회관 앞","2","1"
"202508","502. 자양(뚝섬한강공원)역 1번출구 앞","46","47"
"202508","505. 자양사거리 광진아크로텔 앞","2","0"
"202508","5055. 마곡역5번출구앞","2","0"
"202508","5057. 마곡역4번출구","1","1"
"202508","506. 금호 어울림 아파트 앞","1","0"
"202508","5064. 양천향교역8번출구","1","0"
"202508","5072. 김포공항입구 교통섬","1","1"
"202508","5075. 등촌역 1번출구","1","1"
"202508","5076. 메이필드호텔앞","3","3"
"202508","508. 성수아카데미타워 앞","12","6"
"202508","5080. 가양역 1번출구","2","0"
"202508","5082. 가양역 7번출구","3","3"
"202508","5084. 강서우체국","3","4"
"202508","5086. 가양테크노타운","0","1"
"202508","5088. 등촌역 센터스퀘어","0","1"
"202508","510. 뚝도아리수정수센터 버스정류소 옆","14","16"
"202508","511. 서울숲역 5번 출구 옆","8","10"
"202508","512. 뚝섬역 1번 출구 옆","4","13"
"202508","513. 뚝섬역 5번 출구 정류소 옆","1","5"
"202508","514. 성수사거리 버스정류장 앞","1","3"
"202508","5153.한강버스 뚝섬 선착장","112","98"
"202508","516. 광진메디칼 앞","3","0"
"202508","518. 청계천 박물관 앞","2","4"
"202508","521. 왕십리역 11번 출구 앞","0","2"
"202508","522. 금호역 1번출구 앞","0","1"
"202508","525. 한양대병원사거리","3","1"
"202508","529. 장한평역 8번 출구 앞","2","3"
"202508","530. 청계벽산아파트 앞","1","0"
"202508","5309. 월계 롯데캐슬아파트 뒤","8","8"
"202508","5313. 중계주공2단지 앞","1","0"
"202508","5319. 연해피빌 앞","0","1"
"202508","533. 금남시장 교차로","1","4"
"202508","5332. 마들역 4번출구","0","1"
"202508","5337. 태강릉 앞","1","0"
"202508","5338. 상계초교 입구 교차로","0","1"
"202508","534. 금호사거리","3","1"
"202508","535. 응봉삼거리","0","3"
"202508","537. 한양대후문역 부근","1","1"
"202508","539. 군자교교차로","1","0"
"202508","540. 군자역 7번출구 베스트샵 앞","1","0"
"202508","542. 강변역 4번출구 뒤","2","3"
"202508","543. 구의공원(테크노마트 앞)","4","2"
"202508","544. 광남중학교","0","3"
"202508","546. 잠실대교북단 교차로","0","2"
"202508","548. 자양나들목","4","4"
"202508","550. 서울시설공단 앞","1","0"
"202508","5503. 마포아트센터 앞","1","0"
"202508","5508. 성산유수지공원","0","1"
"202508","5513. 마포음식문화거리","3","8"
"202508","5514.공덕역 1번출구","6","8"
"202508","5515.한강버스 망원 선착장","65","74"
"202508","552. 대림아크로리버 앞","5","2"
"202508","555. 구의3동주민센터","1","0"
"202508","556. 달맞이공원","3","1"
"202508","558. 성동광진 교육지원청 앞","5","8"
"202508","559. 왕십리역 4번 출구 건너편","11","3"
"202508","560. 비전교회 앞","1","1"
"202508","561. 서울숲역 2번출구 앞","11","7"
"202508","564. 금호역 3번출구","0","5"
"202508","565. 옥수역 3번출구","46","36"
"202508","568. 청계8가 사거리 B","3","6"
"202508","569. 응봉현대아파트 정류소","0","1"
"202508","571. 세종대학교 대양AI센터","0","4"
"202508","5752. 풍납백제문화공원 옆 인근","1","0"
"202508","5756. 극동아파트","0","4"
"202508","576. 광나루역 3번 출구","1","1"
"202508","5765. 삼전동주민센터 건너편","0","1"
"202508","5768.방이삼거리","14","6"
"202508","578. 성동세무서 부근","1","0"
"202508","5781. 올림픽공원 수영장","0","3"
"202508","5783.성내5교 2","0","1"
"202508","5784.한강버스 잠실 선착장","25","30"
"202508","579. 마장역 4번출구","0","1"
"202508","582. 경일중학교 앞","9","13"
"202508","583. 청계천 생태교실 앞","10","11"
"202508","584. 광진광장 교통섬","7","2"
"202508","585. 성수2가1동 공영주차장 인근","8","11"
"202508","5851. 도림천 건널목 위","1","0"
"202508","5853. 여의도역2번출구 앞","8","1"
"202508","5857. U레지던스 앞","1","0"
"202508","5858. 영등포역5번출구","12","12"
"202508","5859. 여의도 삼부아파트","12","9"
"202508","5860. 어울림병원 앞","2","1"
"202508","5861. 보라주유소 앞","1","0"
"202508","5862. 당산역11번출구","13","5"
"202508","5864.장훈고 앞","3","3"
"202508","5865.더리브오피스텔 앞","9","6"
"202508","5866.포레나 당산","11","14"
"202508","5867. H타워 앞","9","5"
"202508","5868. 로프트시티오피스텔","4","3"
"202508","587. 유니베라 앞","14","11"
"202508","5870. LG트윈타워 앞","46","42"
"202508","5877. 문래동 꽃밭정원","1","0"
"202508","5878. 우리은행 앞","3","3"
"202508","5879. 국회도서관 2문 앞","2","0"
"202508","588. 뚝섬 유원지역","11","5"
"202508","5882. 휴젠느","2","1"
"202508","5884. GS강서타워","1","0"
"202508","5887.나루마을 마당공원","3","6"
"202508","5888.여의도성당","4","0"
"202508","589. 성수역3번출구","15","19"
"202508","590. 건국대학교 (입학정보관)","0","1"
"202508","591. 건국대학교 (행정관)","1","0"
"202508","592. 건국대학교 학생회관","1","1"
"202508","593.자양중앙나들목","2","5"
"202508","602. 장안동 사거리","3","4"
"202508","605. 신설동역8번출구","4","1"
"202508","6053. 중부세무서 앞","4","9"
"202508","6054.청구e편한세상아파트 113동 앞","1","1"
"202508","6057. 을지로5가(방산시장)","23","16"
"202508","6058. 서울도시건축전시관 옆","28","12"
"202508","6059. 덕수중학교","10","13"
"202508","6060. 신한은행 본점","17","22"
"202508","6061.충무아트센터","15","15"
"202508","607. 신이문역 2번출구","2","1"
"202508","608. 전농삼성아파트","1","0"
"202508","609. 제기2교","2","2"
"202508","613. 신설동역 10번출구 앞","3","7"
"202508","614. 용두동 사거리","2","1"
"202508","617. 청솔우성아파트 앞","2","2"
"202508","6177. 마곡롯데캐슬르웨스트","2","0"
"202508","6184. 한강버스 마곡 선착장","3","2"
"202508","623. 서울시립대 정문 앞 B","1","7"
"202508","626. 군자교 서측 녹지대","1","1"
"202508","627. 장안동삼거리 교통섬","0","1"
"202508","631. 답십리역 1번출구","1","0"
"202508","633. 청량리 기업은행 앞","4","3"
"202508","634. 외국어대 정문 앞","3","1"
"202508","635. 시조사 앞","6","1"
"202508","638. 서울시립대 정보기술관","2","2"
"202508","639. 서울시립대 후문","1","4"
"202508","641. 용두역 4번출구","8","8"
"202508","642. 신답역 사거리","0","2"
"202508","648. 장안동위더스빌옆","1","0"
"202508","650. 중랑교사거리","2","2"
"202508","656. 영휘원 교차로","1","0"
"202508","660. 동의보감타워","7","7"
"202508","663. 외대앞역 3번출구","1","1"
"202508","664. 서울시립대 건설공학관","3","1"
"202508","665.이문동 쌍용아파트 정문","2","0"
"202508","669.청계한신휴플러스앞 삼거리","1","2"
"202508","670.삼육서울병원 버스정류장","1","1"
"202508","671.대광빌딩","1","2"
"202508","672.대광고등학교","2","2"
"202508","674.고대앞사거리 교통섬","3","3"
"202508","676.FITI시험연구원 앞","10","5"
"202508","678.장안힐스테이트(아) 앞","0","1"
"202508","680.꿈마루어린이도서관 앞","2","4"
"202508","700. KB국민은행 염창역 지점 앞","2","0"
"202508","701. 목동사거리 부근","1","0"
"202508","713. 양서중학교 옆","1","0"
"202508","719. 홍익병원앞 교차로","2","6"
"202508","729. 서부식자재마트 건너편","2","0"
"202508","731. 서울시 도로환경관리센터","2","0"
"202508","736. 오솔길공원","1","1"
"202508","740. 으뜸공원","0","1"
"202508","742. 등촌역 5번 출구 뒤","0","2"
"202508","747. 목동3단지 상가","1","1"
"202508","748. 목동운동장","0","2"
"202508","755. 목동1단지아파트 상가 앞","1","0"
"202508","765. 오목교역 3번출구","0","3"
"202508","766. 신목동역 3번출구","1","0"
"202508","768.목동5단지아파트 501동","0","2"
"202508","769.CBS방송국 앞","2","0"
"202508","773.염창역 3, 4번 출구 사이","0","1"
"202508","776.목마공원","1","1"
"202508","780.신정교 하부","2","2"
"202508","787.양천아파트 입구","1","0"
"202508","791.현대하이페리온","3","3"
"202508","792.목동트라팰리스 웨스턴에비뉴","1","3"
"202508","793.목동5단지아파트 534동","2","2"
"202508","795.양천 해누리타운","0","2"
"202508","802. 한강진역 2번 출구 앞","10","0"
"202508","805. 문배어린이공원 앞","0","1"
"202508","806. 전자랜드 본관 앞","6","7"
"202508","807. 서울역 12번 출구 앞","8","8"
"202508","808. 서빙고동 금호맨션 앞","3","0"
"202508","809. 한남 유수지 복개주차장","2","5"
"202508","810. 이태원지하보도","11","17"
"202508","811. 녹사평역1번출구","14","6"
"202508","813. 삼각지역 3번출구","4","9"
"202508","816. 신용산역 6번출구 앞","4","5"
"202508","817. 삼각지역 4번출구 앞","6","7"
"202508","818. 숙명여대 입구 교차로","17","6"
"202508","819. 선린인터넷 고등학교","2","7"
"202508","820. 청파동입구 교차로","7","3"
"202508","822. 이촌1동 마을공원","1","0"
"202508","825. 서빙고동 주민센터 앞","47","95"
"202508","826. 서울역 서부교차로2","7","6"
"202508","828. 숙대입구역 8번","3","0"
"202508","829. 한강대교 북단 교차로","20","17"
"202508","830. 강변삼성스위트아파트 앞","2","0"
"202508","832. 이촌1동 주민센터 뒤","2","1"
"202508","834. 효창공원앞역 3번출구 앞","1","1"
"202508","835. 남영역 건너편","3","4"
"202508","836. 현대자동차서비스 앞","6","11"
"202508","837. 한남나들목 입구","4","29"
"202508","838. 숙대입구역 4번출구","8","15"
"202508","839. 보광동 삼성리버빌아파트 앞","19","22"
"202508","841. 신용산역 1번 출구","2","13"
"202508","843. 이태원관광특구 입구(용산구청방향)","6","7"
"202508","845. 용산 선인상가","0","3"
"202508","846. 용산중학교","1","8"
"202508","848. 삼각지12번 출구","14","15"
"202508","849. 삼각지 자이아파트","10","2"
"202508","851.효창 푸르지오 앞","0","5"
"202508","852. 청암자이아파트 앞","4","6"
"202508","853.용산역 맞은편","27","19"
"202508","854.HID 유족동지회 앞","1","2"
"202508","855.이촌역5번출구 앞","2","4"
"202508","857. 현대 안성타워","10","2"
"202508","858.녹사평역3번 출구","16","11"
"202508","859.남산공원 야외식물원 앞","3","2"
"202508","860.LG한강 자이아파트 앞","8","8"
"202508","863.이촌역2번 출구","6","7"
"202508","864.순천향대학병원(한남오거리)","7","5"
"202508","866.브라운스톤 남산아파트","3","1"
"202508","867.서빙고역 광장(1번출구)","6","6"
"202508","869.노들섬 동측 앞","6","10"
"202508","870.노들섬 서측 앞","63","56"
"202508","903. 은평뉴타운 아이파크","1","0"
"202508","905. 구파발역 2번출구","0","1"
"202508","906. 연신내역 5번출구","2","1"
"202508","907. CJ 드림시티","2","6"
"202508","912. 응암오거리","1","0"
"202508","913. 이마트 버스정류장(서부경찰서 방면)","3","3"
"202508","914. 새절역 2번출구","10","10"
"202508","915. 증산역 4번출구","2","3"
"202508","917. 녹번역 3번출구","0","1"
"202508","922. 연신내역 4번출구","1","3"
"202508","928. 은평역사한옥박물관","9","7"
"202508","938. 금암 문화공원","1","0"
"202508","949. 연신내역 1번 출구 ","1","0"
"202508","950. 구산역 2번 출구 예일여고 버스정류장","1","1"
"202508","959. 구파발10단지 인근","0","1"
"202508","965. 서울특별시 은평병원","1","0"
"202508","967. 서울혁신파크2","0","1"
"202508","984.상신초등학교앞 버스정류장","1","0"
"202508","989. 신응교(가좌로) 앞","3","1"
"202508","992.북한산입구 정류장","2","2"
"202508","996.응암역2번출구 국민은행 앞","2","1"
"202508","상담센터","3","0"
"202509","1001. 광진교 남단 사거리(천호공원 방면)","3","4"
"202509","1003. 해공도서관앞","1","0"
"202509","1007.암사동 선사유적지","2","3"
"202509","1009. 천호역4번출구(현대백화점)","8","7"
"202509","1010. 강동세무서","3","2"
"202509","1011. LIGA 아파트 앞","2","0"
"202509","1018. 둔촌 주공 GS 맞은편","2","1"
"202509","1019. 다성이즈빌아파트(호원대 대각선 맞은편)","0","1"
"202509","102. 망원역 1번출구 앞","24","14"
"202509","1020. 강동경찰서","1","1"
"202509","1022. 길동 사거리(초소앞)","0","3"
"202509","1023. 한국종합기술사옥 앞","2","0"
"202509","1024.  강동구청 앞","3","0"
"202509","1028. 포레스 주상복합 빌딩","3","2"
"202509","103. 망원역 2번출구 앞","19","18"
"202509","1030. 미호 플랜트 앞","0","2"
"202509","1032. 선사고등학교","0","1"
"202509","1039. 고덕초등학교","2","2"
"202509","104. 합정역 1번출구 앞","10","10"
"202509","1044. 굽은다리역","1","0"
"202509","105. 합정역 5번출구 앞","4","5"
"202509","1050.  둔촌역 3번 출입구","2","5"
"202509","106. 합정역 7번출구 앞","43","57"
"202509","1068.명일파출소","0","1"
"202509","107. 수협 연남동지점","16","17"
"202509","1072.고덕역 5번출구","0","1"
"202509","1073. SSTS 몰 앞","1","0"
"202509","1076. 천동초교입구사거리 버스정류장(십자성마을 방면)","1","1"
"202509","1077.강동역 1번출구 앞","1","1"
"202509","1078.둔촌사거리","3","5"
"202509","108. 서교동 사거리","28","16"
"202509","1080.천호지하주차장 5번 출입구","1","0"
"202509","1081.트레빌빌딩","1","1"
"202509","1084. 윤선생빌딩(JYP사옥)","6","9"
"202509","1088.풍납사거리(강동)","1","0"
"202509","1101. 상사마을 버스정류장(아라대교방면)","1","1"
"202509","1103. 방화역 4번출구앞","7","2"
"202509","1105. 방화근린공원","2","0"
"202509","1109. 공항시장역 4번출구","1","0"
"202509","111. 상수역 2번출구 앞","44","35"
"202509","1111. 마곡엠밸리6_7단지 마곡중학교","1","0"
"202509","1113. 서남환경공원 버스정류장","0","1"
"202509","1117. 등촌5단지아파트 버스정류장","3","1"
"202509","1118. 증미역 3번출구뒤(등촌두산위브센티움오피스텔)","0","1"
"202509","1119. 염창동 한마음아파트 앞","1","0"
"202509","1124. 발산역 6번 출구 뒤","8","12"
"202509","113. 홍대입구역 2번출구 앞","37","33"
"202509","1135. 강서구의회","1","0"
"202509","1136. 등촌2파출소","0","1"
"202509","1139. 용문사 버스정류장","1","1"
"202509","114. 홍대입구역 8번출구 앞","20","40"
"202509","1140. 목동사거리 버스정류장","5","3"
"202509","1141. 곰달래 문화복지센터 A","0","1"
"202509","1149. 신방화역환승주차장","1","0"
"202509","115. 마스타 빌딩 앞","12","18"
"202509","1151. 마곡역1번출구","2","1"
"202509","1153. 발산역 1번, 9번 인근 대여소","4","14"
"202509","1155. 기쁜우리복지관","0","2"
"202509","1157. 강서구청","2","0"
"202509","1158. 가양역 8번출구","2","0"
"202509","1160. 양천향교역 7번출구앞","1","3"
"202509","1161. 강서면허시험장 앞","1","2"
"202509","1169. 염창역 1번 출구","2","2"
"202509","117. 홍은사거리","1","4"
"202509","1170. 강서구보건소","1","0"
"202509","1173. 강서구청사거리(SH타워)","2","1"
"202509","1178. 개화산역 2번 출구","0","1"
"202509","118. 광흥창역 2번출구 앞","4","2"
"202509","1182. KBS 스포츠월드","2","4"
"202509","1185. 등촌9단지","1","1"
"202509","119. 서강나루 공원","38","37"
"202509","1191. 마곡역 버스정류장(마곡나루역1번출구, 웰튼병원 방면)","5","4"
"202509","1196. 서울식물원(문화센터) 건너편","0","1"
"202509","1197. 엠펠리체 호텔 건너편","16","9"
"202509","1198. LG 사이언스파크","2","1"
"202509","1199. 우장산역 3번출구","0","1"
"202509","120. 신수동 사거리","3","3"
"202509","1205. 종합운동장역 4번출구","2","5"
"202509","1206. 9호선종합운동장역 9번출구","4","1"
"202509","1208. 풍납현대아파트쉼터","1","1"
"202509","1209. 잠실나루역 (2번 출구 쪽)","7","2"
"202509","121. 마포소방서 앞","1","0"
"202509","1210. 롯데월드타워(잠실역2번출구 쪽)","43","23"
"202509","1212. 송파역 2번 출구앞","4","2"
"202509","1215. 올림픽공원역 1번출구 앞","3","6"
"202509","122. 신성기사식당 앞","2","2"
"202509","1222. 잠실새내역 5번 출구 뒤","20","24"
"202509","1224. 아시아지하보도 2번 출구","2","3"
"202509","123. 문화촌 공원","1","2"
"202509","1230. 송파중학교 정문","0","1"
"202509","1231. 잠실역 6번출구","13","28"
"202509","1232. 잠실주공 521동 건너편","6","6"
"202509","1233. 잠실3거리(갤러리아팰리스)","1","0"
"202509","1235. 잠실트리지움310동 옆","2","3"
"202509","124. 서강대 정문 건너편","3","2"
"202509","1240. 문정 법조단지4","1","2"
"202509","1242. 문정 법조단지6","2","1"
"202509","1244. 문정 법조단지8","6","8"
"202509","1245. 문정 법조단지9","1","0"
"202509","1246. 문정 법조단지10","3","2"
"202509","1247. 문정 법조단지11","4","4"
"202509","1248. 방이초등학교","1","1"
"202509","1251. 석촌역 2번출구","7","4"
"202509","1253. 오금역 3번 출구 뒤","0","1"
"202509","1256. 문정현대아파트 교차로","1","0"
"202509","1257. 가락시장역 사거리","2","1"
"202509","1259. 방이역 1번출구","2","0"
"202509","126. 서강대 후문 옆","7","12"
"202509","1260. 방이동 한양3차아파트 옆","0","1"
"202509","1262. 송파여성문화회관 앞","2","2"
"202509","1264. 천호역 10번 출구 앞","1","4"
"202509","1266. 문정동 글샘 공원","0","2"
"202509","1267. 올림픽공원 남2문 앞","8","7"
"202509","1268. 몽촌토성역 1번출구 옆","7","9"
"202509","1269. 리센츠아파트 ","4","5"
"202509","127. 현대벤처빌 앞","3","0"
"202509","1274. 영파여고 앞","1","1"
"202509","1275. 거여초등학교 옆","1","0"
"202509","1277. 성내7교","3","1"
"202509","1278. 송파구청 교차로","0","4"
"202509","128. 신촌역(2호선) 1번출구 옆","6","13"
"202509","1287. 위례아이파크 101동 맞은편","0","2"
"202509","1289. 풍납토성 서성벽터B","2","2"
"202509","129. 신촌역(2호선) 6번출구 옆","6","9"
"202509","1293. 석촌호수 서호 사거리","2","4"
"202509","1295. 잠실역 8번출구","5","11"
"202509","1296. 석촌호수교차로 (송파나루근린공원 앞)","3","3"
"202509","1297. 석촌호수교차로(동호 팔각정 앞)","4","9"
"202509","130. 신촌역(2호선) 7번출구 앞","19","32"
"202509","1302. 한성대입구역6번출구 뒤","4","0"
"202509","1305. 성북구청","1","2"
"202509","1306. 한성대입구역2번출구","5","4"
"202509","1308. 안암로터리 버스정류장 앞","12","7"
"202509","131. 증산2교","2","2"
"202509","1315. 고려사대부속중고 정문","0","1"
"202509","1319. 종암박스파크","2","3"
"202509","1321. 국민은행 종암동지점 앞","6","1"
"202509","1328. 월곡역 3번출구","3","0"
"202509","1333. 석관초등학교 앞","0","1"
"202509","1337. 돈암성당 옆","3","6"
"202509","1338. 용문2교 옆","0","2"
"202509","134. 연세로 명물길","19","10"
"202509","1348. 성북제일새마을금고 본점 앞","1","0"
"202509","135. 명물길 원형무대 앞","4","8"
"202509","1351. 안암2교 옆","7","5"
"202509","1354. 고려대학교 2번출구","22","9"
"202509","1357. 북한산보국문역","1","0"
"202509","1358. 정릉도서관 앞","0","1"
"202509","1363. 보문4교 인근","3","1"
"202509","1364. 성북동 치안센터 앞","2","0"
"202509","1366. 일신초등학교 옆","1","0"
"202509","1367. 길음문화복합미디어센터","0","1"
"202509","1368. 성신여대입구 교차로","3","3"
"202509","137. 신촌기차역입구 교차로","2","1"
"202509","1370. 복자사랑 피정의 집","0","2"
"202509","1372. KEB은행 고대점","21","13"
"202509","1373. 성북구보건소 건너편","1","2"
"202509","1375. 생명의 전화 종합복지관 앞 교차로","1","1"
"202509","138. 신촌동 제1공영주차장 앞","3","2"
"202509","1380.월곡역 5번출구 앞","1","1"
"202509","1381.석계역 4번출구 뒤","1","1"
"202509","1384.성신여대입구역 5번출구","1","5"
"202509","1385.성신여대입구역 3번출구 앞","0","2"
"202509","1386.동선고가차도 초입","0","2"
"202509","139. 연세대 정문 건너편","1","1"
"202509","1390.석관래미안아트리치","0","1"
"202509","140. 이화여대 후문","15","7"
"202509","1401. 극동늘푸른아파트","1","0"
"202509","1411. 상봉시장앞 교차로 한성빌딩 앞","1","1"
"202509","1414. 사가정역 2번출구","2","2"
"202509","142. 아현역 4번출구 앞","1","7"
"202509","1421. 신내역 4번출구","1","0"
"202509","1422. 신내우디안아파트 1단지","0","1"
"202509","1424. 양원역 2번출구","0","1"
"202509","1427. 용마산역 1번출구","2","1"
"202509","143. 공덕역 2번출구","5","6"
"202509","1437. 늘푸른공원 앞","1","0"
"202509","1444. 면목4치안센터","10","10"
"202509","1448. 코스트코 상봉점","1","1"
"202509","145. 공덕역 5번출구","6","6"
"202509","1452. 겸재교 진입부","1","2"
"202509","1458. 상봉터미널2","2","2"
"202509","146. 마포역 2번출구 뒤","16","18"
"202509","1461.동양엔파트 앞","1","0"
"202509","1462.동부시장 북문 앞","2","1"
"202509","147. 마포역 4번출구 뒤","21","40"
"202509","1471.동양쇼핑 정류소 앞","1","0"
"202509","148. 용강동 주민센터 앞","5","1"
"202509","150. 서강대역 2번출구 앞","9","16"
"202509","1504. 삼양시장오거리","0","2"
"202509","1506. 강북문화예술회관","2","0"
"202509","1512. 강북중학교 앞","0","2"
"202509","1514. 강북구청 사거리 버스정류소 앞","2","2"
"202509","1520. 수유중앙시장","2","0"
"202509","1527. 미아역 1번 출구 뒤","1","0"
"202509","153. 성산2교 사거리","11","7"
"202509","1530. 광산사거리","2","0"
"202509","1535. 효성인텔리안 앞","1","5"
"202509","154. 마포구청역 ","27","20"
"202509","1540. 가오리역","0","1"
"202509","1548. 북서울 꿈의숲 서문","2","0"
"202509","155. 가좌역1 번출구 앞","1","1"
"202509","1552. 강북구청사거리","3","2"
"202509","156. 서울서부지방법원 앞","1","3"
"202509","1560. 도봉세무서 앞","1","1"
"202509","1564.4.19민주묘지역 1번출구","0","1"
"202509","1565.수유사거리","1","0"
"202509","1569.수유역2번출구","3","3"
"202509","157. 애오개역 4번출구 앞","5","6"
"202509","160. 북아현동 가구거리","3","2"
"202509","1601. 석계역 문화광장 내 자전거 보관소","0","1"
"202509","1602. 광운대역 앞","2","1"
"202509","1608. 공릉역 1번 출구 앞","4","4"
"202509","1611. 과기대 입구(우)","0","3"
"202509","162. 봉원고가차도 밑","9","2"
"202509","1625. 상계역 3번출구","1","3"
"202509","163. 명지전문대학교 정문 앞","0","1"
"202509","1637. KT 전화국 버스정류장 옆","0","1"
"202509","1640. 한내근린공원 북측","1","1"
"202509","1653. 노원역1번출구","3","4"
"202509","1656. 중앙하이츠 아파트 입구","1","0"
"202509","1657. 노원구청 ","2","1"
"202509","166. 가재울 초등학교","3","2"
"202509","1661. 당현천근린공원","1","1"
"202509","1663. 동해문화예술관앞","2","4"
"202509","1666. 노원소방서인근","2","2"
"202509","1668. 중계역 6번출구","1","1"
"202509","1669. 중계역 3번출구","0","1"
"202509","167. 연가초등학교 옆","2","0"
"202509","1671. 인덕대학교","0","1"
"202509","1674. 서울북부고용센터앞","1","1"
"202509","1684. 태릉입구역 5번출구","1","0"
"202509","1686. 상계주공10단지 종합상가 앞","0","1"
"202509","1691. 노원정보도서관","1","0"
"202509","170. DMC파크뷰자이아파트 302동 앞","2","1"
"202509","1703. 도봉산광역환승센터앞 ","1","0"
"202509","1707. 도봉구민회관","1","0"
"202509","171. 임광빌딩 앞","5","1"
"202509","1716. 창동역 1번출구 건너편","0","1"
"202509","1720. 도봉구청 옆(중랑천변)","3","0"
"202509","1729. 도봉한신아파트 버스정류장","0","1"
"202509","1730. 도봉산역 교차로 앞","0","1"
"202509","1736. 버스정류장 앞","1","0"
"202509","1737. 신창시장","4","4"
"202509","1749. ESA아파트 상가 앞","1","2"
"202509","175. 홍연2교옆","3","3"
"202509","1750. 창포원 남쪽 입구","0","2"
"202509","1751. 창원초등학교 교차로","2","1"
"202509","176. 명지대학교 도서관","6","9"
"202509","1765.쌍문역 1번출구 주변","2","2"
"202509","1774.정의여중고 버스정류소","0","2"
"202509","178. 증산3교 앞","1","1"
"202509","179. 가좌역 4번출구 앞","5","2"
"202509","180. 충정로역 7번출구 아래","2","7"
"202509","1804. 독산역 2번출구 자전거주차장","0","2"
"202509","1809. LG전자 별관동(호서대 벤처타워 맞은편)","18","9"
"202509","181. 망원초록길 입구","25","16"
"202509","182. 망원2빗물펌프장 앞","16","14"
"202509","1824. 독산근린공원 입구","5","2"
"202509","1827. 독산보도육교 앞 자전거 보관소","0","1"
"202509","1829. 홈플러스 금천점 앞","0","1"
"202509","183. 하늘채코오롱아파트 건너편","11","3"
"202509","1830. 빅마켓 금천점 앞","2","0"
"202509","1834. 월드메르디앙 벤처센터 2차","0","1"
"202509","1839. 수출의 다리 아래","1","0"
"202509","184.망원우체국사거리 인근","5","4"
"202509","185. 마포 신수공원 앞","7","21"
"202509","1850. 코오롱테크노밸리","1","0"
"202509","1858. 500번,507번 버스 종점 앞","0","1"
"202509","1859. 대륭테크노타운 18차","0","1"
"202509","186. 월드컵공원","10","9"
"202509","1862.스타즈호텔독산 빌딩 앞","2","2"
"202509","1869.롯데캐슬골드파크3차 301동 앞","2","2"
"202509","1870.독산3동주민센터 앞","0","1"
"202509","188. 홍은동 정원여중 입구","1","0"
"202509","1904. 도림천역 1번 출구 앞","1","0"
"202509","1906. 신도림역 1번 출구 앞","3","1"
"202509","1908. 해원리바파크 육교 밑","2","0"
"202509","1911. 구로디지털단지역 앞","0","1"
"202509","1912. 한신휴아파트 앞","0","1"
"202509","1914. 대림역4번출구","0","1"
"202509","192. 연서어린이공원","1","0"
"202509","1920. 서울미래초등학교 사거리","1","0"
"202509","194. 증산교 앞","1","2"
"202509","195. 모래내고가차도 ","1","2"
"202509","1955. 디지털입구 교차로","0","2"
"202509","196. 연희교차로 인근","0","2"
"202509","1961. 신도림테크노근린공원","2","1"
"202509","1962. 가리봉동주민센터","1","0"
"202509","1966. 한마을아파트 정문상가","0","2"
"202509","1969. 궁동생태공원","1","0"
"202509","1971. 오정초교 앞 보도육교","2","0"
"202509","1977. 천왕역 1번 출입구 앞","0","2"
"202509","1979. 구로1동우체국 앞","2","0"
"202509","198. 충정2교","0","1"
"202509","1985. 구로도서관","0","2"
"202509","199. 서울 월드컵 경기장","13","5"
"202509","1991. 오류동역 맞은편","0","2"
"202509","1992. 구로구배드민턴실내체육관 앞","2","2"
"202509","1994. 삼성전자 물류센터 앞","3","1"
"202509","1996. 구일역 1번 출입구 앞","4","3"
"202509","200. 국회의원회관","2","0"
"202509","2002. 노들역 1번출구","22","39"
"202509","2003. 사육신공원앞","1","1"
"202509","2009. 보라매역 8번출구","1","1"
"202509","201. 진미파라곤 앞","15","8"
"202509","2013. 장승배기역 5번출구","1","0"
"202509","202. 국민일보 앞","14","23"
"202509","2020. 장승배기역2번출구뒷편쪽","0","1"
"202509","2024. 상도역 1번출구","0","1"
"202509","2025. 흑석역 1번출구","10","33"
"202509","2026. 흑석역 4번출구","4","0"
"202509","2027. 중앙대학교 정문 1","4","6"
"202509","203. 국회의사당역 3번출구 옆","12","9"
"202509","2032. 이수역 11번출구쪽","1","3"
"202509","2033. 사당동 아르테스 웨딩앞","1","0"
"202509","2034. 사당역 7번출구쪽","1","0"
"202509","2036. 정금마을 마을버스정류장","0","1"
"202509","2037. 동작역 5번출구 동작주차공원","15","16"
"202509","2038. 동작역 7번출구","1","2"
"202509","204. 국회의사당역 5번출구 옆","0","2"
"202509","205. 산업은행 앞","21","11"
"202509","2050. 노량진역 5번출구","8","8"
"202509","2054. 삼익아파트","0","1"
"202509","2057. 상도 아이파크 아파트","1","0"
"202509","2058. 동작경찰서","9","4"
"202509","206. KBS 앞","8","2"
"202509","2067. 보라매역?동작세무서 버스정류장(강남중학교방면)","2","0"
"202509","2069. 숭실대 입구역3번 출구 앞","1","1"
"202509","207. 여의나루역 1번출구 앞","143","127"
"202509","2070. 노량진역 2번 출구 앞","2","5"
"202509","2077.노들역 3번출구","5","5"
"202509","2078.흑석 아크로리버하임(103동)","0","2"
"202509","2079.중앙대학교 중앙광장","7","1"
"202509","2080. 대방지하보도(대방동경남아너스빌아파트)","0","2"
"202509","2085.강남중학교 앞","0","4"
"202509","2088.상도중앙하이츠빌 입구","5","2"
"202509","2089.사당역10번출구(금강빌딩)","0","4"
"202509","209. 유진투자증권빌딩 앞","17","28"
"202509","2096.서울특별시 동작관악교육지원청","2","0"
"202509","2102. 봉림교 교통섬","6","6"
"202509","2103. 신림동 우방아파트","5","5"
"202509","2104. 사당역 5번출구","2","2"
"202509","2105. 미성동 신림체육센터","0","1"
"202509","2109. 은천로입구 가로공원","3","2"
"202509","2111. 서울대입구역 1번출구","3","0"
"202509","2112. 서울대입구역 마에스트로","0","1"
"202509","2128. 관악구청교차로","2","0"
"202509","213. KT앞","0","3"
"202509","2136. 신림역 8번출구","2","3"
"202509","2140. 신림1교 교차로","10","10"
"202509","215. 여의도고교 앞","26","20"
"202509","217. NH농협은행 앞","11","1"
"202509","2170. 조원동 강남힐병원","1","0"
"202509","2171. 서울대입구역 5번출구","4","2"
"202509","2173. 당곡사거리","1","0"
"202509","2175. 신림동걷고싶은문화의거리입구","3","7"
"202509","2176. 보라매공원 보도육교","4","6"
"202509","2178. 서울대학교 정문","2","1"
"202509","2179. 양녕로 입구","5","1"
"202509","2185. 대학동 고시촌","0","2"
"202509","2187. 현대시장사거리","0","2"
"202509","2189. 봉천역 4번출구","0","1"
"202509","219. 롯데캐슬엠파이어 옆","1","2"
"202509","2190.도원맨션","0","1"
"202509","2191.대학동주민센터 ","1","1"
"202509","2198.사랑의병원","1","1"
"202509","220. 미성아파트 A동 앞","4","2"
"202509","2203. 청계산입구역 2번출구","2","0"
"202509","2206. 언남초등학교 앞","0","2"
"202509","221. 여의도초교 앞","22","10"
"202509","2210. 반포1동 주민센터 앞","1","0"
"202509","2211. 서초구립반포도서관 앞","2","1"
"202509","2213. 고속터미널역 5번출구 앞","5","5"
"202509","2214. 신반포역 2번출구 앞","40","39"
"202509","2215. 반포종합운동장 입구","4","1"
"202509","2217.아크로리버뷰 부지 앞","47","140"
"202509","2219. 고속터미널역 8-1번, 8-2번 출구 사이","44","26"
"202509","222. 시범아파트버스정류장 옆","1","3"
"202509","2221. 방일초교 마을버스 정류장","0","1"
"202509","2222.사당역 12번출구 뒤","1","8"
"202509","2225.백석예술대학교 제3캠퍼스 앞","0","1"
"202509","2226. 신동아럭스빌아파트 앞","3","2"
"202509","2229.로고스교회 맞은 편","1","0"
"202509","223. 진주아파트상가 앞","7","0"
"202509","2230.이수역 4번 출구","3","1"
"202509","2231. 삼성타운(삼성생명) A동 맞은편","1","5"
"202509","2233. 서초신동아1차아파트 옆","1","0"
"202509","2235.KT 서초지사 앞","0","1"
"202509","2237.서울남부터미널 대합실 입구","1","1"
"202509","2239.교대역 6번출구","0","1"
"202509","224. 롯데캐슬 앞","6","6"
"202509","2241.양재전화국 사거리","1","1"
"202509","2243.서울가정법원","0","1"
"202509","2244. 말죽거리공원 사거리","0","3"
"202509","2245.양재초등학교 맞은편","3","2"
"202509","225. 앙카라공원 앞","2","2"
"202509","2255. 양재시민의숲역 1번출구","3","0"
"202509","2259. 잠원역 3번-4번 출구사이 ","7","0"
"202509","226. 샛강역 1번출구 앞","1","3"
"202509","2264. 이수역 1번출구","2","2"
"202509","2265. 이수고가차도 남단","0","1"
"202509","2266. 서초역 3번출구","7","2"
"202509","2269. 주홍교 하부","2","0"
"202509","227. 양평1나들목 보행통로 입구","5","11"
"202509","2271. 내방역 8번출구 앞","4","1"
"202509","2277. 길마중4교 하부","10","5"
"202509","2279. 교대역 5번출구뒤","2","3"
"202509","228. 선유도역 3번출구 앞","25","18"
"202509","2280. 서울서초고용센터앞","1","0"
"202509","2281. 서울교통공사 사당별관 건너편","0","2"
"202509","229. 양평1 보행육교 앞","4","2"
"202509","2293. SPC 앞","0","1"
"202509","230. 영등포구청역 7번출구","5","2"
"202509","2301. 현대고등학교 건너편","8","8"
"202509","2302. 교보타워 버스정류장(신논현역 3번출구 후면)","12","13"
"202509","2303. 논현역 10번출구","5","5"
"202509","2304. 대현그린타워","2","0"
"202509","2305. MCM 본사 직영점 앞","1","0"
"202509","2306. 압구정역 2번 출구 옆","15","23"
"202509","2307. 압구정 한양 3차 아파트","6","6"
"202509","2308. 압구정파출소 앞","13","18"
"202509","2309. 청담역(우리들병원 앞)","2","4"
"202509","231. 남부고용노동지청 남측","16","8"
"202509","2310. 청담동 맥도날드 옆(위치)","6","3"
"202509","2311. 학동로 래미안 아파트 앞","3","0"
"202509","2312. 청담역 13번 출구 앞","11","4"
"202509","2313. 금원빌딩 앞","7","5"
"202509","2315. 봉은사역 5번출구 옆","5","20"
"202509","2317. 삼성도로공원","11","26"
"202509","2318. 삼성중앙역4번출구(문화센터더 리빌)","2","0"
"202509","2319. 포스코사거리 서측(수협 삼성동 지점)","3","0"
"202509","232. 양평우림 이비즈센타 앞","5","2"
"202509","2325. 대치삼성아파트 앞 교차로","0","2"
"202509","2326. 대치동 삼성로","2","0"
"202509","2327. 뱅뱅사거리 랜드마크타워 앞","2","1"
"202509","2328. 르네상스 호텔 사거리 역삼지하보도 7번출구 앞","9","5"
"202509","2329. 르네상스호텔사거리 역삼지하보도 2번출구","0","1"
"202509","2330. 역삼월드메르디앙아파트 앞","1","0"
"202509","2331. 동영문화센터앞","1","1"
"202509","2332. 선릉역3번출구","3","16"
"202509","2333. 양재역 3번출구 주변","2","0"
"202509","2334. 삼호아파트 2동 ( 간선도로)","1","0"
"202509","2335. 3호선 매봉역 3번출구앞","2","1"
"202509","2340. 삼호물산버스정류장(23370) 옆","0","2"
"202509","2347. 두산건설 본사","1","0"
"202509","2348. 포스코사거리(기업은행)","5","8"
"202509","2349. 역삼빌딩 앞(하나은행 옆)","0","7"
"202509","2352. 서울본부세관(건설회관 앞)","2","1"
"202509","2353. 강남구청역 2번출구 뒤","5","2"
"202509","2354. 청담역 2번출구","2","1"
"202509","2356. 강남구청","2","0"
"202509","2357. 르네상스호텔사거리 역삼지하보도 3번출구 앞 (더 오번 빌딩 명동칼국수 앞)","1","2"
"202509","2358. 구룡초사거리 (현대아파트10동 앞 )","1","0"
"202509","236. 문래동자이아파트 앞","5","2"
"202509","2362. 신사동 가로수길 입구","17","17"
"202509","2363. 강남 을지병원 교차로","1","8"
"202509","2364. 도산공원교차로","6","4"
"202509","2365. K+ 타워 앞","14","16"
"202509","2369. KT선릉타워","8","2"
"202509","2371. 한국우편사업진흥원","7","1"
"202509","2373. 개포동역 사거리","0","2"
"202509","2377. 수서역 5번출구","1","0"
"202509","2380. 봉은사로68길 북측","2","2"
"202509","2381. 언주역 4번출구","6","5"
"202509","2382. 역삼동 sk뷰 501동앞","0","1"
"202509","2384. 자곡사거리","0","1"
"202509","2385. 학동역","6","6"
"202509","2386. 크린랩 본사","1","0"
"202509","2388. 강남구 도시관리공단","1","0"
"202509","2398. 더라움","1","2"
"202509","240. 문래역 4번출구 앞","2","7"
"202509","2405. 청담공원앞 교차로","3","2"
"202509","2406. 논현동 광명빌딩 앞","4","5"
"202509","2407. 역삼서초삼성 세무서 앞 (역삼빌딩 앞)","17","15"
"202509","2409. 역삼동 디오슈페리움 (우성아파트 사거리)","4","2"
"202509","2410. 포스코피앤에스타워 (역삼역 3번출구 부근)","4","2"
"202509","2411. 세곡동 성당","2","0"
"202509","2414. 도곡역 아카데미스위트 앞","1","1"
"202509","2415.한티역 롯데백화점 앞","2","1"
"202509","2417.선정릉 디캠프(D,CAMP)앞","0","2"
"202509","2418.봉은사역 7번 출구 ","9","8"
"202509","2419.봉은사역 1,2번 출구 ","9","18"
"202509","242. 신길선원가와인아파트 앞","1","1"
"202509","2425.세곡동 사거리(대왕초등학교 정류장)","1","2"
"202509","2429.압구정로데오역 6번출구","15","32"
"202509","243. 이앤씨드림타워 앞","0","5"
"202509","2430.강남파이낸스센터앞(역삼역2번출구)","4","6"
"202509","2431.대치역 7번출구","2","1"
"202509","244. 영등포삼환아파트 앞","0","1"
"202509","247. 당산역 10번출구 앞","2","7"
"202509","248. 초원아파트 앞","9","6"
"202509","249. 여의도중학교 옆","46","52"
"202509","2502. 서초역1번출구 앞","2","5"
"202509","2503. 반포1동 서초빌딩 앞","6","6"
"202509","2504. 신사역 4번출구 뒤","14","24"
"202509","2505. 우성아파트사거리 (기업은행앞)","4","5"
"202509","2509. 심산기념문화센터","1","1"
"202509","251. 서울지방병무청 버스정류장","0","1"
"202509","2514.사평역 2번출구","4","1"
"202509","2515.서초초등학교 후문","15","16"
"202509","2516.본마을 노인복지센터 앞","1","0"
"202509","2517. 서초그랑자이 앞","4","0"
"202509","252. 보라매역4번출구","2","2"
"202509","2521.서초 크로바타워 앞","0","1"
"202509","2523.뉴코아 킴스클럽 앞","0","3"
"202509","2524.반포쇼핑타운 8동 앞","1","2"
"202509","2525.반포쇼핑타운 2동 앞","79","115"
"202509","2530.삼호3차아파트 앞","0","1"
"202509","2531.멤피스아파트 앞","0","1"
"202509","2535.신반포역 3번출구 뒤","5","11"
"202509","2537.양재역 8번출구 앞","1","1"
"202509","2538.사평리근린공원","22","27"
"202509","2539.대한무역투자진흥공사 KOTRA 앞","2","0"
"202509","2540.반포천 앞","6","5"
"202509","2542.신논현타워 앞","11","8"
"202509","2545.국립중앙도서관(국제회의장옆)","0","2"
"202509","2547. 반포래미안 리오센트","1","1"
"202509","2550.양재동 꽃시장 건너편","1","0"
"202509","258. 신길역3번출구","3","0"
"202509","259. 대방역6번출구","6","13"
"202509","260. 여의도 마리나선착장 앞","7","5"
"202509","2601. 석촌호수 아뜰리에","9","6"
"202509","2604. 풍납토성 서성벽터A","14","14"
"202509","2608. 송파구청","20","11"
"202509","2611. 송파지역자활센터 뒤","2","1"
"202509","2613. 잠실나들목","14","9"
"202509","2614. 가락고등학교 앞","0","1"
"202509","2615. 테라타워2","1","1"
"202509","2618. 삼전역 1번출구","5","2"
"202509","2619. 석촌고분역 4번출구","3","7"
"202509","2620. 송파나루역 4번 출구옆","9","5"
"202509","2621. 한성백제역 2번 출구","26","27"
"202509","2622. 올림픽공원역 3번출구","20","27"
"202509","2628.문정역 1번출구","1","0"
"202509","263. 근로자회관 사거리","3","1"
"202509","2630.서울방이동 고분군","3","1"
"202509","2631.배명고등학교","5","5"
"202509","2632.석촌고분역 2번 출구","7","7"
"202509","2635.잠실새내역 1번출구","5","1"
"202509","2637. 아시아지하보도 14번 출구","8","9"
"202509","2639.석촌역 8번출구","5","9"
"202509","264. 교보생명보험 앞","1","2"
"202509","2641.송파역 4번출구","6","5"
"202509","2643.풍납중학교 측면","1","1"
"202509","2644. 성내5교","0","1"
"202509","2645.잠실나들목2(엘스아파트136동)","5","8"
"202509","2646.레이크펠리스101동앞","0","1"
"202509","2647.잠실 자전거 수리센터 앞","8","4"
"202509","2652.송파 레미니스1단지 102동 앞","0","3"
"202509","2653.올림픽공원사거리(선수촌아파트)","1","0"
"202509","2658.가락몰 업무동","2","1"
"202509","267. 삼성화재 사옥 옆","5","6"
"202509","268. 그랜드컨벤션센터 앞","2","2"
"202509","270. 증권거래소후문교차로","1","5"
"202509","2701. 마곡나루역 5번출구 뒤편","7","1"
"202509","2703.서울도시가스 앞 ","2","0"
"202509","2704.홈플러스(강서점)","1","0"
"202509","2707.한강아파트","0","1"
"202509","2708.강서한강자이타워 앞","2","2"
"202509","2709.강변아파트 310동 앞","1","0"
"202509","271. 샛강생태공원방문자센터 앞","2","3"
"202509","2715.마곡나루역 2번 출구 ","8","13"
"202509","2717.LG유플러스 마곡사옥","1","2"
"202509","2719.마곡문화공원","5","8"
"202509","272. 당산육갑문","45","42"
"202509","2720.힐스테이트에코","5","6"
"202509","2721.등촌1-10단지 교차로","4","3"
"202509","2723.마곡 필네이처","5","0"
"202509","2725.서울식물원 식물문화센터","9","5"
"202509","2727.서울식물원 잔디마당 앞","0","1"
"202509","2728.마곡나루역 3번 출구","9","4"
"202509","2729.넥센 유니버시티 앞","4","2"
"202509","2730.마곡메가박스 앞","2","0"
"202509","2739.수명산파크1단지교차로","0","2"
"202509","2740.마곡레포츠센터","0","1"
"202509","2744.강서세무서 앞","1","0"
"202509","275. 신동아아파트","3","4"
"202509","276. 영등포로터리2","2","4"
"202509","278. 쌍용플레티넘오피스텔","3","2"
"202509","279. 영등포 푸르지오 아파트 B","1","1"
"202509","2801. 대륭포스트타워1차","10","14"
"202509","2823.중앙유통단지 앞","0","1"
"202509","2824.미래사랑어린이공원 앞","0","1"
"202509","283. 아크로타워 스퀘어(영등포시장)","0","2"
"202509","284. 센트럴 푸르지오 시티 앞","6","0"
"202509","286. 우성아파트 교차로","1","3"
"202509","287. 영등포전화국사거리 (서강어린이공원)","3","0"
"202509","290. 새말소공원","0","1"
"202509","2908. 광운대학교 중앙도서관","1","0"
"202509","291. 문래동 하이테크 시티","1","0"
"202509","2910.도깨비시장","1","0"
"202509","2915.서울과학기술대학교(어학교육원)","6","4"
"202509","2919.등나무 근린공원(시립북서울미술관 앞) ","1","1"
"202509","292. 영일 어린이공원","1","1"
"202509","2921.중계역 2번출구","2","1"
"202509","293. 충북 미래관","2","4"
"202509","295.영등포공원 분수대 앞","1","0"
"202509","296.KT플라자 영등포점","4","0"
"202509","297.국회3문","1","3"
"202509","298.KBS 연구동 건너편","0","1"
"202509","299.여의도 순복음교회","7","4"
"202509","300. 정동사거리","8","6"
"202509","3002.벽산상암스마트큐브 ","2","5"
"202509","3009. 홍대입구역 사거리","41","30"
"202509","301. 경복궁역 7번출구 앞","11","3"
"202509","3010.홍대입구역 3번출구","45","44"
"202509","3013.서울지방고용노동청 앞","10","7"
"202509","302. 경복궁역 6번출구 뒤","26","27"
"202509","303. 광화문역 1번출구 앞","8","4"
"202509","305. 종로구청 옆","13","14"
"202509","307. 서울역사박물관 앞","5","5"
"202509","308. 광화문 S타워 앞","4","1"
"202509","309. 광화문역 6번출구 옆 B","10","2"
"202509","310. 청계광장 옆","9","15"
"202509","3100. 북성초교","1","3"
"202509","3101. 서대문구청","3","2"
"202509","3102. 연희삼거리","2","2"
"202509","3103. 홍제삼거리 북측","4","1"
"202509","3110.홍은 현대아이파크 아파트 202동 앞","3","0"
"202509","3111.무악재역 4번 출구","0","1"
"202509","3113. 독립문 앞","1","1"
"202509","3115.북아현 치안센터 인근","1","0"
"202509","3116.신촌역 4번출구","6","2"
"202509","3117.이화여대 인문관 인근","4","8"
"202509","3119.연희 브라운스톤 아파트 앞","8","3"
"202509","3121.가좌삼거리","2","1"
"202509","3122.북가좌삼거리2","2","0"
"202509","3125.연희파크푸르지오아파트 앞","2","6"
"202509","3127.홍은2파출소 옆","4","2"
"202509","3128.동신병원 맞은편","12","14"
"202509","3129.DMC래미안e편한세상203동옆","1","2"
"202509","3131.연가교 교차로","0","1"
"202509","3134.SK리쳄블(서울아리수본부)","0","1"
"202509","314. 국립현대미술관","39","28"
"202509","316. 종각역 1번출구 앞","11","8"
"202509","318. 광교사거리 남측","12","6"
"202509","320. 을지로입구역 4번출구 앞","7","12"
"202509","3201.당산skv1센터","1","0"
"202509","3202.당산롯데캐슬프레스티지","1","2"
"202509","3203.도림동배드민턴체육관","3","6"
"202509","3204.도림고가도로 밑","0","2"
"202509","321. KEB 하나금융그룹 명동사옥 옆","51","26"
"202509","3212.신풍역 6번출구","1","0"
"202509","3214.영등포 푸르지오 아파트 A","1","0"
"202509","3215.강변삼성래미안","2","0"
"202509","3219.영등포역 1번출구","2","1"
"202509","322. 명동성당 앞","26","29"
"202509","3221.서울특별시 남부교육지원청","2","1"
"202509","324. 신세계백화점 본점 앞","32","31"
"202509","326. 안국역 5번출구 앞","14","23"
"202509","327. 낙원상가 옆","25","24"
"202509","329. 청계2가 사거리 옆","27","19"
"202509","331. 을지로2가 사거리 북측","14","14"
"202509","3311.서울대입구역 4번 출구","2","1"
"202509","332. 을지로2가 사거리 남측","3","7"
"202509","334. 종로3가역 2번출구 뒤","13","12"
"202509","335. 종로3가역 15번출구 뒤","20","16"
"202509","336. 충무로역 6번출구 앞","10","15"
"202509","337. 창경궁 입구","7","7"
"202509","338. 세운스퀘어 앞","5","3"
"202509","339. 종로4가 사거리","28","14"
"202509","340. 혜화동 로터리","4","0"
"202509","3402.이화공영주차장","1","2"
"202509","3404.서울특별시 중부교육지원청","2","0"
"202509","3405.파크팰리스","2","0"
"202509","3407.안국동사거리(신)","30","23"
"202509","3408.종로타워빌딩","14","16"
"202509","341. 혜화역 3번출구 뒤","3","6"
"202509","3410.종로3가역 8번출구","27","35"
"202509","3411.종묘","17","12"
"202509","3412.세운상가","10","9"
"202509","3413.종로플레이스","9","11"
"202509","3414.종로5가역 4번출구","26","23"
"202509","3415.동대문역6번출구","41","45"
"202509","3416.동묘앞역 6번출구","21","21"
"202509","3417.창신3동주민센터","1","0"
"202509","342. 대학로 마로니에공원","9","7"
"202509","3421.혜화역 1번출구","9","7"
"202509","3422.성균관대 정문","23","12"
"202509","3425.광화문 풍림스페이스본 1단지앞","1","0"
"202509","3426.독립문역 2번출구 뒤","1","0"
"202509","3427.인왕산 아이파크 정문","0","1"
"202509","3428.서울미술관","0","1"
"202509","343. 힐스테이트창경궁 아파트 앞","10","11"
"202509","3431.로제우스 레포츠센터","0","3"
"202509","3432.종로2가 사거리","13","14"
"202509","344. 성균관대 E하우스 앞","6","9"
"202509","345. 서울보증보험본사 앞","4","3"
"202509","346. 맥스타일 앞","25","23"
"202509","347. 동대문역사문화공원역 9번출구 앞","23","17"
"202509","348. 독립문역 사거리","3","5"
"202509","3501. K&S빌딩 앞","2","3"
"202509","3503. 광진유진스웰","1","0"
"202509","3504. 원일교회","2","0"
"202509","3505. 신양초교앞 교차로","7","5"
"202509","3506. 영동대교 북단","11","13"
"202509","3507. 어린이회관","2","2"
"202509","3508. 화양사거리","1","4"
"202509","3509. 세종사이버대학교","5","3"
"202509","351. 청운초교 앞 삼거리","2","0"
"202509","3511. 응봉역 1번출구","20","12"
"202509","3513. 상왕십리역 1번출구","0","1"
"202509","3514. 왕십리교회옆","2","6"
"202509","3515. 서울숲 관리사무소","148","121"
"202509","3518. 군자역 7번출구뒤","6","3"
"202509","352. 중앙고입구 삼거리","5","10"
"202509","3525. 금호스포츠센터앞","4","0"
"202509","3528. 광진정보도서관","3","6"
"202509","3529. 어린이대공원정문","0","3"
"202509","353. 재동초교 앞 삼거리","27","32"
"202509","3533. 건대입구역 사거리(롯데백화점)","20","12"
"202509","3534. 건대입구역 5번출구 뒤","16","20"
"202509","3536. 중앙농협(자양동)","4","0"
"202509","354. 포르투갈 대사관 앞","8","8"
"202509","3543. 세종대학교(학술정보원)","3","7"
"202509","3544.한양대역 3번 출구","10","11"
"202509","3545.한양대역 1번출구","2","3"
"202509","3547.상왕십리역 6번 출입구","2","0"
"202509","3548.뚝섬역 6번출구","25","10"
"202509","3549.건영아파트 앞","0","1"
"202509","355. 서울사대부설초등학교 앞","17","23"
"202509","3550.금호나들목","14","17"
"202509","3552.서울숲 공영주차장앞","50","42"
"202509","3553.마장역3번출구","2","2"
"202509","3558.마장동 금호어울림APT앞","5","1"
"202509","3559.성동구민종합체육센터 건너편","40","30"
"202509","356. KT혜화지사 앞","5","1"
"202509","3560.성동구 견인차량 보관소 앞","4","6"
"202509","3561.행당동 삼부APT후문","2","1"
"202509","3566.우성4차아파트","4","2"
"202509","3569.건대병원후문","7","3"
"202509","3570.구의역 리버비스타 오피스텔","1","2"
"202509","3571.화양 APT(횡단보도 옆)","5","8"
"202509","3573.광나루안전체험관","2","2"
"202509","3575. 자양사거리(서원빌딩)","2","3"
"202509","3579.광진 캠퍼스시티","5","3"
"202509","358. 성균관대입구 사거리 A","2","2"
"202509","3581.광진광장","4","4"
"202509","3582.화양동 우체국","1","1"
"202509","3588.세종대학교(영실관)","1","3"
"202509","359. 원남동사거리","9","10"
"202509","3600.사근빗물펌프장 건너편","11","23"
"202509","3604. 삼성중앙역 5번출구","2","2"
"202509","3606. 신사동주민센터 옆","12","9"
"202509","3609. 언주초등학교 입구","0","1"
"202509","361. 동묘앞역 1번출구 뒤","22","16"
"202509","3610. 윗반마을 입구","2","1"
"202509","3614. 은마아파트 입구 사거리","1","0"
"202509","3615. 서울 논현동우체국 앞","3","0"
"202509","362. 청계8가사거리 A","9","13"
"202509","3620. 청담역 11번 출구","3","0"
"202509","3623. 일원에코파크 앞(개포로 방면)","0","1"
"202509","3627. 압구정나들목","33","42"
"202509","3628. 역삼1동 주민센터","4","2"
"202509","3629. 청담사거리(신한오피스텔빌딩 앞)","18","7"
"202509","363. 신설동역 11번출구 뒤","5","3"
"202509","3636. 삼성중앙역·플래티넘아파트 정류소","8","7"
"202509","3638. 신청담나들목","6","2"
"202509","3646. 선정릉역 4번 출구","0","2"
"202509","3651. 개포동역 4번출구","0","1"
"202509","3657. 서울천호동우체국","2","3"
"202509","3663. 암사정수센터교차로(강동롯데캐슬퍼스트아파트)","0","2"
"202509","3671. 둔촌동역교차로","2","1"
"202509","3676. 강동리엔파크9단지","0","1"
"202509","368. SK 서린빌딩 앞","20","13"
"202509","3680. 강동역3번출구","2","0"
"202509","3681. 길동 마루빌딩","3","1"
"202509","3683. KT&G강동지사","2","0"
"202509","3684. 고덕자이(105동 앞)","1","1"
"202509","3686. 고덕 래미안 힐스테이트(101동)","1","0"
"202509","3689. 강일역 3번출구","1","0"
"202509","3694. 강동리엔파크 13단지(1303동 앞)","0","1"
"202509","3698. 명일역 3번출구 옆","0","1"
"202509","370. 시청역(2호선) 9번출구 뒤","17","14"
"202509","3700. 강변그대가리버뷰 입구 맞은편","0","5"
"202509","3707. 드래곤타워 앞","0","1"
"202509","371. 동대입구역 6번출구 뒤","9","20"
"202509","372. 약수역 3번출구 뒤","0","3"
"202509","3753. 공항중학교 버스정류장","0","1"
"202509","3759. 이대서울병원","2","3"
"202509","3760. 발산역 8번 출구","1","0"
"202509","3761. 나이아가라관광호텔","2","6"
"202509","3762. 마곡9단지 907동앞","1","1"
"202509","3763. 등촌태영아파트","1","0"
"202509","3764. 관문주유소(GS칼택스) 앞","2","1"
"202509","3774. 마곡9단지 910동 상가앞","0","1"
"202509","3776. 김포공항사거리","1","0"
"202509","3778. 김포공항입구 교차로","1","2"
"202509","3780. 등촌서광아파트","0","1"
"202509","3782. 겸재정선미술관","1","2"
"202509","3784. 벽산아파트","1","3"
"202509","3788. 정곡나들목","4","6"
"202509","3789. 염창나들목","4","6"
"202509","379. 서울역9번출구","16","31"
"202509","3794. 안양천합수부(현대3차아파트)","3","3"
"202509","3796. 송정역 3번출구 앞","1","0"
"202509","3797. 마곡수명산파크7단지 710동 앞","2","2"
"202509","3798. 그랜드아이파크아파트 앞","1","1"
"202509","380. CJ제일제당 앞","20","14"
"202509","3803. 남서울중학교","0","1"
"202509","381. 장충체육관","0","3"
"202509","3812. KT관악지점","1","1"
"202509","3814. 난곡사거리 ","2","2"
"202509","3818. 은천교회 앞","0","1"
"202509","3819. 서울대벤처타운역","2","2"
"202509","383. 신당역 12번 출구 뒤","27","33"
"202509","384. 중림동삼거리","4","7"
"202509","385. 종각역 5번출구","10","4"
"202509","3853. 어린이대공원역 2번출구","2","1"
"202509","3864. 광진소방서 앞","1","1"
"202509","3865. 이튼타워리버 2차","7","2"
"202509","3868. 자양한강도서관","1","0"
"202509","387. 훈련원공원주차장 앞","55","39"
"202509","3879. 중랑천 뚝방길 산책로 입구","5","3"
"202509","388. 동성중학교 앞","2","1"
"202509","3881. 신자초교입구 교차로","9","0"
"202509","3882. 자양2동 주민센터","1","1"
"202509","3886.광진구 민방위교육센터","0","1"
"202509","389. 을지로4가역 1번출구","7","3"
"202509","3890. 웰츠타워 오피스텔","1","2"
"202509","3894. 노룬산시장 앞","5","2"
"202509","3899. 아차산역 2번출구","2","0"
"202509","390. 충무로역 1번출구","13","12"
"202509","3900. 건국대학교 신공학관","3","8"
"202509","3904. 테크노마트 앞","1","0"
"202509","391. 시립미술관","9","4"
"202509","3915. 동선아파트 앞","1","0"
"202509","3918. 이좋은집오피스텔 앞","1","1"
"202509","3919. 구로역·NC신구로점 버스정류장(구로역 방면)","1","1"
"202509","3927. 구로월드아파트 앞","2","1"
"202509","3928.고척아이파크아파트 106동 앞","1","0"
"202509","393. 동대문역 8번 출구","23","31"
"202509","3930. 온수역 2번 출구 앞","0","2"
"202509","3939.신도림역 3번출구","3","3"
"202509","395. 경희궁 자이 2단지","4","2"
"202509","397. 종묘공영주차장 건너편","15","29"
"202509","3975.현대시티아울렛 가산","0","1"
"202509","398. 을지로3가역 3번출구","29","23"
"202509","3980. 금천현대홈타운 후문 서부샛길","2","0"
"202509","4020. 중계동 성모빌딩 앞 ","0","1"
"202509","4025. 한천교 동편","1","1"
"202509","4028. 한일유앤아이아파트 105동 인근","3","1"
"202509","4029. 청소년수련관 후문","1","2"
"202509","403. 부엉이공원 앞","1","0"
"202509","4033. 녹천역 4번 출구 옆","1","1"
"202509","4037. 물넘이교","1","0"
"202509","4041. 공릉역3번출구","1","1"
"202509","405. DMC빌 앞","2","7"
"202509","4062. 평화도봉공원 주변","1","1"
"202509","4065. 창동역 1번출구 앞","2","1"
"202509","4076. 도봉통합복지센터 뒤 중랑천 변","1","1"
"202509","4077. 도봉제1교","1","1"
"202509","4078. 원당공원 앞","2","0"
"202509","408. LG CNS앞","1","0"
"202509","4087. 우이교 교차로","1","0"
"202509","409. 누리꿈스퀘어 옆","4","4"
"202509","4096.창동역2번출구 하나은행365 앞","0","1"
"202509","4103. 휘경sk뷰아파트 앞","1","0"
"202509","4104. 외대앞역 교차로","2","0"
"202509","4105. 서울교통공사사거리 교통섬","2","0"
"202509","4108. 답십리파크자이아파트 앞","0","1"
"202509","411. DMC홍보관","9","11"
"202509","4113. 한국국방연구원 앞","1","1"
"202509","4117. 휘경119안전센터 앞","2","1"
"202509","4121. 서울문화재단 앞","4","1"
"202509","4122. 청계9가교차로 앞","4","3"
"202509","4128.  종암초등학교 뒤(새울센스빌)","3","11"
"202509","413. 상암월드컵파크 3단지 후문","4","0"
"202509","4131. 베네스트 오피스텔 앞","1","2"
"202509","4134. 제기동 현대아파트 앞","5","5"
"202509","4135. 삼성생명 앞","6","4"
"202509","4136. 롯데캐슬SKY-L65 D동 앞","1","2"
"202509","4137. 답십리역 4번출구","2","2"
"202509","4139. 답십리 사거리","0","2"
"202509","414. 상암동주민센터 옆","0","1"
"202509","4140. 신설동역 4번출구","9","9"
"202509","4142. 현대썬앤빌 앞","3","2"
"202509","4145.청량리동 주민센터","0","1"
"202509","4146.이삭어린이공원","7","3"
"202509","415. DMC역 9번출구 앞","4","0"
"202509","416. 상암월드컵파크 1단지 교차로","6","5"
"202509","4167. 구로교 아래","3","2"
"202509","417. DMC역 2번출구 옆","1","3"
"202509","4175. 대방역2번출구","1","0"
"202509","4179. 보라매병원역 1번출구","3","2"
"202509","418. 월드컵경기장역 3번출구 옆","5","5"
"202509","4180. 흑석동주민센터 입구","0","1"
"202509","4181. 보라매공원역 2번출구","1","3"
"202509","4182.보라매병원역 2번출구","2","2"
"202509","419. 홈플러스 마포점 앞","10","11"
"202509","420. 서울시 공공자전거 상암센터","11","1"
"202509","4202. 프런트원(공덕역4번출구 앞)","3","1"
"202509","4206. 광흥창역5번출구","10","8"
"202509","4207. 아만티호텔 앞","11","15"
"202509","4208. 스타벅스(동교동) 앞","21","10"
"202509","421. 마포구청 앞","2","1"
"202509","4211. 시석빌딩 앞","12","14"
"202509","4213. 마포구중앙도서관 정문 앞","4","8"
"202509","4214. JTBC 앞","0","1"
"202509","4216. 망원정 앞","9","6"
"202509","4217. 한강공원 망원나들목","71","32"
"202509","4218. 디지털매직스페이스","12","8"
"202509","422. 문화비축기지","8","11"
"202509","4220. 신촌 청년주택","15","4"
"202509","4222. 서울디자인고등학교 앞","0","1"
"202509","4224. 서부운전면허시험장","7","5"
"202509","4233. 코오롱아파트사거리","30","17"
"202509","4238. 상암한샘빌딩앞","1","1"
"202509","424. 롯데하이마트 (상암월드컵점) ","1","0"
"202509","4244. 당인리발전소 공원 앞","41","21"
"202509","4246. 상수역새마을금고","9","4"
"202509","4248. 신촌 교보빌딩","4","9"
"202509","426. 서울신용보증재단","3","3"
"202509","4264. 홍남교 버스정류장","8","5"
"202509","4266.국민연금공단충정로사옥","1","1"
"202509","4267. 서대문역 2번 출구","2","1"
"202509","4269. 연희IC 남측","9","4"
"202509","427. 성산시영아파트","0","1"
"202509","4270. 우국한마음 아파트 맞은편","4","3"
"202509","4271. 충정로역 1번 출구","2","3"
"202509","4272. 홍남교 사거리","3","3"
"202509","4274. 신촌 파랑고래 입구","14","7"
"202509","4275.농협생명본사빌딩 서관","4","0"
"202509","4278. 홍은2동주민센터","2","1"
"202509","428. 명보사거리","2","2"
"202509","429. 송도병원","1","0"
"202509","430. 장충동먹자골목 앞","10","10"
"202509","4304. 서울고앞","1","0"
"202509","4306. 서래공원 앞","2","2"
"202509","4307. 고투몰 gate 15옆","4","3"
"202509","431. 청계천 영도교","16","15"
"202509","4310. 염곡동(염통골) 입구","0","1"
"202509","4313. 반포종합운동장","9","19"
"202509","4315. 이투스교육 앞","1","0"
"202509","4316. 고속터미널역 3번출구","1","3"
"202509","432. 마포중앙도서관","3","2"
"202509","4324. 세화고등학교","4","11"
"202509","4329. SC제일은행 양재동지점 앞","0","5"
"202509","433. 을지로입구역 2번출구","14","3"
"202509","4332. 이수교차로","0","6"
"202509","4340. 방배래미안아트힐아파트 앞","0","2"
"202509","4341. 영동1교 북단","4","7"
"202509","4345. 반포역 4번출구","0","2"
"202509","4346.장학재단빌딩 앞","1","0"
"202509","4347. 논현지하보도","4","3"
"202509","4348. 사당역 1번출구","2","0"
"202509","4349.삼성화재서초타워","14","9"
"202509","435. SK 남산빌딩","2","11"
"202509","4350.누리숲어린이공원 앞","1","1"
"202509","4353. 코오롱디지털타워 3차앞","15","3"
"202509","436. 이대역 5번출구","2","4"
"202509","4362. 행당중학교 후문","7","1"
"202509","4363. 신금호역 2번출구 앞","0","1"
"202509","4367. kt 행당빌딩 앞","1","4"
"202509","437. 대흥역 1번출구","2","4"
"202509","4370. 성동교 사거리","2","5"
"202509","4373. 서울숲 지식산업센터","14","12"
"202509","4377. 우영테크노센터 앞","12","16"
"202509","438. 성산2-1 공영주차장","1","1"
"202509","4381. 더스페이스타워 앞","12","17"
"202509","4382. 페코텍글로벌허브빌딩 앞","4","5"
"202509","4383. 푸조비즈타워 앞","1","1"
"202509","4385. 용답동 우체국 주변","24","16"
"202509","4386. 현대자동차 동부서비스센터 주변","3","5"
"202509","4387. 성수역 1번출구 주변","4","10"
"202509","4389. 서울숲역3번출구","7","14"
"202509","4392. 답십리역 6번출구","0","1"
"202509","4393. 상원삼거리 장안철교 아래","5","4"
"202509","4396. 마장축산물시장 서문 인근","0","2"
"202509","4397. 마장축산물시장 북문 건너편","8","3"
"202509","4398. 유원지식산업센터 앞","23","20"
"202509","4399. 더리브 세종타워 앞","20","17"
"202509","440. 하늘공원 입구","18","15"
"202509","4401.뚝섬유수지 공영주차장","4","4"
"202509","4408. 돌곶이역 앞","5","7"
"202509","441.염천교사거리","2","0"
"202509","4411. 동산어린이공원 앞","1","1"
"202509","4414. 안암역 3번 출구","10","16"
"202509","4418. 종암동 동덕여대 제2생활관 앞","4","9"
"202509","4419. 성북구 한예종 캠퍼스 본관","1","0"
"202509","442.서울역 서부","3","4"
"202509","4420. 성북구 한예종 캠퍼스 별관","6","1"
"202509","4427. 동일하이빌뉴시티","1","5"
"202509","443.호암아트홀","1","0"
"202509","445.대한상공회의소","2","2"
"202509","4452. 삼성SDS","6","3"
"202509","4457. 아산병원 기숙사 부근","6","8"
"202509","4460. 올림픽훼미리아파트 112동 앞","1","1"
"202509","4463. 방이역 2번 출구","1","0"
"202509","4464. 올림픽공원 북2문 A","7","9"
"202509","4474. 가락현대 1차 11동 앞","1","0"
"202509","4481. 올림픽공원 북2문 B","1","2"
"202509","4483. 잠실나들목4","1","3"
"202509","4484. 잠실나루역4번출구뒤","1","7"
"202509","4486. 홈플러스 잠실점","0","1"
"202509","4491. 장지역 1번출구","0","1"
"202509","450. 효자동 삼거리","9","2"
"202509","451. 청와대앞길","4","1"
"202509","4518. 청기와빌딩","0","2"
"202509","452. 동대문 종합시장 버스정류장","15","2"
"202509","4520. 대성유니드아파트","1","0"
"202509","4522. 신곡시장","0","1"
"202509","4523. 구립양천어르신요양센터","0","1"
"202509","453. 종로오가 지하쇼핑센터 14번출구","17","23"
"202509","4536. 양천해누리체육공원","3","5"
"202509","4539. 목동7단지아파트 A상가","0","1"
"202509","454. 종로2가 버스정류장 (종각방향)","12","11"
"202509","4540. 목동역 3번 출구","4","4"
"202509","4541. 갈산문화예술센터","1","0"
"202509","4543. 오목교역 6번 출구","1","1"
"202509","4547. 목동역 2번 출구","2","4"
"202509","455. 종로6가역 버스정류장(동대문 방향)","12","14"
"202509","4552. 코레일유통본사","1","1"
"202509","4553. 당산삼성2차아파트","3","3"
"202509","4556. 리버뷰신안인스빌1차 후문","1","0"
"202509","4557. 리버뷰신안인스빌2차 후문","2","0"
"202509","4559. 신길역 2번출구","7","2"
"202509","456. 숭인2동 주민센터 입구","13","13"
"202509","4561. 양평역 1번출구","3","0"
"202509","4564. 63스퀘어","13","17"
"202509","4565. 영등포 신세계백화점","15","10"
"202509","4569. 힐스테이트클래시안아파트","0","1"
"202509","457. 종로꽃시장 입구 옆","8","7"
"202509","4574. 영등포시장역 포레나영등포","1","2"
"202509","4579. 국회의사당 본관","0","2"
"202509","458. 광화문역 5번출구","21","27"
"202509","4582. 국회도서관","1","1"
"202509","4585. 국회6문","2","3"
"202509","4589. KRX한국거래소(1)","5","2"
"202509","4591. 신길자이아파트","1","1"
"202509","4592. 신길우성4차아파트","1","1"
"202509","4594. 양평교 영등포대여소","1","0"
"202509","4598. 오목교 동측 지하보도","1","3"
"202509","4599. 대림우성아파트 사거리","3","1"
"202509","4600. 서울 영등포구 우체국","2","2"
"202509","4601.양평역2번출구 뒤","1","0"
"202509","4603. 한강GS에클라트 건너편 교통섬","4","3"
"202509","4604. 원효로다목적체육관 앞","1","0"
"202509","4605. 노들섬 다목적홀(동쪽) 숲, 앞","14","21"
"202509","4607. 국립중앙박물관 -용산가족공원 앞","7","15"
"202509","4608. 국립중앙박물관 정문 앞","8","9"
"202509","4609. 파크타워 104동 앞","1","6"
"202509","461. 서울경찰청","5","0"
"202509","4610. 한남나인원 105동 앞","12","5"
"202509","4611. 국제루터교회 앞","4","11"
"202509","4612. 이태원로 255","1","5"
"202509","4613. 서울갤러리아 앞","2","3"
"202509","4615. 크라운호텔앞 버스정류소","14","17"
"202509","4616. 신용산지하차도 앞","5","1"
"202509","4618. 풍전아파트 건너편","1","0"
"202509","4619. 한강트럼프월드3차 앞","18","31"
"202509","4620. 삼각지역 14번 출구 앞(교통섬)","13","8"
"202509","4621. 남산도서관 앞","11","10"
"202509","4622. 한강중학교 앞 버스정류장","9","11"
"202509","4623. 라인프랜즈이태원점 앞","13","5"
"202509","4625. 용산공원갤러리앞","2","3"
"202509","4627. 효창공원앞역 5번출구 옆","1","0"
"202509","4629. 한강초교보도육교 앞","14","22"
"202509","4632. 용산 푸르지오 파크타운 1단지 앞","4","2"
"202509","4633. 센트럴파크타워 앞","6","19"
"202509","4634. 이태원역 3번 출구","16","26"
"202509","4636. 용산구꿈나무종합타운 앞","1","2"
"202509","4637. 용산시티파크 101동 앞","2","2"
"202509","4638. 청파동삼거리 앞","5","5"
"202509","4639. 동빙고근린공원","12","34"
"202509","464. 삼청동 골목","11","8"
"202509","4640. 원효로2가 교차로","6","6"
"202509","4642. 용산더프라임아파트 101동 앞","3","0"
"202509","4643. 한가람아파트 앞","9","16"
"202509","465. 삼청공원 앞","1","0"
"202509","4653. 불광역 9번 출구 맞은편","1","2"
"202509","4657. 본 서부병원 교차로 사거리","0","1"
"202509","466.롯데호텔","11","6"
"202509","467.한국은행","12","15"
"202509","4677. 백련산 SK뷰 아이파크 해모로 아파트 앞","2","0"
"202509","468.웨스틴 조선호텔","13","8"
"202509","4685. DMC역 5번 출구(수색역 방향)","2","1"
"202509","469.회현역 1번출구","5","6"
"202509","470.회현역 7번출구","7","10"
"202509","4703. 쌍용아파트2단지 정문","2","0"
"202509","4705. 웰니스센터(민방위교육장 앞)","13","22"
"202509","4707. 청계3가 사거리","17","28"
"202509","4708. 조계사앞사거리","30","18"
"202509","471.회현사거리 남측","15","40"
"202509","4710. 자교교회 앞","11","12"
"202509","4713. 현대 뜨레비앙 아파트 앞","21","22"
"202509","4715. 돈의문 박물관 마을","1","2"
"202509","4718. 광화문역 6번출구 옆 A","4","14"
"202509","4719. 종로문화원 건너편","20","28"
"202509","472.삼일교(시그니쳐 타워)","6","3"
"202509","4721. 통인시장 정자","6","13"
"202509","473.을지로4가역 9번출구","15","13"
"202509","474.동대문역사문화공원역 1번출구 뒤편","82","56"
"202509","475.DDP 패션몰","58","45"
"202509","476.광희문","9","11"
"202509","4760. 서울역 7번출구","4","0"
"202509","4761. 중부경찰서앞사거리 건너편","1","9"
"202509","4762. 국제빌딩","2","7"
"202509","4765. 동대문디자인플라자","36","44"
"202509","4766. 서소문성지역사박물관","3","4"
"202509","4768. 서울도시건축전시관","7","6"
"202509","477.앰배서더 호텔 주변","6","2"
"202509","4774. 을지로입구역 8번출구","9","20"
"202509","4775. 을지로지하쇼핑센터","9","12"
"202509","4776. 신세계면세점","11","10"
"202509","4781. 브라운스위트레지던스","1","0"
"202509","4782. 서소문역사공원","1","1"
"202509","4784. 중부경찰서앞 사거리","12","5"
"202509","4785. 롯데시티호텔","5","1"
"202509","479.동대입구역 3번 출구","0","2"
"202509","4791. 명동역9번 출구","25","64"
"202509","4792. 퇴계로4가 교차로(중구청)","15","10"
"202509","4793. 동대문역사문화공원역 5번출구","33","29"
"202509","4794. 서울역 서부교차로(3)","4","4"
"202509","4796. 서울시청","20","13"
"202509","4797. KG타워 앞","2","3"
"202509","4798. 황학동롯데캐슬","15","12"
"202509","480.약수역 6번 출구","11","8"
"202509","4800. 필동 삼거리","8","1"
"202509","4801. 충정로역 2호선(엘리베이터 앞)","6","6"
"202509","4807. 라코지스테이 앞","4","5"
"202509","4825. 신내동 벽산아파트 후문 앞","0","1"
"202509","4826. 홈플러스 면목점","5","5"
"202509","483.남산타운아파트 버스정류장","2","3"
"202509","4835. 망우동 본죽 앞","5","4"
"202509","4836. 양원역 1번 출구","1","1"
"202509","4837. 양원지구 힐데스하임 앞","1","0"
"202509","4840. 서울시 북부병원 앞","4","5"
"202509","4842. 면목라온프라이빗 아파트","1","0"
"202509","485.서울역5번출구","6","13"
"202509","4854. 가락시장역 2번 출구","2","6"
"202509","4856. 올림픽공원 서1문 앞","7","6"
"202509","4859. 잠실나루 나들목","5","7"
"202509","4862. 성내교 남단","0","1"
"202509","4863. 잠실나들목5","3","2"
"202509","4864. 송파사거리","2","0"
"202509","4865. 한성백제역 1번출구 뒤","8","9"
"202509","4868. 석촌호수 서호 남단","10","2"
"202509","4870. 몽촌토성역 3번 출구","10","7"
"202509","4874. 탄천1교 하부보도","0","2"
"202509","488.푸르메병원","0","1"
"202509","4885. 가든파이브 리빙관","1","1"
"202509","489.구룡근린공원","1","1"
"202509","4892. 성내유수지 체육공원","1","0"
"202509","4895. 송파레이크힐 상가","1","0"
"202509","490.가온문화공원","2","8"
"202509","4902. 구역삼세무서 교차로","4","2"
"202509","4903. 신사스퀘어","3","1"
"202509","4905. 강남경찰서","10","7"
"202509","4906. 섬유센터 앞","10","7"
"202509","4907. 극동스포츠 앞","4","1"
"202509","4908. SB타워 앞","4","6"
"202509","4909. 노보텔 앰배서더 앞","13","6"
"202509","4911. 도곡동 골프 로데오거리","2","0"
"202509","4913. 레베쌍트 빌딩 앞","3","3"
"202509","4914. 도심공항타워 앞","16","8"
"202509","4915. 영동중앙교회 버스정류장","0","2"
"202509","4916. 청담역 1번출구","2","2"
"202509","4917. 일원에코파크 주차장","2","1"
"202509","4919. 학여울역사거리(은마아파트)","0","1"
"202509","4924.논현동가구거리","5","5"
"202509","4925. 청담백영빌딩 앞","3","3"
"202509","4926. 대치우성아파트 사거리","1","4"
"202509","4929. 파스쿠찌 청담사거리점 앞","7","2"
"202509","493.홍대입구역 6번출구","25","18"
"202509","4936. SK텔레콤(T1) 인근","2","3"
"202509","4939.도산공원","15","7"
"202509","494.신수동주민센터","2","0"
"202509","4940.한강버스 압구정 선착장","154","114"
"202509","4941.압구정로 11길","18","11"
"202509","495.염리초등학교 앞","10","8"
"202509","4959. 암사역사공원역 3번출구","0","1"
"202509","4965.고덕비즈밸리 쿠쿠강동빌딩","3","1"
"202509","497.합정동주민센터 앞","23","20"
"202509","498.연남동주민센터 앞","21","20"
"202509","500. 어린이대공원역 3번출구 앞","1","2"
"202509","501. 광진문화예술회관 앞","3","0"
"202509","502. 자양(뚝섬한강공원)역 1번출구 앞","77","75"
"202509","505. 자양사거리 광진아크로텔 앞","2","1"
"202509","506. 금호 어울림 아파트 앞","1","1"
"202509","5061. 우장산동 가곡어린이공원앞","3","3"
"202509","5065. 허준박물관삼거리","0","1"
"202509","5072. 김포공항입구 교통섬","2","1"
"202509","5076. 메이필드호텔앞","0","1"
"202509","508. 성수아카데미타워 앞","10","12"
"202509","5080. 가양역 1번출구","2","3"
"202509","5082. 가양역 7번출구","0","5"
"202509","5086. 가양테크노타운","4","1"
"202509","5087. 연세강서빌딩","1","1"
"202509","5091. 보타닉파크타워2","0","1"
"202509","5095. 원당근린공원","1","1"
"202509","5098. LG사이언스파크 W4동","2","0"
"202509","510. 뚝도아리수정수센터 버스정류소 옆","28","43"
"202509","511. 서울숲역 5번 출구 옆","26","11"
"202509","512. 뚝섬역 1번 출구 옆","11","17"
"202509","513. 뚝섬역 5번 출구 정류소 옆","10","17"
"202509","514. 성수사거리 버스정류장 앞","12","9"
"202509","5151.진넥스베르디엠 앞","0","1"
"202509","5153.한강버스 뚝섬 선착장","169","165"
"202509","5154.광진구청 앞","1","1"
"202509","516. 광진메디칼 앞","0","1"
"202509","518. 청계천 박물관 앞","1","0"
"202509","519. 양지사거리","0","2"
"202509","521. 왕십리역 11번 출구 앞","7","14"
"202509","523. 옥수동성당 옆","0","1"
"202509","524. 래미안금호하이리버 아파트 102동 옆","1","1"
"202509","525. 한양대병원사거리","4","1"
"202509","529. 장한평역 8번 출구 앞","5","4"
"202509","530. 청계벽산아파트 앞","1","3"
"202509","5301. 상계주공1단지 버스정류장 옆(대원빌딩 앞)","0","2"
"202509","5305. 대륜E&S 서울지사 앞","1","0"
"202509","5311. 주공601동 상가 노원지하보도 앞","2","1"
"202509","5313. 중계주공2단지 앞","1","0"
"202509","5319. 연해피빌 앞","1","2"
"202509","5323. 하계역 4번출구 앞","3","3"
"202509","5327. 태릉선수촌 앞","1","0"
"202509","5329. 상계주공15단지 1509동 앞","1","1"
"202509","533. 금남시장 교차로","1","0"
"202509","5333. 노원역9번-10번 출구 앞","1","0"
"202509","535. 응봉삼거리","0","2"
"202509","536. 행당역 2번출구 앞","0","1"
"202509","537. 한양대후문역 부근","4","4"
"202509","542. 강변역 4번출구 뒤","9","11"
"202509","543. 구의공원(테크노마트 앞)","1","1"
"202509","544. 광남중학교","2","2"
"202509","546. 잠실대교북단 교차로","0","4"
"202509","548. 자양나들목","11","7"
"202509","549. 아차산역 3번출구","0","1"
"202509","550. 서울시설공단 앞","2","2"
"202509","5503. 마포아트센터 앞","2","0"
"202509","5504.아현교회","1","1"
"202509","5508. 성산유수지공원","1","2"
"202509","551. 구의삼성쉐르빌 앞","1","0"
"202509","5513. 마포음식문화거리","9","6"
"202509","5514.공덕역 1번출구","5","12"
"202509","5515.한강버스 망원 선착장","198","155"
"202509","552. 대림아크로리버 앞","1","1"
"202509","556. 달맞이공원","2","5"
"202509","558. 성동광진 교육지원청 앞","0","2"
"202509","559. 왕십리역 4번 출구 건너편","5","1"
"202509","560. 비전교회 앞","2","8"
"202509","561. 서울숲역 2번출구 앞","5","9"
"202509","563. 성동세무서 건너편","4","2"
"202509","564. 금호역 3번출구","1","0"
"202509","565. 옥수역 3번출구","51","41"
"202509","5651.한강버스 옥수 선착장","48","41"
"202509","568. 청계8가 사거리 B","9","5"
"202509","569. 응봉현대아파트 정류소","4","0"
"202509","571. 세종대학교 대양AI센터","0","1"
"202509","573. 구의문주차장 앞","1","1"
"202509","574. 아차산역4번출구","2","2"
"202509","5751. 송파여성축구장","1","1"
"202509","5752. 풍납백제문화공원 옆 인근","1","3"
"202509","5756. 극동아파트","2","1"
"202509","5759. 풍납근린공원","4","1"
"202509","576. 광나루역 3번 출구","3","7"
"202509","5760. 풍납사거리 성내유수지","2","2"
"202509","5761. 버섯분수대","2","2"
"202509","5763. 세륜초등학교 건너편","2","1"
"202509","5764. 한국체육대학교","0","2"
"202509","5765. 삼전동주민센터 건너편","3","6"
"202509","5768.방이삼거리","16","8"
"202509","577. 광진청소년수련관","5","2"
"202509","578. 성동세무서 부근","2","2"
"202509","5781. 올림픽공원 수영장","15","12"
"202509","5783.성내5교 2","1","5"
"202509","5784.한강버스 잠실 선착장","43","33"
"202509","579. 마장역 4번출구","1","0"
"202509","582. 경일중학교 앞","16","13"
"202509","583. 청계천 생태교실 앞","18","19"
"202509","584. 광진광장 교통섬","12","3"
"202509","585. 성수2가1동 공영주차장 인근","41","28"
"202509","5853. 여의도역2번출구 앞","0","5"
"202509","5857. U레지던스 앞","3","8"
"202509","5858. 영등포역5번출구","18","16"
"202509","5859. 여의도 삼부아파트","16","12"
"202509","586. 마장동 주민센터","2","0"
"202509","5861. 보라주유소 앞","9","2"
"202509","5862. 당산역11번출구","5","4"
"202509","5865.더리브오피스텔 앞","7","8"
"202509","5866.포레나 당산","6","8"
"202509","5867. H타워 앞","3","5"
"202509","5868. 로프트시티오피스텔","5","8"
"202509","587. 유니베라 앞","8","11"
"202509","5870. LG트윈타워 앞","42","35"
"202509","5872. 서경팰리스 앞","1","0"
"202509","5877. 문래동 꽃밭정원","0","2"
"202509","5878. 우리은행 앞","14","5"
"202509","588. 뚝섬 유원지역","26","16"
"202509","5881. 세계청소년NGO교육문화원","1","0"
"202509","5882. 휴젠느","4","1"
"202509","5885. 신정교하부(도림천역 방면)","0","3"
"202509","5886.신풍역 2번출구","1","1"
"202509","5887.나루마을 마당공원","1","0"
"202509","5888.여의도성당","4","4"
"202509","589. 성수역3번출구","18","52"
"202509","5890.여의나루역 3번출구","191","117"
"202509","5891.한강버스 여의도 선착장","187","164"
"202509","5892.국회의사당본관 좌측","3","1"
"202509","5893.한국산업은행","2","3"
"202509","590. 건국대학교 (입학정보관)","1","1"
"202509","592. 건국대학교 학생회관","4","3"
"202509","593.자양중앙나들목","12","11"
"202509","602. 장안동 사거리","2","0"
"202509","605. 신설동역8번출구","2","1"
"202509","6053. 중부세무서 앞","2","7"
"202509","6054.청구e편한세상아파트 113동 앞","0","1"
"202509","6055. 한국경제","4","1"
"202509","6057. 을지로5가(방산시장)","20","16"
"202509","6058. 서울도시건축전시관 옆","38","29"
"202509","6059. 덕수중학교","6","8"
"202509","606. 서울반도체고 앞","3","5"
"202509","6060. 신한은행 본점","24","28"
"202509","6061.충무아트센터","8","6"
"202509","607. 신이문역 2번출구","1","0"
"202509","609. 제기2교","29","29"
"202509","613. 신설동역 10번출구 앞","2","1"
"202509","614. 용두동 사거리","1","1"
"202509","615. 용두동 래미안허브리츠아파트 앞","3","3"
"202509","6177. 마곡롯데캐슬르웨스트","3","0"
"202509","6183.K스퀘어 마곡","1","0"
"202509","6184. 한강버스 마곡 선착장","3","7"
"202509","623. 서울시립대 정문 앞 B","1","0"
"202509","626. 군자교 서측 녹지대","3","2"
"202509","628. 휘봉고등학교 앞","1","0"
"202509","631. 답십리역 1번출구","1","0"
"202509","633. 청량리 기업은행 앞","2","2"
"202509","634. 외국어대 정문 앞","8","3"
"202509","635. 시조사 앞","3","4"
"202509","637. KAIST 경영대학 앞","1","5"
"202509","641. 용두역 4번출구","9","12"
"202509","642. 신답역 사거리","4","6"
"202509","643. 동대문구민체육센터 (육교아래)","3","0"
"202509","648. 장안동위더스빌옆","3","2"
"202509","650. 중랑교사거리","3","4"
"202509","660. 동의보감타워","5","2"
"202509","661. 경희대학교 청운관","0","1"
"202509","663. 외대앞역 3번출구","1","2"
"202509","670.삼육서울병원 버스정류장","1","0"
"202509","671.대광빌딩","1","0"
"202509","672.대광고등학교","0","1"
"202509","673.안암골벽산아파트(후문)","11","1"
"202509","674.고대앞사거리 교통섬","10","19"
"202509","676.FITI시험연구원 앞","13","12"
"202509","679.전농SK아파트 앞","1","1"
"202509","680.꿈마루어린이도서관 앞","1","4"
"202509","702. 목4동주민센터 옆","1","1"
"202509","703. 오목교역 7번출구 앞","2","1"
"202509","704. 남부법원검찰청 교차로","1","1"
"202509","708. 서울출입국관리사무소 앞","1","2"
"202509","722. 경서농협 버스정류장(우리은행신정동지점방향)","1","0"
"202509","724. 계남공원 입구 주출입구 좌측","0","1"
"202509","726. 목동3단지 시내버스정류장","2","3"
"202509","731. 서울시 도로환경관리센터","1","2"
"202509","741. 화곡로 입구 교차로","0","1"
"202509","742. 등촌역 5번 출구 뒤","1","1"
"202509","744. 신목동역 2번 출구","2","0"
"202509","748. 목동운동장","1","0"
"202509","762. 오목로 무중력지대 앞","3","3"
"202509","765. 오목교역 3번출구","2","4"
"202509","766. 신목동역 3번출구","0","1"
"202509","768.목동5단지아파트 501동","1","0"
"202509","769.CBS방송국 앞","3","1"
"202509","771.목동아파트 703동 앞","3","0"
"202509","773.염창역 3, 4번 출구 사이","0","2"
"202509","777.신월6차보람아파트 앞","2","2"
"202509","780.신정교 하부","3","1"
"202509","781.신정보도육교 아래","0","1"
"202509","785.양천구청, 보건소 사잇길","1","0"
"202509","788.양천구청역 2번출구 옆","2","0"
"202509","792.목동트라팰리스 웨스턴에비뉴","2","0"
"202509","800. 목월공원 앞","5","0"
"202509","802. 한강진역 2번 출구 앞","3","0"
"202509","805. 문배어린이공원 앞","1","2"
"202509","806. 전자랜드 본관 앞","5","5"
"202509","807. 서울역 12번 출구 앞","26","25"
"202509","808. 서빙고동 금호맨션 앞","5","3"
"202509","809. 한남 유수지 복개주차장","20","23"
"202509","810. 이태원지하보도","5","5"
"202509","811. 녹사평역1번출구","11","8"
"202509","813. 삼각지역 3번출구","9","10"
"202509","815. LIG강촌아파트 103동앞","6","3"
"202509","816. 신용산역 6번출구 앞","8","5"
"202509","817. 삼각지역 4번출구 앞","3","1"
"202509","818. 숙명여대 입구 교차로","2","1"
"202509","819. 선린인터넷 고등학교","1","2"
"202509","820. 청파동입구 교차로","5","3"
"202509","822. 이촌1동 마을공원","1","2"
"202509","825. 서빙고동 주민센터 앞","53","96"
"202509","826. 서울역 서부교차로2","14","14"
"202509","827. 국군복지단","1","1"
"202509","828. 숙대입구역 8번","4","8"
"202509","829. 한강대교 북단 교차로","32","45"
"202509","832. 이촌1동 주민센터 뒤","8","14"
"202509","834. 효창공원앞역 3번출구 앞","4","4"
"202509","835. 남영역 건너편","0","4"
"202509","836. 현대자동차서비스 앞","10","15"
"202509","837. 한남나들목 입구","19","56"
"202509","838. 숙대입구역 4번출구","6","9"
"202509","839. 보광동 삼성리버빌아파트 앞","8","8"
"202509","840. 용산 파크타워 앞","3","4"
"202509","841. 신용산역 1번 출구","15","12"
"202509","843. 이태원관광특구 입구(용산구청방향)","17","15"
"202509","844. 이촌2동 동원베네스트 아파트 앞","5","7"
"202509","845. 용산 선인상가","2","3"
"202509","846. 용산중학교","4","4"
"202509","848. 삼각지12번 출구","13","11"
"202509","849. 삼각지 자이아파트","8","3"
"202509","850.KCC용산웰츠(WELLTZ)타워","1","3"
"202509","851.효창 푸르지오 앞","3","1"
"202509","852. 청암자이아파트 앞","6","5"
"202509","853.용산역 맞은편","31","42"
"202509","854.HID 유족동지회 앞","4","4"
"202509","855.이촌역5번출구 앞","6","4"
"202509","857. 현대 안성타워","2","0"
"202509","858.녹사평역3번 출구","8","4"
"202509","859.남산공원 야외식물원 앞","1","6"
"202509","860.LG한강 자이아파트 앞","13","20"
"202509","863.이촌역2번 출구","40","22"
"202509","864.순천향대학병원(한남오거리)","19","19"
"202509","866.브라운스톤 남산아파트","2","0"
"202509","867.서빙고역 광장(1번출구)","4","7"
"202509","869.노들섬 동측 앞","4","20"
"202509","870.노들섬 서측 앞","97","83"
"202509","905. 구파발역 2번출구","0","1"
"202509","906. 연신내역 5번출구","2","0"
"202509","907. CJ 드림시티","9","7"
"202509","912. 응암오거리","0","1"
"202509","913. 이마트 버스정류장(서부경찰서 방면)","3","5"
"202509","914. 새절역 2번출구","2","4"
"202509","915. 증산역 4번출구","9","9"
"202509","917. 녹번역 3번출구","0","2"
"202509","925. 불광역 2번출구","1","0"
"202509","927. 연신내역 3번출구 인근","0","1"
"202509","928. 은평역사한옥박물관","2","5"
"202509","931. 역촌파출소","0","1"
"202509","949. 연신내역 1번 출구 ","2","0"
"202509","950. 구산역 2번 출구 예일여고 버스정류장","0","1"
"202509","958. 본 서부병원 버스정류장(은평 세무서 방면)","0","1"
"202509","963. 불광롯데캐슬아파트 앞","2","0"
"202509","967. 서울혁신파크2","1","0"
"202509","973.제각말푸르지오 5-1단지 아파트","1","0"
"202509","978.녹번 힐스테이트상가앞","0","1"
"202509","982. 녹번초등학교(서오릉로)","1","0"
"202509","984.상신초등학교앞 버스정류장","2","0"
"202509","985. 은평세무서 버스정류장(은평구청 방면)","0","1"
"202509","989. 신응교(가좌로) 앞","1","0"
"202509","991.흥국사 정류장","1","0"
"202509","992.북한산입구 정류장","2","0"
"202509","996.응암역2번출구 국민은행 앞","1","0"
"202509","상담센터","1","0"
"202510","1001. 광진교 남단 사거리(천호공원 방면)","2","7"
"202510","1002. 해공공원(천호동)","0","1"
"202510","1004. 삼성광나루아파트 버스정류장","1","0"
"202510","1008. 암사역 3번출구(국민은행앞)","4","1"
"202510","1009. 천호역4번출구(현대백화점)","3","2"
"202510","1013. 강동구청역 1번 출입구","3","3"
"202510","1018. 둔촌 주공 GS 맞은편","2","1"
"202510","1019. 다성이즈빌아파트(호원대 대각선 맞은편)","1","0"
"202510","102. 망원역 1번출구 앞","18","14"
"202510","1024.  강동구청 앞","3","0"
"202510","1029. 성내어울터","4","2"
"202510","103. 망원역 2번출구 앞","31","34"
"202510","1039. 고덕초등학교","0","1"
"202510","104. 합정역 1번출구 앞","16","3"
"202510","1044. 굽은다리역","1","0"
"202510","1048. 둔촌어린이공원","1","1"
"202510","105. 합정역 5번출구 앞","4","5"
"202510","1050.  둔촌역 3번 출입구","2","9"
"202510","106. 합정역 7번출구 앞","35","62"
"202510","1060. 천일초교 사거리","1","2"
"202510","1064.중앙보훈병원역 1번출구","0","1"
"202510","107. 수협 연남동지점","6","5"
"202510","1070.(시립)고덕평생학습관","1","0"
"202510","1072.고덕역 5번출구","1","1"
"202510","1077.강동역 1번출구 앞","1","1"
"202510","1078.둔촌사거리","7","2"
"202510","1079.강일동입구교차로","1","0"
"202510","108. 서교동 사거리","20","20"
"202510","1080.천호지하주차장 5번 출입구","0","2"
"202510","1081.트레빌빌딩","2","3"
"202510","1084. 윤선생빌딩(JYP사옥)","13","2"
"202510","1086.래미안 솔베뉴(구천면로)","10","8"
"202510","1106. 신방화사거리","1","1"
"202510","111. 상수역 2번출구 앞","37","38"
"202510","1111. 마곡엠밸리6_7단지 마곡중학교","0","1"
"202510","1113. 서남환경공원 버스정류장","1","1"
"202510","1118. 증미역 3번출구뒤(등촌두산위브센티움오피스텔)","3","2"
"202510","1119. 염창동 한마음아파트 앞","3","3"
"202510","1120. 대림경동아파트앞","5","4"
"202510","1121. 가양레포츠센터 앞","0","3"
"202510","1124. 발산역 6번 출구 뒤","6","1"
"202510","1129. 화곡역 1번 출구 앞","1","1"
"202510","113. 홍대입구역 2번출구 앞","25","32"
"202510","1132. 등촌역 7번출구","0","1"
"202510","114. 홍대입구역 8번출구 앞","23","40"
"202510","1140. 목동사거리 버스정류장","1","0"
"202510","1141. 곰달래 문화복지센터 A","0","1"
"202510","1145. 곰달래 문화복지센터 B","2","0"
"202510","1148. 볏골공원","1","0"
"202510","1149. 신방화역환승주차장","1","0"
"202510","115. 마스타 빌딩 앞","11","8"
"202510","1150. 송정역 1번출구","0","1"
"202510","1151. 마곡역1번출구","3","0"
"202510","1152. 마곡역교차로","1","1"
"202510","1153. 발산역 1번, 9번 인근 대여소","5","4"
"202510","1157. 강서구청","1","1"
"202510","1159. 서서울모터리움 앞","1","1"
"202510","1160. 양천향교역 7번출구앞","7","5"
"202510","1161. 강서면허시험장 앞","0","2"
"202510","1166. 강서구립등빛도서관","1","1"
"202510","1167. 마곡수명산파크3단지 교차로","1","1"
"202510","1168. 마곡엠밸리10단지 앞","1","0"
"202510","1169. 염창역 1번 출구","2","1"
"202510","117. 홍은사거리","4","2"
"202510","1171. 염창동 새마을금고 건너편","1","1"
"202510","1173. 강서구청사거리(SH타워)","1","0"
"202510","1174. 강서구청사거리(부민병원)","2","0"
"202510","1175. 대한항공 인력개발센터","1","0"
"202510","1177. 수명중?고교","4","0"
"202510","118. 광흥창역 2번출구 앞","4","0"
"202510","1186. 송정중학교","1","1"
"202510","1187. 강서수산물도매시장","3","3"
"202510","119. 서강나루 공원","31","48"
"202510","1190. 마곡역 교차로(2번출구)","3","4"
"202510","1191. 마곡역 버스정류장(마곡나루역1번출구, 웰튼병원 방면)","4","5"
"202510","1192. 마곡수명산파크 209동 건너편","3","2"
"202510","1193. 마곡센트럴타워 1차","0","1"
"202510","1195. 코오롱One&Only타워","0","2"
"202510","1196. 서울식물원(문화센터) 건너편","1","2"
"202510","1197. 엠펠리체 호텔 건너편","12","12"
"202510","1198. LG 사이언스파크","2","1"
"202510","120. 신수동 사거리","1","0"
"202510","1201. 가락시장역 3번 출구","0","1"
"202510","1203. 밀리아나2빌딩 앞","1","0"
"202510","1205. 종합운동장역 4번출구","13","9"
"202510","1206. 9호선종합운동장역 9번출구","3","2"
"202510","1209. 잠실나루역 (2번 출구 쪽)","6","2"
"202510","121. 마포소방서 앞","3","1"
"202510","1210. 롯데월드타워(잠실역2번출구 쪽)","65","43"
"202510","1212. 송파역 2번 출구앞","3","3"
"202510","1214. 오금역 7번 출구 인근","1","0"
"202510","1215. 올림픽공원역 1번출구 앞","5","2"
"202510","1218. 방이역 4번출구","1","5"
"202510","122. 신성기사식당 앞","3","2"
"202510","1220. 잠실근린공원","2","0"
"202510","1221. 삼전역 4번출구","2","6"
"202510","1222. 잠실새내역 5번 출구 뒤","14","8"
"202510","1224. 아시아지하보도 2번 출구","0","1"
"202510","1226. 잠실4동 주민센터 옆","0","1"
"202510","123. 문화촌 공원","0","1"
"202510","1231. 잠실역 6번출구","6","20"
"202510","1232. 잠실주공 521동 건너편","6","11"
"202510","1233. 잠실3거리(갤러리아팰리스)","3","1"
"202510","1235. 잠실트리지움310동 옆","6","4"
"202510","124. 서강대 정문 건너편","9","7"
"202510","1241. 문정 법조단지5","2","3"
"202510","1242. 문정 법조단지6","2","1"
"202510","1244. 문정 법조단지8","2","1"
"202510","1248. 방이초등학교","1","0"
"202510","1251. 석촌역 2번출구","1","3"
"202510","1259. 방이역 1번출구","3","0"
"202510","126. 서강대 후문 옆","26","29"
"202510","1264. 천호역 10번 출구 앞","2","2"
"202510","1267. 올림픽공원 남2문 앞","3","2"
"202510","1268. 몽촌토성역 1번출구 옆","14","11"
"202510","1269. 리센츠아파트 ","6","2"
"202510","127. 현대벤처빌 앞","0","1"
"202510","1274. 영파여고 앞","1","0"
"202510","1277. 성내7교","1","1"
"202510","128. 신촌역(2호선) 1번출구 옆","13","12"
"202510","129. 신촌역(2호선) 6번출구 옆","7","6"
"202510","1293. 석촌호수 서호 사거리","3","8"
"202510","1295. 잠실역 8번출구","18","31"
"202510","1296. 석촌호수교차로 (송파나루근린공원 앞)","0","3"
"202510","1297. 석촌호수교차로(동호 팔각정 앞)","5","6"
"202510","130. 신촌역(2호선) 7번출구 앞","15","21"
"202510","1300. 오륜사거리","1","0"
"202510","1302. 한성대입구역6번출구 뒤","1","0"
"202510","1303. 돈암초교 입구","4","0"
"202510","1305. 성북구청","1","5"
"202510","1306. 한성대입구역2번출구","1","4"
"202510","1308. 안암로터리 버스정류장 앞","16","33"
"202510","131. 증산2교","1","0"
"202510","1316. 고려사대부속중고 건너편 ","0","2"
"202510","1318. 길음역 3번출구 뒤","4","1"
"202510","1319. 종암박스파크","1","1"
"202510","1321. 국민은행 종암동지점 앞","8","10"
"202510","1328. 월곡역 3번출구","1","1"
"202510","133. 해담는다리","2","1"
"202510","1332. 석계역 5번출구 건너편","1","1"
"202510","1333. 석관초등학교 앞","1","0"
"202510","1337. 돈암성당 옆","5","5"
"202510","1338. 용문2교 옆","5","2"
"202510","134. 연세로 명물길","6","3"
"202510","1343. 한성대7번출구 앞","0","2"
"202510","1347. 길음래미안아파트817동 상가 앞","1","0"
"202510","1348. 성북제일새마을금고 본점 앞","0","1"
"202510","135. 명물길 원형무대 앞","5","3"
"202510","1351. 안암2교 옆","1","0"
"202510","1354. 고려대학교 2번출구","13","5"
"202510","1357. 북한산보국문역","1","1"
"202510","1361. 홍익중고 입구","1","1"
"202510","1363. 보문4교 인근","4","6"
"202510","1368. 성신여대입구 교차로","0","2"
"202510","137. 신촌기차역입구 교차로","3","3"
"202510","1372. KEB은행 고대점","8","10"
"202510","1373. 성북구보건소 건너편","0","1"
"202510","138. 신촌동 제1공영주차장 앞","0","2"
"202510","1380.월곡역 5번출구 앞","0","1"
"202510","1385.성신여대입구역 3번출구 앞","1","0"
"202510","1388. 돈암초교입구 버스정류장(한성대입구역 방면)","0","1"
"202510","140. 이화여대 후문","6","6"
"202510","1403. 중화빌딩 앞 (동부시장)","4","1"
"202510","141. 연대 대운동장 옆","2","0"
"202510","1427. 용마산역 1번출구","0","1"
"202510","143. 공덕역 2번출구","4","0"
"202510","1433. 중화역 2번출구","1","1"
"202510","1440. 면목2동 사거리","1","0"
"202510","1444. 면목4치안센터","2","1"
"202510","1448. 코스트코 상봉점","1","3"
"202510","1449. 상봉역 1번출구","0","1"
"202510","145. 공덕역 5번출구","2","1"
"202510","1451. 중랑세무서","2","6"
"202510","1452. 겸재교 진입부","2","1"
"202510","1454. 한국전력공사(동대문 중랑지사)","0","1"
"202510","1455. 상봉역 2번 출구","2","0"
"202510","1456. 상아빌딩(우림시장 교차로)","0","1"
"202510","146. 마포역 2번출구 뒤","6","33"
"202510","1462.동부시장 북문 앞","4","3"
"202510","1463.중랑구민회관","1","0"
"202510","147. 마포역 4번출구 뒤","15","42"
"202510","1471.동양쇼핑 정류소 앞","1","0"
"202510","1472.영성빌딩(PAT)","1","0"
"202510","1478.홈플러스 상봉점 앞","3","0"
"202510","148. 용강동 주민센터 앞","4","0"
"202510","150. 서강대역 2번출구 앞","10","2"
"202510","1503. 강북구청사거리(수유역 8번출구)","0","1"
"202510","1512. 강북중학교 앞","3","2"
"202510","153. 성산2교 사거리","4","9"
"202510","1531. 미아사거리 1번 출구","2","0"
"202510","1535. 효성인텔리안 앞","1","1"
"202510","1539. 4.19민주묘지역","0","1"
"202510","154. 마포구청역 ","25","29"
"202510","1546. 송천동우체국","0","1"
"202510","1547. 꿈의숲 롯데캐슬","0","1"
"202510","1548. 북서울 꿈의숲 서문","2","2"
"202510","155. 가좌역1 번출구 앞","5","8"
"202510","1557.신창교","0","1"
"202510","156. 서울서부지방법원 앞","4","4"
"202510","1565.수유사거리","1","0"
"202510","1569.수유역2번출구","0","1"
"202510","157. 애오개역 4번출구 앞","0","3"
"202510","159. 이대역 4번 출구","8","7"
"202510","1606. 태릉입구역 3번출구 ","0","1"
"202510","1608. 공릉역 1번 출구 앞","1","1"
"202510","1611. 과기대 입구(우)","1","0"
"202510","162. 봉원고가차도 밑","5","3"
"202510","1625. 상계역 3번출구","1","1"
"202510","1627. 수락산역 4번출구","1","1"
"202510","163. 명지전문대학교 정문 앞","2","1"
"202510","1630. 수연빌딩 앞","1","0"
"202510","1643. 태릉입구역 8번출구","0","2"
"202510","165. 중앙근린공원","2","2"
"202510","1650. 중계근린공원내","0","2"
"202510","1655. 공릉1단지아파트","2","3"
"202510","1663. 동해문화예술관앞","1","0"
"202510","1674. 서울북부고용센터앞","2","2"
"202510","1677. 육군사관학교  앞","1","0"
"202510","1684. 태릉입구역 5번출구","1","0"
"202510","1688. 마들역 7번출구","0","1"
"202510","169. 북가좌 삼거리","1","1"
"202510","170. DMC파크뷰자이아파트 302동 앞","3","1"
"202510","1720. 도봉구청 옆(중랑천변)","3","3"
"202510","1742. 북한산 코오롱 하늘채","3","0"
"202510","175. 홍연2교옆","3","5"
"202510","1750. 창포원 남쪽 입구","1","0"
"202510","176. 명지대학교 도서관","7","6"
"202510","1770.도봉한신아파트 주변","0","1"
"202510","179. 가좌역 4번출구 앞","3","2"
"202510","1804. 독산역 2번출구 자전거주차장","1","0"
"202510","1805. 서울디지털운동장 앞","0","2"
"202510","1809. LG전자 별관동(호서대 벤처타워 맞은편)","7","5"
"202510","181. 망원초록길 입구","34","23"
"202510","182. 망원2빗물펌프장 앞","34","20"
"202510","1827. 독산보도육교 앞 자전거 보관소","1","4"
"202510","183. 하늘채코오롱아파트 건너편","8","5"
"202510","184.망원우체국사거리 인근","12","12"
"202510","1841. 가산동 주민센터","1","2"
"202510","185. 마포 신수공원 앞","22","20"
"202510","1853. 청년취업사관학교앞","2","0"
"202510","186. 월드컵공원","23","14"
"202510","1861.IBK기업은행 석수역 지점 앞","1","0"
"202510","1862.스타즈호텔독산 빌딩 앞","3","2"
"202510","1869.롯데캐슬골드파크3차 301동 앞","0","1"
"202510","188. 홍은동 정원여중 입구","2","0"
"202510","1906. 신도림역 1번 출구 앞","0","2"
"202510","1908. 해원리바파크 육교 밑","2","0"
"202510","1911. 구로디지털단지역 앞","2","1"
"202510","1912. 한신휴아파트 앞","0","3"
"202510","1914. 대림역4번출구","0","2"
"202510","192. 연서어린이공원","1","0"
"202510","1930. 개봉지구대 개봉치안센터","0","2"
"202510","1931. 개봉역2번출구 A","1","0"
"202510","194. 증산교 앞","3","1"
"202510","1946. 구로역 광장","3","0"
"202510","195. 모래내고가차도 ","6","1"
"202510","1952. 천왕연지타운2단지 앞","0","2"
"202510","1955. 디지털입구 교차로","1","1"
"202510","1958. 강서수도사업소민원센터","0","1"
"202510","196. 연희교차로 인근","1","2"
"202510","1962. 가리봉동주민센터","1","0"
"202510","1975. 대림역 1번 출입구 밑","2","1"
"202510","198. 충정2교","1","1"
"202510","1983. 구로동롯데아파트","1","0"
"202510","1985. 구로도서관","8","0"
"202510","1986. 태평양물산","2","0"
"202510","199. 서울 월드컵 경기장","30","15"
"202510","1996. 구일역 1번 출입구 앞","1","0"
"202510","2002. 노들역 1번출구","23","23"
"202510","2003. 사육신공원앞","5","2"
"202510","201. 진미파라곤 앞","11","15"
"202510","2013. 장승배기역 5번출구","0","1"
"202510","202. 국민일보 앞","34","30"
"202510","2020. 장승배기역2번출구뒷편쪽","1","0"
"202510","2025. 흑석역 1번출구","29","43"
"202510","2027. 중앙대학교 정문 1","2","2"
"202510","203. 국회의사당역 3번출구 옆","9","6"
"202510","2034. 사당역 7번출구쪽","1","1"
"202510","2036. 정금마을 마을버스정류장","2","0"
"202510","2037. 동작역 5번출구 동작주차공원","20","22"
"202510","2038. 동작역 7번출구","0","3"
"202510","204. 국회의사당역 5번출구 옆","0","1"
"202510","2040. 비계 버스정류소","2","2"
"202510","205. 산업은행 앞","8","6"
"202510","2050. 노량진역 5번출구","3","2"
"202510","2058. 동작경찰서","2","2"
"202510","206. KBS 앞","4","2"
"202510","2066. 양문교회 앞","1","0"
"202510","2067. 보라매역?동작세무서 버스정류장(강남중학교방면)","4","1"
"202510","2069. 숭실대 입구역3번 출구 앞","1","0"
"202510","207. 여의나루역 1번출구 앞","74","33"
"202510","2070. 노량진역 2번 출구 앞","3","5"
"202510","2077.노들역 3번출구","3","4"
"202510","2078.흑석 아크로리버하임(103동)","1","0"
"202510","2079.중앙대학교 중앙광장","0","4"
"202510","2080. 대방지하보도(대방동경남아너스빌아파트)","1","0"
"202510","2085.강남중학교 앞","2","0"
"202510","2089.사당역10번출구(금강빌딩)","1","1"
"202510","209. 유진투자증권빌딩 앞","33","12"
"202510","2094.숭실대학교(중문) ","0","1"
"202510","2102. 봉림교 교통섬","11","2"
"202510","2104. 사당역 5번출구","2","2"
"202510","2105. 미성동 신림체육센터","1","1"
"202510","2110. 조원동 미성아파트","2","2"
"202510","2111. 서울대입구역 1번출구","1","0"
"202510","213. KT앞","7","7"
"202510","2130. 영어마을 관악캠프","1","0"
"202510","2136. 신림역 8번출구","2","2"
"202510","2137. KT&G 관악지점","1","0"
"202510","214. 금융감독원 앞","8","3"
"202510","2148. 낙성대역 3번출구 뒤","0","1"
"202510","215. 여의도고교 앞","17","24"
"202510","2156. 신림푸르지오아파트","0","1"
"202510","2159. 인헌초교","0","1"
"202510","217. NH농협은행 앞","4","4"
"202510","2170. 조원동 강남힐병원","1","0"
"202510","2171. 서울대입구역 5번출구","1","0"
"202510","2172. 나들목공원","6","2"
"202510","2173. 당곡사거리","0","1"
"202510","2175. 신림동걷고싶은문화의거리입구","1","0"
"202510","2176. 보라매공원 보도육교","2","4"
"202510","2185. 대학동 고시촌","4","5"
"202510","2186. 낙성대입구삼거리","1","0"
"202510","219. 롯데캐슬엠파이어 옆","0","9"
"202510","2191.대학동주민센터 ","0","1"
"202510","2198.사랑의병원","4","0"
"202510","220. 미성아파트 A동 앞","7","3"
"202510","221. 여의도초교 앞","20","17"
"202510","2212.서초현대4차아파트 201동 맞은편","0","1"
"202510","2213. 고속터미널역 5번출구 앞","0","3"
"202510","2214. 신반포역 2번출구 앞","22","39"
"202510","2215. 반포종합운동장 입구","0","2"
"202510","2217.아크로리버뷰 부지 앞","70","108"
"202510","2219. 고속터미널역 8-1번, 8-2번 출구 사이","34","35"
"202510","222. 시범아파트버스정류장 옆","4","0"
"202510","2222.사당역 12번출구 뒤","0","3"
"202510","2227.방배열린문화센터 앞","0","2"
"202510","223. 진주아파트상가 앞","4","1"
"202510","2230.이수역 4번 출구","2","0"
"202510","2231. 삼성타운(삼성생명) A동 맞은편","4","3"
"202510","2233. 서초신동아1차아파트 옆","1","0"
"202510","2237.서울남부터미널 대합실 입구","0","1"
"202510","2239.교대역 6번출구","1","1"
"202510","224. 롯데캐슬 앞","3","4"
"202510","2241.양재전화국 사거리","0","1"
"202510","2243.서울가정법원","1","1"
"202510","2244. 말죽거리공원 사거리","4","1"
"202510","2245.양재초등학교 맞은편","1","0"
"202510","225. 앙카라공원 앞","0","4"
"202510","2251. 더케이호텔 입구(양재2) ","1","0"
"202510","2255. 양재시민의숲역 1번출구","3","2"
"202510","2259. 잠원역 3번-4번 출구사이 ","6","15"
"202510","226. 샛강역 1번출구 앞","2","10"
"202510","2264. 이수역 1번출구","2","4"
"202510","2266. 서초역 3번출구","4","2"
"202510","2269. 주홍교 하부","1","0"
"202510","227. 양평1나들목 보행통로 입구","1","12"
"202510","2272. 교대입구 교차로","3","2"
"202510","2277. 길마중4교 하부","4","8"
"202510","2279. 교대역 5번출구뒤","3","6"
"202510","228. 선유도역 3번출구 앞","14","17"
"202510","229. 양평1 보행육교 앞","4","4"
"202510","2294. 두상빌딩 앞","1","1"
"202510","2297. 남부터미널역 1번출구","2","1"
"202510","230. 영등포구청역 7번출구","8","1"
"202510","2301. 현대고등학교 건너편","5","10"
"202510","2302. 교보타워 버스정류장(신논현역 3번출구 후면)","9","8"
"202510","2303. 논현역 10번출구","4","0"
"202510","2304. 대현그린타워","3","0"
"202510","2305. MCM 본사 직영점 앞","5","3"
"202510","2306. 압구정역 2번 출구 옆","12","20"
"202510","2307. 압구정 한양 3차 아파트","8","3"
"202510","2308. 압구정파출소 앞","18","15"
"202510","2309. 청담역(우리들병원 앞)","4","2"
"202510","231. 남부고용노동지청 남측","10","8"
"202510","2310. 청담동 맥도날드 옆(위치)","5","2"
"202510","2311. 학동로 래미안 아파트 앞","1","2"
"202510","2312. 청담역 13번 출구 앞","3","10"
"202510","2313. 금원빌딩 앞","6","9"
"202510","2315. 봉은사역 5번출구 옆","13","18"
"202510","2317. 삼성도로공원","10","17"
"202510","2318. 삼성중앙역4번출구(문화센터더 리빌)","1","3"
"202510","2319. 포스코사거리 서측(수협 삼성동 지점)","13","6"
"202510","232. 양평우림 이비즈센타 앞","1","0"
"202510","2325. 대치삼성아파트 앞 교차로","4","0"
"202510","2327. 뱅뱅사거리 랜드마크타워 앞","1","0"
"202510","2328. 르네상스 호텔 사거리 역삼지하보도 7번출구 앞","4","2"
"202510","2329. 르네상스호텔사거리 역삼지하보도 2번출구","3","6"
"202510","233. 양평1동 YP센터 앞","0","1"
"202510","2330. 역삼월드메르디앙아파트 앞","1","1"
"202510","2331. 동영문화센터앞","6","1"
"202510","2332. 선릉역3번출구","5","4"
"202510","2333. 양재역 3번출구 주변","0","1"
"202510","2335. 3호선 매봉역 3번출구앞","4","0"
"202510","2337. 대모산입구역 2번출구 앞","3","0"
"202510","2340. 삼호물산버스정류장(23370) 옆","5","3"
"202510","2344. 리엔파크 2단지 앞","1","1"
"202510","2347. 두산건설 본사","3","1"
"202510","2348. 포스코사거리(기업은행)","8","6"
"202510","2349. 역삼빌딩 앞(하나은행 옆)","3","8"
"202510","235. 신길동 우리은행 옆","2","2"
"202510","2352. 서울본부세관(건설회관 앞)","6","5"
"202510","2353. 강남구청역 2번출구 뒤","6","2"
"202510","2354. 청담역 2번출구","2","5"
"202510","2357. 르네상스호텔사거리 역삼지하보도 3번출구 앞 (더 오번 빌딩 명동칼국수 앞)","2","1"
"202510","236. 문래동자이아파트 앞","9","7"
"202510","2362. 신사동 가로수길 입구","16","14"
"202510","2363. 강남 을지병원 교차로","7","6"
"202510","2364. 도산공원교차로","4","2"
"202510","2365. K+ 타워 앞","14","23"
"202510","2369. KT선릉타워","5","4"
"202510","2371. 한국우편사업진흥원","0","1"
"202510","2373. 개포동역 사거리","4","0"
"202510","2375. 수서역 1번출구 앞","3","0"
"202510","2376. 수서역 7번출구 앞","1","0"
"202510","2377. 수서역 5번출구","1","4"
"202510","2380. 봉은사로68길 북측","1","3"
"202510","2381. 언주역 4번출구","2","5"
"202510","2385. 학동역","2","7"
"202510","2386. 크린랩 본사","2","1"
"202510","2387. 래미안강남힐즈 사거리","1","0"
"202510","2388. 강남구 도시관리공단","6","1"
"202510","2391. 구룡터널 입구(개포1단지아파트)","1","2"
"202510","2396. 영동3교 북단(우성캐릭터 앞 보도)","1","6"
"202510","2398. 더라움","1","1"
"202510","240. 문래역 4번출구 앞","9","4"
"202510","2401. 밀알학교 입구 (삼성서울병원 입구)","1","0"
"202510","2404. 대모산입구역 4번 출구 앞","1","0"
"202510","2405. 청담공원앞 교차로","0","3"
"202510","2406. 논현동 광명빌딩 앞","7","3"
"202510","2407. 역삼서초삼성 세무서 앞 (역삼빌딩 앞)","11","14"
"202510","2409. 역삼동 디오슈페리움 (우성아파트 사거리)","3","2"
"202510","2410. 포스코피앤에스타워 (역삼역 3번출구 부근)","14","7"
"202510","2413.도곡역 1번 출구","0","4"
"202510","2415.한티역 롯데백화점 앞","1","1"
"202510","2417.선정릉 디캠프(D,CAMP)앞","1","2"
"202510","2418.봉은사역 7번 출구 ","15","11"
"202510","2419.봉은사역 1,2번 출구 ","9","26"
"202510","242. 신길선원가와인아파트 앞","0","3"
"202510","2426.강남한신휴플러스 6단지","0","1"
"202510","2429.압구정로데오역 6번출구","17","27"
"202510","243. 이앤씨드림타워 앞","0","3"
"202510","2430.강남파이낸스센터앞(역삼역2번출구)","7","4"
"202510","244. 영등포삼환아파트 앞","2","2"
"202510","247. 당산역 10번출구 앞","5","1"
"202510","248. 초원아파트 앞","6","15"
"202510","249. 여의도중학교 옆","46","31"
"202510","2502. 서초역1번출구 앞","1","1"
"202510","2503. 반포1동 서초빌딩 앞","7","4"
"202510","2504. 신사역 4번출구 뒤","6","24"
"202510","2505. 우성아파트사거리 (기업은행앞)","2","1"
"202510","2509. 심산기념문화센터","0","2"
"202510","251. 서울지방병무청 버스정류장","1","1"
"202510","2514.사평역 2번출구","2","2"
"202510","2515.서초초등학교 후문","9","15"
"202510","2517. 서초그랑자이 앞","1","0"
"202510","252. 보라매역4번출구","1","0"
"202510","2521.서초 크로바타워 앞","0","2"
"202510","2523.뉴코아 킴스클럽 앞","2","1"
"202510","2524.반포쇼핑타운 8동 앞","1","2"
"202510","2525.반포쇼핑타운 2동 앞","67","112"
"202510","2529.우리은행 방배동지점 앞","0","2"
"202510","2530.삼호3차아파트 앞","0","6"
"202510","2531.멤피스아파트 앞","1","0"
"202510","2535.신반포역 3번출구 뒤","5","9"
"202510","2537.양재역 8번출구 앞","0","2"
"202510","2538.사평리근린공원","10","16"
"202510","2540.반포천 앞","1","2"
"202510","2542.신논현타워 앞","7","10"
"202510","2547. 반포래미안 리오센트","1","1"
"202510","2548.반포1동 자율방범초소 옆","2","0"
"202510","258. 신길역3번출구","2","0"
"202510","259. 대방역6번출구","2","4"
"202510","260. 여의도 마리나선착장 앞","3","5"
"202510","2601. 석촌호수 아뜰리에","5","5"
"202510","2605. 복정역 1번 출구 앞","0","2"
"202510","2608. 송파구청","26","25"
"202510","2613. 잠실나들목","4","4"
"202510","2618. 삼전역 1번출구","6","4"
"202510","2619. 석촌고분역 4번출구","2","7"
"202510","2620. 송파나루역 4번 출구옆","3","0"
"202510","2621. 한성백제역 2번 출구","24","13"
"202510","2622. 올림픽공원역 3번출구","33","36"
"202510","2623.석촌동 주민센터","1","1"
"202510","263. 근로자회관 사거리","1","0"
"202510","2630.서울방이동 고분군","1","1"
"202510","2631.배명고등학교","1","0"
"202510","2632.석촌고분역 2번 출구","1","2"
"202510","2635.잠실새내역 1번출구","2","0"
"202510","2637. 아시아지하보도 14번 출구","4","1"
"202510","2639.석촌역 8번출구","2","2"
"202510","2642.마천동 성내천 쉼터","0","1"
"202510","2643.풍납중학교 측면","0","2"
"202510","2646.레이크펠리스101동앞","2","2"
"202510","2647.잠실 자전거 수리센터 앞","19","10"
"202510","265. 영등포유통상가 사거리","2","2"
"202510","2653.올림픽공원사거리(선수촌아파트)","1","0"
"202510","2654.올림픽선수촌아파트 136동 앞","0","1"
"202510","2655.송이공원","1","0"
"202510","2656.풍납동 아이파크 107동 앞","0","1"
"202510","267. 삼성화재 사옥 옆","11","5"
"202510","270. 증권거래소후문교차로","0","1"
"202510","2701. 마곡나루역 5번출구 뒤편","8","7"
"202510","2703.서울도시가스 앞 ","1","0"
"202510","2704.홈플러스(강서점)","0","1"
"202510","2708.강서한강자이타워 앞","5","4"
"202510","271. 샛강생태공원방문자센터 앞","2","7"
"202510","2713.우장초등학교 앞","0","1"
"202510","2715.마곡나루역 2번 출구 ","9","10"
"202510","2717.LG유플러스 마곡사옥","1","1"
"202510","2719.마곡문화공원","3","3"
"202510","272. 당산육갑문","28","38"
"202510","2720.힐스테이트에코","0","1"
"202510","2721.등촌1-10단지 교차로","2","3"
"202510","2723.마곡 필네이처","2","2"
"202510","2724.(재)FITI시험연구원","3","0"
"202510","2725.서울식물원 식물문화센터","7","2"
"202510","2728.마곡나루역 3번 출구","16","13"
"202510","2729.넥센 유니버시티 앞","6","2"
"202510","2730.마곡메가박스 앞","1","0"
"202510","2733.마곡13단지 정문 앞","1","0"
"202510","2737.까치산역 3번 출구","0","1"
"202510","2744.강서세무서 앞","1","0"
"202510","275. 신동아아파트","1","0"
"202510","276. 영등포로터리2","2","2"
"202510","278. 쌍용플레티넘오피스텔","1","0"
"202510","279. 영등포 푸르지오 아파트 B","1","1"
"202510","280. 양평동6차현대아파트 앞","1","0"
"202510","2801. 대륭포스트타워1차","8","7"
"202510","2807.항동지구 1단지 105동 앞","2","0"
"202510","282. 신한은행 대림동지점","2","0"
"202510","2821.청구아파트 앞","0","1"
"202510","2824.미래사랑어린이공원 앞","3","0"
"202510","284. 센트럴 푸르지오 시티 앞","4","6"
"202510","2908. 광운대학교 중앙도서관","1","3"
"202510","291. 문래동 하이테크 시티","9","4"
"202510","2910.도깨비시장","0","1"
"202510","2913.상계8동 주민센터","1","0"
"202510","2915.서울과학기술대학교(어학교육원)","0","1"
"202510","2919.등나무 근린공원(시립북서울미술관 앞) ","3","0"
"202510","293. 충북 미래관","0","1"
"202510","296.KT플라자 영등포점","0","1"
"202510","297.국회3문","1","3"
"202510","298.KBS 연구동 건너편","1","0"
"202510","299.여의도 순복음교회","15","14"
"202510","300. 정동사거리","2","1"
"202510","3002.벽산상암스마트큐브 ","16","12"
"202510","3005.마포구청 청사내","1","1"
"202510","3007.MBC 앞","1","0"
"202510","3009. 홍대입구역 사거리","21","25"
"202510","301. 경복궁역 7번출구 앞","12","7"
"202510","3010.홍대입구역 3번출구","42","45"
"202510","3013.서울지방고용노동청 앞","10","16"
"202510","302. 경복궁역 6번출구 뒤","38","32"
"202510","303. 광화문역 1번출구 앞","8","4"
"202510","305. 종로구청 옆","13","17"
"202510","307. 서울역사박물관 앞","3","9"
"202510","308. 광화문 S타워 앞","14","1"
"202510","309. 광화문역 6번출구 옆 B","4","1"
"202510","310. 청계광장 옆","10","22"
"202510","3100. 북성초교","0","1"
"202510","3101. 서대문구청","1","0"
"202510","3102. 연희삼거리","1","3"
"202510","3104. e편한세상 신촌4단지 앞","2","1"
"202510","3110.홍은 현대아이파크 아파트 202동 앞","4","3"
"202510","3111.무악재역 4번 출구","0","1"
"202510","3113. 독립문 앞","2","3"
"202510","3114.충정로역 3번 출구","0","2"
"202510","3116.신촌역 4번출구","5","10"
"202510","3117.이화여대 인문관 인근","12","9"
"202510","3119.연희 브라운스톤 아파트 앞","5","2"
"202510","3123.DMC파크뷰자이1단지 110동 앞","0","1"
"202510","3125.연희파크푸르지오아파트 앞","6","7"
"202510","3127.홍은2파출소 옆","6","1"
"202510","3128.동신병원 맞은편","9","10"
"202510","3131.연가교 교차로","0","2"
"202510","314. 국립현대미술관","34","21"
"202510","316. 종각역 1번출구 앞","7","3"
"202510","318. 광교사거리 남측","2","8"
"202510","320. 을지로입구역 4번출구 앞","11","19"
"202510","3202.당산롯데캐슬프레스티지","1","0"
"202510","3203.도림동배드민턴체육관","0","1"
"202510","3204.도림고가도로 밑","0","1"
"202510","3207.양남사거리1","2","0"
"202510","321. KEB 하나금융그룹 명동사옥 옆","14","12"
"202510","3214.영등포 푸르지오 아파트 A","0","1"
"202510","322. 명동성당 앞","13","26"
"202510","3221.서울특별시 남부교육지원청","0","2"
"202510","324. 신세계백화점 본점 앞","18","22"
"202510","326. 안국역 5번출구 앞","19","27"
"202510","327. 낙원상가 옆","25","28"
"202510","328. 탑골공원 앞","9","7"
"202510","329. 청계2가 사거리 옆","15","10"
"202510","331. 을지로2가 사거리 북측","6","5"
"202510","3311.서울대입구역 4번 출구","1","0"
"202510","332. 을지로2가 사거리 남측","3","2"
"202510","334. 종로3가역 2번출구 뒤","6","18"
"202510","335. 종로3가역 15번출구 뒤","12","12"
"202510","336. 충무로역 6번출구 앞","17","22"
"202510","337. 창경궁 입구","11","6"
"202510","338. 세운스퀘어 앞","7","5"
"202510","339. 종로4가 사거리","13","19"
"202510","340. 혜화동 로터리","3","1"
"202510","3402.이화공영주차장","1","4"
"202510","3407.안국동사거리(신)","50","34"
"202510","3408.종로타워빌딩","10","9"
"202510","341. 혜화역 3번출구 뒤","12","1"
"202510","3410.종로3가역 8번출구","21","12"
"202510","3411.종묘","11","8"
"202510","3412.세운상가","13","7"
"202510","3413.종로플레이스","6","3"
"202510","3414.종로5가역 4번출구","25","29"
"202510","3415.동대문역6번출구","33","35"
"202510","3416.동묘앞역 6번출구","13","15"
"202510","3419.국립어린이과학관","1","2"
"202510","342. 대학로 마로니에공원","6","6"
"202510","3420. 성균관대입구 사거리 B","0","2"
"202510","3421.혜화역 1번출구","4","1"
"202510","3422.성균관대 정문","11","7"
"202510","3425.광화문 풍림스페이스본 1단지앞","2","1"
"202510","3427.인왕산 아이파크 정문","1","0"
"202510","343. 힐스테이트창경궁 아파트 앞","7","8"
"202510","3432.종로2가 사거리","35","30"
"202510","344. 성균관대 E하우스 앞","2","5"
"202510","345. 서울보증보험본사 앞","5","0"
"202510","346. 맥스타일 앞","7","11"
"202510","347. 동대문역사문화공원역 9번출구 앞","20","29"
"202510","348. 독립문역 사거리","2","5"
"202510","349. 어린이도서관","1","4"
"202510","3500. 군자역2번출구","1","0"
"202510","3501. K&S빌딩 앞","2","6"
"202510","3504. 원일교회","6","4"
"202510","3505. 신양초교앞 교차로","9","3"
"202510","3506. 영동대교 북단","12","20"
"202510","3508. 화양사거리","0","2"
"202510","3509. 세종사이버대학교","3","10"
"202510","3511. 응봉역 1번출구","18","23"
"202510","3513. 상왕십리역 1번출구","1","2"
"202510","3514. 왕십리교회옆","4","3"
"202510","3515. 서울숲 관리사무소","213","181"
"202510","3518. 군자역 7번출구뒤","2","0"
"202510","352. 중앙고입구 삼거리","2","0"
"202510","3525. 금호스포츠센터앞","5","4"
"202510","3528. 광진정보도서관","6","3"
"202510","3529. 어린이대공원정문","4","5"
"202510","353. 재동초교 앞 삼거리","39","47"
"202510","3533. 건대입구역 사거리(롯데백화점)","21","14"
"202510","3534. 건대입구역 5번출구 뒤","44","40"
"202510","3536. 중앙농협(자양동)","4","2"
"202510","354. 포르투갈 대사관 앞","4","2"
"202510","3542. 래미안 구의파크 스위트","1","1"
"202510","3543. 세종대학교(학술정보원)","3","11"
"202510","3544.한양대역 3번 출구","4","4"
"202510","3545.한양대역 1번출구","2","1"
"202510","3547.상왕십리역 6번 출입구","3","0"
"202510","3548.뚝섬역 6번출구","10","15"
"202510","3549.건영아파트 앞","2","1"
"202510","355. 서울사대부설초등학교 앞","12","25"
"202510","3550.금호나들목","8","6"
"202510","3552.서울숲 공영주차장앞","107","83"
"202510","3557.서울숲리버뷰자이APT105동 앞","1","0"
"202510","3559.성동구민종합체육센터 건너편","56","37"
"202510","356. KT혜화지사 앞","1","0"
"202510","3560.성동구 견인차량 보관소 앞","4","4"
"202510","3566.우성4차아파트","3","2"
"202510","3569.건대병원후문","12","7"
"202510","3570.구의역 리버비스타 오피스텔","1","3"
"202510","3571.화양 APT(횡단보도 옆)","15","13"
"202510","3573.광나루안전체험관","3","2"
"202510","3575. 자양사거리(서원빌딩)","3","1"
"202510","3579.광진 캠퍼스시티","8","10"
"202510","358. 성균관대입구 사거리 A","4","7"
"202510","3581.광진광장","2","6"
"202510","3582.화양동 우체국","7","7"
"202510","3586.군자역 비채온 오피스텔","3","1"
"202510","359. 원남동사거리","8","4"
"202510","3600.사근빗물펌프장 건너편","21","30"
"202510","3604. 삼성중앙역 5번출구","3","1"
"202510","3606. 신사동주민센터 옆","14","11"
"202510","361. 동묘앞역 1번출구 뒤","25","15"
"202510","362. 청계8가사거리 A","2","5"
"202510","3620. 청담역 11번 출구","4","0"
"202510","3623. 일원에코파크 앞(개포로 방면)","1","0"
"202510","3627. 압구정나들목","47","37"
"202510","3628. 역삼1동 주민센터","3","1"
"202510","3629. 청담사거리(신한오피스텔빌딩 앞)","7","3"
"202510","363. 신설동역 11번출구 뒤","1","1"
"202510","3636. 삼성중앙역·플래티넘아파트 정류소","6","6"
"202510","3638. 신청담나들목","7","1"
"202510","364. 창신역 1번출구 앞","0","2"
"202510","3642. 강남자곡힐스테이트","1","0"
"202510","3646. 선정릉역 4번 출구","1","5"
"202510","3648. 구룡역 4번 출구","2","0"
"202510","3653. 강동리버스트4단지아파트 404동 앞","0","1"
"202510","3655. 둔촌신성미소지움아파트","0","1"
"202510","3657. 서울천호동우체국","4","6"
"202510","367. 독립문역 3-1번출구 ","1","1"
"202510","3671. 둔촌동역교차로","2","1"
"202510","368. SK 서린빌딩 앞","16","17"
"202510","3680. 강동역3번출구","1","3"
"202510","3681. 길동 마루빌딩","1","2"
"202510","3692. 둔촌오륜역 1번 출구","1","1"
"202510","370. 시청역(2호선) 9번출구 뒤","9","9"
"202510","3700. 강변그대가리버뷰 입구 맞은편","3","6"
"202510","371. 동대입구역 6번출구 뒤","9","14"
"202510","372. 약수역 3번출구 뒤","2","2"
"202510","374. 신당동주민센터앞","7","2"
"202510","3753. 공항중학교 버스정류장","1","0"
"202510","3758. 서울남부출입국관리소","2","5"
"202510","3761. 나이아가라관광호텔","2","4"
"202510","3763. 등촌태영아파트","0","1"
"202510","3764. 관문주유소(GS칼택스) 앞","0","2"
"202510","3767. 대원빌딩","1","0"
"202510","3770. 남부순환로 205","0","2"
"202510","3775. 가양오토갤러리","0","1"
"202510","3776. 김포공항사거리","0","1"
"202510","3778. 김포공항입구 교차로","0","2"
"202510","3782. 겸재정선미술관","3","1"
"202510","3784. 벽산아파트","3","3"
"202510","3786. 강서힐스테이트 상가 앞","1","0"
"202510","3788. 정곡나들목","5","10"
"202510","3789. 염창나들목","1","3"
"202510","379. 서울역9번출구","8","14"
"202510","3793. 더리브골드타워","0","1"
"202510","3794. 안양천합수부(현대3차아파트)","3","1"
"202510","380. CJ제일제당 앞","24","30"
"202510","3801. 이랜드글로벌R&D센터","5","4"
"202510","3807. 관악우체국 교차로","1","0"
"202510","381. 장충체육관","0","2"
"202510","3812. KT관악지점","0","4"
"202510","3813. 낙성대역 5번출구","1","0"
"202510","3814. 난곡사거리 ","0","1"
"202510","3819. 서울대벤처타운역","6","4"
"202510","382. 약수역 10번출구 앞","0","2"
"202510","383. 신당역 12번 출구 뒤","17","10"
"202510","384. 중림동삼거리","0","1"
"202510","385. 종각역 5번출구","11","6"
"202510","3853. 어린이대공원역 2번출구","8","4"
"202510","3860. 건국대학교 정문 앞","0","2"
"202510","3865. 이튼타워리버 2차","3","2"
"202510","3868. 자양한강도서관","1","3"
"202510","387. 훈련원공원주차장 앞","67","52"
"202510","3873. 동서울우편집중국 앞","2","0"
"202510","3879. 중랑천 뚝방길 산책로 입구","2","0"
"202510","388. 동성중학교 앞","0","1"
"202510","3880. 홍련봉 공원","1","0"
"202510","3881. 신자초교입구 교차로","12","2"
"202510","3882. 자양2동 주민센터","3","3"
"202510","3886.광진구 민방위교육센터","0","2"
"202510","389. 을지로4가역 1번출구","10","2"
"202510","3890. 웰츠타워 오피스텔","2","5"
"202510","3894. 노룬산시장 앞","5","6"
"202510","390. 충무로역 1번출구","11","1"
"202510","3900. 건국대학교 신공학관","21","27"
"202510","3904. 테크노마트 앞","1","0"
"202510","3905. 희훈타워빌 앞","1","0"
"202510","391. 시립미술관","10","5"
"202510","3914. 신도림쌍용플래티넘노블아파트 앞","2","0"
"202510","3918. 이좋은집오피스텔 앞","1","0"
"202510","3919. 구로역·NC신구로점 버스정류장(구로역 방면)","0","2"
"202510","3927. 구로월드아파트 앞","2","1"
"202510","393. 동대문역 8번 출구","45","43"
"202510","3930. 온수역 2번 출구 앞","0","1"
"202510","3939.신도림역 3번출구","2","3"
"202510","395. 경희궁 자이 2단지","1","3"
"202510","3956. 대륭테크노타운21차 앞","1","0"
"202510","3966. 독산역1번출구 B","1","1"
"202510","397. 종묘공영주차장 건너편","6","12"
"202510","3975.현대시티아울렛 가산","1","1"
"202510","398. 을지로3가역 3번출구","17","11"
"202510","3983. 금천구청역 1번 출구","1","0"
"202510","3989.가산디지털단지역 9번출구 앞","0","2"
"202510","399. 서울역 센트럴 자이아파트","1","0"
"202510","4011. 월계 센트럴 아이파크","0","1"
"202510","4023. 월계역 1번 출구","1","0"
"202510","4027. 한내 행복발전소 옆","1","0"
"202510","4029. 청소년수련관 후문","2","1"
"202510","4037. 물넘이교","1","1"
"202510","4042. 상계문화정보도서관","1","0"
"202510","405. DMC빌 앞","2","3"
"202510","4058. 다락원체육공원 전망대 입구","0","1"
"202510","4065. 창동역 1번출구 앞","1","0"
"202510","4077. 도봉제1교","1","2"
"202510","408. LG CNS앞","1","0"
"202510","4086. 도봉로 534","1","0"
"202510","4087. 우이교 교차로","0","1"
"202510","409. 누리꿈스퀘어 옆","5","1"
"202510","4103. 휘경sk뷰아파트 앞","4","2"
"202510","4105. 서울교통공사사거리 교통섬","3","3"
"202510","4110. 용두롯데캐슬리치아파트 앞","5","1"
"202510","4113. 한국국방연구원 앞","1","1"
"202510","4116. 이문e편한세상아파트 앞","1","0"
"202510","412. DMC산학협력연구센터 앞","0","2"
"202510","4121. 서울문화재단 앞","2","2"
"202510","4122. 청계9가교차로 앞","1","0"
"202510","4128.  종암초등학교 뒤(새울센스빌)","4","11"
"202510","413. 상암월드컵파크 3단지 후문","3","0"
"202510","4131. 베네스트 오피스텔 앞","3","0"
"202510","4132. 이문삼익아파트 앞","1","1"
"202510","4134. 제기동 현대아파트 앞","3","3"
"202510","4135. 삼성생명 앞","4","1"
"202510","4136. 롯데캐슬SKY-L65 D동 앞","3","2"
"202510","4137. 답십리역 4번출구","4","4"
"202510","4139. 답십리 사거리","1","1"
"202510","414. 상암동주민센터 옆","5","1"
"202510","4140. 신설동역 4번출구","20","17"
"202510","4141. 우리은행장안지점 앞","1","3"
"202510","4143.서울동물복지지원센터 동대문","3","2"
"202510","4145.청량리동 주민센터","3","1"
"202510","4146.이삭어린이공원","0","1"
"202510","415. DMC역 9번출구 앞","1","2"
"202510","4153. 흑석동효사정앞","1","4"
"202510","416. 상암월드컵파크 1단지 교차로","1","0"
"202510","4167. 구로교 아래","3","6"
"202510","4169. 신대방삼거리","1","2"
"202510","417. DMC역 2번출구 옆","2","4"
"202510","4173. 중대후문 마을버스정류장","1","2"
"202510","4175. 대방역2번출구","1","1"
"202510","4179. 보라매병원역 1번출구","1","1"
"202510","418. 월드컵경기장역 3번출구 옆","8","12"
"202510","4180. 흑석동주민센터 입구","1","0"
"202510","4181. 보라매공원역 2번출구","2","1"
"202510","419. 홈플러스 마포점 앞","12","10"
"202510","420. 서울시 공공자전거 상암센터","16","8"
"202510","4202. 프런트원(공덕역4번출구 앞)","2","1"
"202510","4206. 광흥창역5번출구","6","6"
"202510","4207. 아만티호텔 앞","17","9"
"202510","4208. 스타벅스(동교동) 앞","9","11"
"202510","421. 마포구청 앞","6","3"
"202510","4210. 가좌행복주택 앞","2","1"
"202510","4211. 시석빌딩 앞","12","14"
"202510","4213. 마포구중앙도서관 정문 앞","2","4"
"202510","4216. 망원정 앞","4","6"
"202510","4217. 한강공원 망원나들목","61","31"
"202510","4218. 디지털매직스페이스","2","1"
"202510","422. 문화비축기지","11","11"
"202510","4220. 신촌 청년주택","6","7"
"202510","4222. 서울디자인고등학교 앞","1","2"
"202510","4224. 서부운전면허시험장","2","0"
"202510","4233. 코오롱아파트사거리","25","21"
"202510","424. 롯데하이마트 (상암월드컵점) ","1","0"
"202510","4244. 당인리발전소 공원 앞","47","28"
"202510","4246. 상수역새마을금고","7","8"
"202510","4248. 신촌 교보빌딩","2","6"
"202510","426. 서울신용보증재단","2","0"
"202510","4264. 홍남교 버스정류장","4","8"
"202510","4267. 서대문역 2번 출구","1","1"
"202510","4269. 연희IC 남측","6","2"
"202510","427. 성산시영아파트","0","3"
"202510","4270. 우국한마음 아파트 맞은편","9","3"
"202510","4271. 충정로역 1번 출구","1","1"
"202510","4272. 홍남교 사거리","7","2"
"202510","4274. 신촌 파랑고래 입구","20","15"
"202510","4275.농협생명본사빌딩 서관","2","0"
"202510","4277. 서대문우체국 정류소 옆","3","5"
"202510","4278. 홍은2동주민센터","1","1"
"202510","428. 명보사거리","11","4"
"202510","429. 송도병원","1","0"
"202510","430. 장충동먹자골목 앞","15","10"
"202510","4306. 서래공원 앞","1","1"
"202510","4307. 고투몰 gate 15옆","3","3"
"202510","431. 청계천 영도교","7","5"
"202510","4312. 반포미도2차아파트 옆","3","1"
"202510","4313. 반포종합운동장","8","5"
"202510","4316. 고속터미널역 3번출구","6","6"
"202510","4320. 비석공원","3","2"
"202510","4324. 세화고등학교","1","10"
"202510","4329. SC제일은행 양재동지점 앞","1","0"
"202510","433. 을지로입구역 2번출구","26","20"
"202510","4332. 이수교차로","2","6"
"202510","4341. 영동1교 북단","2","1"
"202510","4345. 반포역 4번출구","7","0"
"202510","4347. 논현지하보도","5","4"
"202510","4349.삼성화재서초타워","7","5"
"202510","435. SK 남산빌딩","3","5"
"202510","4350.누리숲어린이공원 앞","9","3"
"202510","4353. 코오롱디지털타워 3차앞","8","10"
"202510","436. 이대역 5번출구","10","10"
"202510","4360. 르노삼성자동차 성수사업소 앞","2","1"
"202510","4362. 행당중학교 후문","4","3"
"202510","437. 대흥역 1번출구","10","8"
"202510","4370. 성동교 사거리","4","6"
"202510","4373. 서울숲 지식산업센터","11","14"
"202510","4377. 우영테크노센터 앞","18","12"
"202510","438. 성산2-1 공영주차장","1","1"
"202510","4381. 더스페이스타워 앞","4","10"
"202510","4382. 페코텍글로벌허브빌딩 앞","7","1"
"202510","4383. 푸조비즈타워 앞","1","2"
"202510","4385. 용답동 우체국 주변","4","2"
"202510","4386. 현대자동차 동부서비스센터 주변","1","1"
"202510","4387. 성수역 1번출구 주변","13","5"
"202510","4389. 서울숲역3번출구","4","7"
"202510","4390. 신답역 1번출구","2","0"
"202510","4392. 답십리역 6번출구","0","1"
"202510","4393. 상원삼거리 장안철교 아래","5","4"
"202510","4397. 마장축산물시장 북문 건너편","4","2"
"202510","4398. 유원지식산업센터 앞","27","16"
"202510","4399. 더리브 세종타워 앞","11","33"
"202510","440. 하늘공원 입구","32","41"
"202510","4401.뚝섬유수지 공영주차장","3","2"
"202510","441.염천교사거리","8","0"
"202510","4411. 동산어린이공원 앞","2","1"
"202510","4414. 안암역 3번 출구","8","16"
"202510","4418. 종암동 동덕여대 제2생활관 앞","1","0"
"202510","4419. 성북구 한예종 캠퍼스 본관","0","1"
"202510","442.서울역 서부","1","0"
"202510","4420. 성북구 한예종 캠퍼스 별관","1","0"
"202510","4425. 하늘채코오롱아파트 앞","0","1"
"202510","4427. 동일하이빌뉴시티","1","4"
"202510","443.호암아트홀","7","4"
"202510","445.대한상공회의소","8","4"
"202510","4452. 삼성SDS","1","3"
"202510","4457. 아산병원 기숙사 부근","15","17"
"202510","4458. 가락2동주민센터 인근","1","0"
"202510","446. 상명대입구","5","3"
"202510","4462. 가락중학교 앞","1","1"
"202510","4464. 올림픽공원 북2문 A","8","5"
"202510","4481. 올림픽공원 북2문 B","3","15"
"202510","4483. 잠실나들목4","3","2"
"202510","4484. 잠실나루역4번출구뒤","7","12"
"202510","4486. 홈플러스 잠실점","1","0"
"202510","449. 일성아파트","0","1"
"202510","4499. 세양청마루 101동 앞","2","1"
"202510","450. 효자동 삼거리","2","1"
"202510","451. 청와대앞길","5","0"
"202510","4517. 성보하이드로빌딩","0","1"
"202510","452. 동대문 종합시장 버스정류장","6","6"
"202510","4523. 구립양천어르신요양센터","0","1"
"202510","453. 종로오가 지하쇼핑센터 14번출구","12","20"
"202510","4536. 양천해누리체육공원","3","2"
"202510","454. 종로2가 버스정류장 (종각방향)","7","2"
"202510","4543. 오목교역 6번 출구","1","0"
"202510","4546. 목동운동장 주경기장","1","0"
"202510","4548.신목동역1번출구","1","0"
"202510","455. 종로6가역 버스정류장(동대문 방향)","9","8"
"202510","4556. 리버뷰신안인스빌1차 후문","2","4"
"202510","4557. 리버뷰신안인스빌2차 후문","0","2"
"202510","4558. 대영중고 후문","1","1"
"202510","456. 숭인2동 주민센터 입구","15","11"
"202510","4561. 양평역 1번출구","4","4"
"202510","4563. 여의도 은하아파트","1","3"
"202510","4564. 63스퀘어","4","15"
"202510","4565. 영등포 신세계백화점","13","10"
"202510","4567. 한림대학교 강남성심병원 신관","0","1"
"202510","457. 종로꽃시장 입구 옆","4","7"
"202510","4574. 영등포시장역 포레나영등포","4","4"
"202510","4579. 국회의사당 본관","2","0"
"202510","458. 광화문역 5번출구","27","21"
"202510","4585. 국회6문","2","1"
"202510","4589. KRX한국거래소(1)","9","2"
"202510","4592. 신길우성4차아파트","0","1"
"202510","4594. 양평교 영등포대여소","1","0"
"202510","4598. 오목교 동측 지하보도","0","2"
"202510","4601.양평역2번출구 뒤","1","2"
"202510","4603. 한강GS에클라트 건너편 교통섬","0","3"
"202510","4604. 원효로다목적체육관 앞","2","0"
"202510","4605. 노들섬 다목적홀(동쪽) 숲, 앞","13","17"
"202510","4607. 국립중앙박물관 -용산가족공원 앞","11","9"
"202510","4608. 국립중앙박물관 정문 앞","20","5"
"202510","4609. 파크타워 104동 앞","4","6"
"202510","461. 서울경찰청","3","0"
"202510","4610. 한남나인원 105동 앞","10","5"
"202510","4611. 국제루터교회 앞","3","3"
"202510","4612. 이태원로 255","0","3"
"202510","4613. 서울갤러리아 앞","0","7"
"202510","4615. 크라운호텔앞 버스정류소","19","20"
"202510","4616. 신용산지하차도 앞","18","13"
"202510","4619. 한강트럼프월드3차 앞","27","49"
"202510","4620. 삼각지역 14번 출구 앞(교통섬)","15","7"
"202510","4621. 남산도서관 앞","8","4"
"202510","4622. 한강중학교 앞 버스정류장","5","2"
"202510","4623. 라인프랜즈이태원점 앞","0","1"
"202510","4625. 용산공원갤러리앞","2","4"
"202510","4627. 효창공원앞역 5번출구 옆","1","0"
"202510","4629. 한강초교보도육교 앞","32","27"
"202510","4632. 용산 푸르지오 파크타운 1단지 앞","2","4"
"202510","4633. 센트럴파크타워 앞","14","15"
"202510","4634. 이태원역 3번 출구","6","16"
"202510","4636. 용산구꿈나무종합타운 앞","5","2"
"202510","4637. 용산시티파크 101동 앞","3","1"
"202510","4638. 청파동삼거리 앞","8","12"
"202510","4639. 동빙고근린공원","11","34"
"202510","464. 삼청동 골목","13","16"
"202510","4640. 원효로2가 교차로","2","2"
"202510","4641. 아메리칸센터","5","3"
"202510","4643. 한가람아파트 앞","2","16"
"202510","465. 삼청공원 앞","2","1"
"202510","4653. 불광역 9번 출구 맞은편","1","0"
"202510","4657. 본 서부병원 교차로 사거리","0","1"
"202510","466.롯데호텔","17","17"
"202510","4667. 폭포동입구 교차로","1","0"
"202510","4668. 기자촌사거리 B","3","0"
"202510","467.한국은행","13","5"
"202510","4671. 청구성심병원 앞","0","2"
"202510","468.웨스틴 조선호텔","5","6"
"202510","4686. 우물골 근린공원","3","0"
"202510","4687. 역촌센트레빌아파트 101동 앞","1","0"
"202510","469.회현역 1번출구","3","4"
"202510","4693. 수색감리교회","2","0"
"202510","470.회현역 7번출구","2","2"
"202510","4705. 웰니스센터(민방위교육장 앞)","18","17"
"202510","4707. 청계3가 사거리","26","21"
"202510","4708. 조계사앞사거리","13","6"
"202510","471.회현사거리 남측","14","29"
"202510","4710. 자교교회 앞","20","10"
"202510","4713. 현대 뜨레비앙 아파트 앞","30","29"
"202510","4715. 돈의문 박물관 마을","1","0"
"202510","4718. 광화문역 6번출구 옆 A","8","6"
"202510","4719. 종로문화원 건너편","31","32"
"202510","472.삼일교(시그니쳐 타워)","10","0"
"202510","4721. 통인시장 정자","7","17"
"202510","473.을지로4가역 9번출구","17","6"
"202510","474.동대문역사문화공원역 1번출구 뒤편","50","43"
"202510","475.DDP 패션몰","22","17"
"202510","4752. 삼성사이버빌리지아파트","1","0"
"202510","476.광희문","3","13"
"202510","4760. 서울역 7번출구","1","1"
"202510","4761. 중부경찰서앞사거리 건너편","4","1"
"202510","4762. 국제빌딩","4","4"
"202510","4765. 동대문디자인플라자","53","34"
"202510","477.앰배서더 호텔 주변","5","0"
"202510","4774. 을지로입구역 8번출구","11","10"
"202510","4775. 을지로지하쇼핑센터","8","15"
"202510","4776. 신세계면세점","5","10"
"202510","4777. 약수동 주민센터","0","2"
"202510","4781. 브라운스위트레지던스","1","0"
"202510","4782. 서소문역사공원","2","1"
"202510","4784. 중부경찰서앞 사거리","14","2"
"202510","4785. 롯데시티호텔","6","3"
"202510","479.동대입구역 3번 출구","2","5"
"202510","4791. 명동역9번 출구","26","70"
"202510","4792. 퇴계로4가 교차로(중구청)","5","8"
"202510","4793. 동대문역사문화공원역 5번출구","28","12"
"202510","4794. 서울역 서부교차로(3)","4","3"
"202510","4796. 서울시청","19","8"
"202510","4797. KG타워 앞","5","6"
"202510","4798. 황학동롯데캐슬","7","5"
"202510","480.약수역 6번 출구","1","3"
"202510","4800. 필동 삼거리","3","0"
"202510","4801. 충정로역 2호선(엘리베이터 앞)","1","0"
"202510","4804. 동서울농협 앞","1","3"
"202510","4807. 라코지스테이 앞","4","3"
"202510","4812. 묵동 이마트 앞","2","2"
"202510","4819. 면목동 새싹어린이공원 앞","1","2"
"202510","4835. 망우동 본죽 앞","1","2"
"202510","4840. 서울시 북부병원 앞","1","0"
"202510","4846. 상봉동양엔파트 앞","0","1"
"202510","485.서울역5번출구","1","16"
"202510","4854. 가락시장역 2번 출구","1","1"
"202510","4856. 올림픽공원 서1문 앞","17","16"
"202510","4857. 올림픽공원 장미광장","4","5"
"202510","4859. 잠실나루 나들목","3","4"
"202510","4860. 가락쌍용2차아파트 103동","0","1"
"202510","4862. 성내교 남단","2","3"
"202510","4863. 잠실나들목5","3","0"
"202510","4864. 송파사거리","3","2"
"202510","4865. 한성백제역 1번출구 뒤","3","0"
"202510","4868. 석촌호수 서호 남단","5","4"
"202510","4870. 몽촌토성역 3번 출구","11","9"
"202510","4874. 탄천1교 하부보도","1","1"
"202510","488.푸르메병원","0","1"
"202510","4880. 송파청소년센터","0","1"
"202510","4884. H비즈니스파크","0","1"
"202510","4885. 가든파이브 리빙관","0","2"
"202510","4886. 배명고등학교 건너편","0","1"
"202510","4892. 성내유수지 체육공원","1","1"
"202510","4893. 문정법조단지12","2","2"
"202510","490.가온문화공원","6","4"
"202510","4903. 신사스퀘어","4","5"
"202510","4905. 강남경찰서","6","9"
"202510","4906. 섬유센터 앞","10","7"
"202510","4907. 극동스포츠 앞","7","5"
"202510","4908. SB타워 앞","0","1"
"202510","4909. 노보텔 앰배서더 앞","4","2"
"202510","491.월드컵파크 4단지","0","3"
"202510","4913. 레베쌍트 빌딩 앞","5","9"
"202510","4914. 도심공항타워 앞","29","14"
"202510","4915. 영동중앙교회 버스정류장","0","2"
"202510","4916. 청담역 1번출구","2","0"
"202510","4917. 일원에코파크 주차장","2","3"
"202510","4918. 매봉역 1번출구","0","1"
"202510","4924.논현동가구거리","0","2"
"202510","4925. 청담백영빌딩 앞","2","2"
"202510","4929. 파스쿠찌 청담사거리점 앞","2","4"
"202510","493.홍대입구역 6번출구","23","16"
"202510","4930. 학여울역 1번출구","1","1"
"202510","4932. 개포래미안포레스트 130동 맞은편","0","1"
"202510","4936. SK텔레콤(T1) 인근","4","1"
"202510","4939.도산공원","7","8"
"202510","4940.한강버스 압구정 선착장","126","136"
"202510","4941.압구정로 11길","9","6"
"202510","495.염리초등학교 앞","11","7"
"202510","4952.천호시장 버스정류소 옆","3","2"
"202510","4959. 암사역사공원역 3번출구","2","0"
"202510","4965.고덕비즈밸리 쿠쿠강동빌딩","2","1"
"202510","497.합정동주민센터 앞","14","20"
"202510","498.연남동주민센터 앞","14","10"
"202510","500. 어린이대공원역 3번출구 앞","0","2"
"202510","501. 광진문화예술회관 앞","2","0"
"202510","502. 자양(뚝섬한강공원)역 1번출구 앞","64","52"
"202510","505. 자양사거리 광진아크로텔 앞","1","3"
"202510","5052. 마곡역 7번출구","1","0"
"202510","5053. 신마곡벽산블루밍메트로오피스텔앞","1","1"
"202510","5057. 마곡역4번출구","2","1"
"202510","506. 금호 어울림 아파트 앞","1","0"
"202510","5064. 양천향교역8번출구","3","4"
"202510","5065. 허준박물관삼거리","1","1"
"202510","5067. 주원 리젠트 앞","1","0"
"202510","5072. 김포공항입구 교통섬","1","0"
"202510","5073. 우장산역 헤링턴타워 앞","0","1"
"202510","5074. 마곡엠밸리14단지 버스정류장(마곡엠밸리11,12단지상가방면)","1","0"
"202510","508. 성수아카데미타워 앞","5","8"
"202510","5080. 가양역 1번출구","1","2"
"202510","5082. 가양역 7번출구","1","1"
"202510","5086. 가양테크노타운","3","2"
"202510","5087. 연세강서빌딩","1","0"
"202510","5089. LG사이언스파크 E10동","1","2"
"202510","5091. 보타닉파크타워2","0","1"
"202510","5095. 원당근린공원","2","1"
"202510","5099. LG사이언스파크 E7동","3","3"
"202510","510. 뚝도아리수정수센터 버스정류소 옆","37","51"
"202510","511. 서울숲역 5번 출구 옆","21","21"
"202510","512. 뚝섬역 1번 출구 옆","11","17"
"202510","513. 뚝섬역 5번 출구 정류소 옆","0","5"
"202510","514. 성수사거리 버스정류장 앞","7","9"
"202510","515. 광양중학교 앞","1","4"
"202510","5152.이스트폴 105동 방면 입구","2","0"
"202510","5153.한강버스 뚝섬 선착장","191","142"
"202510","5154.광진구청 앞","5","4"
"202510","516. 광진메디칼 앞","2","2"
"202510","518. 청계천 박물관 앞","3","0"
"202510","519. 양지사거리","0","1"
"202510","520. 상왕십리역 4번 출구 앞","1","2"
"202510","521. 왕십리역 11번 출구 앞","1","2"
"202510","524. 래미안금호하이리버 아파트 102동 옆","1","0"
"202510","525. 한양대병원사거리","4","7"
"202510","529. 장한평역 8번 출구 앞","7","0"
"202510","5319. 연해피빌 앞","0","1"
"202510","5323. 하계역 4번출구 앞","2","0"
"202510","533. 금남시장 교차로","0","2"
"202510","535. 응봉삼거리","0","4"
"202510","536. 행당역 2번출구 앞","1","3"
"202510","539. 군자교교차로","1","2"
"202510","542. 강변역 4번출구 뒤","4","2"
"202510","543. 구의공원(테크노마트 앞)","4","0"
"202510","546. 잠실대교북단 교차로","3","7"
"202510","548. 자양나들목","37","47"
"202510","549. 아차산역 3번출구","1","0"
"202510","5503. 마포아트센터 앞","1","0"
"202510","5509.신석초교 앞","1","1"
"202510","5513. 마포음식문화거리","4","22"
"202510","5514.공덕역 1번출구","11","4"
"202510","5515.한강버스 망원 선착장","180","142"
"202510","555. 구의3동주민센터","2","0"
"202510","556. 달맞이공원","0","2"
"202510","557. 도선동 주민센터 앞","1","1"
"202510","558. 성동광진 교육지원청 앞","1","1"
"202510","559. 왕십리역 4번 출구 건너편","4","4"
"202510","560. 비전교회 앞","1","1"
"202510","561. 서울숲역 2번출구 앞","14","8"
"202510","563. 성동세무서 건너편","6","2"
"202510","565. 옥수역 3번출구","32","18"
"202510","5651.한강버스 옥수 선착장","91","79"
"202510","568. 청계8가 사거리 B","6","8"
"202510","569. 응봉현대아파트 정류소","0","2"
"202510","571. 세종대학교 대양AI센터","3","1"
"202510","5756. 극동아파트","1","0"
"202510","5759. 풍납근린공원","3","3"
"202510","576. 광나루역 3번 출구","0","8"
"202510","5763. 세륜초등학교 건너편","2","2"
"202510","5764. 한국체육대학교","3","1"
"202510","5765. 삼전동주민센터 건너편","1","0"
"202510","5768.방이삼거리","9","10"
"202510","577. 광진청소년수련관","2","3"
"202510","5773. 송파시그니처롯데캐슬","0","3"
"202510","5774. 가락본동주민센터 인근","0","1"
"202510","5781. 올림픽공원 수영장","19","15"
"202510","5782. 오금현대 아파트 상가입구 앞","0","1"
"202510","5783.성내5교 2","0","1"
"202510","5784.한강버스 잠실 선착장","48","59"
"202510","579. 마장역 4번출구","1","0"
"202510","582. 경일중학교 앞","10","15"
"202510","583. 청계천 생태교실 앞","17","17"
"202510","584. 광진광장 교통섬","4","5"
"202510","585. 성수2가1동 공영주차장 인근","36","42"
"202510","5853. 여의도역2번출구 앞","5","3"
"202510","5858. 영등포역5번출구","16","14"
"202510","5859. 여의도 삼부아파트","11","13"
"202510","5860. 어울림병원 앞","1","0"
"202510","5861. 보라주유소 앞","5","4"
"202510","5862. 당산역11번출구","0","1"
"202510","5865.더리브오피스텔 앞","7","4"
"202510","5867. H타워 앞","0","1"
"202510","5868. 로프트시티오피스텔","5","1"
"202510","5869. 영등포아트홀 앞","1","1"
"202510","587. 유니베라 앞","12","15"
"202510","5870. LG트윈타워 앞","27","25"
"202510","5876. 에이스하이테크시티 4동 앞","2","1"
"202510","5877. 문래동 꽃밭정원","3","0"
"202510","5878. 우리은행 앞","17","6"
"202510","588. 뚝섬 유원지역","5","5"
"202510","5882. 휴젠느","10","13"
"202510","5886.신풍역 2번출구","3","3"
"202510","5887.나루마을 마당공원","3","4"
"202510","5888.여의도성당","3","3"
"202510","589. 성수역3번출구","22","17"
"202510","5890.여의나루역 3번출구","130","94"
"202510","5891.한강버스 여의도 선착장","328","310"
"202510","5893.한국산업은행","2","2"
"202510","5894.영등포세무서","0","2"
"202510","5895.생각공장당산","0","2"
"202510","590. 건국대학교 (입학정보관)","1","3"
"202510","592. 건국대학교 학생회관","7","2"
"202510","593.자양중앙나들목","9","15"
"202510","602. 장안동 사거리","4","6"
"202510","605. 신설동역8번출구","4","2"
"202510","6053. 중부세무서 앞","6","8"
"202510","6055. 한국경제","0","1"
"202510","6057. 을지로5가(방산시장)","33","18"
"202510","6058. 서울도시건축전시관 옆","14","36"
"202510","6059. 덕수중학교","2","9"
"202510","6060. 신한은행 본점","18","22"
"202510","6061.충무아트센터","4","2"
"202510","6062.서울역파출소","1","1"
"202510","6063.NH농협은행(신당역6번출구)","0","1"
"202510","609. 제기2교","51","26"
"202510","612. 시립동부병원 앞 사거리","1","2"
"202510","613. 신설동역 10번출구 앞","4","0"
"202510","614. 용두동 사거리","3","2"
"202510","615. 용두동 래미안허브리츠아파트 앞","0","3"
"202510","6176. 유광사 여성병원 앞","1","0"
"202510","6178. 마스터밸류에이스 지식산업센터","0","1"
"202510","6183.K스퀘어 마곡","0","2"
"202510","6184. 한강버스 마곡 선착장","6","8"
"202510","622. 전농사거리 교통섬","0","1"
"202510","623. 서울시립대 정문 앞 B","0","2"
"202510","624. 전농동 동아아파트 앞","1","0"
"202510","626. 군자교 서측 녹지대","3","2"
"202510","627. 장안동삼거리 교통섬","1","0"
"202510","628. 휘봉고등학교 앞","2","1"
"202510","630. 동대문구 보건소","2","2"
"202510","633. 청량리 기업은행 앞","3","3"
"202510","634. 외국어대 정문 앞","6","2"
"202510","635. 시조사 앞","1","0"
"202510","636. 세종대왕기념관 교차로","2","0"
"202510","637. KAIST 경영대학 앞","6","11"
"202510","640. 동대문경찰서 교차로","1","0"
"202510","641. 용두역 4번출구","6","3"
"202510","642. 신답역 사거리","7","6"
"202510","643. 동대문구민체육센터 (육교아래)","2","2"
"202510","648. 장안동위더스빌옆","2","2"
"202510","650. 중랑교사거리","3","3"
"202510","656. 영휘원 교차로","1","1"
"202510","661. 경희대학교 청운관","5","3"
"202510","663. 외대앞역 3번출구","1","1"
"202510","667.청량차도 육교 밑","0","1"
"202510","669.청계한신휴플러스앞 삼거리","3","0"
"202510","670.삼육서울병원 버스정류장","2","0"
"202510","671.대광빌딩","3","3"
"202510","674.고대앞사거리 교통섬","14","28"
"202510","676.FITI시험연구원 앞","21","12"
"202510","679.전농SK아파트 앞","1","0"
"202510","680.꿈마루어린이도서관 앞","9","4"
"202510","700. KB국민은행 염창역 지점 앞","1","1"
"202510","703. 오목교역 7번출구 앞","2","2"
"202510","708. 서울출입국관리사무소 앞","2","3"
"202510","710. 금옥여고보도육교","1","0"
"202510","725. 양강중학교앞 교차로","0","1"
"202510","726. 목동3단지 시내버스정류장","1","0"
"202510","731. 서울시 도로환경관리센터","0","2"
"202510","733. 신정이펜하우스314동","0","1"
"202510","744. 신목동역 2번 출구","0","1"
"202510","748. 목동운동장","3","0"
"202510","749. 이대목동병원보도육교","1","1"
"202510","755. 목동1단지아파트 상가 앞","0","1"
"202510","762. 오목로 무중력지대 앞","1","1"
"202510","765. 오목교역 3번출구","3","4"
"202510","766. 신목동역 3번출구","2","3"
"202510","768.목동5단지아파트 501동","1","0"
"202510","769.CBS방송국 앞","1","0"
"202510","770.목동역5번출구","0","1"
"202510","776.목마공원","0","1"
"202510","779. 신정1동 주민센터 앞","1","0"
"202510","780.신정교 하부","1","0"
"202510","787.양천아파트 입구","0","1"
"202510","791.현대하이페리온","0","1"
"202510","792.목동트라팰리스 웨스턴에비뉴","3","3"
"202510","793.목동5단지아파트 534동","0","1"
"202510","794.양천문화회관","0","1"
"202510","795.양천 해누리타운","1","0"
"202510","796.목동아파트 14단지 B상가 앞","2","1"
"202510","800. 목월공원 앞","2","2"
"202510","802. 한강진역 2번 출구 앞","9","6"
"202510","805. 문배어린이공원 앞","3","1"
"202510","806. 전자랜드 본관 앞","1","13"
"202510","807. 서울역 12번 출구 앞","11","17"
"202510","808. 서빙고동 금호맨션 앞","6","7"
"202510","809. 한남 유수지 복개주차장","19","7"
"202510","810. 이태원지하보도","15","13"
"202510","811. 녹사평역1번출구","11","4"
"202510","813. 삼각지역 3번출구","11","9"
"202510","815. LIG강촌아파트 103동앞","8","5"
"202510","816. 신용산역 6번출구 앞","13","13"
"202510","817. 삼각지역 4번출구 앞","1","2"
"202510","818. 숙명여대 입구 교차로","5","2"
"202510","819. 선린인터넷 고등학교","3","1"
"202510","820. 청파동입구 교차로","2","3"
"202510","822. 이촌1동 마을공원","2","2"
"202510","823. 효창동주민센터 앞","2","0"
"202510","825. 서빙고동 주민센터 앞","61","98"
"202510","826. 서울역 서부교차로2","10","9"
"202510","828. 숙대입구역 8번","1","4"
"202510","829. 한강대교 북단 교차로","34","35"
"202510","830. 강변삼성스위트아파트 앞","1","0"
"202510","832. 이촌1동 주민센터 뒤","7","13"
"202510","834. 효창공원앞역 3번출구 앞","1","3"
"202510","835. 남영역 건너편","2","2"
"202510","836. 현대자동차서비스 앞","4","17"
"202510","837. 한남나들목 입구","24","48"
"202510","838. 숙대입구역 4번출구","11","4"
"202510","839. 보광동 삼성리버빌아파트 앞","14","29"
"202510","840. 용산 파크타워 앞","7","6"
"202510","841. 신용산역 1번 출구","10","19"
"202510","843. 이태원관광특구 입구(용산구청방향)","10","10"
"202510","844. 이촌2동 동원베네스트 아파트 앞","1","4"
"202510","846. 용산중학교","4","4"
"202510","848. 삼각지12번 출구","11","22"
"202510","849. 삼각지 자이아파트","6","3"
"202510","850.KCC용산웰츠(WELLTZ)타워","2","2"
"202510","851.효창 푸르지오 앞","2","0"
"202510","852. 청암자이아파트 앞","3","10"
"202510","853.용산역 맞은편","54","41"
"202510","854.HID 유족동지회 앞","5","1"
"202510","855.이촌역5번출구 앞","5","5"
"202510","857. 현대 안성타워","5","4"
"202510","858.녹사평역3번 출구","3","9"
"202510","859.남산공원 야외식물원 앞","3","2"
"202510","860.LG한강 자이아파트 앞","25","26"
"202510","863.이촌역2번 출구","11","14"
"202510","864.순천향대학병원(한남오거리)","7","16"
"202510","866.브라운스톤 남산아파트","3","1"
"202510","867.서빙고역 광장(1번출구)","7","1"
"202510","869.노들섬 동측 앞","6","3"
"202510","870.노들섬 서측 앞","70","76"
"202510","902. 진관동 은빛초등학교","1","1"
"202510","905. 구파발역 2번출구","0","2"
"202510","907. CJ 드림시티","2","7"
"202510","909. 백련산 힐스테이트 3차","2","0"
"202510","912. 응암오거리","1","2"
"202510","913. 이마트 버스정류장(서부경찰서 방면)","1","0"
"202510","914. 새절역 2번출구","6","2"
"202510","915. 증산역 4번출구","3","3"
"202510","916. 평생학습관 앞","6","2"
"202510","923. 국민은행 연서지점","0","1"
"202510","928. 은평역사한옥박물관","8","7"
"202510","930. 구 서부경찰서 건너편","2","0"
"202510","945. 기자촌 사거리 A","1","0"
"202510","948. 디지털미디어 시티역 4번출구(DMC역)","2","1"
"202510","949. 연신내역 1번 출구 ","0","1"
"202510","950. 구산역 2번 출구 예일여고 버스정류장","1","0"
"202510","956. 응암시장교차로","0","5"
"202510","958. 본 서부병원 버스정류장(은평 세무서 방면)","2","0"
"202510","959. 구파발10단지 인근","3","2"
"202510","962. 은평뉴타운 힐데스하임","0","2"
"202510","967. 서울혁신파크2","1","0"
"202510","977.신도중학교앞","2","0"
"202510","979.원풍빌라앞","1","0"
"202510","982. 녹번초등학교(서오릉로)","1","0"
"202510","984.상신초등학교앞 버스정류장","1","1"
"202510","989. 신응교(가좌로) 앞","1","1"
"202510","992.북한산입구 정류장","3","2"
"202510","996.응암역2번출구 국민은행 앞","4","0"
"202510","상담센터","2","0"
"202511","1004. 삼성광나루아파트 버스정류장","0","2"
"202511","1008. 암사역 3번출구(국민은행앞)","4","3"
"202511","1009. 천호역4번출구(현대백화점)","7","3"
"202511","1010. 강동세무서","1","1"
"202511","1011. LIGA 아파트 앞","0","1"
"202511","1012. 천호역효성해링턴타워 앞","0","2"
"202511","1018. 둔촌 주공 GS 맞은편","0","1"
"202511","1019. 다성이즈빌아파트(호원대 대각선 맞은편)","4","0"
"202511","102. 망원역 1번출구 앞","24","15"
"202511","1020. 강동경찰서","1","0"
"202511","1024.  강동구청 앞","3","0"
"202511","1029. 성내어울터","0","3"
"202511","103. 망원역 2번출구 앞","12","19"
"202511","1030. 미호 플랜트 앞","1","2"
"202511","1032. 선사고등학교","0","1"
"202511","104. 합정역 1번출구 앞","8","10"
"202511","1044. 굽은다리역","1","1"
"202511","105. 합정역 5번출구 앞","2","1"
"202511","1050.  둔촌역 3번 출입구","12","8"
"202511","1051. 강일중,선사고 버스정류장(신암중학교 방면)","1","1"
"202511","1059. 래미안 강동팰리스(102동)","0","1"
"202511","106. 합정역 7번출구 앞","36","37"
"202511","107. 수협 연남동지점","5","3"
"202511","1070.(시립)고덕평생학습관","1","1"
"202511","1072.고덕역 5번출구","0","2"
"202511","1073. SSTS 몰 앞","1","0"
"202511","1077.강동역 1번출구 앞","1","0"
"202511","1078.둔촌사거리","2","1"
"202511","108. 서교동 사거리","18","16"
"202511","1084. 윤선생빌딩(JYP사옥)","10","4"
"202511","1088.풍납사거리(강동)","2","0"
"202511","1103. 방화역 4번출구앞","0","2"
"202511","1109. 공항시장역 4번출구","1","1"
"202511","111. 상수역 2번출구 앞","22","50"
"202511","1112. 마곡엠밸리4단지 정문","3","4"
"202511","1117. 등촌5단지아파트 버스정류장","1","0"
"202511","1120. 대림경동아파트앞","1","0"
"202511","1124. 발산역 6번 출구 뒤","1","1"
"202511","1128. 화곡역 6번출구","0","1"
"202511","113. 홍대입구역 2번출구 앞","49","31"
"202511","1132. 등촌역 7번출구","3","0"
"202511","114. 홍대입구역 8번출구 앞","26","21"
"202511","1149. 신방화역환승주차장","2","1"
"202511","115. 마스타 빌딩 앞","18","13"
"202511","1150. 송정역 1번출구","1","1"
"202511","1152. 마곡역교차로","2","1"
"202511","1153. 발산역 1번, 9번 인근 대여소","0","2"
"202511","1158. 가양역 8번출구","0","1"
"202511","1160. 양천향교역 7번출구앞","2","1"
"202511","1167. 마곡수명산파크3단지 교차로","1","0"
"202511","117. 홍은사거리","7","5"
"202511","1175. 대한항공 인력개발센터","1","0"
"202511","1177. 수명중?고교","3","0"
"202511","118. 광흥창역 2번출구 앞","2","3"
"202511","1182. KBS 스포츠월드","0","1"
"202511","1187. 강서수산물도매시장","1","1"
"202511","119. 서강나루 공원","17","28"
"202511","1190. 마곡역 교차로(2번출구)","2","3"
"202511","1191. 마곡역 버스정류장(마곡나루역1번출구, 웰튼병원 방면)","6","4"
"202511","1192. 마곡수명산파크 209동 건너편","3","1"
"202511","1193. 마곡센트럴타워 1차","1","0"
"202511","1195. 코오롱One&Only타워","1","1"
"202511","1197. 엠펠리체 호텔 건너편","23","10"
"202511","1199. 우장산역 3번출구","1","0"
"202511","1200. 개화광역환승센터","1","1"
"202511","1205. 종합운동장역 4번출구","6","2"
"202511","1206. 9호선종합운동장역 9번출구","2","2"
"202511","1208. 풍납현대아파트쉼터","2","0"
"202511","1209. 잠실나루역 (2번 출구 쪽)","3","5"
"202511","1210. 롯데월드타워(잠실역2번출구 쪽)","45","42"
"202511","1212. 송파역 2번 출구앞","1","1"
"202511","1215. 올림픽공원역 1번출구 앞","4","1"
"202511","122. 신성기사식당 앞","1","1"
"202511","1220. 잠실근린공원","1","1"
"202511","1222. 잠실새내역 5번 출구 뒤","7","8"
"202511","1224. 아시아지하보도 2번 출구","1","2"
"202511","123. 문화촌 공원","0","2"
"202511","1231. 잠실역 6번출구","5","15"
"202511","1232. 잠실주공 521동 건너편","5","6"
"202511","1235. 잠실트리지움310동 옆","2","1"
"202511","1239. 문정 법조단지3","1","0"
"202511","124. 서강대 정문 건너편","2","0"
"202511","1240. 문정 법조단지4","3","2"
"202511","1241. 문정 법조단지5","1","1"
"202511","1242. 문정 법조단지6","1","1"
"202511","1244. 문정 법조단지8","3","1"
"202511","1245. 문정 법조단지9","0","3"
"202511","1248. 방이초등학교","3","0"
"202511","126. 서강대 후문 옆","7","10"
"202511","1262. 송파여성문화회관 앞","0","1"
"202511","1264. 천호역 10번 출구 앞","2","0"
"202511","1267. 올림픽공원 남2문 앞","3","0"
"202511","1268. 몽촌토성역 1번출구 옆","6","3"
"202511","1269. 리센츠아파트 ","0","1"
"202511","1271. 송파도서관","1","0"
"202511","1277. 성내7교","4","3"
"202511","128. 신촌역(2호선) 1번출구 옆","10","7"
"202511","1283. 오금공원 사거리","1","1"
"202511","1289. 풍납토성 서성벽터B","0","1"
"202511","129. 신촌역(2호선) 6번출구 옆","2","2"
"202511","1291. 서울체육고등학교 앞","45","26"
"202511","1293. 석촌호수 서호 사거리","5","8"
"202511","1295. 잠실역 8번출구","5","25"
"202511","1296. 석촌호수교차로 (송파나루근린공원 앞)","1","0"
"202511","1297. 석촌호수교차로(동호 팔각정 앞)","10","14"
"202511","130. 신촌역(2호선) 7번출구 앞","2","5"
"202511","1304. 만해공원","1","0"
"202511","1305. 성북구청","2","1"
"202511","1306. 한성대입구역2번출구","1","2"
"202511","1308. 안암로터리 버스정류장 앞","17","35"
"202511","131. 증산2교","3","0"
"202511","1314. 정릉꿈에그린1단지 201동 앞","0","1"
"202511","1315. 고려사대부속중고 정문","1","0"
"202511","1319. 종암박스파크","4","2"
"202511","1321. 국민은행 종암동지점 앞","13","7"
"202511","1328. 월곡역 3번출구","1","1"
"202511","133. 해담는다리","6","1"
"202511","1333. 석관초등학교 앞","1","0"
"202511","1336. 성북3교 위","1","0"
"202511","1337. 돈암성당 옆","1","3"
"202511","1338. 용문2교 옆","2","4"
"202511","1339. 삼성전자서비스 성북센터","2","0"
"202511","134. 연세로 명물길","9","6"
"202511","1342. 성북쉼터 앞","1","0"
"202511","135. 명물길 원형무대 앞","5","0"
"202511","1351. 안암2교 옆","4","1"
"202511","1352. e 편한세상 보문아파트 내","1","0"
"202511","1354. 고려대학교 2번출구","8","2"
"202511","1363. 보문4교 인근","1","3"
"202511","1368. 성신여대입구 교차로","1","2"
"202511","137. 신촌기차역입구 교차로","3","9"
"202511","1372. KEB은행 고대점","13","6"
"202511","1373. 성북구보건소 건너편","3","7"
"202511","1375. 생명의 전화 종합복지관 앞 교차로","0","1"
"202511","1379.길음뉴타운푸르지오아파트 3단지","0","1"
"202511","138. 신촌동 제1공영주차장 앞","4","4"
"202511","1381.석계역 4번출구 뒤","1","0"
"202511","1382.래미안월곡아파트 입구","1","0"
"202511","1386.동선고가차도 초입","1","0"
"202511","139. 연세대 정문 건너편","3","4"
"202511","1394.길음뉴타운 래미안9단지","1","1"
"202511","1396.래미안장위퍼스트하이(513동)","1","0"
"202511","140. 이화여대 후문","15","7"
"202511","1404. 동일로 지하차도","0","1"
"202511","1405. 망우역 1번출구","1","1"
"202511","141. 연대 대운동장 옆","1","2"
"202511","142. 아현역 4번출구 앞","0","8"
"202511","1426. 면목도시개발아파트 1동 앞","2","0"
"202511","143. 공덕역 2번출구","3","5"
"202511","1433. 중화역 2번출구","1","0"
"202511","1444. 면목4치안센터","0","3"
"202511","1448. 코스트코 상봉점","0","2"
"202511","145. 공덕역 5번출구","2","6"
"202511","1451. 중랑세무서","2","3"
"202511","1456. 상아빌딩(우림시장 교차로)","3","2"
"202511","1458. 상봉터미널2","1","2"
"202511","146. 마포역 2번출구 뒤","13","4"
"202511","1462.동부시장 북문 앞","0","2"
"202511","1463.중랑구민회관","3","0"
"202511","147. 마포역 4번출구 뒤","12","26"
"202511","1472.영성빌딩(PAT)","0","1"
"202511","1478.홈플러스 상봉점 앞","2","1"
"202511","150. 서강대역 2번출구 앞","5","7"
"202511","1503. 강북구청사거리(수유역 8번출구)","1","0"
"202511","1506. 강북문화예술회관","0","2"
"202511","153. 성산2교 사거리","9","9"
"202511","1531. 미아사거리 1번 출구","0","1"
"202511","1532. 번3동 주민센터 교차로","2","0"
"202511","1535. 효성인텔리안 앞","3","0"
"202511","154. 마포구청역 ","5","4"
"202511","1542. 삼양사거리역","0","1"
"202511","1548. 북서울 꿈의숲 서문","1","2"
"202511","155. 가좌역1 번출구 앞","5","2"
"202511","156. 서울서부지방법원 앞","1","0"
"202511","159. 이대역 4번 출구","5","9"
"202511","160. 북아현동 가구거리","1","4"
"202511","1605. 헬스케어","1","0"
"202511","1611. 과기대 입구(우)","0","1"
"202511","162. 봉원고가차도 밑","8","3"
"202511","164. 북가좌1동 주민센터 ","0","3"
"202511","1640. 한내근린공원 북측","0","1"
"202511","1642. 서울여대 남문","2","2"
"202511","1643. 태릉입구역 8번출구","0","1"
"202511","1646. 삼육대 입구","1","0"
"202511","1657. 노원구청 ","1","0"
"202511","1659. 중계동 을지중학교","1","2"
"202511","166. 가재울 초등학교","1","2"
"202511","1662. 노원역7번출구","3","2"
"202511","1663. 동해문화예술관앞","2","1"
"202511","1669. 중계역 3번출구","0","1"
"202511","1671. 인덕대학교","2","2"
"202511","1677. 육군사관학교  앞","1","0"
"202511","170. DMC파크뷰자이아파트 302동 앞","3","0"
"202511","1707. 도봉구민회관","1","1"
"202511","1708. 도봉보건소사거리","1","0"
"202511","171. 임광빌딩 앞","0","2"
"202511","1725. 창1동주민센터","0","1"
"202511","173. 서대문역 8번출구 앞","1","0"
"202511","1730. 도봉산역 교차로 앞","1","1"
"202511","1731. 도봉고등학교 맞은편","1","0"
"202511","1737. 신창시장","1","0"
"202511","175. 홍연2교옆","5","1"
"202511","1752. 창동 주공 4단지 입구 옆","1","1"
"202511","176. 명지대학교 도서관","1","1"
"202511","1765.쌍문역 1번출구 주변","0","1"
"202511","177. 북가좌 초등학교","2","0"
"202511","179. 가좌역 4번출구 앞","5","1"
"202511","180. 충정로역 7번출구 아래","9","1"
"202511","1805. 서울디지털운동장 앞","1","0"
"202511","1809. LG전자 별관동(호서대 벤처타워 맞은편)","2","3"
"202511","181. 망원초록길 입구","42","24"
"202511","1812. 갑을그레이트밸리 앞","0","1"
"202511","182. 망원2빗물펌프장 앞","40","41"
"202511","183. 하늘채코오롱아파트 건너편","6","3"
"202511","1830. 빅마켓 금천점 앞","0","1"
"202511","184.망원우체국사거리 인근","7","17"
"202511","1841. 가산동 주민센터","2","2"
"202511","1848. 벽산 디지털밸리 5차","0","2"
"202511","185. 마포 신수공원 앞","11","12"
"202511","1850. 코오롱테크노밸리","1","0"
"202511","1851. 가산디지털단지 9번출구 인근","1","1"
"202511","1854. 가산아네스트 오피스텔 앞","3","1"
"202511","1858. 500번,507번 버스 종점 앞","0","1"
"202511","186. 월드컵공원","9","7"
"202511","1861.IBK기업은행 석수역 지점 앞","0","2"
"202511","1862.스타즈호텔독산 빌딩 앞","1","3"
"202511","1867.대륭포스트타워6차 앞","1","1"
"202511","1904. 도림천역 1번 출구 앞","3","2"
"202511","1906. 신도림역 1번 출구 앞","3","1"
"202511","1911. 구로디지털단지역 앞","1","1"
"202511","1914. 대림역4번출구","1","2"
"202511","1925. 동양미래대학교 정문 옆","1","1"
"202511","1937. 한진아파트 입구","0","1"
"202511","194. 증산교 앞","1","1"
"202511","1946. 구로역 광장","3","0"
"202511","195. 모래내고가차도 ","1","0"
"202511","1955. 디지털입구 교차로","1","1"
"202511","196. 연희교차로 인근","2","4"
"202511","1962. 가리봉동주민센터","1","0"
"202511","1966. 한마을아파트 정문상가","0","1"
"202511","1975. 대림역 1번 출입구 밑","4","0"
"202511","198. 충정2교","2","1"
"202511","1987. 개봉아이파크아파트 앞","1","0"
"202511","199. 서울 월드컵 경기장","10","3"
"202511","1996. 구일역 1번 출입구 앞","2","0"
"202511","1998. 고척교 교차로","1","2"
"202511","2002. 노들역 1번출구","11","14"
"202511","2003. 사육신공원앞","1","3"
"202511","201. 진미파라곤 앞","8","3"
"202511","202. 국민일보 앞","6","6"
"202511","2024. 상도역 1번출구","2","0"
"202511","2025. 흑석역 1번출구","11","24"
"202511","2026. 흑석역 4번출구","1","2"
"202511","2027. 중앙대학교 정문 1","0","3"
"202511","203. 국회의사당역 3번출구 옆","4","7"
"202511","2033. 사당동 아르테스 웨딩앞","1","0"
"202511","2037. 동작역 5번출구 동작주차공원","1","0"
"202511","2038. 동작역 7번출구","7","7"
"202511","204. 국회의사당역 5번출구 옆","3","3"
"202511","2040. 비계 버스정류소","0","1"
"202511","205. 산업은행 앞","8","6"
"202511","2050. 노량진역 5번출구","4","5"
"202511","2054. 삼익아파트","0","1"
"202511","2058. 동작경찰서","0","3"
"202511","2059. 보라매공원 정문","0","2"
"202511","206. KBS 앞","13","8"
"202511","2066. 양문교회 앞","1","0"
"202511","2069. 숭실대 입구역3번 출구 앞","0","2"
"202511","207. 여의나루역 1번출구 앞","33","15"
"202511","2070. 노량진역 2번 출구 앞","4","3"
"202511","2077.노들역 3번출구","3","4"
"202511","2080. 대방지하보도(대방동경남아너스빌아파트)","1","0"
"202511","2084.e편한세상 상도노빌리티 앞","1","1"
"202511","209. 유진투자증권빌딩 앞","20","23"
"202511","2090.기아자동차 사당점 앞","1","0"
"202511","2092.흑석한강푸르지오(110동)","1","0"
"202511","2093.상도SH빌아파트 입구","1","0"
"202511","2096.서울특별시 동작관악교육지원청","1","0"
"202511","2102. 봉림교 교통섬","5","3"
"202511","2103. 신림동 우방아파트","1","0"
"202511","2104. 사당역 5번출구","1","6"
"202511","2105. 미성동 신림체육센터","5","8"
"202511","2106. 세이브마트","2","2"
"202511","2109. 은천로입구 가로공원","1","0"
"202511","2110. 조원동 미성아파트","0","1"
"202511","2112. 서울대입구역 마에스트로","1","0"
"202511","213. KT앞","14","16"
"202511","2136. 신림역 8번출구","3","5"
"202511","214. 금융감독원 앞","1","1"
"202511","2140. 신림1교 교차로","2","0"
"202511","2143. 서울산업정보학교","0","1"
"202511","215. 여의도고교 앞","5","1"
"202511","2165. JK장평타워","1","0"
"202511","2171. 서울대입구역 5번출구","1","0"
"202511","2172. 나들목공원","2","0"
"202511","2173. 당곡사거리","0","1"
"202511","2175. 신림동걷고싶은문화의거리입구","1","0"
"202511","2176. 보라매공원 보도육교","2","1"
"202511","2178. 서울대학교 정문","2","2"
"202511","2179. 양녕로 입구","0","1"
"202511","219. 롯데캐슬엠파이어 옆","3","5"
"202511","2191.대학동주민센터 ","2","3"
"202511","2198.사랑의병원","2","0"
"202511","220. 미성아파트 A동 앞","1","1"
"202511","2202.청계산입구역 1번출구","0","1"
"202511","221. 여의도초교 앞","7","9"
"202511","2213. 고속터미널역 5번출구 앞","0","1"
"202511","2214. 신반포역 2번출구 앞","30","28"
"202511","2215. 반포종합운동장 입구","1","0"
"202511","2217.아크로리버뷰 부지 앞","24","51"
"202511","2219. 고속터미널역 8-1번, 8-2번 출구 사이","19","23"
"202511","222. 시범아파트버스정류장 옆","1","0"
"202511","2227.방배열린문화센터 앞","0","1"
"202511","2231. 삼성타운(삼성생명) A동 맞은편","0","5"
"202511","2237.서울남부터미널 대합실 입구","1","0"
"202511","224. 롯데캐슬 앞","1","1"
"202511","2241.양재전화국 사거리","1","0"
"202511","2242.양재역 10번 출구 앞","0","2"
"202511","2243.서울가정법원","1","0"
"202511","2244. 말죽거리공원 사거리","1","2"
"202511","2246. 서울시 품질시험소 앞","0","1"
"202511","225. 앙카라공원 앞","8","5"
"202511","2250. 서초유치원 맞은편","1","0"
"202511","2255. 양재시민의숲역 1번출구","1","1"
"202511","2256.양재동 꽃시장 입구","4","1"
"202511","2259. 잠원역 3번-4번 출구사이 ","11","4"
"202511","226. 샛강역 1번출구 앞","2","3"
"202511","2264. 이수역 1번출구","0","1"
"202511","2269. 주홍교 하부","1","0"
"202511","227. 양평1나들목 보행통로 입구","3","4"
"202511","2273. 일동제약 사거리","5","0"
"202511","2276. 영동1교 (양재천근린공원)","3","0"
"202511","2277. 길마중4교 하부","3","1"
"202511","2279. 교대역 5번출구뒤","5","1"
"202511","228. 선유도역 3번출구 앞","4","9"
"202511","2280. 서울서초고용센터앞","1","0"
"202511","229. 양평1 보행육교 앞","4","1"
"202511","2297. 남부터미널역 1번출구","0","1"
"202511","230. 영등포구청역 7번출구","2","2"
"202511","2301. 현대고등학교 건너편","11","6"
"202511","2302. 교보타워 버스정류장(신논현역 3번출구 후면)","3","11"
"202511","2303. 논현역 10번출구","1","2"
"202511","2304. 대현그린타워","3","2"
"202511","2305. MCM 본사 직영점 앞","2","0"
"202511","2306. 압구정역 2번 출구 옆","16","25"
"202511","2307. 압구정 한양 3차 아파트","18","26"
"202511","2308. 압구정파출소 앞","15","6"
"202511","2309. 청담역(우리들병원 앞)","4","5"
"202511","231. 남부고용노동지청 남측","1","0"
"202511","2310. 청담동 맥도날드 옆(위치)","2","2"
"202511","2311. 학동로 래미안 아파트 앞","1","1"
"202511","2312. 청담역 13번 출구 앞","1","13"
"202511","2313. 금원빌딩 앞","25","18"
"202511","2315. 봉은사역 5번출구 옆","9","8"
"202511","2317. 삼성도로공원","10","8"
"202511","2318. 삼성중앙역4번출구(문화센터더 리빌)","2","2"
"202511","2319. 포스코사거리 서측(수협 삼성동 지점)","2","2"
"202511","2325. 대치삼성아파트 앞 교차로","0","1"
"202511","2326. 대치동 삼성로","1","0"
"202511","2327. 뱅뱅사거리 랜드마크타워 앞","1","3"
"202511","2328. 르네상스 호텔 사거리 역삼지하보도 7번출구 앞","2","4"
"202511","2332. 선릉역3번출구","4","3"
"202511","2336. 강남세브란스교차로  래미안그레이튼 104동 앞","0","2"
"202511","2340. 삼호물산버스정류장(23370) 옆","4","3"
"202511","2347. 두산건설 본사","1","1"
"202511","2348. 포스코사거리(기업은행)","4","3"
"202511","2349. 역삼빌딩 앞(하나은행 옆)","6","4"
"202511","235. 신길동 우리은행 옆","0","1"
"202511","2352. 서울본부세관(건설회관 앞)","5","0"
"202511","2353. 강남구청역 2번출구 뒤","3","2"
"202511","2354. 청담역 2번출구","0","3"
"202511","2356. 강남구청","1","0"
"202511","2357. 르네상스호텔사거리 역삼지하보도 3번출구 앞 (더 오번 빌딩 명동칼국수 앞)","3","0"
"202511","2360. 도곡1동 주민센터 교차로","13","8"
"202511","2362. 신사동 가로수길 입구","7","10"
"202511","2363. 강남 을지병원 교차로","9","6"
"202511","2364. 도산공원교차로","6","5"
"202511","2365. K+ 타워 앞","19","28"
"202511","2369. KT선릉타워","6","1"
"202511","2371. 한국우편사업진흥원","2","0"
"202511","2380. 봉은사로68길 북측","5","1"
"202511","2381. 언주역 4번출구","10","5"
"202511","2385. 학동역","3","3"
"202511","2386. 크린랩 본사","1","0"
"202511","2388. 강남구 도시관리공단","6","0"
"202511","2396. 영동3교 북단(우성캐릭터 앞 보도)","0","1"
"202511","240. 문래역 4번출구 앞","4","6"
"202511","2405. 청담공원앞 교차로","0","1"
"202511","2406. 논현동 광명빌딩 앞","4","4"
"202511","2407. 역삼서초삼성 세무서 앞 (역삼빌딩 앞)","6","6"
"202511","2408. 강남한양수자인아파트","4","2"
"202511","2410. 포스코피앤에스타워 (역삼역 3번출구 부근)","7","4"
"202511","2413.도곡역 1번 출구","0","2"
"202511","2414. 도곡역 아카데미스위트 앞","0","2"
"202511","2415.한티역 롯데백화점 앞","1","2"
"202511","2417.선정릉 디캠프(D,CAMP)앞","0","2"
"202511","2418.봉은사역 7번 출구 ","19","8"
"202511","2419.봉은사역 1,2번 출구 ","9","17"
"202511","2425.세곡동 사거리(대왕초등학교 정류장)","1","0"
"202511","243. 이앤씨드림타워 앞","1","2"
"202511","2430.강남파이낸스센터앞(역삼역2번출구)","3","0"
"202511","2431.대치역 7번출구","1","1"
"202511","244. 영등포삼환아파트 앞","4","0"
"202511","247. 당산역 10번출구 앞","1","1"
"202511","248. 초원아파트 앞","10","3"
"202511","249. 여의도중학교 옆","11","6"
"202511","2501. 서초 포레스타5단지","1","0"
"202511","2502. 서초역1번출구 앞","1","3"
"202511","2503. 반포1동 서초빌딩 앞","3","1"
"202511","2504. 신사역 4번출구 뒤","4","3"
"202511","2505. 우성아파트사거리 (기업은행앞)","10","4"
"202511","251. 서울지방병무청 버스정류장","1","0"
"202511","2511. 이수역 6번출구 앞","0","1"
"202511","2514.사평역 2번출구","0","1"
"202511","2515.서초초등학교 후문","1","2"
"202511","2516.본마을 노인복지센터 앞","1","1"
"202511","2520.서초1교 (진흥아파트 방면)","1","0"
"202511","2524.반포쇼핑타운 8동 앞","0","7"
"202511","2525.반포쇼핑타운 2동 앞","27","50"
"202511","2529.우리은행 방배동지점 앞","1","1"
"202511","2531.멤피스아파트 앞","0","4"
"202511","2532.국립국악원 앞","2","0"
"202511","2535.신반포역 3번출구 뒤","0","5"
"202511","2538.사평리근린공원","11","8"
"202511","2539.대한무역투자진흥공사 KOTRA 앞","4","5"
"202511","254. 도림신협 앞","1","0"
"202511","2540.반포천 앞","2","2"
"202511","2542.신논현타워 앞","3","7"
"202511","2545.국립중앙도서관(국제회의장옆)","1","0"
"202511","2547. 반포래미안 리오센트","1","0"
"202511","2548.반포1동 자율방범초소 옆","2","2"
"202511","255. 도림사거리","2","1"
"202511","258. 신길역3번출구","0","1"
"202511","259. 대방역6번출구","3","5"
"202511","260. 여의도 마리나선착장 앞","5","7"
"202511","2601. 석촌호수 아뜰리에","2","5"
"202511","2603. 송파 글마루 도서관","0","1"
"202511","2605. 복정역 1번 출구 앞","2","5"
"202511","2608. 송파구청","14","25"
"202511","2613. 잠실나들목","3","4"
"202511","2618. 삼전역 1번출구","1","2"
"202511","2619. 석촌고분역 4번출구","2","2"
"202511","2620. 송파나루역 4번 출구옆","6","7"
"202511","2621. 한성백제역 2번 출구","30","22"
"202511","2622. 올림픽공원역 3번출구","19","31"
"202511","2627.문정시영아파트 5동 앞 공원","1","0"
"202511","2628.문정역 1번출구","1","0"
"202511","2631.배명고등학교","1","0"
"202511","2632.석촌고분역 2번 출구","6","5"
"202511","2633.송파학사 옆","1","0"
"202511","2635.잠실새내역 1번출구","1","6"
"202511","2637. 아시아지하보도 14번 출구","3","0"
"202511","2641.송파역 4번출구","1","1"
"202511","2643.풍납중학교 측면","1","2"
"202511","2646.레이크펠리스101동앞","3","3"
"202511","2647.잠실 자전거 수리센터 앞","9","9"
"202511","2649.오금공원사거리2","1","1"
"202511","265. 영등포유통상가 사거리","4","0"
"202511","2652.송파 레미니스1단지 102동 앞","0","1"
"202511","2656.풍납동 아이파크 107동 앞","4","0"
"202511","267. 삼성화재 사옥 옆","4","3"
"202511","268. 그랜드컨벤션센터 앞","0","1"
"202511","270. 증권거래소후문교차로","3","0"
"202511","2701. 마곡나루역 5번출구 뒤편","5","3"
"202511","2704.홈플러스(강서점)","0","2"
"202511","2708.강서한강자이타워 앞","1","2"
"202511","271. 샛강생태공원방문자센터 앞","3","1"
"202511","2715.마곡나루역 2번 출구 ","2","1"
"202511","2717.LG유플러스 마곡사옥","0","1"
"202511","2718.마곡수명산파크1단지","1","0"
"202511","2719.마곡문화공원","6","6"
"202511","272. 당산육갑문","26","36"
"202511","2720.힐스테이트에코","0","2"
"202511","2721.등촌1-10단지 교차로","1","0"
"202511","2723.마곡 필네이처","2","1"
"202511","2725.서울식물원 식물문화센터","1","0"
"202511","2728.마곡나루역 3번 출구","8","6"
"202511","2729.넥센 유니버시티 앞","0","1"
"202511","2730.마곡메가박스 앞","3","7"
"202511","2731.명덕고교","0","1"
"202511","2737.까치산역 3번 출구","2","1"
"202511","2739.수명산파크1단지교차로","3","3"
"202511","2740.마곡레포츠센터","1","0"
"202511","2741.마곡수명산파크5-6단지","0","1"
"202511","2746.수명산파크 4단지 411동 앞","1","0"
"202511","275. 신동아아파트","5","3"
"202511","276. 영등포로터리2","6","5"
"202511","278. 쌍용플레티넘오피스텔","3","4"
"202511","279. 영등포 푸르지오 아파트 B","2","2"
"202511","2801. 대륭포스트타워1차","3","2"
"202511","281. 대림신동아아파트 앞","1","0"
"202511","282. 신한은행 대림동지점","1","0"
"202511","2824.미래사랑어린이공원 앞","3","2"
"202511","284. 센트럴 푸르지오 시티 앞","7","4"
"202511","287. 영등포전화국사거리 (서강어린이공원)","0","3"
"202511","288. 쌍용예가(구청별관)","2","3"
"202511","2909. 석계역 3번 출구","1","0"
"202511","2911.상계역중앙시장","1","0"
"202511","2912.대진고등학교","1","0"
"202511","2915.서울과학기술대학교(어학교육원)","1","0"
"202511","292. 영일 어린이공원","1","0"
"202511","293. 충북 미래관","2","1"
"202511","297.국회3문","1","0"
"202511","299.여의도 순복음교회","3","7"
"202511","300. 정동사거리","1","2"
"202511","3002.벽산상암스마트큐브 ","2","5"
"202511","3007.MBC 앞","0","2"
"202511","3008.DMC역7번출구","0","1"
"202511","3009. 홍대입구역 사거리","6","19"
"202511","301. 경복궁역 7번출구 앞","3","2"
"202511","3010.홍대입구역 3번출구","37","31"
"202511","3013.서울지방고용노동청 앞","7","4"
"202511","302. 경복궁역 6번출구 뒤","14","20"
"202511","303. 광화문역 1번출구 앞","4","2"
"202511","305. 종로구청 옆","11","14"
"202511","307. 서울역사박물관 앞","8","4"
"202511","308. 광화문 S타워 앞","10","5"
"202511","309. 광화문역 6번출구 옆 B","1","1"
"202511","310. 청계광장 옆","2","5"
"202511","3100. 북성초교","1","0"
"202511","3101. 서대문구청","4","1"
"202511","3102. 연희삼거리","4","6"
"202511","3103. 홍제삼거리 북측","3","0"
"202511","3104. e편한세상 신촌4단지 앞","4","0"
"202511","3109.북한산더? 106동 앞","1","0"
"202511","3110.홍은 현대아이파크 아파트 202동 앞","0","3"
"202511","3111.무악재역 4번 출구","0","1"
"202511","3113. 독립문 앞","0","1"
"202511","3114.충정로역 3번 출구","0","4"
"202511","3116.신촌역 4번출구","1","7"
"202511","3117.이화여대 인문관 인근","3","17"
"202511","3119.연희 브라운스톤 아파트 앞","1","1"
"202511","3120.DMC엘가아파트 앞","1","2"
"202511","3121.가좌삼거리","1","0"
"202511","3123.DMC파크뷰자이1단지 110동 앞","1","0"
"202511","3125.연희파크푸르지오아파트 앞","3","0"
"202511","3127.홍은2파출소 옆","3","4"
"202511","3128.동신병원 맞은편","8","3"
"202511","3129.DMC래미안e편한세상203동옆","0","2"
"202511","3131.연가교 교차로","1","1"
"202511","3132.홍제교","1","0"
"202511","314. 국립현대미술관","30","24"
"202511","316. 종각역 1번출구 앞","7","6"
"202511","318. 광교사거리 남측","2","0"
"202511","320. 을지로입구역 4번출구 앞","9","10"
"202511","3201.당산skv1센터","1","1"
"202511","3204.도림고가도로 밑","1","2"
"202511","3207.양남사거리1","3","2"
"202511","321. KEB 하나금융그룹 명동사옥 옆","26","21"
"202511","3219.영등포역 1번출구","2","0"
"202511","322. 명동성당 앞","14","15"
"202511","3221.서울특별시 남부교육지원청","3","1"
"202511","324. 신세계백화점 본점 앞","25","18"
"202511","326. 안국역 5번출구 앞","21","21"
"202511","327. 낙원상가 옆","11","20"
"202511","328. 탑골공원 앞","19","17"
"202511","329. 청계2가 사거리 옆","15","11"
"202511","331. 을지로2가 사거리 북측","7","1"
"202511","332. 을지로2가 사거리 남측","4","7"
"202511","334. 종로3가역 2번출구 뒤","12","12"
"202511","335. 종로3가역 15번출구 뒤","10","11"
"202511","336. 충무로역 6번출구 앞","23","30"
"202511","337. 창경궁 입구","14","1"
"202511","338. 세운스퀘어 앞","9","9"
"202511","339. 종로4가 사거리","17","14"
"202511","340. 혜화동 로터리","1","0"
"202511","3402.이화공영주차장","2","2"
"202511","3407.안국동사거리(신)","27","26"
"202511","3408.종로타워빌딩","5","7"
"202511","341. 혜화역 3번출구 뒤","2","0"
"202511","3410.종로3가역 8번출구","14","18"
"202511","3411.종묘","9","7"
"202511","3412.세운상가","9","6"
"202511","3413.종로플레이스","19","12"
"202511","3414.종로5가역 4번출구","11","13"
"202511","3415.동대문역6번출구","34","40"
"202511","3416.동묘앞역 6번출구","26","16"
"202511","3419.국립어린이과학관","3","0"
"202511","342. 대학로 마로니에공원","6","5"
"202511","3420. 성균관대입구 사거리 B","10","5"
"202511","3421.혜화역 1번출구","7","5"
"202511","3422.성균관대 정문","5","3"
"202511","3425.광화문 풍림스페이스본 1단지앞","4","2"
"202511","3427.인왕산 아이파크 정문","2","5"
"202511","3429.HW컨벤션센터 앞","2","0"
"202511","343. 힐스테이트창경궁 아파트 앞","7","6"
"202511","3431.로제우스 레포츠센터","1","0"
"202511","3432.종로2가 사거리","7","8"
"202511","344. 성균관대 E하우스 앞","0","1"
"202511","345. 서울보증보험본사 앞","6","7"
"202511","346. 맥스타일 앞","15","7"
"202511","347. 동대문역사문화공원역 9번출구 앞","18","16"
"202511","348. 독립문역 사거리","2","0"
"202511","349. 어린이도서관","3","0"
"202511","3500. 군자역2번출구","3","4"
"202511","3501. K&S빌딩 앞","4","0"
"202511","3502. 중곡역 1번출구","1","1"
"202511","3503. 광진유진스웰","5","1"
"202511","3504. 원일교회","0","1"
"202511","3505. 신양초교앞 교차로","5","1"
"202511","3506. 영동대교 북단","8","5"
"202511","3507. 어린이회관","0","1"
"202511","3508. 화양사거리","2","2"
"202511","3509. 세종사이버대학교","1","3"
"202511","351. 청운초교 앞 삼거리","0","1"
"202511","3511. 응봉역 1번출구","17","16"
"202511","3513. 상왕십리역 1번출구","1","1"
"202511","3514. 왕십리교회옆","3","1"
"202511","3515. 서울숲 관리사무소","168","188"
"202511","3517. 용마사거리","1","0"
"202511","352. 중앙고입구 삼거리","7","7"
"202511","3525. 금호스포츠센터앞","1","0"
"202511","3528. 광진정보도서관","1","2"
"202511","3529. 어린이대공원정문","1","2"
"202511","353. 재동초교 앞 삼거리","31","40"
"202511","3533. 건대입구역 사거리(롯데백화점)","7","12"
"202511","3534. 건대입구역 5번출구 뒤","31","21"
"202511","3537. 아차산 휴먼시아 아파트 옆","0","1"
"202511","3539. 서원마을","1","0"
"202511","354. 포르투갈 대사관 앞","9","1"
"202511","3542. 래미안 구의파크 스위트","1","0"
"202511","3543. 세종대학교(학술정보원)","8","9"
"202511","3544.한양대역 3번 출구","6","13"
"202511","3545.한양대역 1번출구","3","2"
"202511","3547.상왕십리역 6번 출입구","1","1"
"202511","3548.뚝섬역 6번출구","16","20"
"202511","3549.건영아파트 앞","1","2"
"202511","355. 서울사대부설초등학교 앞","3","7"
"202511","3550.금호나들목","12","5"
"202511","3552.서울숲 공영주차장앞","83","63"
"202511","3559.성동구민종합체육센터 건너편","44","47"
"202511","356. KT혜화지사 앞","1","0"
"202511","3569.건대병원후문","2","5"
"202511","3571.화양 APT(횡단보도 옆)","2","2"
"202511","3573.광나루안전체험관","1","2"
"202511","3575. 자양사거리(서원빌딩)","2","0"
"202511","3579.광진 캠퍼스시티","3","4"
"202511","358. 성균관대입구 사거리 A","1","1"
"202511","3581.광진광장","4","3"
"202511","3582.화양동 우체국","7","2"
"202511","3588.세종대학교(영실관)","1","0"
"202511","359. 원남동사거리","19","23"
"202511","3600.사근빗물펌프장 건너편","16","12"
"202511","3604. 삼성중앙역 5번출구","1","0"
"202511","3605. 봉은사역6번출구(현대아이파크타워앞)","0","2"
"202511","3606. 신사동주민센터 옆","11","8"
"202511","361. 동묘앞역 1번출구 뒤","16","16"
"202511","3610. 윗반마을 입구","0","1"
"202511","3614. 은마아파트 입구 사거리","1","1"
"202511","362. 청계8가사거리 A","4","5"
"202511","3620. 청담역 11번 출구","0","2"
"202511","3623. 일원에코파크 앞(개포로 방면)","2","3"
"202511","3627. 압구정나들목","24","42"
"202511","3628. 역삼1동 주민센터","2","2"
"202511","3629. 청담사거리(신한오피스텔빌딩 앞)","6","2"
"202511","363. 신설동역 11번출구 뒤","4","4"
"202511","3636. 삼성중앙역·플래티넘아파트 정류소","1","5"
"202511","3638. 신청담나들목","3","10"
"202511","3640. 일원1동주민센터앞 사거리","2","1"
"202511","3641. 대청역","1","0"
"202511","3646. 선정릉역 4번 출구","1","3"
"202511","3647. 구룡역 1번 출구","0","1"
"202511","3658. 프라이어팰리스아파트","2","0"
"202511","3664. 맥도날드 서울둔촌DT점 앞","1","1"
"202511","367. 독립문역 3-1번출구 ","0","3"
"202511","3671. 둔촌동역교차로","20","42"
"202511","3676. 강동리엔파크9단지","0","1"
"202511","368. SK 서린빌딩 앞","13","21"
"202511","3680. 강동역3번출구","2","1"
"202511","3681. 길동 마루빌딩","5","4"
"202511","3691. 둔촌역 2번출구","1","0"
"202511","3698. 명일역 3번출구 옆","2","0"
"202511","370. 시청역(2호선) 9번출구 뒤","11","3"
"202511","3700. 강변그대가리버뷰 입구 맞은편","2","7"
"202511","371. 동대입구역 6번출구 뒤","3","13"
"202511","372. 약수역 3번출구 뒤","1","1"
"202511","374. 신당동주민센터앞","2","1"
"202511","3759. 이대서울병원","0","2"
"202511","3761. 나이아가라관광호텔","4","6"
"202511","3770. 남부순환로 205","0","1"
"202511","3772. 길성그랑프리텔아파트","4","3"
"202511","3778. 김포공항입구 교차로","0","1"
"202511","3782. 겸재정선미술관","1","4"
"202511","3783. 마곡금호어울림아파트","2","1"
"202511","3784. 벽산아파트","0","1"
"202511","3788. 정곡나들목","1","6"
"202511","3789. 염창나들목","1","1"
"202511","379. 서울역9번출구","11","10"
"202511","3794. 안양천합수부(현대3차아파트)","7","9"
"202511","3798. 그랜드아이파크아파트 앞","1","0"
"202511","3799. 국립항공박물관","0","1"
"202511","380. CJ제일제당 앞","16","9"
"202511","3803. 남서울중학교","1","0"
"202511","381. 장충체육관","1","2"
"202511","3812. KT관악지점","0","1"
"202511","3813. 낙성대역 5번출구","0","5"
"202511","3819. 서울대벤처타운역","4","4"
"202511","382. 약수역 10번출구 앞","1","0"
"202511","383. 신당역 12번 출구 뒤","6","9"
"202511","384. 중림동삼거리","1","1"
"202511","385. 종각역 5번출구","11","16"
"202511","3864. 광진소방서 앞","2","2"
"202511","3865. 이튼타워리버 2차","2","1"
"202511","3868. 자양한강도서관","0","5"
"202511","387. 훈련원공원주차장 앞","20","15"
"202511","3873. 동서울우편집중국 앞","0","1"
"202511","3878. 장로회신학대학교 주기철 기념관","1","1"
"202511","3879. 중랑천 뚝방길 산책로 입구","3","2"
"202511","388. 동성중학교 앞","3","1"
"202511","3881. 신자초교입구 교차로","4","0"
"202511","3882. 자양2동 주민센터","4","1"
"202511","389. 을지로4가역 1번출구","17","1"
"202511","3894. 노룬산시장 앞","8","0"
"202511","3899. 아차산역 2번출구","1","0"
"202511","390. 충무로역 1번출구","3","2"
"202511","3900. 건국대학교 신공학관","3","8"
"202511","391. 시립미술관","7","1"
"202511","3912. 삼호아파트 앞","4","0"
"202511","393. 동대문역 8번 출구","24","35"
"202511","3936. 힐스테이트 신도림역","1","0"
"202511","3939.신도림역 3번출구","3","8"
"202511","394. 경희궁 자이 3단지","1","0"
"202511","395. 경희궁 자이 2단지","0","1"
"202511","3956. 대륭테크노타운21차 앞","0","1"
"202511","3966. 독산역1번출구 B","1","0"
"202511","397. 종묘공영주차장 건너편","13","14"
"202511","3975.현대시티아울렛 가산","2","2"
"202511","398. 을지로3가역 3번출구","22","20"
"202511","399. 서울역 센트럴 자이아파트","3","4"
"202511","400. 상암한화오벨리스크 1차 앞","2","2"
"202511","4009. 월계프라자","0","1"
"202511","4014. 불암산역 3번 출구","0","2"
"202511","4025. 한천교 동편","3","1"
"202511","4027. 한내 행복발전소 옆","0","1"
"202511","4040. 공릉로 26길","0","2"
"202511","405. DMC빌 앞","1","1"
"202511","4058. 다락원체육공원 전망대 입구","1","0"
"202511","4087. 우이교 교차로","0","1"
"202511","4102. 휘경1동주민센터 앞","1","0"
"202511","4103. 휘경sk뷰아파트 앞","0","1"
"202511","4104. 외대앞역 교차로","2","0"
"202511","4105. 서울교통공사사거리 교통섬","0","2"
"202511","411. DMC홍보관","2","1"
"202511","4110. 용두롯데캐슬리치아파트 앞","1","0"
"202511","4113. 한국국방연구원 앞","3","3"
"202511","4117. 휘경119안전센터 앞","3","1"
"202511","4122. 청계9가교차로 앞","1","1"
"202511","4128.  종암초등학교 뒤(새울센스빌)","6","7"
"202511","413. 상암월드컵파크 3단지 후문","3","2"
"202511","4131. 베네스트 오피스텔 앞","5","4"
"202511","4132. 이문삼익아파트 앞","1","1"
"202511","4133.래미안허브리츠아파트 앞","2","2"
"202511","4134. 제기동 현대아파트 앞","2","1"
"202511","4135. 삼성생명 앞","0","4"
"202511","4136. 롯데캐슬SKY-L65 D동 앞","3","2"
"202511","4137. 답십리역 4번출구","3","3"
"202511","4139. 답십리 사거리","2","1"
"202511","4140. 신설동역 4번출구","20","17"
"202511","4141. 우리은행장안지점 앞","1","0"
"202511","4142. 현대썬앤빌 앞","1","1"
"202511","4143.서울동물복지지원센터 동대문","2","0"
"202511","4147.청량리역광장","1","1"
"202511","415. DMC역 9번출구 앞","1","0"
"202511","4153. 흑석동효사정앞","3","1"
"202511","4167. 구로교 아래","1","0"
"202511","4169. 신대방삼거리","0","1"
"202511","417. DMC역 2번출구 옆","4","2"
"202511","4175. 대방역2번출구","7","2"
"202511","4179. 보라매병원역 1번출구","0","1"
"202511","418. 월드컵경기장역 3번출구 옆","10","9"
"202511","4182.보라매병원역 2번출구","0","1"
"202511","419. 홈플러스 마포점 앞","11","4"
"202511","420. 서울시 공공자전거 상암센터","8","8"
"202511","4206. 광흥창역5번출구","2","5"
"202511","4207. 아만티호텔 앞","7","10"
"202511","4208. 스타벅스(동교동) 앞","1","5"
"202511","421. 마포구청 앞","6","1"
"202511","4210. 가좌행복주택 앞","3","4"
"202511","4211. 시석빌딩 앞","8","4"
"202511","4213. 마포구중앙도서관 정문 앞","5","6"
"202511","4214. JTBC 앞","1","1"
"202511","4216. 망원정 앞","7","6"
"202511","4217. 한강공원 망원나들목","62","32"
"202511","422. 문화비축기지","7","4"
"202511","4220. 신촌 청년주택","2","5"
"202511","4221. 솔리스타오피스텔(공덕동주민센터)","0","1"
"202511","4222. 서울디자인고등학교 앞","2","5"
"202511","4224. 서부운전면허시험장","2","2"
"202511","4233. 코오롱아파트사거리","13","8"
"202511","4234. 에스테반","1","1"
"202511","4238. 상암한샘빌딩앞","1","1"
"202511","424. 롯데하이마트 (상암월드컵점) ","3","0"
"202511","4244. 당인리발전소 공원 앞","54","31"
"202511","4246. 상수역새마을금고","6","5"
"202511","4248. 신촌 교보빌딩","4","2"
"202511","426. 서울신용보증재단","1","1"
"202511","4264. 홍남교 버스정류장","1","1"
"202511","4266.국민연금공단충정로사옥","2","0"
"202511","4267. 서대문역 2번 출구","2","4"
"202511","4269. 연희IC 남측","0","4"
"202511","427. 성산시영아파트","2","1"
"202511","4270. 우국한마음 아파트 맞은편","3","1"
"202511","4273. 홍연2교 사거리","1","0"
"202511","4274. 신촌 파랑고래 입구","8","6"
"202511","4275.농협생명본사빌딩 서관","7","3"
"202511","4277. 서대문우체국 정류소 옆","1","2"
"202511","428. 명보사거리","4","6"
"202511","4281.명지대사거리","1","0"
"202511","430. 장충동먹자골목 앞","18","15"
"202511","4303. 매헌역 2번출구앞광역버스 정류장앞(22-297)","0","4"
"202511","4306. 서래공원 앞","0","2"
"202511","4307. 고투몰 gate 15옆","4","2"
"202511","431. 청계천 영도교","6","11"
"202511","4313. 반포종합운동장","2","2"
"202511","4315. 이투스교육 앞","1","0"
"202511","4316. 고속터미널역 3번출구","5","4"
"202511","432. 마포중앙도서관","2","2"
"202511","4320. 비석공원","0","1"
"202511","4323. 내곡도서관","4","0"
"202511","4324. 세화고등학교","0","8"
"202511","4327. 몽마르뜨공원입구","0","1"
"202511","4329. SC제일은행 양재동지점 앞","5","13"
"202511","433. 을지로입구역 2번출구","13","13"
"202511","4332. 이수교차로","1","4"
"202511","4341. 영동1교 북단","1","2"
"202511","4345. 반포역 4번출구","1","0"
"202511","4347. 논현지하보도","2","2"
"202511","4349.삼성화재서초타워","2","4"
"202511","435. SK 남산빌딩","4","8"
"202511","4351.서울AI허브 앞","0","3"
"202511","4353. 코오롱디지털타워 3차앞","2","10"
"202511","436. 이대역 5번출구","1","5"
"202511","4362. 행당중학교 후문","4","5"
"202511","4367. kt 행당빌딩 앞","0","1"
"202511","437. 대흥역 1번출구","5","9"
"202511","4370. 성동교 사거리","6","10"
"202511","4373. 서울숲 지식산업센터","7","4"
"202511","4377. 우영테크노센터 앞","20","11"
"202511","438. 성산2-1 공영주차장","0","2"
"202511","4381. 더스페이스타워 앞","4","3"
"202511","4382. 페코텍글로벌허브빌딩 앞","1","3"
"202511","4383. 푸조비즈타워 앞","0","2"
"202511","4385. 용답동 우체국 주변","12","10"
"202511","4386. 현대자동차 동부서비스센터 주변","1","0"
"202511","4387. 성수역 1번출구 주변","2","4"
"202511","4389. 서울숲역3번출구","10","9"
"202511","4390. 신답역 1번출구","4","0"
"202511","4393. 상원삼거리 장안철교 아래","5","3"
"202511","4394.서울시립24시간게스트하우스","1","0"
"202511","4397. 마장축산물시장 북문 건너편","8","11"
"202511","4398. 유원지식산업센터 앞","21","22"
"202511","4399. 더리브 세종타워 앞","12","20"
"202511","440. 하늘공원 입구","17","26"
"202511","4401.뚝섬유수지 공영주차장","10","7"
"202511","4406. 장곡초등학교 앞","0","1"
"202511","4411. 동산어린이공원 앞","1","1"
"202511","4414. 안암역 3번 출구","6","10"
"202511","4418. 종암동 동덕여대 제2생활관 앞","1","1"
"202511","442.서울역 서부","1","1"
"202511","4420. 성북구 한예종 캠퍼스 별관","1","1"
"202511","4425. 하늘채코오롱아파트 앞","1","2"
"202511","445.대한상공회의소","1","4"
"202511","4452. 삼성SDS","4","2"
"202511","4457. 아산병원 기숙사 부근","10","12"
"202511","446. 상명대입구","1","2"
"202511","4464. 올림픽공원 북2문 A","11","2"
"202511","447. 신영동삼거리","0","1"
"202511","4481. 올림픽공원 북2문 B","5","7"
"202511","4483. 잠실나들목4","2","0"
"202511","4484. 잠실나루역4번출구뒤","4","3"
"202511","4485. 잠실나루역 고가하부","1","1"
"202511","4486. 홈플러스 잠실점","0","1"
"202511","4496. 잠실 파크리오 120동 앞","1","0"
"202511","4497. 아시아선수촌아파트 교차로","3","3"
"202511","450. 효자동 삼거리","9","3"
"202511","451. 청와대앞길","5","2"
"202511","4517. 성보하이드로빌딩","1","1"
"202511","452. 동대문 종합시장 버스정류장","8","12"
"202511","4527. 목동신시가지아파트6단지","1","1"
"202511","453. 종로오가 지하쇼핑센터 14번출구","19","15"
"202511","4530. 방아다리어린이공원","1","1"
"202511","454. 종로2가 버스정류장 (종각방향)","7","5"
"202511","4540. 목동역 3번 출구","3","1"
"202511","4543. 오목교역 6번 출구","3","3"
"202511","4548.신목동역1번출구","1","1"
"202511","455. 종로6가역 버스정류장(동대문 방향)","11","16"
"202511","4557. 리버뷰신안인스빌2차 후문","0","2"
"202511","4558. 대영중고 후문","3","1"
"202511","4559. 신길역 2번출구","0","2"
"202511","456. 숭인2동 주민센터 입구","7","4"
"202511","4560. 양평동성원아파트","0","1"
"202511","4561. 양평역 1번출구","4","2"
"202511","4563. 여의도 은하아파트","1","2"
"202511","4564. 63스퀘어","11","28"
"202511","4565. 영등포 신세계백화점","7","12"
"202511","4569. 힐스테이트클래시안아파트","2","1"
"202511","457. 종로꽃시장 입구 옆","14","16"
"202511","4571. 문래동롯데캐슬아파트","0","1"
"202511","4574. 영등포시장역 포레나영등포","6","4"
"202511","458. 광화문역 5번출구","11","9"
"202511","4582. 국회도서관","1","0"
"202511","4584. 국회2문","2","2"
"202511","4585. 국회6문","5","5"
"202511","4588.양남사거리2","1","0"
"202511","4589. KRX한국거래소(1)","1","0"
"202511","4591. 신길자이아파트","1","1"
"202511","4592. 신길우성4차아파트","1","1"
"202511","4594. 양평교 영등포대여소","0","2"
"202511","4598. 오목교 동측 지하보도","2","2"
"202511","4600. 서울 영등포구 우체국","1","0"
"202511","4601.양평역2번출구 뒤","1","2"
"202511","4603. 한강GS에클라트 건너편 교통섬","0","4"
"202511","4605. 노들섬 다목적홀(동쪽) 숲, 앞","9","9"
"202511","4607. 국립중앙박물관 -용산가족공원 앞","1","9"
"202511","4608. 국립중앙박물관 정문 앞","10","10"
"202511","4609. 파크타워 104동 앞","3","0"
"202511","461. 서울경찰청","0","1"
"202511","4610. 한남나인원 105동 앞","6","1"
"202511","4611. 국제루터교회 앞","5","3"
"202511","4612. 이태원로 255","10","2"
"202511","4613. 서울갤러리아 앞","3","5"
"202511","4615. 크라운호텔앞 버스정류소","7","11"
"202511","4616. 신용산지하차도 앞","7","5"
"202511","4617. 동원베네스트 건너편","3","6"
"202511","4619. 한강트럼프월드3차 앞","27","47"
"202511","4620. 삼각지역 14번 출구 앞(교통섬)","5","12"
"202511","4621. 남산도서관 앞","7","6"
"202511","4622. 한강중학교 앞 버스정류장","7","0"
"202511","4623. 라인프랜즈이태원점 앞","5","7"
"202511","4625. 용산공원갤러리앞","1","0"
"202511","4629. 한강초교보도육교 앞","9","23"
"202511","4632. 용산 푸르지오 파크타운 1단지 앞","1","6"
"202511","4633. 센트럴파크타워 앞","9","10"
"202511","4634. 이태원역 3번 출구","18","10"
"202511","4637. 용산시티파크 101동 앞","2","2"
"202511","4638. 청파동삼거리 앞","3","2"
"202511","4639. 동빙고근린공원","4","12"
"202511","464. 삼청동 골목","11","4"
"202511","4640. 원효로2가 교차로","4","5"
"202511","4641. 아메리칸센터","4","1"
"202511","4643. 한가람아파트 앞","12","18"
"202511","465. 삼청공원 앞","0","3"
"202511","466.롯데호텔","5","8"
"202511","4667. 폭포동입구 교차로","1","1"
"202511","467.한국은행","4","20"
"202511","4671. 청구성심병원 앞","0","2"
"202511","4674. 녹번역e편한세상 캐슬 정문 앞","2","0"
"202511","468.웨스틴 조선호텔","4","3"
"202511","4683. 은평 성모병원 사거리","1","0"
"202511","469.회현역 1번출구","2","4"
"202511","470.회현역 7번출구","9","10"
"202511","4705. 웰니스센터(민방위교육장 앞)","21","25"
"202511","4707. 청계3가 사거리","22","22"
"202511","4708. 조계사앞사거리","13","7"
"202511","471.회현사거리 남측","23","29"
"202511","4710. 자교교회 앞","2","5"
"202511","4713. 현대 뜨레비앙 아파트 앞","11","12"
"202511","4718. 광화문역 6번출구 옆 A","2","9"
"202511","4719. 종로문화원 건너편","31","25"
"202511","472.삼일교(시그니쳐 타워)","5","1"
"202511","4721. 통인시장 정자","2","3"
"202511","473.을지로4가역 9번출구","11","17"
"202511","474.동대문역사문화공원역 1번출구 뒤편","38","26"
"202511","475.DDP 패션몰","32","26"
"202511","4753. 시청역 10번출구","2","1"
"202511","476.광희문","2","4"
"202511","4760. 서울역 7번출구","1","2"
"202511","4761. 중부경찰서앞사거리 건너편","5","6"
"202511","4762. 국제빌딩","1","0"
"202511","4765. 동대문디자인플라자","20","30"
"202511","477.앰배서더 호텔 주변","1","0"
"202511","4774. 을지로입구역 8번출구","11","4"
"202511","4775. 을지로지하쇼핑센터","15","9"
"202511","4776. 신세계면세점","15","8"
"202511","4781. 브라운스위트레지던스","2","0"
"202511","4784. 중부경찰서앞 사거리","14","5"
"202511","4785. 롯데시티호텔","6","13"
"202511","479.동대입구역 3번 출구","2","0"
"202511","4791. 명동역9번 출구","17","29"
"202511","4792. 퇴계로4가 교차로(중구청)","9","2"
"202511","4793. 동대문역사문화공원역 5번출구","19","19"
"202511","4794. 서울역 서부교차로(3)","5","3"
"202511","4796. 서울시청","5","11"
"202511","4797. KG타워 앞","8","10"
"202511","4798. 황학동롯데캐슬","7","2"
"202511","480.약수역 6번 출구","0","1"
"202511","4800. 필동 삼거리","4","2"
"202511","4801. 충정로역 2호선(엘리베이터 앞)","2","8"
"202511","4813. 망우지구대","1","1"
"202511","4823. 방정환교육지원센터 옆","2","0"
"202511","483.남산타운아파트 버스정류장","1","1"
"202511","4841. 중화수경공원","3","3"
"202511","4842. 면목라온프라이빗 아파트","1","1"
"202511","485.서울역5번출구","0","12"
"202511","4855. 거여5단지 503동 앞","2","0"
"202511","4856. 올림픽공원 서1문 앞","6","5"
"202511","4857. 올림픽공원 장미광장","2","6"
"202511","4862. 성내교 남단","0","3"
"202511","4863. 잠실나들목5","2","0"
"202511","4864. 송파사거리","3","0"
"202511","4865. 한성백제역 1번출구 뒤","3","1"
"202511","4868. 석촌호수 서호 남단","2","0"
"202511","4870. 몽촌토성역 3번 출구","3","1"
"202511","489.구룡근린공원","1","1"
"202511","4892. 성내유수지 체육공원","1","0"
"202511","490.가온문화공원","1","0"
"202511","4903. 신사스퀘어","2","5"
"202511","4905. 강남경찰서","2","8"
"202511","4906. 섬유센터 앞","8","11"
"202511","4907. 극동스포츠 앞","6","1"
"202511","4908. SB타워 앞","13","3"
"202511","4909. 노보텔 앰배서더 앞","9","3"
"202511","4913. 레베쌍트 빌딩 앞","6","6"
"202511","4914. 도심공항타워 앞","8","11"
"202511","4916. 청담역 1번출구","1","1"
"202511","4917. 일원에코파크 주차장","1","1"
"202511","4923.수협대치동지점","0","1"
"202511","4925. 청담백영빌딩 앞","3","3"
"202511","4926. 대치우성아파트 사거리","0","1"
"202511","4929. 파스쿠찌 청담사거리점 앞","5","0"
"202511","493.홍대입구역 6번출구","12","5"
"202511","4935. 도곡삼성래미안","1","1"
"202511","4936. SK텔레콤(T1) 인근","0","2"
"202511","4937.개포래미안포레스트 126동 앞","1","0"
"202511","4939.도산공원","5","17"
"202511","4940.한강버스 압구정 선착장","88","108"
"202511","4941.압구정로 11길","11","10"
"202511","4942.율현삼거리","2","0"
"202511","495.염리초등학교 앞","6","6"
"202511","4959. 암사역사공원역 3번출구","2","0"
"202511","4965.고덕비즈밸리 쿠쿠강동빌딩","0","1"
"202511","497.합정동주민센터 앞","9","12"
"202511","498.연남동주민센터 앞","7","14"
"202511","500. 어린이대공원역 3번출구 앞","2","4"
"202511","502. 자양(뚝섬한강공원)역 1번출구 앞","35","16"
"202511","5052. 마곡역 7번출구","3","3"
"202511","5055. 마곡역5번출구앞","0","1"
"202511","5057. 마곡역4번출구","2","1"
"202511","506. 금호 어울림 아파트 앞","2","0"
"202511","5076. 메이필드호텔앞","5","3"
"202511","508. 성수아카데미타워 앞","7","5"
"202511","5080. 가양역 1번출구","1","1"
"202511","5084. 강서우체국","0","1"
"202511","5086. 가양테크노타운","0","5"
"202511","5099. LG사이언스파크 E7동","0","2"
"202511","510. 뚝도아리수정수센터 버스정류소 옆","39","33"
"202511","511. 서울숲역 5번 출구 옆","27","13"
"202511","512. 뚝섬역 1번 출구 옆","20","13"
"202511","513. 뚝섬역 5번 출구 정류소 옆","8","9"
"202511","514. 성수사거리 버스정류장 앞","8","2"
"202511","515. 광양중학교 앞","4","0"
"202511","5151.진넥스베르디엠 앞","1","0"
"202511","5153.한강버스 뚝섬 선착장","194","167"
"202511","516. 광진메디칼 앞","1","0"
"202511","518. 청계천 박물관 앞","2","2"
"202511","521. 왕십리역 11번 출구 앞","2","1"
"202511","522. 금호역 1번출구 앞","1","1"
"202511","524. 래미안금호하이리버 아파트 102동 옆","2","2"
"202511","525. 한양대병원사거리","15","5"
"202511","529. 장한평역 8번 출구 앞","1","0"
"202511","5310. 목련아파트","1","0"
"202511","533. 금남시장 교차로","3","3"
"202511","5337. 태강릉 앞","0","1"
"202511","534. 금호사거리","0","2"
"202511","535. 응봉삼거리","0","1"
"202511","536. 행당역 2번출구 앞","2","1"
"202511","542. 강변역 4번출구 뒤","9","12"
"202511","543. 구의공원(테크노마트 앞)","3","1"
"202511","544. 광남중학교","0","1"
"202511","548. 자양나들목","8","6"
"202511","549. 아차산역 3번출구","1","0"
"202511","5503. 마포아트센터 앞","2","1"
"202511","5504.아현교회","0","1"
"202511","5509.신석초교 앞","11","6"
"202511","5513. 마포음식문화거리","1","3"
"202511","5514.공덕역 1번출구","6","2"
"202511","5515.한강버스 망원 선착장","179","164"
"202511","552. 대림아크로리버 앞","3","1"
"202511","556. 달맞이공원","2","1"
"202511","559. 왕십리역 4번 출구 건너편","8","4"
"202511","560. 비전교회 앞","8","6"
"202511","5602.래미안신반포리오센트 후문","0","1"
"202511","561. 서울숲역 2번출구 앞","10","10"
"202511","563. 성동세무서 건너편","4","0"
"202511","565. 옥수역 3번출구","10","4"
"202511","5651.한강버스 옥수 선착장","65","55"
"202511","568. 청계8가 사거리 B","16","11"
"202511","571. 세종대학교 대양AI센터","2","0"
"202511","573. 구의문주차장 앞","1","3"
"202511","574. 아차산역4번출구","2","1"
"202511","5751. 송파여성축구장","3","2"
"202511","5759. 풍납근린공원","0","1"
"202511","576. 광나루역 3번 출구","5","1"
"202511","5761. 버섯분수대","1","0"
"202511","5763. 세륜초등학교 건너편","1","1"
"202511","5765. 삼전동주민센터 건너편","0","2"
"202511","5768.방이삼거리","6","6"
"202511","5774. 가락본동주민센터 인근","1","0"
"202511","5780. 송파세무서","3","3"
"202511","5781. 올림픽공원 수영장","12","9"
"202511","5784.한강버스 잠실 선착장","45","27"
"202511","582. 경일중학교 앞","5","6"
"202511","583. 청계천 생태교실 앞","14","8"
"202511","584. 광진광장 교통섬","16","4"
"202511","585. 성수2가1동 공영주차장 인근","29","48"
"202511","5851. 도림천 건널목 위","1","0"
"202511","5853. 여의도역2번출구 앞","1","2"
"202511","5857. U레지던스 앞","0","1"
"202511","5858. 영등포역5번출구","13","14"
"202511","5859. 여의도 삼부아파트","23","13"
"202511","5861. 보라주유소 앞","1","1"
"202511","5862. 당산역11번출구","1","2"
"202511","5865.더리브오피스텔 앞","16","4"
"202511","5866.포레나 당산","0","1"
"202511","5867. H타워 앞","1","2"
"202511","5868. 로프트시티오피스텔","6","4"
"202511","587. 유니베라 앞","9","17"
"202511","5870. LG트윈타워 앞","15","26"
"202511","5878. 우리은행 앞","4","3"
"202511","5879. 국회도서관 2문 앞","1","1"
"202511","588. 뚝섬 유원지역","1","1"
"202511","5882. 휴젠느","10","9"
"202511","5884. GS강서타워","2","1"
"202511","5885. 신정교하부(도림천역 방면)","2","0"
"202511","5886.신풍역 2번출구","1","3"
"202511","5887.나루마을 마당공원","1","5"
"202511","589. 성수역3번출구","20","37"
"202511","5890.여의나루역 3번출구","93","66"
"202511","5891.한강버스 여의도 선착장","492","368"
"202511","5893.한국산업은행","0","1"
"202511","5894.영등포세무서","1","0"
"202511","5895.생각공장당산","2","6"
"202511","592. 건국대학교 학생회관","2","8"
"202511","593.자양중앙나들목","3","5"
"202511","602. 장안동 사거리","5","4"
"202511","605. 신설동역8번출구","0","2"
"202511","6053. 중부세무서 앞","2","8"
"202511","6055. 한국경제","2","1"
"202511","6057. 을지로5가(방산시장)","12","15"
"202511","6058. 서울도시건축전시관 옆","18","17"
"202511","606. 서울반도체고 앞","1","1"
"202511","6060. 신한은행 본점","19","13"
"202511","6061.충무아트센터","4","4"
"202511","6062.서울역파출소","3","10"
"202511","6063.NH농협은행(신당역6번출구)","1","0"
"202511","609. 제기2교","36","26"
"202511","612. 시립동부병원 앞 사거리","3","3"
"202511","613. 신설동역 10번출구 앞","4","0"
"202511","614. 용두동 사거리","1","0"
"202511","615. 용두동 래미안허브리츠아파트 앞","1","2"
"202511","617. 청솔우성아파트 앞","1","2"
"202511","6180.양천향교역 3번출구","0","1"
"202511","6183.K스퀘어 마곡","1","3"
"202511","6184. 한강버스 마곡 선착장","5","4"
"202511","623. 서울시립대 정문 앞 B","0","1"
"202511","624. 전농동 동아아파트 앞","0","3"
"202511","626. 군자교 서측 녹지대","2","0"
"202511","627. 장안동삼거리 교통섬","3","0"
"202511","630. 동대문구 보건소","2","1"
"202511","631. 답십리역 1번출구","1","0"
"202511","633. 청량리 기업은행 앞","4","5"
"202511","634. 외국어대 정문 앞","3","4"
"202511","635. 시조사 앞","1","5"
"202511","636. 세종대왕기념관 교차로","2","1"
"202511","637. KAIST 경영대학 앞","11","15"
"202511","640. 동대문경찰서 교차로","5","6"
"202511","641. 용두역 4번출구","6","3"
"202511","642. 신답역 사거리","0","1"
"202511","643. 동대문구민체육센터 (육교아래)","0","1"
"202511","650. 중랑교사거리","1","0"
"202511","656. 영휘원 교차로","1","1"
"202511","661. 경희대학교 청운관","1","1"
"202511","663. 외대앞역 3번출구","0","3"
"202511","665.이문동 쌍용아파트 정문","2","1"
"202511","669.청계한신휴플러스앞 삼거리","3","1"
"202511","670.삼육서울병원 버스정류장","4","2"
"202511","671.대광빌딩","7","6"
"202511","672.대광고등학교","2","0"
"202511","673.안암골벽산아파트(후문)","1","1"
"202511","674.고대앞사거리 교통섬","19","23"
"202511","676.FITI시험연구원 앞","24","17"
"202511","679.전농SK아파트 앞","0","1"
"202511","680.꿈마루어린이도서관 앞","8","4"
"202511","700. KB국민은행 염창역 지점 앞","2","0"
"202511","703. 오목교역 7번출구 앞","2","1"
"202511","704. 남부법원검찰청 교차로","1","1"
"202511","719. 홍익병원앞 교차로","3","0"
"202511","723. SBS방송국","0","1"
"202511","726. 목동3단지 시내버스정류장","0","2"
"202511","729. 서부식자재마트 건너편","0","1"
"202511","744. 신목동역 2번 출구","2","3"
"202511","748. 목동운동장","1","0"
"202511","754. 목동1단지아파트 118동 앞","1","1"
"202511","756. 목동주차장","0","1"
"202511","762. 오목로 무중력지대 앞","0","1"
"202511","765. 오목교역 3번출구","1","6"
"202511","768.목동5단지아파트 501동","1","0"
"202511","769.CBS방송국 앞","2","1"
"202511","776.목마공원","1","0"
"202511","779. 신정1동 주민센터 앞","1","0"
"202511","780.신정교 하부","1","1"
"202511","787.양천아파트 입구","1","0"
"202511","791.현대하이페리온","3","0"
"202511","792.목동트라팰리스 웨스턴에비뉴","1","0"
"202511","793.목동5단지아파트 534동","1","2"
"202511","794.양천문화회관","1","1"
"202511","800. 목월공원 앞","2","0"
"202511","802. 한강진역 2번 출구 앞","0","8"
"202511","805. 문배어린이공원 앞","2","3"
"202511","806. 전자랜드 본관 앞","3","5"
"202511","807. 서울역 12번 출구 앞","13","15"
"202511","808. 서빙고동 금호맨션 앞","2","1"
"202511","809. 한남 유수지 복개주차장","19","10"
"202511","810. 이태원지하보도","9","8"
"202511","811. 녹사평역1번출구","7","2"
"202511","813. 삼각지역 3번출구","1","5"
"202511","815. LIG강촌아파트 103동앞","3","6"
"202511","816. 신용산역 6번출구 앞","6","7"
"202511","817. 삼각지역 4번출구 앞","1","1"
"202511","818. 숙명여대 입구 교차로","0","1"
"202511","820. 청파동입구 교차로","1","11"
"202511","822. 이촌1동 마을공원","4","3"
"202511","825. 서빙고동 주민센터 앞","42","87"
"202511","826. 서울역 서부교차로2","2","7"
"202511","828. 숙대입구역 8번","8","0"
"202511","829. 한강대교 북단 교차로","17","16"
"202511","832. 이촌1동 주민센터 뒤","6","9"
"202511","834. 효창공원앞역 3번출구 앞","2","3"
"202511","836. 현대자동차서비스 앞","8","25"
"202511","837. 한남나들목 입구","16","27"
"202511","838. 숙대입구역 4번출구","3","14"
"202511","839. 보광동 삼성리버빌아파트 앞","12","3"
"202511","840. 용산 파크타워 앞","1","0"
"202511","841. 신용산역 1번 출구","7","8"
"202511","843. 이태원관광특구 입구(용산구청방향)","4","8"
"202511","844. 이촌2동 동원베네스트 아파트 앞","4","4"
"202511","845. 용산 선인상가","2","0"
"202511","846. 용산중학교","1","7"
"202511","848. 삼각지12번 출구","17","14"
"202511","849. 삼각지 자이아파트","7","4"
"202511","850.KCC용산웰츠(WELLTZ)타워","4","0"
"202511","852. 청암자이아파트 앞","9","10"
"202511","853.용산역 맞은편","17","21"
"202511","854.HID 유족동지회 앞","7","6"
"202511","855.이촌역5번출구 앞","4","2"
"202511","857. 현대 안성타워","7","5"
"202511","858.녹사평역3번 출구","5","5"
"202511","859.남산공원 야외식물원 앞","8","4"
"202511","860.LG한강 자이아파트 앞","4","8"
"202511","863.이촌역2번 출구","12","8"
"202511","864.순천향대학병원(한남오거리)","8","12"
"202511","866.브라운스톤 남산아파트","5","6"
"202511","867.서빙고역 광장(1번출구)","7","6"
"202511","869.노들섬 동측 앞","9","7"
"202511","870.노들섬 서측 앞","27","46"
"202511","905. 구파발역 2번출구","0","1"
"202511","907. CJ 드림시티","4","2"
"202511","912. 응암오거리","1","2"
"202511","914. 새절역 2번출구","2","1"
"202511","915. 증산역 4번출구","4","3"
"202511","923. 국민은행 연서지점","1","0"
"202511","928. 은평역사한옥박물관","6","6"
"202511","930. 구 서부경찰서 건너편","1","1"
"202511","941. 은평뉴타운 도서관","1","0"
"202511","942. 상림마을 생태공원","2","0"
"202511","949. 연신내역 1번 출구 ","1","1"
"202511","956. 응암시장교차로","1","9"
"202511","982. 녹번초등학교(서오릉로)","1","0"
"202511","992.북한산입구 정류장","1","2"
"202511","상담센터","1","0"
"202512","1001. 광진교 남단 사거리(천호공원 방면)","0","2"
"202512","1008. 암사역 3번출구(국민은행앞)","1","0"
"202512","1009. 천호역4번출구(현대백화점)","2","1"
"202512","1010. 강동세무서","3","1"
"202512","1012. 천호역효성해링턴타워 앞","0","1"
"202512","102. 망원역 1번출구 앞","1","0"
"202512","1024.  강동구청 앞","4","3"
"202512","1029. 성내어울터","0","2"
"202512","103. 망원역 2번출구 앞","9","8"
"202512","1030. 미호 플랜트 앞","1","0"
"202512","1032. 선사고등학교","1","1"
"202512","104. 합정역 1번출구 앞","5","2"
"202512","1044. 굽은다리역","1","1"
"202512","105. 합정역 5번출구 앞","5","2"
"202512","106. 합정역 7번출구 앞","6","10"
"202512","107. 수협 연남동지점","2","3"
"202512","1072.고덕역 5번출구","0","1"
"202512","1078.둔촌사거리","2","1"
"202512","108. 서교동 사거리","3","7"
"202512","1088.풍납사거리(강동)","1","0"
"202512","111. 상수역 2번출구 앞","1","2"
"202512","1112. 마곡엠밸리4단지 정문","1","1"
"202512","1117. 등촌5단지아파트 버스정류장","1","0"
"202512","1118. 증미역 3번출구뒤(등촌두산위브센티움오피스텔)","1","1"
"202512","1119. 염창동 한마음아파트 앞","1","1"
"202512","1121. 가양레포츠센터 앞","1","1"
"202512","1124. 발산역 6번 출구 뒤","1","1"
"202512","113. 홍대입구역 2번출구 앞","13","6"
"202512","114. 홍대입구역 8번출구 앞","11","14"
"202512","115. 마스타 빌딩 앞","3","1"
"202512","1151. 마곡역1번출구","3","1"
"202512","1169. 염창역 1번 출구","1","1"
"202512","1173. 강서구청사거리(SH타워)","4","3"
"202512","1184. 마곡13단지","0","2"
"202512","1186. 송정중학교","4","3"
"202512","119. 서강나루 공원","3","4"
"202512","1190. 마곡역 교차로(2번출구)","0","1"
"202512","1191. 마곡역 버스정류장(마곡나루역1번출구, 웰튼병원 방면)","0","1"
"202512","1192. 마곡수명산파크 209동 건너편","4","3"
"202512","1197. 엠펠리체 호텔 건너편","1","0"
"202512","1198. LG 사이언스파크","0","1"
"202512","1204. 거여역 3번출구","1","2"
"202512","1209. 잠실나루역 (2번 출구 쪽)","3","3"
"202512","121. 마포소방서 앞","0","1"
"202512","1210. 롯데월드타워(잠실역2번출구 쪽)","19","8"
"202512","1215. 올림픽공원역 1번출구 앞","1","1"
"202512","1218. 방이역 4번출구","1","1"
"202512","1221. 삼전역 4번출구","1","1"
"202512","1222. 잠실새내역 5번 출구 뒤","4","1"
"202512","1228. 마천사거리 ","1","0"
"202512","1231. 잠실역 6번출구","3","12"
"202512","1232. 잠실주공 521동 건너편","0","1"
"202512","1245. 문정 법조단지9","1","2"
"202512","1251. 석촌역 2번출구","1","0"
"202512","1259. 방이역 1번출구","1","0"
"202512","126. 서강대 후문 옆","1","0"
"202512","1268. 몽촌토성역 1번출구 옆","1","1"
"202512","127. 현대벤처빌 앞","2","1"
"202512","128. 신촌역(2호선) 1번출구 옆","3","1"
"202512","1288. 문정중교 사거리","0","1"
"202512","129. 신촌역(2호선) 6번출구 옆","0","1"
"202512","1295. 잠실역 8번출구","1","0"
"202512","1296. 석촌호수교차로 (송파나루근린공원 앞)","2","2"
"202512","1297. 석촌호수교차로(동호 팔각정 앞)","0","2"
"202512","130. 신촌역(2호선) 7번출구 앞","4","9"
"202512","1302. 한성대입구역6번출구 뒤","1","1"
"202512","1305. 성북구청","1","0"
"202512","1308. 안암로터리 버스정류장 앞","1","4"
"202512","131. 증산2교","2","2"
"202512","1315. 고려사대부속중고 정문","0","1"
"202512","1322. 래미안라센트아파트 103동 앞","3","0"
"202512","1326. 상월곡역 1번출구","0","1"
"202512","1327. 상월곡역 3번출구","1","0"
"202512","133. 해담는다리","3","1"
"202512","1337. 돈암성당 옆","3","7"
"202512","134. 연세로 명물길","2","1"
"202512","1346. 길음8골어린이공원 옆","1","1"
"202512","135. 명물길 원형무대 앞","4","3"
"202512","1351. 안암2교 옆","2","0"
"202512","1354. 고려대학교 2번출구","1","0"
"202512","1363. 보문4교 인근","3","0"
"202512","1367. 길음문화복합미디어센터","2","1"
"202512","137. 신촌기차역입구 교차로","0","1"
"202512","1372. KEB은행 고대점","1","3"
"202512","1373. 성북구보건소 건너편","0","1"
"202512","138. 신촌동 제1공영주차장 앞","3","2"
"202512","1380.월곡역 5번출구 앞","0","3"
"202512","1384.성신여대입구역 5번출구","1","0"
"202512","1394.길음뉴타운 래미안9단지","1","0"
"202512","140. 이화여대 후문","3","4"
"202512","143. 공덕역 2번출구","2","0"
"202512","145. 공덕역 5번출구","1","2"
"202512","146. 마포역 2번출구 뒤","3","5"
"202512","147. 마포역 4번출구 뒤","1","3"
"202512","148. 용강동 주민센터 앞","0","1"
"202512","150. 서강대역 2번출구 앞","0","1"
"202512","153. 성산2교 사거리","2","0"
"202512","154. 마포구청역 ","4","5"
"202512","1552. 강북구청사거리","0","1"
"202512","156. 서울서부지방법원 앞","4","2"
"202512","1569.수유역2번출구","2","0"
"202512","157. 애오개역 4번출구 앞","1","0"
"202512","159. 이대역 4번 출구","1","0"
"202512","1601. 석계역 문화광장 내 자전거 보관소","1","0"
"202512","161. 무악재역1번 출구","0","1"
"202512","162. 봉원고가차도 밑","2","1"
"202512","164. 북가좌1동 주민센터 ","1","0"
"202512","1662. 노원역7번출구","2","2"
"202512","1719. 신도봉사거리 버스정류장","2","1"
"202512","1729. 도봉한신아파트 버스정류장","5","1"
"202512","1735. 도봉역 1,2번 출구사이 건너편","2","1"
"202512","1744.도봉소방서 옆","1","1"
"202512","1749. ESA아파트 상가 앞","0","1"
"202512","175. 홍연2교옆","6","2"
"202512","179. 가좌역 4번출구 앞","1","0"
"202512","180. 충정로역 7번출구 아래","1","0"
"202512","1805. 서울디지털운동장 앞","1","0"
"202512","181. 망원초록길 입구","3","3"
"202512","1812. 갑을그레이트밸리 앞","1","2"
"202512","182. 망원2빗물펌프장 앞","5","1"
"202512","1825. 한신아파트 앞 육교 아래","2","3"
"202512","1829. 홈플러스 금천점 앞","1","2"
"202512","184.망원우체국사거리 인근","1","0"
"202512","1841. 가산동 주민센터","1","0"
"202512","1848. 벽산 디지털밸리 5차","1","0"
"202512","185. 마포 신수공원 앞","3","1"
"202512","1869.롯데캐슬골드파크3차 301동 앞","1","1"
"202512","191. 서우빌딩","0","1"
"202512","1911. 구로디지털단지역 앞","2","1"
"202512","1925. 동양미래대학교 정문 옆","1","0"
"202512","194. 증산교 앞","2","2"
"202512","195. 모래내고가차도 ","1","1"
"202512","1975. 대림역 1번 출입구 밑","1","1"
"202512","199. 서울 월드컵 경기장","1","0"
"202512","1996. 구일역 1번 출입구 앞","2","2"
"202512","2002. 노들역 1번출구","0","8"
"202512","2009. 보라매역 8번출구","0","1"
"202512","2025. 흑석역 1번출구","5","9"
"202512","203. 국회의사당역 3번출구 옆","6","5"
"202512","2038. 동작역 7번출구","1","4"
"202512","204. 국회의사당역 5번출구 옆","0","2"
"202512","2040. 비계 버스정류소","1","0"
"202512","205. 산업은행 앞","6","1"
"202512","2050. 노량진역 5번출구","0","2"
"202512","2058. 동작경찰서","0","1"
"202512","2067. 보라매역?동작세무서 버스정류장(강남중학교방면)","1","1"
"202512","207. 여의나루역 1번출구 앞","22","3"
"202512","2080. 대방지하보도(대방동경남아너스빌아파트)","2","1"
"202512","209. 유진투자증권빌딩 앞","2","5"
"202512","2093.상도SH빌아파트 입구","1","0"
"202512","2102. 봉림교 교통섬","4","0"
"202512","2105. 미성동 신림체육센터","2","1"
"202512","2112. 서울대입구역 마에스트로","0","1"
"202512","2148. 낙성대역 3번출구 뒤","0","4"
"202512","215. 여의도고교 앞","3","0"
"202512","217. NH농협은행 앞","1","1"
"202512","2175. 신림동걷고싶은문화의거리입구","1","2"
"202512","2176. 보라매공원 보도육교","1","0"
"202512","219. 롯데캐슬엠파이어 옆","3","0"
"202512","2202.청계산입구역 1번출구","0","1"
"202512","221. 여의도초교 앞","1","3"
"202512","2214. 신반포역 2번출구 앞","9","6"
"202512","2215. 반포종합운동장 입구","0","5"
"202512","2217.아크로리버뷰 부지 앞","5","7"
"202512","2219. 고속터미널역 8-1번, 8-2번 출구 사이","4","10"
"202512","2231. 삼성타운(삼성생명) A동 맞은편","1","1"
"202512","2239.교대역 6번출구","1","0"
"202512","2241.양재전화국 사거리","1","0"
"202512","2255. 양재시민의숲역 1번출구","1","0"
"202512","2256.양재동 꽃시장 입구","0","2"
"202512","2259. 잠원역 3번-4번 출구사이 ","0","2"
"202512","226. 샛강역 1번출구 앞","0","1"
"202512","2266. 서초역 3번출구","0","1"
"202512","227. 양평1나들목 보행통로 입구","2","0"
"202512","2271. 내방역 8번출구 앞","0","1"
"202512","2272. 교대입구 교차로","2","0"
"202512","2279. 교대역 5번출구뒤","1","1"
"202512","228. 선유도역 3번출구 앞","3","4"
"202512","230. 영등포구청역 7번출구","1","1"
"202512","2301. 현대고등학교 건너편","2","0"
"202512","2302. 교보타워 버스정류장(신논현역 3번출구 후면)","1","1"
"202512","2303. 논현역 10번출구","0","2"
"202512","2306. 압구정역 2번 출구 옆","4","5"
"202512","2307. 압구정 한양 3차 아파트","4","8"
"202512","2309. 청담역(우리들병원 앞)","1","0"
"202512","2310. 청담동 맥도날드 옆(위치)","1","0"
"202512","2312. 청담역 13번 출구 앞","1","0"
"202512","2313. 금원빌딩 앞","2","4"
"202512","2315. 봉은사역 5번출구 옆","1","13"
"202512","2317. 삼성도로공원","2","4"
"202512","2318. 삼성중앙역4번출구(문화센터더 리빌)","1","0"
"202512","2319. 포스코사거리 서측(수협 삼성동 지점)","4","2"
"202512","2326. 대치동 삼성로","0","1"
"202512","2327. 뱅뱅사거리 랜드마크타워 앞","1","1"
"202512","2328. 르네상스 호텔 사거리 역삼지하보도 7번출구 앞","0","1"
"202512","2329. 르네상스호텔사거리 역삼지하보도 2번출구","0","1"
"202512","2332. 선릉역3번출구","0","5"
"202512","2333. 양재역 3번출구 주변","1","1"
"202512","2340. 삼호물산버스정류장(23370) 옆","1","4"
"202512","2348. 포스코사거리(기업은행)","5","4"
"202512","2353. 강남구청역 2번출구 뒤","0","1"
"202512","2359. 국립국악중,고교 정문 맞은편","1","0"
"202512","2363. 강남 을지병원 교차로","4","1"
"202512","2364. 도산공원교차로","4","1"
"202512","2365. K+ 타워 앞","0","2"
"202512","2369. KT선릉타워","1","2"
"202512","2371. 한국우편사업진흥원","0","1"
"202512","2372. 대치역 사거리","1","1"
"202512","2377. 수서역 5번출구","1","0"
"202512","2381. 언주역 4번출구","2","0"
"202512","2382. 역삼동 sk뷰 501동앞","3","0"
"202512","239. 유스호스텔 앞","3","2"
"202512","240. 문래역 4번출구 앞","2","1"
"202512","2405. 청담공원앞 교차로","1","1"
"202512","2406. 논현동 광명빌딩 앞","0","4"
"202512","2407. 역삼서초삼성 세무서 앞 (역삼빌딩 앞)","2","2"
"202512","2409. 역삼동 디오슈페리움 (우성아파트 사거리)","2","1"
"202512","2410. 포스코피앤에스타워 (역삼역 3번출구 부근)","1","0"
"202512","2418.봉은사역 7번 출구 ","2","0"
"202512","2419.봉은사역 1,2번 출구 ","6","0"
"202512","2427.개포고등학교 정문앞","1","1"
"202512","243. 이앤씨드림타워 앞","3","0"
"202512","2430.강남파이낸스센터앞(역삼역2번출구)","2","3"
"202512","245. 삼성생명 당산사옥 앞","1","0"
"202512","247. 당산역 10번출구 앞","0","1"
"202512","248. 초원아파트 앞","8","0"
"202512","249. 여의도중학교 옆","5","5"
"202512","2502. 서초역1번출구 앞","0","1"
"202512","2504. 신사역 4번출구 뒤","3","0"
"202512","2505. 우성아파트사거리 (기업은행앞)","1","0"
"202512","2510. JW타워","1","0"
"202512","2515.서초초등학교 후문","2","2"
"202512","2516.본마을 노인복지센터 앞","2","0"
"202512","2520.서초1교 (진흥아파트 방면)","1","0"
"202512","2524.반포쇼핑타운 8동 앞","0","1"
"202512","2525.반포쇼핑타운 2동 앞","10","18"
"202512","2535.신반포역 3번출구 뒤","1","1"
"202512","2537.양재역 8번출구 앞","0","2"
"202512","2538.사평리근린공원","1","2"
"202512","2540.반포천 앞","3","3"
"202512","2541.옛골 입구","6","1"
"202512","2542.신논현타워 앞","3","3"
"202512","2547. 반포래미안 리오센트","2","2"
"202512","258. 신길역3번출구","1","0"
"202512","2608. 송파구청","1","1"
"202512","2613. 잠실나들목","1","1"
"202512","2619. 석촌고분역 4번출구","5","5"
"202512","2620. 송파나루역 4번 출구옆","0","2"
"202512","2622. 올림픽공원역 3번출구","5","3"
"202512","2630.서울방이동 고분군","1","0"
"202512","2637. 아시아지하보도 14번 출구","2","0"
"202512","2639.석촌역 8번출구","2","1"
"202512","2645.잠실나들목2(엘스아파트136동)","1","1"
"202512","2647.잠실 자전거 수리센터 앞","2","3"
"202512","266. 영등포청과시장 사거리","0","1"
"202512","267. 삼성화재 사옥 옆","1","4"
"202512","270. 증권거래소후문교차로","0","2"
"202512","2701. 마곡나루역 5번출구 뒤편","0","1"
"202512","2704.홈플러스(강서점)","3","4"
"202512","2709.강변아파트 310동 앞","0","5"
"202512","2713.우장초등학교 앞","4","4"
"202512","2715.마곡나루역 2번 출구 ","2","0"
"202512","2718.마곡수명산파크1단지","2","0"
"202512","272. 당산육갑문","4","3"
"202512","2720.힐스테이트에코","1","1"
"202512","2725.서울식물원 식물문화센터","3","1"
"202512","2728.마곡나루역 3번 출구","1","1"
"202512","2730.마곡메가박스 앞","0","2"
"202512","2731.명덕고교","0","2"
"202512","2733.마곡13단지 정문 앞","1","1"
"202512","2739.수명산파크1단지교차로","2","2"
"202512","275. 신동아아파트","2","1"
"202512","276. 영등포로터리2","3","3"
"202512","278. 쌍용플레티넘오피스텔","1","1"
"202512","283. 아크로타워 스퀘어(영등포시장)","1","0"
"202512","284. 센트럴 푸르지오 시티 앞","0","4"
"202512","291. 문래동 하이테크 시티","2","1"
"202512","296.KT플라자 영등포점","0","2"
"202512","299.여의도 순복음교회","1","0"
"202512","300. 정동사거리","0","1"
"202512","3002.벽산상암스마트큐브 ","1","0"
"202512","3009. 홍대입구역 사거리","10","10"
"202512","301. 경복궁역 7번출구 앞","1","2"
"202512","3010.홍대입구역 3번출구","10","11"
"202512","3013.서울지방고용노동청 앞","4","1"
"202512","302. 경복궁역 6번출구 뒤","5","1"
"202512","303. 광화문역 1번출구 앞","2","4"
"202512","305. 종로구청 옆","2","4"
"202512","307. 서울역사박물관 앞","2","0"
"202512","308. 광화문 S타워 앞","2","2"
"202512","310. 청계광장 옆","3","2"
"202512","3102. 연희삼거리","2","2"
"202512","3113. 독립문 앞","0","1"
"202512","3116.신촌역 4번출구","3","7"
"202512","3117.이화여대 인문관 인근","0","2"
"202512","3119.연희 브라운스톤 아파트 앞","0","1"
"202512","3121.가좌삼거리","0","1"
"202512","3125.연희파크푸르지오아파트 앞","2","0"
"202512","3127.홍은2파출소 옆","0","1"
"202512","3128.동신병원 맞은편","4","3"
"202512","314. 국립현대미술관","12","6"
"202512","316. 종각역 1번출구 앞","4","7"
"202512","320. 을지로입구역 4번출구 앞","2","12"
"202512","321. KEB 하나금융그룹 명동사옥 옆","12","9"
"202512","322. 명동성당 앞","4","1"
"202512","324. 신세계백화점 본점 앞","2","12"
"202512","326. 안국역 5번출구 앞","8","2"
"202512","327. 낙원상가 옆","2","0"
"202512","328. 탑골공원 앞","0","1"
"202512","329. 청계2가 사거리 옆","5","6"
"202512","331. 을지로2가 사거리 북측","3","1"
"202512","332. 을지로2가 사거리 남측","5","1"
"202512","334. 종로3가역 2번출구 뒤","3","10"
"202512","335. 종로3가역 15번출구 뒤","10","4"
"202512","336. 충무로역 6번출구 앞","9","7"
"202512","337. 창경궁 입구","1","1"
"202512","338. 세운스퀘어 앞","3","3"
"202512","339. 종로4가 사거리","6","9"
"202512","3402.이화공영주차장","0","6"
"202512","3405.파크팰리스","1","0"
"202512","3407.안국동사거리(신)","12","6"
"202512","3408.종로타워빌딩","4","2"
"202512","341. 혜화역 3번출구 뒤","1","0"
"202512","3410.종로3가역 8번출구","2","5"
"202512","3411.종묘","1","1"
"202512","3412.세운상가","2","3"
"202512","3413.종로플레이스","2","4"
"202512","3414.종로5가역 4번출구","9","3"
"202512","3415.동대문역6번출구","13","6"
"202512","3416.동묘앞역 6번출구","3","4"
"202512","342. 대학로 마로니에공원","8","5"
"202512","3420. 성균관대입구 사거리 B","1","1"
"202512","3421.혜화역 1번출구","1","0"
"202512","3422.성균관대 정문","1","1"
"202512","3425.광화문 풍림스페이스본 1단지앞","1","2"
"202512","3426.독립문역 2번출구 뒤","3","0"
"202512","3427.인왕산 아이파크 정문","1","3"
"202512","3432.종로2가 사거리","1","3"
"202512","344. 성균관대 E하우스 앞","0","1"
"202512","345. 서울보증보험본사 앞","7","2"
"202512","346. 맥스타일 앞","19","11"
"202512","347. 동대문역사문화공원역 9번출구 앞","4","4"
"202512","349. 어린이도서관","0","2"
"202512","3505. 신양초교앞 교차로","3","4"
"202512","3506. 영동대교 북단","1","5"
"202512","3509. 세종사이버대학교","0","1"
"202512","3511. 응봉역 1번출구","6","4"
"202512","3514. 왕십리교회옆","0","2"
"202512","3515. 서울숲 관리사무소","12","12"
"202512","352. 중앙고입구 삼거리","1","11"
"202512","3528. 광진정보도서관","1","5"
"202512","353. 재동초교 앞 삼거리","6","5"
"202512","3533. 건대입구역 사거리(롯데백화점)","5","6"
"202512","3534. 건대입구역 5번출구 뒤","5","3"
"202512","354. 포르투갈 대사관 앞","2","0"
"202512","3543. 세종대학교(학술정보원)","2","2"
"202512","3544.한양대역 3번 출구","3","11"
"202512","3545.한양대역 1번출구","2","2"
"202512","3548.뚝섬역 6번출구","7","2"
"202512","355. 서울사대부설초등학교 앞","1","1"
"202512","3550.금호나들목","3","0"
"202512","3552.서울숲 공영주차장앞","29","14"
"202512","3556.신금호파크자이APT앞","0","2"
"202512","3559.성동구민종합체육센터 건너편","2","8"
"202512","3561.행당동 삼부APT후문","0","1"
"202512","3569.건대병원후문","2","3"
"202512","3579.광진 캠퍼스시티","2","1"
"202512","358. 성균관대입구 사거리 A","1","0"
"202512","3581.광진광장","2","1"
"202512","359. 원남동사거리","8","3"
"202512","3600.사근빗물펌프장 건너편","4","1"
"202512","3604. 삼성중앙역 5번출구","1","1"
"202512","3606. 신사동주민센터 옆","2","4"
"202512","361. 동묘앞역 1번출구 뒤","9","5"
"202512","3614. 은마아파트 입구 사거리","3","1"
"202512","3615. 서울 논현동우체국 앞","1","0"
"202512","3616. 역삼중학교 앞(체육관 방향)","1","0"
"202512","3627. 압구정나들목","2","4"
"202512","3629. 청담사거리(신한오피스텔빌딩 앞)","2","5"
"202512","363. 신설동역 11번출구 뒤","17","13"
"202512","3646. 선정릉역 4번 출구","1","0"
"202512","3647. 구룡역 1번 출구","0","1"
"202512","3651. 개포동역 4번출구","2","1"
"202512","3657. 서울천호동우체국","0","1"
"202512","3671. 둔촌동역교차로","1","1"
"202512","368. SK 서린빌딩 앞","3","2"
"202512","3680. 강동역3번출구","1","0"
"202512","3681. 길동 마루빌딩","1","1"
"202512","370. 시청역(2호선) 9번출구 뒤","0","1"
"202512","371. 동대입구역 6번출구 뒤","5","0"
"202512","372. 약수역 3번출구 뒤","1","0"
"202512","374. 신당동주민센터앞","3","0"
"202512","3754. 신방화역 8번출구","0","1"
"202512","3760. 발산역 8번 출구","0","1"
"202512","3765. 문소빌딩","3","0"
"202512","3772. 길성그랑프리텔아파트","1","1"
"202512","3778. 김포공항입구 교차로","1","1"
"202512","3789. 염창나들목","1","0"
"202512","379. 서울역9번출구","5","5"
"202512","3796. 송정역 3번출구 앞","2","0"
"202512","380. CJ제일제당 앞","3","7"
"202512","381. 장충체육관","0","1"
"202512","3816. 관악 GSfresh","1","0"
"202512","3819. 서울대벤처타운역","1","1"
"202512","382. 약수역 10번출구 앞","1","2"
"202512","385. 종각역 5번출구","4","8"
"202512","387. 훈련원공원주차장 앞","22","16"
"202512","389. 을지로4가역 1번출구","5","1"
"202512","3900. 건국대학교 신공학관","1","0"
"202512","393. 동대문역 8번 출구","11","16"
"202512","3935. 고대구로병원 앞","1","0"
"202512","3939.신도림역 3번출구","0","1"
"202512","394. 경희궁 자이 3단지","1","0"
"202512","395. 경희궁 자이 2단지","4","1"
"202512","3956. 대륭테크노타운21차 앞","0","1"
"202512","3959. 시흥사거리(시흥동 994-3 앞)","1","1"
"202512","397. 종묘공영주차장 건너편","3","0"
"202512","398. 을지로3가역 3번출구","5","4"
"202512","3983. 금천구청역 1번 출구","0","1"
"202512","4011. 월계 센트럴 아이파크","1","1"
"202512","4016. 노원 마들스타디움","1","1"
"202512","4017. 월계 청백1단지 아파트 정류장","4","0"
"202512","4023. 월계역 1번 출구","2","2"
"202512","4035. 휴플러스 수락한신아파트 101동 앞","0","1"
"202512","409. 누리꿈스퀘어 옆","4","1"
"202512","411. DMC홍보관","3","0"
"202512","412. DMC산학협력연구센터 앞","2","0"
"202512","4121. 서울문화재단 앞","0","3"
"202512","4128.  종암초등학교 뒤(새울센스빌)","1","0"
"202512","4131. 베네스트 오피스텔 앞","1","1"
"202512","4134. 제기동 현대아파트 앞","1","0"
"202512","4135. 삼성생명 앞","0","1"
"202512","4137. 답십리역 4번출구","1","1"
"202512","414. 상암동주민센터 옆","8","8"
"202512","4140. 신설동역 4번출구","6","3"
"202512","4141. 우리은행장안지점 앞","0","2"
"202512","4142. 현대썬앤빌 앞","1","3"
"202512","4143.서울동물복지지원센터 동대문","1","0"
"202512","4146.이삭어린이공원","0","2"
"202512","4147.청량리역광장","1","1"
"202512","4153. 흑석동효사정앞","4","0"
"202512","416. 상암월드컵파크 1단지 교차로","8","0"
"202512","417. DMC역 2번출구 옆","0","1"
"202512","4173. 중대후문 마을버스정류장","2","0"
"202512","418. 월드컵경기장역 3번출구 옆","3","0"
"202512","4181. 보라매공원역 2번출구","1","1"
"202512","419. 홈플러스 마포점 앞","3","2"
"202512","420. 서울시 공공자전거 상암센터","0","2"
"202512","4206. 광흥창역5번출구","0","6"
"202512","4207. 아만티호텔 앞","4","3"
"202512","4208. 스타벅스(동교동) 앞","1","6"
"202512","4211. 시석빌딩 앞","3","3"
"202512","4214. JTBC 앞","9","2"
"202512","4216. 망원정 앞","0","1"
"202512","4217. 한강공원 망원나들목","8","13"
"202512","4218. 디지털매직스페이스","4","1"
"202512","4233. 코오롱아파트사거리","5","1"
"202512","4244. 당인리발전소 공원 앞","9","9"
"202512","4246. 상수역새마을금고","0","1"
"202512","4248. 신촌 교보빌딩","1","0"
"202512","426. 서울신용보증재단","0","7"
"202512","4267. 서대문역 2번 출구","0","1"
"202512","4269. 연희IC 남측","0","1"
"202512","4272. 홍남교 사거리","1","3"
"202512","4273. 홍연2교 사거리","2","0"
"202512","4274. 신촌 파랑고래 입구","2","1"
"202512","428. 명보사거리","3","1"
"202512","4280.북가좌2동 주민센터","1","1"
"202512","430. 장충동먹자골목 앞","3","1"
"202512","4307. 고투몰 gate 15옆","4","1"
"202512","431. 청계천 영도교","5","3"
"202512","4313. 반포종합운동장","1","2"
"202512","4316. 고속터미널역 3번출구","3","3"
"202512","433. 을지로입구역 2번출구","9","4"
"202512","4347. 논현지하보도","1","1"
"202512","435. SK 남산빌딩","4","2"
"202512","4350.누리숲어린이공원 앞","0","1"
"202512","4353. 코오롱디지털타워 3차앞","2","0"
"202512","436. 이대역 5번출구","0","3"
"202512","4362. 행당중학교 후문","1","0"
"202512","4367. kt 행당빌딩 앞","0","2"
"202512","4373. 서울숲 지식산업센터","6","5"
"202512","4377. 우영테크노센터 앞","5","0"
"202512","438. 성산2-1 공영주차장","3","5"
"202512","4382. 페코텍글로벌허브빌딩 앞","1","0"
"202512","4383. 푸조비즈타워 앞","0","1"
"202512","4385. 용답동 우체국 주변","1","0"
"202512","4389. 서울숲역3번출구","12","7"
"202512","4398. 유원지식산업센터 앞","5","4"
"202512","4399. 더리브 세종타워 앞","5","6"
"202512","440. 하늘공원 입구","3","2"
"202512","441.염천교사거리","0","1"
"202512","4414. 안암역 3번 출구","1","2"
"202512","4425. 하늘채코오롱아파트 앞","0","1"
"202512","445.대한상공회의소","3","3"
"202512","4452. 삼성SDS","0","1"
"202512","4457. 아산병원 기숙사 부근","2","4"
"202512","4464. 올림픽공원 북2문 A","0","2"
"202512","447. 신영동삼거리","0","1"
"202512","4481. 올림픽공원 북2문 B","0","1"
"202512","4484. 잠실나루역4번출구뒤","0","1"
"202512","450. 효자동 삼거리","0","1"
"202512","451. 청와대앞길","4","0"
"202512","452. 동대문 종합시장 버스정류장","3","3"
"202512","4526. 목동아파트2단지 222동 앞","1","2"
"202512","453. 종로오가 지하쇼핑센터 14번출구","4","9"
"202512","454. 종로2가 버스정류장 (종각방향)","2","4"
"202512","455. 종로6가역 버스정류장(동대문 방향)","7","8"
"202512","4553. 당산삼성2차아파트","2","2"
"202512","4559. 신길역 2번출구","1","1"
"202512","456. 숭인2동 주민센터 입구","8","7"
"202512","4561. 양평역 1번출구","0","1"
"202512","4563. 여의도 은하아파트","1","0"
"202512","4565. 영등포 신세계백화점","2","1"
"202512","457. 종로꽃시장 입구 옆","1","3"
"202512","458. 광화문역 5번출구","8","4"
"202512","4589. KRX한국거래소(1)","3","1"
"202512","4592. 신길우성4차아파트","1","0"
"202512","4607. 국립중앙박물관 -용산가족공원 앞","3","1"
"202512","4608. 국립중앙박물관 정문 앞","3","1"
"202512","4610. 한남나인원 105동 앞","1","0"
"202512","4611. 국제루터교회 앞","1","3"
"202512","4612. 이태원로 255","4","0"
"202512","4615. 크라운호텔앞 버스정류소","2","4"
"202512","4616. 신용산지하차도 앞","4","4"
"202512","4619. 한강트럼프월드3차 앞","6","13"
"202512","4620. 삼각지역 14번 출구 앞(교통섬)","3","4"
"202512","4621. 남산도서관 앞","3","5"
"202512","4623. 라인프랜즈이태원점 앞","3","0"
"202512","4629. 한강초교보도육교 앞","3","7"
"202512","4633. 센트럴파크타워 앞","0","2"
"202512","4634. 이태원역 3번 출구","8","1"
"202512","4637. 용산시티파크 101동 앞","1","1"
"202512","4639. 동빙고근린공원","3","11"
"202512","464. 삼청동 골목","2","0"
"202512","4641. 아메리칸센터","1","1"
"202512","4642. 용산더프라임아파트 101동 앞","0","2"
"202512","465. 삼청공원 앞","1","0"
"202512","466.롯데호텔","4","0"
"202512","467.한국은행","5","11"
"202512","468.웨스틴 조선호텔","0","3"
"202512","469.회현역 1번출구","11","2"
"202512","4693. 수색감리교회","1","2"
"202512","470.회현역 7번출구","2","2"
"202512","4705. 웰니스센터(민방위교육장 앞)","3","7"
"202512","4707. 청계3가 사거리","0","3"
"202512","4708. 조계사앞사거리","0","3"
"202512","471.회현사거리 남측","1","4"
"202512","4710. 자교교회 앞","1","5"
"202512","4713. 현대 뜨레비앙 아파트 앞","9","8"
"202512","4715. 돈의문 박물관 마을","0","1"
"202512","4718. 광화문역 6번출구 옆 A","1","1"
"202512","4719. 종로문화원 건너편","5","6"
"202512","472.삼일교(시그니쳐 타워)","2","0"
"202512","4721. 통인시장 정자","0","1"
"202512","473.을지로4가역 9번출구","3","0"
"202512","474.동대문역사문화공원역 1번출구 뒤편","15","19"
"202512","475.DDP 패션몰","13","7"
"202512","4752. 삼성사이버빌리지아파트","0","1"
"202512","4753. 시청역 10번출구","0","1"
"202512","476.광희문","3","6"
"202512","4761. 중부경찰서앞사거리 건너편","1","3"
"202512","4762. 국제빌딩","0","3"
"202512","4765. 동대문디자인플라자","13","28"
"202512","477.앰배서더 호텔 주변","0","1"
"202512","4774. 을지로입구역 8번출구","3","0"
"202512","4775. 을지로지하쇼핑센터","10","5"
"202512","4776. 신세계면세점","0","6"
"202512","4784. 중부경찰서앞 사거리","4","3"
"202512","4785. 롯데시티호텔","4","4"
"202512","479.동대입구역 3번 출구","1","1"
"202512","4791. 명동역9번 출구","14","12"
"202512","4792. 퇴계로4가 교차로(중구청)","0","1"
"202512","4793. 동대문역사문화공원역 5번출구","8","7"
"202512","4794. 서울역 서부교차로(3)","3","0"
"202512","4796. 서울시청","4","6"
"202512","480.약수역 6번 출구","1","0"
"202512","4801. 충정로역 2호선(엘리베이터 앞)","1","0"
"202512","485.서울역5번출구","2","7"
"202512","4852. 서울복합물류 게이트 1","1","0"
"202512","4856. 올림픽공원 서1문 앞","1","1"
"202512","4857. 올림픽공원 장미광장","2","2"
"202512","4859. 잠실나루 나들목","0","4"
"202512","4865. 한성백제역 1번출구 뒤","4","0"
"202512","4872. 개롱역 3번 출구 뒤","0","1"
"202512","4893. 문정법조단지12","0","1"
"202512","490.가온문화공원","8","33"
"202512","4902. 구역삼세무서 교차로","1","2"
"202512","4903. 신사스퀘어","2","1"
"202512","4905. 강남경찰서","3","2"
"202512","4906. 섬유센터 앞","2","4"
"202512","4907. 극동스포츠 앞","0","2"
"202512","4909. 노보텔 앰배서더 앞","4","1"
"202512","4913. 레베쌍트 빌딩 앞","2","1"
"202512","4914. 도심공항타워 앞","7","3"
"202512","4916. 청담역 1번출구","0","1"
"202512","4918. 매봉역 1번출구","1","0"
"202512","4925. 청담백영빌딩 앞","0","1"
"202512","4929. 파스쿠찌 청담사거리점 앞","7","7"
"202512","493.홍대입구역 6번출구","10","5"
"202512","4939.도산공원","0","2"
"202512","4940.한강버스 압구정 선착장","24","28"
"202512","4941.압구정로 11길","0","1"
"202512","495.염리초등학교 앞","1","2"
"202512","4965.고덕비즈밸리 쿠쿠강동빌딩","1","0"
"202512","497.합정동주민센터 앞","2","3"
"202512","500. 어린이대공원역 3번출구 앞","0","1"
"202512","501. 광진문화예술회관 앞","1","0"
"202512","502. 자양(뚝섬한강공원)역 1번출구 앞","14","10"
"202512","505. 자양사거리 광진아크로텔 앞","2","0"
"202512","5052. 마곡역 7번출구","1","1"
"202512","5055. 마곡역5번출구앞","0","2"
"202512","5070. 마곡13단지힐스테이트마스터 후문(1320동 앞)","1","0"
"202512","5076. 메이필드호텔앞","2","2"
"202512","508. 성수아카데미타워 앞","0","1"
"202512","5095. 원당근린공원","1","0"
"202512","510. 뚝도아리수정수센터 버스정류소 옆","10","14"
"202512","511. 서울숲역 5번 출구 옆","11","4"
"202512","512. 뚝섬역 1번 출구 옆","1","5"
"202512","513. 뚝섬역 5번 출구 정류소 옆","0","1"
"202512","514. 성수사거리 버스정류장 앞","3","3"
"202512","515. 광양중학교 앞","2","1"
"202512","5151.진넥스베르디엠 앞","1","1"
"202512","5153.한강버스 뚝섬 선착장","80","72"
"202512","521. 왕십리역 11번 출구 앞","1","0"
"202512","529. 장한평역 8번 출구 앞","5","1"
"202512","5318. 극동의 푸른별 아파트 뒤(중계4동주민센터 앞)","1","0"
"202512","5332. 마들역 4번출구","1","0"
"202512","537. 한양대후문역 부근","1","0"
"202512","539. 군자교교차로","0","1"
"202512","542. 강변역 4번출구 뒤","1","4"
"202512","543. 구의공원(테크노마트 앞)","2","1"
"202512","548. 자양나들목","2","0"
"202512","5513. 마포음식문화거리","1","0"
"202512","5514.공덕역 1번출구","2","4"
"202512","5515.한강버스 망원 선착장","36","32"
"202512","559. 왕십리역 4번 출구 건너편","1","1"
"202512","5602.래미안신반포리오센트 후문","4","5"
"202512","561. 서울숲역 2번출구 앞","3","4"
"202512","565. 옥수역 3번출구","4","0"
"202512","5651.한강버스 옥수 선착장","24","22"
"202512","5759. 풍납근린공원","1","0"
"202512","576. 광나루역 3번 출구","3","1"
"202512","5768.방이삼거리","3","1"
"202512","577. 광진청소년수련관","0","1"
"202512","5781. 올림픽공원 수영장","2","1"
"202512","5784.한강버스 잠실 선착장","16","8"
"202512","582. 경일중학교 앞","4","5"
"202512","584. 광진광장 교통섬","1","0"
"202512","585. 성수2가1동 공영주차장 인근","14","13"
"202512","5853. 여의도역2번출구 앞","0","1"
"202512","5858. 영등포역5번출구","2","2"
"202512","5859. 여의도 삼부아파트","4","6"
"202512","5865.더리브오피스텔 앞","3","1"
"202512","5867. H타워 앞","0","1"
"202512","5868. 로프트시티오피스텔","4","2"
"202512","587. 유니베라 앞","0","5"
"202512","5870. LG트윈타워 앞","9","7"
"202512","5876. 에이스하이테크시티 4동 앞","1","0"
"202512","5878. 우리은행 앞","1","0"
"202512","5879. 국회도서관 2문 앞","1","1"
"202512","588. 뚝섬 유원지역","3","0"
"202512","5882. 휴젠느","3","3"
"202512","5887.나루마을 마당공원","1","1"
"202512","589. 성수역3번출구","1","7"
"202512","5890.여의나루역 3번출구","28","19"
"202512","5891.한강버스 여의도 선착장","230","205"
"202512","5893.한국산업은행","3","0"
"202512","592. 건국대학교 학생회관","0","2"
"202512","593.자양중앙나들목","1","1"
"202512","602. 장안동 사거리","0","4"
"202512","6053. 중부세무서 앞","1","0"
"202512","6055. 한국경제","1","1"
"202512","6057. 을지로5가(방산시장)","4","3"
"202512","6058. 서울도시건축전시관 옆","15","15"
"202512","6059. 덕수중학교","1","2"
"202512","6060. 신한은행 본점","8","8"
"202512","6061.충무아트센터","1","0"
"202512","6063.NH농협은행(신당역6번출구)","0","2"
"202512","609. 제기2교","7","4"
"202512","613. 신설동역 10번출구 앞","0","1"
"202512","614. 용두동 사거리","2","0"
"202512","615. 용두동 래미안허브리츠아파트 앞","1","2"
"202512","6176. 유광사 여성병원 앞","2","2"
"202512","6184. 한강버스 마곡 선착장","2","2"
"202512","624. 전농동 동아아파트 앞","6","2"
"202512","627. 장안동삼거리 교통섬","1","0"
"202512","630. 동대문구 보건소","1","0"
"202512","633. 청량리 기업은행 앞","5","6"
"202512","634. 외국어대 정문 앞","1","1"
"202512","635. 시조사 앞","0","2"
"202512","637. KAIST 경영대학 앞","1","2"
"202512","641. 용두역 4번출구","1","6"
"202512","650. 중랑교사거리","0","1"
"202512","656. 영휘원 교차로","1","0"
"202512","669.청계한신휴플러스앞 삼거리","1","0"
"202512","670.삼육서울병원 버스정류장","1","1"
"202512","673.안암골벽산아파트(후문)","1","2"
"202512","674.고대앞사거리 교통섬","3","6"
"202512","676.FITI시험연구원 앞","4","1"
"202512","680.꿈마루어린이도서관 앞","0","1"
"202512","704. 남부법원검찰청 교차로","1","2"
"202512","735. 영도초등학교","1","0"
"202512","744. 신목동역 2번 출구","2","2"
"202512","770.목동역5번출구","1","0"
"202512","780.신정교 하부","1","1"
"202512","800. 목월공원 앞","3","3"
"202512","806. 전자랜드 본관 앞","2","2"
"202512","807. 서울역 12번 출구 앞","5","6"
"202512","809. 한남 유수지 복개주차장","9","2"
"202512","810. 이태원지하보도","0","2"
"202512","811. 녹사평역1번출구","4","0"
"202512","813. 삼각지역 3번출구","2","0"
"202512","815. LIG강촌아파트 103동앞","0","2"
"202512","819. 선린인터넷 고등학교","1","0"
"202512","822. 이촌1동 마을공원","2","2"
"202512","825. 서빙고동 주민센터 앞","5","12"
"202512","826. 서울역 서부교차로2","3","0"
"202512","828. 숙대입구역 8번","1","0"
"202512","829. 한강대교 북단 교차로","3","8"
"202512","832. 이촌1동 주민센터 뒤","1","0"
"202512","834. 효창공원앞역 3번출구 앞","0","1"
"202512","836. 현대자동차서비스 앞","0","1"
"202512","837. 한남나들목 입구","5","15"
"202512","838. 숙대입구역 4번출구","6","1"
"202512","839. 보광동 삼성리버빌아파트 앞","0","4"
"202512","840. 용산 파크타워 앞","1","0"
"202512","841. 신용산역 1번 출구","0","4"
"202512","846. 용산중학교","0","3"
"202512","848. 삼각지12번 출구","2","4"
"202512","849. 삼각지 자이아파트","1","2"
"202512","850.KCC용산웰츠(WELLTZ)타워","1","1"
"202512","851.효창 푸르지오 앞","1","1"
"202512","852. 청암자이아파트 앞","0","2"
"202512","853.용산역 맞은편","6","2"
"202512","854.HID 유족동지회 앞","0","1"
"202512","857. 현대 안성타워","1","1"
"202512","859.남산공원 야외식물원 앞","6","0"
"202512","860.LG한강 자이아파트 앞","1","1"
"202512","863.이촌역2번 출구","2","3"
"202512","866.브라운스톤 남산아파트","0","5"
"202512","869.노들섬 동측 앞","0","2"
"202512","870.노들섬 서측 앞","11","9"
"202512","907. CJ 드림시티","1","0"
"202512","909. 백련산 힐스테이트 3차","1","0"
"202512","912. 응암오거리","1","0"
"202512","914. 새절역 2번출구","1","2"
"202512","956. 응암시장교차로","1","0"
"202512","963. 불광롯데캐슬아파트 앞","1","0"
"202512","984.상신초등학교앞 버스정류장","1","2"
"202512","9994. 강남순회정비","1","0"
"202512","상담센터","0","1"
