일시,대여소,대여건수,반납건수
202201,1004. 삼성광나루아파트 버스정류장,0,1
202201,1016. 해뜨는 주유소옆 리엔파크 109동앞,0,1
202201,1024.  강동구청 앞,1,1
202201,1030. 미호 플랜트 앞,1,2
202201,1047. 강동 한신휴플러스,1,0
202201,106. 합정역 7번출구 앞,2,5
202201,1077.강동역 1번출구 앞,0,1
202201,108. 서교동 사거리,1,3
202201,1084. 윤선생빌딩(JYP사옥),0,1
202201,1088.풍납사거리(강동),1,1
202201,111. 상수역 2번출구 앞,2,2
202201,113. 홍대입구역 2번출구 앞,3,6
202201,114. 홍대입구역 8번출구 앞,3,4
202201,115. 마스타 빌딩 앞,5,1
202201,1151. 마곡역1번출구,0,1
202201,"1153. 발산역 1번, 9번 인근 대여소",2,0
202201,116. 일진아이윌아파트 옆,0,1
202201,119. 서강나루 공원,5,8
202201,1193. 마곡센트럴타워 1차,1,0
202201,1197. 엠펠리체 호텔 건너편,4,3
202201,1200. 개화광역환승센터,0,1
202201,1206. 9호선종합운동장역 9번출구,1,0
202201,1209. 잠실나루역 (2번 출구 쪽),5,0
202201,121. 마포소방서 앞,0,3
202201,1210. 롯데월드타워(잠실역2번출구 쪽),6,1
202201,1224. 아시아지하보도 2번 출구,3,1
202201,1246. 문정 법조단지10,1,0
202201,1262. 송파여성문화회관 앞,1,0
202201,1268. 몽촌토성역 1번출구 옆,0,1
202201,129. 신촌역(2호선) 6번출구 옆,1,1
202201,1295. 잠실역 8번출구,0,1
202201,130. 신촌역(2호선) 7번출구 앞,5,1
202201,1332. 석계역 5번출구 건너편,0,1
202201,1337. 돈암성당 옆,1,0
202201,134. 연세로 명물길,5,1
202201,1357. 북한산보국문역,0,1
202201,1359. 장위뉴타운 꿈에 숲 코오롱 하늘채 앞,0,1
202201,1448. 코스트코 상봉점,0,1
202201,145. 공덕역 5번출구,1,0
202201,146. 마포역 2번출구 뒤,0,3
202201,148. 용강동 주민센터 앞,1,3
202201,153. 성산2교 사거리,5,6
202201,1531. 미아사거리 1번 출구,1,0
202201,1536. 번동 두산위브 101동 옆,1,0
202201,1539. 4.19민주묘지역,1,3
202201,1557.신창교,1,0
202201,1565.대한병원앞,1,0
202201,160. 북아현동 가구거리,0,1
202201,1608. 공릉역 1번 출구 앞,1,0
202201,1674. 서울북부고용센터앞,1,0
202201,1804. 독산역 2번출구 자전거주차장,0,3
202201,181. 망원초록길 입구,2,1
202201,182. 망원2빗물펌프장 앞,1,0
202201,1835. STX V타워,0,1
202201,184. 7번가피자 서교망원점,1,0
202201,1849. 대륭포스트타워5차,1,0
202201,185. 마포 신수공원 앞,1,0
202201,186. 월드컵공원,4,0
202201,1867.대륭포스트타워6차 앞,0,1
202201,1906. 신도림역 1번 출구 앞,0,1
202201,191. 서우빌딩,1,0
202201,1920. 서울미래초등학교 사거리,0,1
202201,196. 연희교차로 인근,1,1
202201,1977. 천왕역 1번 출입구 앞,0,1
202201,2000. 신도림4차 e편한세상 아파트 1109동 앞,1,1
202201,2002. 노들역 1번출구,3,4
202201,202. 국민일보 앞,5,0
202201,2025. 흑석역 1번출구,0,1
202201,2027. 중앙대학교 정문 1,1,0
202201,205. 산업은행 앞,1,1
202201,2058. 동작경찰서,0,2
202201,207. 여의나루역 1번출구 앞,5,14
202201,2077.노들역 3번출구,5,7
202201,209. 유진투자증권빌딩 앞,1,1
202201,210. IFC몰,2,3
202201,2102. 봉림교 교통섬,2,1
202201,211. 여의도역 4번출구 옆,1,0
202201,212. 여의도역 1번출구 옆,2,0
202201,2130. 영어마을 관악캠프,1,0
202201,2135. 신림역 5번출구,1,0
202201,2136. 신림역 8번출구,1,0
202201,2141. 미림여고입구 교차로,1,0
202201,215. 여의도고교 앞,1,2
202201,2174. 삼성디지털프라자관악점,1,0
202201,2177. 신대방역 2번 출구,1,0
202201,2183. 동방1교,0,2
202201,221. 여의도초교 앞,0,1
202201,2215. 반포종합운동장 입구,0,1
202201,2217.아크로리버뷰 부지 앞,3,3
202201,"2219. 고속터미널역 8-1번, 8-2번 출구 사이",1,2
202201,222. 시범아파트버스정류장 옆,1,0
202201,2220. 반포본동 주민센터 앞,0,1
202201,2231. 삼성타운(삼성생명) A동 맞은편,0,1
202201,2233. 서초신동아1차아파트 옆,1,1
202201,2242.양재역 11번 출구 앞,0,1
202201,2247.섬들근린공원,1,0
202201,225. 앙카라공원 앞,0,2
202201,2250. 서초유치원 맞은편,0,1
202201,2255.시민의숲역 1번출구 옆,5,0
202201,226. 샛강역 1번출구 앞,1,0
202201,2262. 한신16차아파트 119동 앞,4,9
202201,227. 양평2나들목 보행통로 입구,0,1
202201,2301. 현대고등학교 건너편,2,4
202201,2303. 논현역 10번출구,0,1
202201,2306. 압구정역 2번 출구 옆,4,1
202201,2307. 압구정 한양 3차 아파트,1,0
202201,2315. 봉은사역 5번출구 옆,0,1
202201,2348. 포스코사거리(기업은행),0,2
202201,2349. 역삼빌딩 앞(하나은행 옆),0,3
202201,2353. 강남구청역 2번출구 뒤,0,1
202201,2354. 청담역 2번출구,0,1
202201,2362. 신사동 가로수길 입구,3,2
202201,2363. 강남 을지병원 교차로,1,0
202201,2364. 도산공원교차로,1,0
202201,2381. 언주역 6번출구앞,1,0
202201,2385. 학동역,0,1
202201,239. 유스호스텔 앞,1,0
202201,240. 문래역 4번출구 앞,3,1
202201,2407. 역삼.서초.삼성 세무서 앞 (역삼빌딩 앞),1,0
202201,2409. 역삼동 디오슈페리움 (우성아파트 사거리),2,0
202201,243. 이앤씨드림타워 앞,2,2
202201,247. 당산역 10번출구 앞,1,1
202201,248. 초원아파트 앞,5,3
202201,249. 여의도중학교 옆,5,2
202201,2505. 우성아파트사거리 (기업은행앞),1,2
202201,2509. 심산기념문화센터,1,0
202201,251. 서울지방병무청 버스정류장,0,1
202201,2515.서초초등학교 후문,0,4
202201,2519.서초2교(사임당로 방면),1,1
202201,252. 보라매역4번출구,0,1
202201,2526.반포경남쇼핑 앞,4,1
202201,2527.반포중학교 앞(세화여고 맞은편),1,0
202201,2538.사평리 공원,1,3
202201,2606. 위례동주민센터 맞은편 근린공원,1,0
202201,2608. 송파구청,0,3
202201,2610. 송리단길,0,1
202201,2613. 잠실나들목,0,1
202201,2615. 테라타워2,1,0
202201,2618. 삼전역 1번출구,1,0
202201,2622. 올림픽공원역 3번출구,3,1
202201,2635.잠실새내역 1번출구,0,1
202201,2641.송파역 4번출구,2,0
202201,2643.풍납중학교 측면,1,0
202201,2647.잠실 자전거 수리센터 앞,0,1
202201,266. 영등포청과시장 사거리,2,4
202201,268. 그랜드컨벤션센터 앞,1,0
202201,2704.홈플러스(강서점),1,1
202201,2707.한강아파트,1,0
202201,2715.마곡나루역 2번 출구 ,1,1
202201,2717.LG유플러스 마곡사옥,1,1
202201,2719.마곡문화공원,0,2
202201,272. 당산육갑문,3,1
202201,2725.서울식물원 식물문화센터,0,1
202201,2727.서울식물원 잔디마당 앞,0,1
202201,2737.까치산역 3번 출구,1,0
202201,274. 영등포역지하쇼핑센타 5번출구,0,1
202201,2820.신세기아파트 앞,1,0
202201,2824.미래사랑어린이공원 앞,2,2
202201,284. 센트럴 푸르지오 시티 앞,11,4
202201,291. 문래동 하이테크 시티,1,1
202201,2915.서울과학기술대학교(어학교육원),0,1
202201,296.KT플라자 영등포점,1,0
202201,297.국회3문,1,1
202201,3010.홍대입구역 3번출구,5,1
202201,3013.서울지방고용노동청 앞,1,0
202201,302. 경복궁역 4번출구 뒤,3,4
202201,308. 광화문 S타워 앞,1,0
202201,310. 청계광장 옆,1,2
202201,3100. 북성초교,0,2
202201,3101. 서대문구청,1,1
202201,3116.신촌역 4번출구,2,3
202201,3119.연희 브라운스톤 아파트 앞,1,0
202201,314. 국립현대미술관,0,1
202201,316. 종각역 1번출구 앞,0,2
202201,326. 안국역 5번출구 앞,0,1
202201,327. 낙원상가 옆,1,1
202201,3407.안국동사거리(신),1,0
202201,3408.종로타워빌딩,1,1
202201,3410.종로3가역 8번출구,1,0
202201,3413.종로플레이스,1,0
202201,3414.종로5가역 4번출구,0,1
202201,3415.동대문역6번출구,0,2
202201,3416.동묘앞역 6번출구,0,1
202201,344. 성균관대 E하우스 앞,1,0
202201,346. 맥스타일 앞,1,0
202201,3500. 군자역2번출구,5,5
202201,3504. 원일교회,1,0
202201,3511. 응봉역 1번출구,0,4
202201,3515. 서울숲 관리사무소,4,10
202201,352. 중앙고입구 삼거리,1,0
202201,3524. 세종대학교,1,0
202201,3525. 금호스포츠센터앞,3,4
202201,353. 재동초교 앞 삼거리,1,1
202201,3533. 건대입구역 사거리(롯데백화점),10,6
202201,3541. 커먼그라운드,1,3
202201,3552.서울숲 공영주차장앞,4,5
202201,3559.성동구민종합체육센터 앞,1,1
202201,3569.건대병원후문,0,2
202201,3600.사근빗물펌프장 건너편,1,1
202201,361. 동묘앞역 1번출구 뒤,4,2
202201,363. 신설동역 11번출구 뒤,0,1
202201,3638. 신청담나들목,0,3
202201,3664. 맥도날드 서울둔촌DT점 앞,1,0
202201,369. 광화문 시민열린마당,2,1
202201,374. 청구역 2번출구 앞,1,1
202201,379. 서울역9번출구,0,2
202201,380. CJ제일제당 앞,2,2
202201,3801. 이랜드글로벌R&D센터,0,1
202201,3803. 남서울중학교,0,1
202201,3811.신사로입구,0,1
202201,385. 종각역 5번출구,1,0
202201,3860. 건국대학교 정문 앞,2,2
202201,387. 훈련원공원주차장 앞,3,2
202201,393. 동대문역 8번 출구,1,0
202201,3956. 대륭테크노타운21차 앞,4,1
202201,397. 종묘공영주차장 건너편,2,0
202201,3975.현대시티아울렛 가산,0,1
202201,398. 을지로3가역 3번출구,1,0
202201,4027. 한내 행복발전소 옆,1,0
202201,405. DMC빌 앞,1,0
202201,4077. 도봉제1교,1,2
202201,409. 누리꿈스퀘어 옆,0,1
202201,4110. 용두롯데캐슬리치아파트 앞,1,0
202201,418. 월드컵경기장역 3번출구 옆,0,1
202201,419. 홈플러스 앞,1,0
202201,420. 서울시 공공자전거 상암센터,2,1
202201,4208. 스타벅스(동교동) 앞,4,0
202201,421. 마포구청 앞,1,0
202201,4217. 한강공원 망원나들목,4,5
202201,422. 문화비축기지,2,0
202201,4233. 코오롱아파트사거리,1,1
202201,4307. 고투몰 gate 15옆,1,0
202201,431. 청계천 영도교,3,4
202201,4327. 몽마르뜨공원입구,1,0
202201,"4330. 반포한강공원입구,씨티21옆",0,1
202201,4362. 행당중학교 후문,4,3
202201,4363. 신금호역 2번출구 앞,0,1
202201,439. 마포어린이공원,1,2
202201,442.서울역 서부,0,1
202201,4453. 위례중앙푸르지오 201동 앞,0,2
202201,4464. 올림픽공원 북2문,1,0
202201,4481. 올림픽공원 북2문 2,1,0
202201,4484. 잠실나루역4번출구뒤,0,1
202201,4500. 풍납나들목,1,1
202201,4507. 신정제일시장,1,1
202201,4509. 서울영상고교 입구,10,11
202201,4515. 동문굿모닝탑,3,0
202201,453. 종로오가 지하쇼핑센터 14번출구,2,0
202201,454. 종로2가 버스정류장 (종각방향),0,2
202201,4561. 양평역 1번출구,0,1
202201,4564. 63스퀘어,2,2
202201,4565. 영등포 신세계백화점,0,2
202201,458. 광화문역 5번출구,5,1
202201,4592. 신길우성4차아파트,2,1
202201,4609. 파크타워 104동 앞,0,1
202201,4615. 크라운호텔앞 버스정류소,0,1
202201,4619. 한강트럼프월드3차 앞,2,2
202201,4627. 효창공원앞역 5번출구 옆,1,0
202201,4629. 한강초교보도육교 앞,2,2
202201,470.회현역 7번출구,0,1
202201,474.동대문역사문화공원역 1번출구 뒤편,4,0
202201,4753. 우리은행 서소문금융센터,1,1
202201,476.광희문,0,3
202201,4762. 국제빌딩,1,0
202201,4765. 동대문디자인플라자,1,1
202201,4768. 서울도시건축전시관,1,1
202201,4775. 을지로지하쇼핑센터,0,1
202201,479.동대입구역 3번 출구,1,1
202201,4791. 명동역9번 출구,0,1
202201,4792. 퇴계로4가 교차로(중구청),2,0
202201,4794. 서울역 서부교차로(3),2,0
202201,4796. 부산은행,1,0
202201,4798. 황학동롯데캐슬,1,1
202201,480.약수역 6번 출구,3,0
202201,485.서울역5번출구,0,4
202201,487.신석초교앞 교차로 교통섬,0,1
202201,4895. 위례포레샤인15단지 상가,0,1
202201,4896. 위례포레샤인15단지,1,0
202201,491.월드컵파크 4단지,1,0
202201,493.홍대입구역 6번출구,1,0
202201,497.합정동주민센터 앞,0,3
202201,498.연남동주민센터 앞,1,0
202201,502. 뚝섬유원지역 1번출구 앞,8,9
202201,505. 자양사거리 광진아크로텔 앞,0,1
202201,506. 금호 어울림 아파트 앞,4,2
202201,509. 이마트 버스정류소 옆,2,2
202201,510. 서울숲 남문 버스정류소 옆,8,3
202201,511. 서울숲역 5번 출구 옆,4,0
202201,516. 광진메디칼 앞,1,2
202201,521. 왕십리역 11번 출구 앞,0,1
202201,524. 래미안금호하이리버 아파트 102동 옆,1,3
202201,525. 한양대병원사거리,3,3
202201,529. 장한평역 8번 출구 앞,2,1
202201,537. 한양대후문역 부근,2,0
202201,539. 군자교교차로,1,1
202201,542. 강변역 4번출구 뒤,1,1
202201,548. 자양나들목,9,16
202201,559. 왕십리역 4번 출구 건너편,1,0
202201,565. 옥수역 3번출구,0,3
202201,584. 광진광장 교통섬,1,0
202201,585. 성수2가1동 공영주차장 인근,2,0
202201,586. 마장동 주민센터,0,1
202201,589. 성수역3번출구,2,0
202201,590. 건국대학교 (입학정보관),1,0
202201,592. 건국대학교 학생회관,3,2
202201,593.자양중앙나들목,0,1
202201,609. 제기2교,0,1
202201,613. 신설동역 10번출구 앞,0,1
202201,614. 용두동 사거리,1,0
202201,634. 외국어대 정문 앞,1,3
202201,646. 장한평역 1번출구,2,3
202201,648. 장안동위더스빌옆,7,6
202201,659. 제기역1번출구,0,1
202201,663. 외대앞역 4번출구,1,0
202201,668.서울축산농협(장안지점),2,1
202201,704. 남부법원검찰청 교차로,0,1
202201,748. 목동운동장,1,0
202201,763. 목동11단지 아파트,9,7
202201,769.CBS방송국 앞,1,1
202201,770.목동역5번출구 교통정보센터 앞,0,1
202201,"785.양천구청, 보건소 사잇길",2,3
202201,803. 한남초교 앞 보도육교,1,0
202201,807. 서울역 12번 출구 앞,3,0
202201,810. 이태원지하보도,6,5
202201,812. 용산전쟁기념관,1,2
202201,819. 선린인터넷 고등학교,2,2
202201,820. 청파동입구 교차로,0,2
202201,822. 이촌1동 마을공원,1,0
202201,825. 서빙고동 주민센터 앞,5,6
202201,829. 베르가모앞,0,1
202201,832. 이촌1동 주민센터 뒤,0,2
202201,834. 효창공원앞역 3번출구 뒤,0,4
202201,835. 남영역 건너편,1,2
202201,836. 현대자동차서비스 앞,0,4
202201,837. 한남나들목 입구,2,3
202201,839. 보광동 삼성리버빌아파트 앞,5,0
202201,840. 용산 파크타워 앞,2,0
202201,841. 신용산역 1번 출구,1,1
202201,843. 녹사평역 광장,2,2
202201,846. 용산중학교,3,0
202201,848. 삼각지12번 출구,2,0
202201,853.용산역 맞은편,1,5
202201,857. 현대 안성타워,1,0
202201,858.녹사평역3번 출구,0,2
202201,859.남산공원 야외식물원 앞,0,1
202201,860.LG한강 자이아파트 앞,8,4
202201,863.이촌역2번 출구,0,1
202201,864.순천향대학병원(한남오거리),1,0
202201,869.노들섬 동측 앞,1,0
202201,870.노들섬 서측 앞,1,4
202201,905. 구파발역 2번출구,0,2
202201,907. CJ 드림시티,1,1
202201,912. 응암오거리,0,1
202201,928. 은평역사한옥박물관,2,0
202202,1021. 강일동 리슈빌 빌딩앞,4,4
202202,1024.  강동구청 앞,1,1
202202,103. 망원역 2번출구 앞,0,2
202202,1030. 미호 플랜트 앞,0,1
202202,104. 합정역 1번출구 앞,1,3
202202,1052. 리싸이클시티,1,1
202202,106. 합정역 7번출구 앞,2,1
202202,107. 신한은행 서교동지점,1,2
202202,1077.강동역 1번출구 앞,2,0
202202,108. 서교동 사거리,1,0
202202,1088.풍납사거리(강동),1,0
202202,109. 제일빌딩 앞,1,0
202202,111. 상수역 2번출구 앞,0,1
202202,1122. 황금내근린공원,0,1
202202,113. 홍대입구역 2번출구 앞,1,0
202202,114. 홍대입구역 8번출구 앞,1,1
202202,115. 마스타 빌딩 앞,0,1
202202,1150. 송정역 1번출구,2,0
202202,1151. 마곡역1번출구,2,1
202202,116. 일진아이윌아파트 옆,3,2
202202,1170. 강서구보건소,0,1
202202,119. 서강나루 공원,1,1
202202,1197. 엠펠리체 호텔 건너편,4,2
202202,1208. 풍납현대아파트쉼터,1,0
202202,1209. 잠실나루역 (2번 출구 쪽),2,1
202202,1215. 올림픽공원역 1번출구 앞,3,0
202202,1224. 아시아지하보도 2번 출구,1,1
202202,1231. 잠실역 6번출구,1,2
202202,124. 서강대 정문 건너편,1,1
202202,125. 서강대 남문 옆,1,0
202202,1250.문정2동 주민센터,1,0
202202,1251. 석촌역 2번출구,0,1
202202,1262. 송파여성문화회관 앞,1,0
202202,1274. 영파여고 앞,0,1
202202,128. 신촌역(2호선) 1번출구 옆,0,1
202202,129. 신촌역(2호선) 6번출구 옆,4,0
202202,1296. 석촌호수교차로 (송파나루근린공원 앞),1,0
202202,130. 신촌역(2호선) 7번출구 앞,1,3
202202,1321. 국민은행 종암동지점 앞,0,1
202202,1323. 월곡역 입구 육교 밑,1,0
202202,1328. 월곡역 3번출구,1,0
202202,1337. 돈암성당 옆,0,1
202202,134. 연세로 명물길,7,1
202202,135. 명물길 원형무대 앞,1,0
202202,1351. 안암2교 옆,1,0
202202,1355. 보문2교,1,0
202202,138. 신촌동 제1공영주차장 앞,1,0
202202,144. 공덕역 8번출구,2,2
202202,1447. 면목역 3번출구,1,0
202202,153. 성산2교 사거리,1,1
202202,1572. 우이동 먹거리마을,1,0
202202,1606. 태릉입구역 3번출구 ,0,1
202202,1608. 공릉역 1번 출구 앞,1,0
202202,1616. 하계2동 공항버스정류장 옆,1,0
202202,1636. 상계주공2단지 버스정류장 옆,2,2
202202,1640. 한내근린공원 북측,1,0
202202,1655. 공릉1단지아파트,0,1
202202,1657. 노원구청 ,0,1
202202,1684. 태릉입구역 5번출구,0,1
202202,173. 서대문역 8번출구 앞,0,1
202202,181. 망원초록길 입구,0,4
202202,1828. 한양수자인아파트 앞,1,2
202202,183. 하늘채코오롱아파트 건너편,4,0
202202,1836. 금천구립 독산도서관,0,1
202202,184. 7번가피자 서교망원점,2,0
202202,185. 마포 신수공원 앞,1,1
202202,1854. 가산아네스트 오피스텔 앞,1,0
202202,186. 월드컵공원,1,1
202202,1870.독산3동주민센터 앞,1,1
202202,1906. 신도림역 1번 출구 앞,1,0
202202,1908. 해원리바파크 육교 밑,1,1
202202,195. 모래내고가차도 ,0,1
202202,199. 서울 월드컵 경기장,2,0
202202,2002. 노들역 1번출구,1,3
202202,201. 진미파라곤 앞,2,2
202202,202. 국민일보 앞,8,3
202202,2025. 흑석역 1번출구,4,8
202202,2027. 중앙대학교 정문 1,1,0
202202,2033. 사당동 아르테스 웨딩앞,0,1
202202,2037. 동작역 5번출구 동작주차공원,1,3
202202,2050. 노량진역 5번출구,2,0
202202,2058. 동작경찰서,0,4
202202,206. KBS 앞,0,2
202202,207. 여의나루역 1번출구 앞,17,15
202202,2077.노들역 3번출구,3,1
202202,209. 유진투자증권빌딩 앞,1,1
202202,210. IFC몰,2,3
202202,2104. 사당역 5번출구,1,0
202202,2105. 미성동 신림체육센터,1,0
202202,2109. 은천로입구 가로공원,1,0
202202,211. 여의도역 4번출구 옆,0,1
202202,2112. 서울대입구역 마에스트로,0,1
202202,212. 여의도역 1번출구 옆,1,1
202202,2128. 관악구청교차로,2,0
202202,2136. 신림역 8번출구,0,1
202202,214. 금융감독원 앞,0,1
202202,2141. 미림여고입구 교차로,1,0
202202,2143. 서울산업정보학교,2,3
202202,215. 여의도고교 앞,2,2
202202,2159. 인헌초교,0,1
202202,217. NH농협은행 앞,1,0
202202,2173. 당곡사거리,1,1
202202,2183. 동방1교,0,1
202202,2185. 대학동 고시촌,0,1
202202,2191.대학동주민센터 ,1,0
202202,2213. 고속터미널역 5번출구 앞,2,1
202202,2214. 신반포역 2번출구 앞,0,1
202202,2217.아크로리버뷰 부지 앞,0,2
202202,"2219. 고속터미널역 8-1번, 8-2번 출구 사이",8,2
202202,2220. 반포본동 주민센터 앞,1,0
202202,2222.사당역 12번출구 뒤,0,1
202202,2231. 삼성타운(삼성생명) A동 맞은편,0,1
202202,2242.양재역 11번 출구 앞,0,1
202202,2245.양재초등학교 맞은편,0,2
202202,2247.섬들근린공원,1,1
202202,2249. 우솔초등학교 맞은편,1,1
202202,2250. 서초유치원 맞은편,4,2
202202,226. 샛강역 1번출구 앞,0,2
202202,2262. 한신16차아파트 119동 앞,0,2
202202,230. 영등포구청역 1번출구,1,2
202202,2301. 현대고등학교 건너편,8,6
202202,2303. 논현역 10번출구,0,1
202202,2306. 압구정역 2번 출구 옆,2,1
202202,2308. 압구정파출소 앞,3,1
202202,2313. 금원빌딩 앞,1,0
202202,2315. 봉은사역 5번출구 옆,1,0
202202,2317. 삼성도로공원,2,1
202202,232. 양평우림 이비즈센타 앞,2,0
202202,2323. 주식회사 오뚜기 정문 앞,0,1
202202,2327. 뱅뱅사거리 랜드마크타워 앞,0,1
202202,2333. 양재역 3번출구 주변,1,0
202202,2349. 역삼빌딩 앞(하나은행 옆),0,1
202202,2362. 신사동 가로수길 입구,0,1
202202,2363. 강남 을지병원 교차로,0,1
202202,2364. 도산공원교차로,1,0
202202,2365. K+ 타워 앞,0,1
202202,2385. 학동역,1,0
202202,240. 문래역 4번출구 앞,2,1
202202,2407. 역삼.서초.삼성 세무서 앞 (역삼빌딩 앞),2,2
202202,2409. 역삼동 디오슈페리움 (우성아파트 사거리),1,0
202202,2418.봉은사역 7번 출구 ,1,1
202202,243. 이앤씨드림타워 앞,1,0
202202,247. 당산역 10번출구 앞,2,1
202202,248. 초원아파트 앞,1,1
202202,249. 여의도중학교 옆,1,9
202202,2505. 우성아파트사거리 (기업은행앞),1,1
202202,2509. 심산기념문화센터,5,1
202202,2525.반포쇼핑타운 2동 앞,1,2
202202,2527.반포중학교 앞(세화여고 맞은편),0,2
202202,2528.함지박 사거리,1,2
202202,2542.신논현타워 앞,5,3
202202,260. 여의도 마리나선착장 앞,6,0
202202,2606. 위례동주민센터 맞은편 근린공원,1,0
202202,2613. 잠실나들목,1,0
202202,2619. 석촌고분역 4번출구,1,0
202202,2622. 올림픽공원역 3번출구,0,3
202202,2637. 아시아지하보도 14번 출구,0,1
202202,265. 영등포유통상가 사거리,2,0
202202,2701. 마곡나루역 5번출구 뒤편,1,1
202202,2715.마곡나루역 2번 출구 ,2,2
202202,272. 당산육갑문,5,7
202202,2728.마곡나루역 3번 출구,0,1
202202,274. 영등포역지하쇼핑센타 5번출구,0,1
202202,2740.마곡레포츠센터,1,0
202202,280. 양평동6차현대아파트 앞,0,1
202202,284. 센트럴 푸르지오 시티 앞,1,1
202202,287. 영등포전화국사거리 (서강어린이공원),1,1
202202,291. 문래동 하이테크 시티,1,0
202202,296.KT플라자 영등포점,2,1
202202,300. 정동사거리,2,1
202202,3005.마포구청 청사내,1,0
202202,3010.홍대입구역 3번출구,0,3
202202,3011.경의선(노고산동),5,6
202202,3013.서울지방고용노동청 앞,1,0
202202,302. 경복궁역 4번출구 뒤,3,0
202202,305. 종로구청 옆,0,1
202202,3102. 연희삼거리,1,1
202202,3103. 홍제삼거리 북측,0,3
202202,3117.이화여대 인문관 인근,0,1
202202,3119.연희 브라운스톤 아파트 앞,1,1
202202,3123.DMC파크뷰자이1단지 110동 앞,1,0
202202,3124.DMC센트럴아이파크아파트,3,1
202202,3126.남가좌동 제2공영주차장,0,1
202202,3128.동신병원 맞은편,1,0
202202,3131.연가교 교차로,1,0
202202,314. 국립현대미술관,1,0
202202,316. 종각역 1번출구 앞,2,1
202202,320. 을지로입구역 4번출구 앞,0,1
202202,3204.도림고가도로 밑,0,1
202202,3219.영등포역 1번출구,1,0
202202,326. 안국역 5번출구 앞,1,0
202202,328. 탑골공원 앞,0,1
202202,329. 청계2가 사거리 옆,0,1
202202,3311.서울대입구역 4번 출구,0,1
202202,334. 종로3가역 2번출구 뒤,3,0
202202,3407.안국동사거리(신),1,1
202202,3408.종로타워빌딩,2,1
202202,3410.종로3가역 8번출구,1,0
202202,3411.종묘,1,0
202202,3414.종로5가역 4번출구,1,2
202202,3415.동대문역6번출구,0,4
202202,3416.동묘앞역 6번출구,0,2
202202,342. 대학로 마로니에공원,1,0
202202,3420. 성균관대입구사거리,1,0
202202,3421.혜화역 1번출구,0,3
202202,343. 예일빌딩(율곡로) 앞,1,0
202202,3432.종로2가 사거리,1,1
202202,344. 성균관대 E하우스 앞,3,0
202202,347. 동대문역사문화공원역 9번출구 앞,0,1
202202,3501. 광진구청 앞,1,1
202202,3506. 영동대교 북단,2,2
202202,3507. 어린이회관,1,1
202202,3508. 화양사거리,0,1
202202,3511. 응봉역 1번출구,1,1
202202,3515. 서울숲 관리사무소,2,2
202202,3528. 광진정보도서관,0,1
202202,353. 재동초교 앞 삼거리,1,3
202202,3533. 건대입구역 사거리(롯데백화점),4,3
202202,3541. 커먼그라운드,1,1
202202,3545.한양대역 1번출구,0,1
202202,3552.서울숲 공영주차장앞,0,2
202202,3557.서울숲리버뷰자이APT105동 앞,3,0
202202,3569.건대병원후문,0,2
202202,3575. 자양사거리(서원빌딩),1,0
202202,3600.사근빗물펌프장 건너편,2,0
202202,3606. 신사동주민센터 옆,2,0
202202,362. 청계8가 사거리,1,1
202202,3620. 청담역 11번 출구,1,0
202202,3627. 압구정나들목,1,1
202202,3629. 청담사거리(신한오피스텔빌딩 앞),0,1
202202,367. 독립문역 3-1번출구 ,3,0
202202,3680. 강동역3번출구,0,3
202202,369. 광화문 시민열린마당,0,1
202202,371. 동대입구역 6번출구 뒤,0,1
202202,374. 청구역 2번출구 앞,1,1
202202,3762. 마곡9단지 907동앞,0,3
202202,3778. 김포공항입구 교차로,2,1
202202,3787. 가양나들목,2,2
202202,379. 서울역9번출구,0,1
202202,3806. 낙성대 교수아파트,1,0
202202,3814. 난곡사거리 ,0,1
202202,385. 종각역 5번출구,0,1
202202,387. 훈련원공원주차장 앞,1,0
202202,388. 동성중학교 앞,0,1
202202,3881. 신자초교입구 교차로,1,1
202202,3886.광진구 민방위교육센터,0,1
202202,389. 을지로4가역 1번출구,1,0
202202,390. 충무로역 1번출구,4,0
202202,3904. 테크노마트 앞,0,1
202202,3914. 신도림쌍용플래티넘노블아파트 앞,2,1
202202,393. 동대문역 8번 출구,1,0
202202,398. 을지로3가역 3번출구,1,3
202202,3983. 금천구청역 1번 출구,2,2
202202,4025. 한천교 동편,1,0
202202,4041. 공릉역3번출구,1,0
202202,408. LG CNS앞,1,1
202202,4103. 휘경sk뷰아파트 앞,0,1
202202,4104. 외대앞역 교차로,1,1
202202,419. 홈플러스 앞,0,1
202202,420. 서울시 공공자전거 상암센터,3,3
202202,421. 마포구청 앞,2,2
202202,4213. 마포구중앙도서관 정문 앞,1,0
202202,4217. 한강공원 망원나들목,6,6
202202,4233. 코오롱아파트사거리,0,1
202202,424. 롯데하이마트 (상암월드컵점) ,1,1
202202,4262. 서대문자연사박물관 입구,1,1
202202,431. 청계천 영도교,11,4
202202,4329. SC제일은행 양재동지점 앞,1,0
202202,"4330. 반포한강공원입구,씨티21옆",0,6
202202,436. 이대역 5번출구,0,1
202202,4362. 행당중학교 후문,1,0
202202,4377. 우영테크노센터 앞,0,1
202202,439. 마포어린이공원,1,0
202202,440. 하늘공원 입구,1,2
202202,443.호암아트홀,1,0
202202,445.대한상공회의소,0,5
202202,4464. 올림픽공원 북2문,3,2
202202,4483. 잠실나들목4,0,1
202202,4484. 잠실나루역4번출구뒤,1,0
202202,4485. 잠실나루역 고가하부,1,0
202202,450. 효자동 삼거리,1,0
202202,4509. 서울영상고교 입구,12,7
202202,4558. 대영중고 후문,0,1
202202,4563. 여의도 은하아파트,0,3
202202,4564. 63스퀘어,5,7
202202,4565. 영등포 신세계백화점,4,1
202202,458. 광화문역 5번출구,1,3
202202,4583. 의정관,1,0
202202,4590. KRX한국거래소(2),0,2
202202,4592. 신길우성4차아파트,7,6
202202,4607. 국립중앙박물관 -용산가족공원 앞,2,2
202202,4608. 국립중앙박물관 정문 앞,0,1
202202,4609. 파크타워 104동 앞,0,1
202202,4615. 크라운호텔앞 버스정류소,0,2
202202,4619. 한강트럼프월드3차 앞,1,3
202202,4625. 용산공원갤러리앞,1,0
202202,4629. 한강초교보도육교 앞,2,0
202202,464. 삼청동 골목,1,0
202202,4657. 본 서부병원 교차로 사거리,0,1
202202,467.한국은행,3,0
202202,4705. 웰니스센터(민방위교육장 앞),0,1
202202,4713. 현대 뜨레비앙 아파트 앞,0,1
202202,4715. 돈의문 박물관 마을,1,0
202202,473.을지로4가역 9번출구,1,2
202202,474.동대문역사문화공원역 1번출구 뒤편,1,2
202202,476.광희문,1,1
202202,4760. 서울역 7번출구,0,4
202202,4762. 국제빌딩,0,1
202202,4765. 동대문디자인플라자,2,0
202202,4768. 서울도시건축전시관,0,1
202202,4776. 신세계면세점,1,1
202202,479.동대입구역 3번 출구,3,1
202202,4791. 명동역9번 출구,0,3
202202,4792. 퇴계로4가 교차로(중구청),0,1
202202,4794. 서울역 서부교차로(3),1,0
202202,4797. KG타워 앞,0,1
202202,4798. 황학동롯데캐슬,2,2
202202,484.도동삼거리,2,5
202202,4859. 잠실나루 나들목,0,1
202202,4863. 잠실나들목5,0,4
202202,4868. 석촌호수 서호 남단,1,1
202202,4869. 잠실나들목6,0,1
202202,4876. 삼전동주민센터 앞,1,3
202202,4895. 위례포레샤인15단지 상가,0,1
202202,493.홍대입구역 6번출구,8,10
202202,497.합정동주민센터 앞,3,6
202202,498.연남동주민센터 앞,1,0
202202,502. 뚝섬유원지역 1번출구 앞,8,10
202202,510. 서울숲 남문 버스정류소 옆,6,6
202202,511. 서울숲역 5번 출구 옆,2,1
202202,515. 광양중학교 앞,1,0
202202,516. 광진메디칼 앞,1,2
202202,519. 양지사거리,1,1
202202,524. 래미안금호하이리버 아파트 102동 옆,4,5
202202,525. 한양대병원사거리,1,0
202202,529. 장한평역 8번 출구 앞,2,2
202202,534. 금호사거리,1,2
202202,537. 한양대후문역 부근,1,0
202202,542. 강변역 4번출구 뒤,0,1
202202,544. 광남중학교,1,0
202202,548. 자양나들목,5,7
202202,550. 서울시설공단 앞,1,1
202202,559. 왕십리역 4번 출구 건너편,0,1
202202,560. 비전교회 앞,2,0
202202,565. 옥수역 3번출구,2,4
202202,567. 성수역 2번출구 앞,0,1
202202,568. 청계8가사거리 부근,1,1
202202,571. 어린이대공원역6번출구,1,0
202202,575. 대원중고교 입구(대하빌딩),0,1
202202,583. 청계천 생태교실 앞,2,3
202202,584. 광진광장 교통섬,2,1
202202,585. 성수2가1동 공영주차장 인근,3,1
202202,588. 뚝섬 유원지역,2,0
202202,589. 성수역3번출구,0,4
202202,592. 건국대학교 학생회관,2,0
202202,625. 답십리초등학교 앞(현대시장 옆),1,1
202202,626. 군자교 서측 녹지대,1,0
202202,631. 답십리역 1번출구,1,1
202202,634. 외국어대 정문 앞,4,2
202202,646. 장한평역 1번출구,3,2
202202,668.서울축산농협(장안지점),0,2
202202,669.청계한신휴플러스앞 삼거리,3,2
202202,700. KB국민은행 염창역 지점 앞,1,1
202202,703. 오목교역 7번출구 앞,1,0
202202,722. 경서농협 버스정류장(우리은행신정동지점방향),1,1
202202,763. 목동11단지 아파트,6,6
202202,770.목동역5번출구 교통정보센터 앞,0,6
202202,774.등촌역 4번 출구 ,2,2
202202,788.양천구청역 2번출구 옆,1,0
202202,806. 전자랜드 본관 앞,3,3
202202,807. 서울역 12번 출구 앞,1,0
202202,810. 이태원지하보도,1,4
202202,811. 녹사평역1번출구,3,1
202202,812. 용산전쟁기념관,2,1
202202,815. LIG강촌아파트 103동앞,1,0
202202,816. 신용산역 6번출구 앞,2,2
202202,819. 선린인터넷 고등학교,10,4
202202,820. 청파동입구 교차로,2,0
202202,825. 서빙고동 주민센터 앞,2,3
202202,826. 서울역 서부교차로2,1,2
202202,828. 숙대입구역 8번,1,1
202202,829. 베르가모앞,3,1
202202,831. 이태원관광특구입구,1,1
202202,832. 이촌1동 주민센터 뒤,1,0
202202,834. 효창공원앞역 3번출구 뒤,0,1
202202,836. 현대자동차서비스 앞,1,0
202202,838. 숙대입구역 4번출구,5,6
202202,840. 용산 파크타워 앞,1,0
202202,841. 신용산역 1번 출구,1,0
202202,843. 녹사평역 광장,1,4
202202,845. 용산 선인상가,0,1
202202,846. 용산중학교,10,2
202202,848. 삼각지12번 출구,0,1
202202,850. KCC용산월츠타워 ,0,1
202202,852.청암자이APT(103동),1,0
202202,853.용산역 맞은편,1,1
202202,854.HID 유족동지회 앞,0,1
202202,855.이촌역5번출구 앞,4,0
202202,858.녹사평역3번 출구,0,4
202202,860.LG한강 자이아파트 앞,0,1
202202,863.이촌역2번 출구,0,1
202202,864.순천향대학병원(한남오거리),1,3
202202,870.노들섬 서측 앞,2,0
202202,967. 서울혁신파크2,1,0
202203,102. 망원역 1번출구 앞,4,4
202203,1021. 강일동 리슈빌 빌딩앞,1,1
202203,103. 망원역 2번출구 앞,8,3
202203,1031. 올림픽로 836(아리수로),1,0
202203,104. 합정역 1번출구 앞,2,2
202203,1049. 강일리버파크 10단지,1,1
202203,105. 합정역 5번출구 앞,1,3
202203,1057. 능골근린공원,1,0
202203,106. 합정역 7번출구 앞,20,31
202203,107. 신한은행 서교동지점,7,3
202203,108. 서교동 사거리,0,1
202203,1084. 윤선생빌딩(JYP사옥),3,0
202203,109. 제일빌딩 앞,9,8
202203,111. 상수역 2번출구 앞,7,2
202203,1117. 등촌5단지아파트 버스정류장,1,1
202203,1118. 증미역 3번출구뒤(등촌두산위브센티움오피스텔),0,1
202203,112. 극동방송국 앞,7,3
202203,113. 홍대입구역 2번출구 앞,9,6
202203,114. 홍대입구역 8번출구 앞,7,9
202203,115. 마스타 빌딩 앞,2,5
202203,1151. 마곡역1번출구,1,0
202203,"1153. 발산역 1번, 9번 인근 대여소",6,1
202203,116. 일진아이윌아파트 옆,3,4
202203,1169. 염창역 1번 출구,2,0
202203,1173. 강서구청사거리(SH타워),2,1
202203,118. 광흥창역 2번출구 앞,0,1
202203,119. 서강나루 공원,8,3
202203,1197. 엠펠리체 호텔 건너편,1,0
202203,1205. 종합운동장역 4번출구,4,5
202203,1206. 9호선종합운동장역 9번출구,0,1
202203,1210. 롯데월드타워(잠실역2번출구 쪽),12,6
202203,1211. 방이삼거리,1,1
202203,122. 신성기사식당 앞,1,0
202203,1222. 잠실새내역 5번 출구 뒤,0,1
202203,1224. 아시아지하보도 2번 출구,3,0
202203,1231. 잠실역 6번출구,4,2
202203,1232. 잠실주공 521동 건너편,2,1
202203,1233. 잠실3거리(갤러리아팰리스),0,2
202203,124. 서강대 정문 건너편,1,1
202203,1248. 방이초등학교,1,0
202203,1249. 아주중학교건너편,0,1
202203,125. 서강대 남문 옆,2,1
202203,126. 서강대 후문 옆,4,3
202203,1263. 장지공영차고지,0,1
202203,1268. 몽촌토성역 1번출구 옆,0,7
202203,1277. 성내6교,1,0
202203,1278. 송파구청 교차로,1,0
202203,128. 신촌역(2호선) 1번출구 옆,8,3
202203,129. 신촌역(2호선) 6번출구 옆,4,1
202203,1295. 잠실역 8번출구,5,10
202203,1297. 석촌호수교차로(동호 팔각정 앞),3,2
202203,130. 신촌역(2호선) 7번출구 앞,19,12
202203,1300. 오륜사거리,0,1
202203,1303. 돈암초교 입구,0,1
202203,1305. 성북구청,2,0
202203,1306. 한성대입구역2번출구,1,1
202203,1308. 안암로터리 버스정류장 앞,1,1
202203,1319. 종암사거리 분수대,2,2
202203,1321. 국민은행 종암동지점 앞,3,2
202203,1333. 석관초등학교 앞,0,1
202203,1337. 돈암성당 옆,6,6
202203,1338. 용문2교 옆,1,0
202203,134. 연세로 명물길,3,2
202203,1344. 아리랑시네센터 앞,2,0
202203,1348. 성북제일새마을금고 본점 앞,2,2
202203,135. 명물길 원형무대 앞,7,1
202203,1354. 고려대학교 2번출구,1,0
202203,1355. 보문2교,1,2
202203,1369. 미아사거리,2,2
202203,137. 신촌기차역입구 교차로,0,1
202203,1372. KEB은행 고대점,6,3
202203,1380.월곡역 5번출구 앞,0,1
202203,139. 연세대 정문 건너편,2,1
202203,140. 이화여대 후문,9,5
202203,1402. 금란주차장 앞,0,1
202203,1429. 장안중학교,0,1
202203,144. 공덕역 8번출구,2,5
202203,1455. 상봉역 2번 출구,1,0
202203,146. 마포역 2번출구 뒤,1,3
202203,147. 마포역 4번출구 뒤,2,9
202203,1479.면목 홈플러스 2 ,1,0
202203,148. 용강동 주민센터 앞,1,1
202203,1480. 용마지구대 옆,0,1
202203,150. 서강대역 2번출구 앞,2,0
202203,"1501. 미아역 3번,4번 출구 사이",2,2
202203,1503. 이디야 커피 수유역점 앞,3,0
202203,1516. 우이초등학교 후문 옆,0,1
202203,153. 성산2교 사거리,0,1
202203,154. 마포구청역 ,6,3
202203,1551.4.19탑 앞,1,0
202203,1565.대한병원앞,4,0
202203,157. 애오개역 4번출구 앞,2,1
202203,159. 이대역 4번 출구,0,3
202203,160. 북아현동 가구거리,1,1
202203,1611. 과기대 입구(우),1,0
202203,1616. 하계2동 공항버스정류장 옆,1,0
202203,1636. 상계주공2단지 버스정류장 옆,0,1
202203,1637. KT 전화국 버스정류장 옆,0,1
202203,1650. 중계근린공원내,1,0
202203,1653. 노원역1번출구,1,0
202203,1662. 노원역7번출구,1,0
202203,1686. 상계주공10단지 종합상가 앞,0,1
202203,170. DMC파크뷰자이아파트 302동 앞,1,1
202203,1709. 쌍문역4번출구 주변,0,1
202203,1715. 서울특별시교육청도봉도서관,0,1
202203,1721. 창동역 2번출구 ,0,1
202203,"1735. 도봉역 1,2번 출구사이 건너편",1,1
202203,1737. 하나은행 (창동점),1,0
202203,1741. 제일강산수산입구,1,0
202203,1742. 북한산 코오롱 하늘채,3,4
202203,176. 명지대학교 도서관,0,1
202203,181. 망원초록길 입구,23,7
202203,182. 망원2빗물펌프장 앞,4,5
202203,184. 7번가피자 서교망원점,0,4
202203,185. 마포 신수공원 앞,3,11
202203,186. 월드컵공원,2,4
202203,1862.스타즈호텔독산 빌딩 앞,1,0
202203,1904. 도림천역 1번 출구 앞,1,0
202203,1906. 신도림역 1번 출구 앞,1,0
202203,1911. 구로디지털단지역 앞,1,1
202203,1914. 대림역4번출구,1,0
202203,192. 연서어린이공원,2,0
202203,1925. 동양미래대학교 정문 옆,3,1
202203,194. 증산교 앞,2,1
202203,195. 모래내고가차도 ,0,1
202203,1955. 디지털입구 교차로,0,1
202203,1960. 구로거리공원 동측(신도림역 방면),1,0
202203,1975. 대림역 1번 출입구 밑,2,0
202203,1985. 구로도서관,1,1
202203,199. 서울 월드컵 경기장,1,0
202203,2000. 신도림4차 e편한세상 아파트 1109동 앞,1,1
202203,2002. 노들역 1번출구,1,3
202203,2003. 사육신공원앞,3,0
202203,2007. 유한양행앞,1,0
202203,201. 진미파라곤 앞,2,2
202203,2015. 신대방삼거리역 6번출구쪽,0,1
202203,202. 국민일보 앞,6,8
202203,2024. 상도역 1번출구,1,0
202203,2025. 흑석역 1번출구,31,29
202203,2027. 중앙대학교 정문 1,6,1
202203,203. 국회의사당역 3번출구 옆,1,0
202203,2037. 동작역 5번출구 동작주차공원,5,0
202203,2038. 동작역 7번출구,3,0
202203,2040. 비계 버스정류소,1,1
202203,205. 산업은행 앞,4,2
202203,2054. 삼익아파트,0,1
202203,2058. 동작경찰서,4,2
202203,207. 여의나루역 1번출구 앞,80,50
202203,2070. 노량진역 2번 출구 앞,0,1
202203,2077.노들역 3번출구,9,13
202203,2078.흑석 아크로리버하임(103동),1,5
202203,2079.중앙대학교 중앙광장,1,0
202203,2080. 대방지하보도(대방동경남아너스빌아파트),0,1
202203,209. 유진투자증권빌딩 앞,1,1
202203,2094.숭실대학교(중문) ,1,0
202203,210. IFC몰,13,4
202203,2104. 사당역 5번출구,0,1
202203,2105. 미성동 신림체육센터,1,0
202203,2107. 도림천 신화교,1,0
202203,2108. 은천치안센터,2,0
202203,2109. 은천로입구 가로공원,1,0
202203,2111. 서울대입구역 1번출구,1,1
202203,212. 여의도역 1번출구 옆,0,2
202203,213. KT앞,5,1
202203,2135. 신림역 5번출구,0,2
202203,214. 금융감독원 앞,3,2
202203,215. 여의도고교 앞,0,4
202203,2159. 인헌초교,0,1
202203,2170. 조원동서울본병원,0,1
202203,2176. 보라매공원 보도육교,1,0
202203,2177. 신대방역 2번 출구,1,2
202203,2178. 서울대학교 정문,0,1
202203,2183. 동방1교,1,1
202203,220. 미성아파트 A동 앞,0,1
202203,221. 여의도초교 앞,2,2
202203,2213. 고속터미널역 5번출구 앞,0,1
202203,2214. 신반포역 2번출구 앞,1,2
202203,2217.아크로리버뷰 부지 앞,5,7
202203,"2219. 고속터미널역 8-1번, 8-2번 출구 사이",6,9
202203,222. 시범아파트버스정류장 옆,1,1
202203,2220. 반포본동 주민센터 앞,2,5
202203,2231. 삼성타운(삼성생명) A동 맞은편,0,2
202203,224. 롯데캐슬 앞,1,0
202203,2241.양재전화국 사거리,0,1
202203,2246. 서울시 품질시험소 앞,0,2
202203,2249. 우솔초등학교 맞은편,1,0
202203,225. 앙카라공원 앞,0,1
202203,2250. 서초유치원 맞은편,3,1
202203,2251. 더케이호텔 입구(양재2) ,0,1
202203,2252. 잔디마을 마을버스 정류장,0,1
202203,2255.시민의숲역 1번출구 옆,3,1
202203,2256.양재동 꽃시장 입구,1,0
202203,226. 샛강역 1번출구 앞,0,1
202203,2262. 한신16차아파트 119동 앞,8,14
202203,2266. 서초역 3번출구,1,0
202203,227. 양평2나들목 보행통로 입구,0,4
202203,2271. 내방역 8번출구 앞,1,0
202203,2276. 영동1교 (양재천근린공원),1,1
202203,2277. 길마중4교 하부,5,5
202203,228. 선유도역 3번출구 앞,0,2
202203,229. 양평1 보행육교 앞,0,1
202203,2301. 현대고등학교 건너편,0,4
202203,2303. 논현역 10번출구,0,1
202203,2306. 압구정역 2번 출구 옆,2,1
202203,2307. 압구정 한양 3차 아파트,5,1
202203,2308. 압구정파출소 앞,3,2
202203,2310. 청담동 맥도날드 옆(위치),1,3
202203,2312. 청담역 13번 출구 앞,3,0
202203,2313. 금원빌딩 앞,3,4
202203,2314. 청담나들목입구,1,1
202203,2315. 봉은사역 5번출구 옆,1,2
202203,2317. 삼성도로공원,3,4
202203,2319. 포스코사거리 서측(수협 삼성동 지점),1,0
202203,232. 양평우림 이비즈센타 앞,0,1
202203,2320. 도곡역 대치지구대 방향,0,1
202203,2324. 천주교 대치 2동 교회 옆,1,0
202203,2325. 대치삼성아파트 앞 교차로,1,0
202203,2327. 뱅뱅사거리 랜드마크타워 앞,2,1
202203,2331. 동영문화센터앞,1,0
202203,2332. 선릉역3번출구,0,1
202203,2334. 삼호아파트 2동 ( 간선도로),0,1
202203,2336. 강남세브란스교차로  래미안그레이튼 104동 앞,0,1
202203,2337. 대모산입구역 2번출구 앞,1,0
202203,2348. 포스코사거리(기업은행),0,1
202203,2354. 청담역 2번출구,0,1
202203,2357. 르네상스호텔사거리 역삼지하보도 3번출구 앞 (더 오번 빌딩 명동칼국수 앞),1,0
202203,2360. 도곡1동 주민센터 교차로,2,3
202203,2362. 신사동 가로수길 입구,10,1
202203,2363. 강남 을지병원 교차로,6,1
202203,2365. K+ 타워 앞,0,1
202203,2369. KT선릉타워,0,1
202203,2372. 대치역 사거리,1,0
202203,2380. 삼성동베이직하우스앞,0,2
202203,2385. 학동역,1,1
202203,240. 문래역 4번출구 앞,6,6
202203,2404. 대모산입구역 4번 출구 앞,2,1
202203,2405. 청담공원앞 교차로,1,0
202203,2406. 논현동 광명빌딩 앞,7,0
202203,2407. 역삼.서초.삼성 세무서 앞 (역삼빌딩 앞),6,2
202203,2410. 포스코피앤에스타워 (역삼역 3번출구 부근),1,0
202203,2418.봉은사역 7번 출구 ,5,7
202203,"2419.봉은사역 1,2번 출구 ",2,1
202203,2421. 신논현역 4번출구,0,1
202203,2429.압구정로데오역 6번출구,1,2
202203,244. 영등포삼환아파트 앞,0,1
202203,245. 삼성생명 당산사옥 앞,1,0
202203,248. 초원아파트 앞,1,1
202203,249. 여의도중학교 옆,17,28
202203,2502. 서초역1번출구 앞,1,0
202203,2504. 신사역 4번출구 뒤,0,1
202203,2505. 우성아파트사거리 (기업은행앞),1,1
202203,2508. 양재이스타빌 앞,1,0
202203,2515.서초초등학교 후문,1,2
202203,2523.뉴코아 킴스클럽 앞,1,1
202203,2525.반포쇼핑타운 2동 앞,3,2
202203,2526.반포경남쇼핑 앞,0,2
202203,2527.반포중학교 앞(세화여고 맞은편),2,5
202203,2528.함지박 사거리,3,0
202203,2538.사평리 공원,2,1
202203,2540.반포천 앞,0,1
202203,2547.포드서초서비스센터앞,1,1
202203,2550.양재동 꽃시장 건너편,1,0
202203,259. 대방역6번출구,1,1
202203,260. 여의도 마리나선착장 앞,1,2
202203,2608. 송파구청,5,3
202203,2613. 잠실나들목,1,2
202203,2615. 테라타워2,2,1
202203,262. 영문초등학교 사거리,1,1
202203,2621. 한성백제역 2번 출구,0,1
202203,2622. 올림픽공원역 3번출구,4,5
202203,2623.석촌동 주민센터,1,0
202203,2628.문정역 1번출구,1,0
202203,2632.석촌고분역 2번 출구,0,1
202203,2633.송파학사 옆,0,1
202203,2645.잠실나들목2(엘스아파트136동),2,0
202203,266. 영등포청과시장 사거리,1,1
202203,267. 삼성화재 사옥 옆,0,1
202203,2701. 마곡나루역 5번출구 뒤편,1,0
202203,271. 샛강생태공원방문자센터 앞,1,0
202203,2715.마곡나루역 2번 출구 ,1,1
202203,2717.LG유플러스 마곡사옥,5,0
202203,2718.마곡수명산파크1단지,0,1
202203,2719.마곡문화공원,3,2
202203,272. 당산육갑문,6,5
202203,2725.서울식물원 식물문화센터,4,0
202203,2728.마곡나루역 3번 출구,0,1
202203,2737.까치산역 3번 출구,0,2
202203,2739.수명산파크1단지교차로,1,0
202203,274. 영등포역지하쇼핑센타 5번출구,1,2
202203,276. 영등포로터리2,1,1
202203,278. 쌍용플레티넘오피스텔,0,3
202203,279. 영등포 푸르지오 아파트,3,1
202203,284. 센트럴 푸르지오 시티 앞,8,5
202203,287. 영등포전화국사거리 (서강어린이공원),0,2
202203,291. 문래동 하이테크 시티,1,3
202203,2910.도깨비시장,1,0
202203,2914.서울과학기술대학교(미래관),1,0
202203,2920.상계중학교(당현2교사거리),1,0
202203,296.KT플라자 영등포점,1,1
202203,297.국회3문,1,0
202203,299.여의도 순복음교회,0,2
202203,300. 정동사거리,4,3
202203,3002.벽산상암스마트큐브 ,5,3
202203,3007.MBC 앞,0,1
202203,3009.서교동사거리(신),3,7
202203,3010.홍대입구역 3번출구,11,6
202203,3011.경의선(노고산동),2,11
202203,3013.서울지방고용노동청 앞,1,0
202203,302. 경복궁역 4번출구 뒤,4,2
202203,303. 광화문역 1번출구 앞,1,0
202203,305. 종로구청 옆,2,1
202203,307. 서울역사박물관 앞,2,0
202203,308. 광화문 S타워 앞,1,0
202203,309. 광화문역 6번출구 옆 B,0,1
202203,310. 청계광장 옆,5,1
202203,3101. 서대문구청,1,2
202203,3102. 연희삼거리,1,0
202203,3114.충정로역 3번 출구,1,1
202203,3116.신촌역 4번출구,0,1
202203,3117.이화여대 인문관 인근,1,0
202203,3119.연희 브라운스톤 아파트 앞,5,4
202203,3131.연가교 교차로,1,2
202203,314. 국립현대미술관,2,1
202203,316. 종각역 1번출구 앞,3,3
202203,318. 광교사거리 남측,0,1
202203,320. 을지로입구역 4번출구 앞,1,2
202203,321. KEB 하나금융그룹 명동사옥 옆,1,1
202203,3214.영등포 푸르지오,2,1
202203,322. 명동성당 앞,1,2
202203,3221.서울특별시 남부교육지원청,0,1
202203,324. 신세계백화점 본점 앞,2,2
202203,326. 안국역 5번출구 앞,2,3
202203,327. 낙원상가 옆,3,6
202203,328. 탑골공원 앞,3,1
202203,329. 청계2가 사거리 옆,0,2
202203,3311.서울대입구역 4번 출구,1,0
202203,332. 을지로2가 사거리 남측,3,1
202203,336. 티마크 호텔 앞,2,2
202203,3407.안국동사거리(신),0,3
202203,3408.종로타워빌딩,4,1
202203,3410.종로3가역 8번출구,0,1
202203,3413.종로플레이스,1,0
202203,3414.종로5가역 4번출구,5,1
202203,3415.동대문역6번출구,2,0
202203,3416.동묘앞역 6번출구,2,1
202203,342. 대학로 마로니에공원,1,0
202203,3420. 성균관대입구사거리,2,1
202203,3421.혜화역 1번출구,0,1
202203,3422.성균관대 정문,4,3
202203,3432.종로2가 사거리,1,0
202203,344. 성균관대 E하우스 앞,1,1
202203,346. 맥스타일 앞,0,1
202203,347. 동대문역사문화공원역 9번출구 앞,0,1
202203,349. 사직동주민센터,1,0
202203,3500. 군자역2번출구,1,0
202203,3501. 광진구청 앞,1,0
202203,3502. 중곡역 1번출구,1,0
202203,3506. 영동대교 북단,1,0
202203,3508. 화양사거리,0,1
202203,3509. 세종사이버대학교,8,10
202203,351. 청운초교 앞 삼거리,0,1
202203,3511. 응봉역 1번출구,10,5
202203,3513. 상왕십리역 1번출구,4,3
202203,3515. 서울숲 관리사무소,17,19
202203,3518. 군자역 7번출구뒤,1,0
202203,352. 중앙고입구 삼거리,0,2
202203,3523. 건국대학교 과학관(이과대) 앞,0,1
202203,3524. 세종대학교,0,8
202203,3525. 금호스포츠센터앞,3,1
202203,3528. 광진정보도서관,1,1
202203,353. 재동초교 앞 삼거리,1,0
202203,3533. 건대입구역 사거리(롯데백화점),2,10
202203,3534. 건대입구역 5번출구 뒤,2,1
202203,3541. 커먼그라운드,3,0
202203,3543. 세종대학교(학술정보원),3,5
202203,3544.한양대역 3번 출구,3,2
202203,3545.한양대역 1번출구,0,1
202203,3548.뚝섬역 6번출구,1,0
202203,3552.서울숲 공영주차장앞,5,3
202203,3558.마장동 금호어울림APT앞,0,1
202203,3559.성동구민종합체육센터 앞,2,3
202203,3569.건대병원후문,2,5
202203,3573.광나루안전체험관,1,4
202203,3586.군자역 비채온 오피스텔,1,0
202203,3600.사근빗물펌프장 건너편,7,8
202203,3606. 신사동주민센터 옆,5,6
202203,361. 동묘앞역 1번출구 뒤,1,5
202203,3615. 서울 논현동우체국 앞,0,15
202203,362. 청계8가 사거리,2,0
202203,3621. 휘문고교 사거리,0,1
202203,3627. 압구정나들목,5,7
202203,3628. 역삼1동 주민센터,1,0
202203,3629. 청담사거리(신한오피스텔빌딩 앞),2,2
202203,3638. 신청담나들목,3,5
202203,3646. 선정릉역 4번 출구,0,1
202203,3651. 개포동역 4번출구,0,3
202203,368. SK 서린빌딩 앞,3,4
202203,369. 광화문 시민열린마당,2,2
202203,370. 시청역(2호선) 9번출구 뒤,5,0
202203,372. 약수역 3번출구 뒤,6,0
202203,3753. 공항중학교 버스정류장,0,2
202203,3761. 나이아가라관광호텔,2,0
202203,3778. 김포공항입구 교차로,1,1
202203,3787. 가양나들목,0,2
202203,3788. 정곡나들목,0,1
202203,3794. 안양천합수부(현대3차아파트),0,1
202203,3806. 낙성대 교수아파트,1,0
202203,3807. 관악우체국 교차로,0,1
202203,3814. 난곡사거리 ,1,0
202203,382. 약수역 10번출구 앞,4,0
202203,383. 신당역 12번 출구 뒤,1,2
202203,385. 종각역 5번출구,0,1
202203,3853. 어린이대공원역 2번출구,1,1
202203,3860. 건국대학교 정문 앞,0,1
202203,3863. 동일로58길 입구,0,1
202203,387. 훈련원공원주차장 앞,12,3
202203,3873. 동서울우편집중국 앞,0,2
202203,3881. 신자초교입구 교차로,2,0
202203,390. 충무로역 1번출구,1,0
202203,3904. 테크노마트 앞,1,2
202203,3905. 희훈타워빌 앞,0,1
202203,3912. 삼호아파트 앞,0,2
202203,3914. 신도림쌍용플래티넘노블아파트 앞,1,1
202203,3919. 구로역·NC신구로점 버스정류장(구로역 방면),1,0
202203,393. 동대문역 8번 출구,1,2
202203,3956. 대륭테크노타운21차 앞,0,1
202203,3963. 에이스 하드웨어(시흥대로 396) 앞,0,1
202203,397. 종묘공영주차장 건너편,3,2
202203,3983. 금천구청역 1번 출구,1,0
202203,399. 서울역 센트럴 자이아파트,4,2
202203,4041. 공릉역3번출구,0,1
202203,405. DMC빌 앞,3,4
202203,4065. 창동역 1번출구 앞,1,1
202203,4077. 도봉제1교,4,6
202203,408. LG CNS앞,1,0
202203,409. 누리꿈스퀘어 옆,1,0
202203,4102. 휘경1동주민센터 앞,1,1
202203,4103. 휘경sk뷰아파트 앞,1,0
202203,4104. 외대앞역 교차로,3,1
202203,4117. 휘경119안전센터 앞,1,0
202203,412. DMC산학협력연구센터 앞,0,1
202203,4122. 청계9가교차로 앞,2,2
202203,4125. 회기역 2-①번출구,6,1
202203,414. 상암동주민센터 옆,0,1
202203,417. DMC역 2번출구 옆,3,0
202203,4173. 중대후문 마을버스정류장,1,0
202203,418. 월드컵경기장역 3번출구 옆,4,0
202203,419. 홈플러스 앞,0,1
202203,4202. 프런트원(공덕역4번출구 앞),0,1
202203,4206. 광흥창역5번출구,0,1
202203,4211. 시석빌딩 앞,7,5
202203,4217. 한강공원 망원나들목,19,30
202203,4218. 디지털매직스페이스,1,0
202203,4220. 신촌 청년주택,4,1
202203,4233. 코오롱아파트사거리,7,2
202203,4234. 에스테반,0,1
202203,4244. 당인리발전소 공원 앞,3,2
202203,4262. 서대문자연사박물관 입구,1,2
202203,4264. 홍남교 버스정류장,1,0
202203,4306. 서래공원 앞,1,1
202203,4307. 고투몰 gate 15옆,1,0
202203,431. 청계천 영도교,2,3
202203,4312. 반포미도2차아파트 옆,0,1
202203,4313. 반포종합운동장,4,0
202203,433. 을지로입구역 2번출구,1,0
202203,"4330. 반포한강공원입구,씨티21옆",10,11
202203,434. 신당 래미안 버스정류장,0,1
202203,435. SK 남산빌딩,1,1
202203,4353. 코오롱디지털타워 3차앞,2,1
202203,436. 이대역 5번출구,2,1
202203,4362. 행당중학교 후문,2,16
202203,437. 대흥역 1번출구,0,2
202203,4373. 서울숲 지식산업센터,1,1
202203,438. 성산2-1 공영주차장,1,0
202203,4381. 더스페이스타워 앞,1,2
202203,4382. 페코텍글로벌허브빌딩 앞,1,1
202203,440. 하늘공원 입구,0,8
202203,4414. 안암역 3번 출구,4,4
202203,4420. 성북구 한예종 캠퍼스 별관,0,1
202203,443.호암아트홀,1,0
202203,4457. 아산병원 기숙사 부근,2,0
202203,4464. 올림픽공원 북2문,0,1
202203,4481. 올림픽공원 북2문 2,2,2
202203,4483. 잠실나들목4,1,4
202203,4484. 잠실나루역4번출구뒤,0,3
202203,4486. 홈플러스 잠실점,2,2
202203,452. 동대문 종합시장 버스정류장,1,0
202203,453. 종로오가 지하쇼핑센터 14번출구,2,1
202203,455. 종로6가역 버스정류장(동대문 방향),1,0
202203,4557. 리버뷰신안인스빌2차 후문,0,1
202203,4559. 신길역 2번출구,0,1
202203,4561. 양평역 1번출구,3,3
202203,4564. 63스퀘어,0,7
202203,4565. 영등포 신세계백화점,0,2
202203,457. 종로꽃시장 입구 옆,2,1
202203,4574. 영등포시장역 포레나영등포,0,1
202203,458. 광화문역 5번출구,2,1
202203,4585. 국회6문,0,4
202203,4589. KRX한국거래소(1),1,0
202203,4590. KRX한국거래소(2),1,1
202203,4592. 신길우성4차아파트,4,3
202203,4594. 양평교 영등포대여소,6,5
202203,4602. 숙명여대앞 버스정류소 주변,0,2
202203,4603. 한강GS에클라트 건너편 교통섬,2,0
202203,"4605. 노들섬 다목적홀(동쪽) 숲, 앞",5,1
202203,4607. 국립중앙박물관 -용산가족공원 앞,0,1
202203,4609. 파크타워 104동 앞,1,0
202203,4610. 한남나인원 105동 앞,2,0
202203,4611. 국제루터교회 앞,1,0
202203,4613. 서울갤러리아 앞,0,1
202203,4615. 크라운호텔앞 버스정류소,4,2
202203,4619. 한강트럼프월드3차 앞,4,5
202203,4621. 남산도서관 앞,0,2
202203,4622. 한강중학교 앞 버스정류장,1,2
202203,4623. 라인프랜즈이태원점 앞,1,1
202203,4629. 한강초교보도육교 앞,5,7
202203,4633. 센트럴파크타워 앞,0,1
202203,4634. 이태원역 3번 출구,1,3
202203,4652. 신사두산위브2차아파트 앞,0,1
202203,466.롯데호텔,3,1
202203,4665. 응암역3번 출구(서부경찰서 방면),0,1
202203,468.웨스틴 조선호텔,1,0
202203,469.회현역 1번출구,0,2
202203,470.회현역 7번출구,1,2
202203,4703. 쌍용아파트2단지 정문,2,2
202203,4705. 웰니스센터(민방위교육장 앞),1,0
202203,4707. 청계3가 사거리,1,2
202203,4708. 조계사앞사거리,0,2
202203,471.회현사거리 남측,1,1
202203,4710. 자교교회 앞,4,6
202203,4713. 현대 뜨레비앙 아파트 앞,1,0
202203,472.삼일교(시그니쳐 타워),1,1
202203,473.을지로4가역 9번출구,1,1
202203,474.동대문역사문화공원역 1번출구 뒤편,1,1
202203,475.DDP 패션몰,0,1
202203,476.광희문,4,4
202203,4760. 서울역 7번출구,0,1
202203,4761. 탐앤탐스 을지로3가점,0,1
202203,4765. 동대문디자인플라자,2,2
202203,4768. 서울도시건축전시관,2,2
202203,477.앰배서더 호텔 주변,1,0
202203,4778. 대신파이낸스센터,2,4
202203,4782. 서소문역사공원,0,1
202203,4784. 중부경찰서앞 사거리,1,0
202203,4791. 명동역9번 출구,3,1
202203,4792. 퇴계로4가 교차로(중구청),1,0
202203,4793. 동대문역사문화공원역 5번출구,1,1
202203,4796. 부산은행,1,7
202203,480.약수역 6번 출구,0,4
202203,4801. 충정로역 2호선(엘리베이터 앞),1,1
202203,4819. 면목동 새싹어린이공원 앞,1,0
202203,485.서울역5번출구,2,4
202203,4861. 거여삼거리,1,0
202203,4864. 송파사거리,1,0
202203,4868. 석촌호수 서호 남단,0,2
202203,487.신석초교앞 교차로 교통섬,0,4
202203,4870. 몽촌토성역 3번 출구,3,0
202203,490.가온문화공원,1,0
202203,491.월드컵파크 4단지,1,1
202203,492.성산시영아파트 후문,1,3
202203,493.홍대입구역 6번출구,3,12
202203,495.염리초등학교 앞,1,0
202203,497.합정동주민센터 앞,0,1
202203,498.연남동주민센터 앞,0,4
202203,500. 어린이대공원역 3번출구 앞,3,3
202203,501. 광진구의회 앞,2,2
202203,502. 뚝섬유원지역 1번출구 앞,26,39
202203,5065. 허준박물관삼거리,1,2
202203,508. 성수아카데미타워 앞,1,0
202203,509. 이마트 버스정류소 옆,2,3
202203,510. 서울숲 남문 버스정류소 옆,10,10
202203,511. 서울숲역 5번 출구 옆,6,3
202203,512. 뚝섬역 1번 출구 옆,4,6
202203,513. 뚝섬역 5번 출구 정류소 옆,1,0
202203,514. 성수사거리 버스정류장 앞,6,5
202203,521. 왕십리역 11번 출구 앞,4,0
202203,524. 래미안금호하이리버 아파트 102동 옆,1,5
202203,525. 한양대병원사거리,2,0
202203,529. 장한평역 8번 출구 앞,1,0
202203,534. 금호사거리,1,0
202203,539. 군자교교차로,0,3
202203,542. 강변역 4번출구 뒤,2,1
202203,544. 광남중학교,1,0
202203,546. 잠실대교북단 교차로,0,2
202203,548. 자양나들목,2,1
202203,558. 성동광진 교육지원청 앞,1,0
202203,560. 비전교회 앞,0,2
202203,561. 서울숲역 2번출구 앞,10,1
202203,562. 군자지하보도 앞,2,0
202203,565. 옥수역 3번출구,8,14
202203,567. 성수역 2번출구 앞,0,1
202203,571. 어린이대공원역6번출구,4,1
202203,574. 아차산역4번출구,1,0
202203,582. 경일중학교 앞,2,2
202203,583. 청계천 생태교실 앞,3,3
202203,584. 광진광장 교통섬,5,0
202203,585. 성수2가1동 공영주차장 인근,5,3
202203,5852. 대림동현대2차 201동 앞,3,0
202203,587. 유니베라 앞,1,1
202203,588. 뚝섬 유원지역,8,3
202203,589. 성수역3번출구,0,2
202203,590. 건국대학교 (입학정보관),0,1
202203,592. 건국대학교 학생회관,2,1
202203,604. 답십리초등학교 옆 공원,1,0
202203,605. 신설동역8번출구,5,4
202203,606. 휘경공고앞,1,1
202203,608. 전농삼성아파트,0,1
202203,609. 제기2교,1,2
202203,612. 시립동부병원 앞 사거리,1,1
202203,613. 신설동역 10번출구 앞,0,1
202203,615. 용두동 래미안허브리츠아파트 앞,3,1
202203,617. 청솔우성아파트 앞,0,1
202203,622. 전농사거리 교통섬,0,1
202203,623. 서울시립대 정문 앞,0,1
202203,626. 군자교 서측 녹지대,1,0
202203,627. 장안동삼거리 교통섬,0,1
202203,633. 청량리 기업은행 앞,1,1
202203,634. 외국어대 정문 앞,3,2
202203,636. 세종대왕기념관 교차로,1,2
202203,637. KAIST 경영대학 앞,1,1
202203,639. 서울시립대 후문,2,2
202203,642. 신답역 사거리,2,2
202203,656. 영휘원 교차로,0,1
202203,659. 제기역1번출구,2,2
202203,664. 서울시립대 건설공학관,4,4
202203,674.고대앞사거리 교통섬,13,14
202203,677.청량리역 4번 5번출구 사이,1,0
202203,680.꿈마루어린이도서관 앞,0,2
202203,703. 오목교역 7번출구 앞,1,3
202203,708. 서울출입국관리사무소 앞,3,0
202203,726. 목동3단지 시내버스정류장,1,1
202203,731. 서울시 도로환경관리센터,2,2
202203,749. 이대목동병원보도육교,1,1
202203,780.신정교 하부,4,7
202203,800. 목월공원 앞,1,1
202203,802. 한강진역 2번 출구 앞,0,2
202203,805. 문배어린이공원 앞,5,4
202203,806. 전자랜드 본관 앞,0,1
202203,807. 서울역 12번 출구 앞,1,4
202203,808. 서빙고동 금호맨션 앞,0,1
202203,809. 한남 유수지 복개주차장,6,2
202203,810. 이태원지하보도,8,9
202203,811. 녹사평역1번출구,4,4
202203,812. 용산전쟁기념관,1,0
202203,813. 삼각지역 3번출구,5,0
202203,815. LIG강촌아파트 103동앞,1,3
202203,816. 신용산역 6번출구 앞,4,1
202203,818. 숙명여대 입구 교차로,11,7
202203,819. 선린인터넷 고등학교,0,1
202203,820. 청파동입구 교차로,1,0
202203,822. 이촌1동 마을공원,1,0
202203,825. 서빙고동 주민센터 앞,11,15
202203,829. 베르가모앞,7,13
202203,832. 이촌1동 주민센터 뒤,2,1
202203,834. 효창공원앞역 3번출구 뒤,1,1
202203,835. 남영역 건너편,1,2
202203,836. 현대자동차서비스 앞,8,1
202203,837. 한남나들목 입구,5,12
202203,838. 숙대입구역 4번출구,8,1
202203,839. 보광동 삼성리버빌아파트 앞,3,2
202203,841. 신용산역 1번 출구,3,1
202203,843. 녹사평역 광장,7,3
202203,846. 용산중학교,30,25
202203,847. 국방부민원실옆,0,1
202203,848. 삼각지12번 출구,1,4
202203,849. 삼각지 자이아파트,0,1
202203,852.청암자이APT(103동),0,5
202203,853.용산역 맞은편,4,3
202203,855.이촌역5번출구 앞,0,1
202203,857. 현대 안성타워,1,0
202203,860.LG한강 자이아파트 앞,4,2
202203,863.이촌역2번 출구,1,2
202203,864.순천향대학병원(한남오거리),2,2
202203,869.노들섬 동측 앞,3,6
202203,870.노들섬 서측 앞,8,11
202203,907. CJ 드림시티,2,2
202203,913. 이마트 버스정류장(서부경찰서 방면),2,1
202203,914. 새절역 2번출구,1,1
202203,915. 증산역 4번출구,0,1
202203,965. 서울특별시 은평병원,1,0
202203,972. 수색역,1,1
202204,1001. 광진교 남단 사거리(천호공원 방면),1,0
202204,1002. 해공공원(천호동),0,2
202204,1004. 삼성광나루아파트 버스정류장,1,3
202204,1008. 암사역 3번출구(국민은행앞),0,2
202204,1009. 천호역4번출구(현대백화점),3,2
202204,1016. 해뜨는 주유소옆 리엔파크 109동앞,0,1
202204,1018. 둔촌 주공 GS 맞은편,0,1
202204,1019. 다성이즈빌아파트(호원대 대각선 맞은편),1,0
202204,102. 망원역 1번출구 앞,12,3
202204,1028. 포레스 주상복합 빌딩,2,1
202204,1029. 성내어울터,2,1
202204,103. 망원역 2번출구 앞,10,15
202204,104. 합정역 1번출구 앞,16,10
202204,105. 합정역 5번출구 앞,4,14
202204,106. 합정역 7번출구 앞,50,45
202204,107. 신한은행 서교동지점,7,3
202204,108. 서교동 사거리,19,26
202204,1082.중앙보훈병원역3번출구,1,0
202204,1083.광문고교사거리(아이파크),1,0
202204,1084. 윤선생빌딩(JYP사옥),3,1
202204,1088.풍납사거리(강동),1,0
202204,109. 제일빌딩 앞,14,8
202204,1090.상일동역 2번출구 앞,2,1
202204,1108. 공항시장역 2번출구 뒤,0,1
202204,111. 상수역 2번출구 앞,19,28
202204,1117. 등촌5단지아파트 버스정류장,0,2
202204,1118. 증미역 3번출구뒤(등촌두산위브센티움오피스텔),1,2
202204,1119. 염창동 한마음아파트 앞,0,1
202204,112. 극동방송국 앞,7,27
202204,1122. 황금내근린공원,3,5
202204,1124. 발산역 6번 출구 뒤,0,1
202204,113. 홍대입구역 2번출구 앞,49,32
202204,114. 홍대입구역 8번출구 앞,44,38
202204,1148. 볏골공원,1,0
202204,115. 마스타 빌딩 앞,7,9
202204,1151. 마곡역1번출구,1,0
202204,"1153. 발산역 1번, 9번 인근 대여소",12,2
202204,1157. 강서구청,1,0
202204,1158. 가양역 8번출구,2,5
202204,116. 일진아이윌아파트 옆,13,10
202204,1160. 양천향교역 7번출구앞,2,1
202204,1168. 마곡엠밸리10단지 앞,3,1
202204,117. 홍은사거리,3,1
202204,1172. 가양3동 주민센터,0,1
202204,118. 광흥창역 2번출구 앞,1,0
202204,1182. KBS 스포츠월드,0,1
202204,119. 서강나루 공원,7,19
202204,"1191. 마곡역 버스정류장(마곡나루역1번출구, 웰튼병원 방면)",1,0
202204,1195. 코오롱One&Only타워,1,3
202204,1197. 엠펠리체 호텔 건너편,1,3
202204,120. 신수동 사거리,1,0
202204,1203. 밀리아나2빌딩 앞,0,1
202204,1204. 거여역 3번출구,2,0
202204,1205. 종합운동장역 4번출구,17,2
202204,1206. 9호선종합운동장역 9번출구,4,2
202204,1207. 마천중앙시장,3,3
202204,1209. 잠실나루역 (2번 출구 쪽),4,3
202204,121. 마포소방서 앞,1,0
202204,1210. 롯데월드타워(잠실역2번출구 쪽),13,14
202204,1211. 방이삼거리,2,5
202204,1215. 올림픽공원역 1번출구 앞,3,1
202204,1218. 방이역 4번출구,5,6
202204,122. 신성기사식당 앞,4,3
202204,1222. 잠실새내역 5번 출구 뒤,7,6
202204,1224. 아시아지하보도 2번 출구,7,4
202204,1226. 잠실4동 주민센터 옆,0,1
202204,1227. 거여역 8번출구 뒤,2,0
202204,1231. 잠실역 6번출구,6,8
202204,1232. 잠실주공 521동 건너편,7,2
202204,1233. 잠실3거리(갤러리아팰리스),12,13
202204,1235. 잠실트리지움310동 옆,1,0
202204,124. 서강대 정문 건너편,4,10
202204,1243. 문정 법조단지7,1,0
202204,1244. 문정 법조단지8,0,1
202204,1246. 문정 법조단지10,0,4
202204,1248. 방이초등학교,3,0
202204,125. 서강대 남문 옆,8,1
202204,1251. 석촌역 2번출구,1,0
202204,1253. 오금역 3번 출구 뒤,1,1
202204,1257. 가락시장역 사거리,1,0
202204,126. 서강대 후문 옆,6,4
202204,1262. 송파여성문화회관 앞,2,2
202204,1264. 천호역 10번 출구 앞,3,2
202204,1267. 올림픽공원 남2문 앞,0,1
202204,1268. 몽촌토성역 1번출구 옆,11,18
202204,1269. 리센츠아파트 ,4,1
202204,1274. 영파여고 앞,1,0
202204,1275. 거여초등학교 옆,0,1
202204,1278. 송파구청 교차로,5,3
202204,128. 신촌역(2호선) 1번출구 옆,18,10
202204,1286. 위례중앙푸르지오 1단지 앞,0,1
202204,129. 신촌역(2호선) 6번출구 옆,12,10
202204,1291. 서울체육고등학교 앞,2,0
202204,1293. 석촌호수 서호 사거리,3,1
202204,1295. 잠실역 8번출구,3,35
202204,1296. 석촌호수교차로 (송파나루근린공원 앞),0,8
202204,1297. 석촌호수교차로(동호 팔각정 앞),5,2
202204,130. 신촌역(2호선) 7번출구 앞,10,17
202204,1306. 한성대입구역2번출구,1,3
202204,1308. 안암로터리 버스정류장 앞,5,13
202204,131. 증산2교,5,4
202204,1318. 길음역 3번출구 뒤,3,0
202204,1321. 국민은행 종암동지점 앞,7,4
202204,1323. 월곡역 입구 육교 밑,3,2
202204,1328. 월곡역 3번출구,1,1
202204,1332. 석계역 5번출구 건너편,2,0
202204,1333. 석관초등학교 앞,1,0
202204,1337. 돈암성당 옆,14,7
202204,134. 연세로 명물길,16,18
202204,1343. 한성대7번출구 앞,1,0
202204,135. 명물길 원형무대 앞,15,4
202204,1351. 안암2교 옆,2,0
202204,1354. 고려대학교 2번출구,10,5
202204,1355. 보문2교,13,4
202204,1357. 북한산보국문역,1,3
202204,1359. 장위뉴타운 꿈에 숲 코오롱 하늘채 앞,6,8
202204,1360. 정릉역,1,0
202204,1363. 보문4교 인근,1,1
202204,1366. 일신초등학교 옆,2,0
202204,1368. 성신여대입구 교차로,1,1
202204,1369. 미아사거리,1,1
202204,137. 신촌기차역입구 교차로,1,4
202204,1372. KEB은행 고대점,12,6
202204,1373. 성북구보건소 건너편,0,1
202204,138. 신촌동 제1공영주차장 앞,1,2
202204,1381.석계역 4번출구 뒤,1,1
202204,1384.성신여대입구역 5번출구,2,2
202204,1385.성신여대입구역 3번출구 앞,2,0
202204,139. 연세대 정문 건너편,4,4
202204,1390.석관래미안아트리치,0,1
202204,140. 이화여대 후문,17,14
202204,141. 연대 대운동장 옆,1,0
202204,142. 아현역 4번출구 앞,3,0
202204,1425. 용마문화복지센터,0,2
202204,1426. 면목도시개발아파트 1동 앞,0,4
202204,1427. 용마산역 1번출구,0,1
202204,1429. 장안중학교,2,0
202204,143. 공덕역 2번출구,0,2
202204,1437. 늘푸른공원 앞,1,0
202204,144. 공덕역 8번출구,7,8
202204,1444. 면목4치안센터,2,3
202204,1447. 면목역 3번출구,1,1
202204,1449. 상봉역 1번출구,2,0
202204,145. 공덕역 5번출구,1,2
202204,1451. 중랑세무서,4,2
202204,1452. 겸재교 진입부,3,2
202204,1455. 상봉역 2번 출구,1,0
202204,1458. 상봉터미널2,1,1
202204,146. 마포역 2번출구 뒤,13,13
202204,147. 마포역 4번출구 뒤,16,9
202204,148. 용강동 주민센터 앞,1,1
202204,150. 서강대역 2번출구 앞,3,5
202204,"1501. 미아역 3번,4번 출구 사이",0,2
202204,1503. 이디야 커피 수유역점 앞,3,1
202204,1522. 월드전기조명인테리어(우이동),1,0
202204,153. 성산2교 사거리,2,2
202204,1531. 미아사거리 1번 출구,1,0
202204,1535. 효성인텔리안 앞,0,1
202204,1536. 번동 두산위브 101동 옆,1,0
202204,1537. 북한산 우이역,1,0
202204,154. 마포구청역 ,1,0
202204,1546. 송천동우체국,1,1
202204,1564.4.19민주묘지역 1번출구,3,2
202204,1565.대한병원앞,1,2
202204,1569.수유역2번출구,0,1
202204,157. 애오개역 4번출구 앞,1,2
202204,1572. 우이동 먹거리마을,1,0
202204,159. 이대역 4번 출구,0,5
202204,160. 북아현동 가구거리,5,1
202204,1606. 태릉입구역 3번출구 ,1,0
202204,1608. 공릉역 1번 출구 앞,0,2
202204,1611. 과기대 입구(우),7,2
202204,1619. 중계동 하나프라자빌딩 앞(중1-1),0,1
202204,1625. 상계역(4번출구),1,2
202204,163. 명지전문대학교 정문 앞,0,1
202204,1636. 상계주공2단지 버스정류장 옆,3,2
202204,1643. 태릉입구역 8번출구,5,8
202204,1653. 노원역1번출구,0,2
202204,1655. 공릉1단지아파트,2,1
202204,1656. 중앙하이츠 아파트 입구,0,2
202204,1661. 당현천근린공원,1,1
202204,1662. 노원역7번출구,0,1
202204,1668. 중계역 6번출구,1,0
202204,1670. 노원경찰서교차로,1,0
202204,1674. 서울북부고용센터앞,2,0
202204,1686. 상계주공10단지 종합상가 앞,1,0
202204,1691. 노원정보도서관,0,1
202204,1692. 온곡초교 교차로,1,1
202204,1703. 도봉산광역환승센터앞 ,1,0
202204,171. 임광빌딩 앞,0,2
202204,1720. 도봉구청 옆(중랑천변),3,3
202204,1721. 창동역 2번출구 ,1,0
202204,1727. 서울도봉초등학교인근,0,1
202204,1729. 파리바게트앞,0,1
202204,1730. 도봉산역 교차로 앞,0,1
202204,"1735. 도봉역 1,2번 출구사이 건너편",1,0
202204,1742. 북한산 코오롱 하늘채,14,14
202204,1744.KT방학지사 앞,1,0
202204,175. 홍연2교옆,6,6
202204,1775.신원리베르텔 앞,2,2
202204,178. 증산3교 앞,1,0
202204,1804. 독산역 2번출구 자전거주차장,1,0
202204,181. 망원초록길 입구,25,11
202204,182. 망원2빗물펌프장 앞,8,14
202204,183. 하늘채코오롱아파트 건너편,7,2
202204,1834. 월드메르디앙 벤처센터 2차,0,1
202204,1835. STX V타워,0,2
202204,184. 7번가피자 서교망원점,3,1
202204,1845. 롯데캐슬골드파크1차 서문,0,1
202204,185. 마포 신수공원 앞,8,10
202204,186. 월드컵공원,15,13
202204,1861.IBK기업은행 석수역 지점 앞,1,1
202204,1862.스타즈호텔독산 빌딩 앞,2,0
202204,1866.서울안천초등학교 옆,0,1
202204,1869.롯데캐슬골드파크3차 301동 앞,1,1
202204,1904. 도림천역 1번 출구 앞,4,5
202204,1906. 신도림역 1번 출구 앞,4,2
202204,191. 서우빌딩,1,2
202204,1911. 구로디지털단지역 앞,6,1
202204,1914. 대림역4번출구,5,1
202204,1925. 동양미래대학교 정문 옆,5,3
202204,1928. 고척스카이돔구장 광장,2,0
202204,194. 증산교 앞,3,3
202204,195. 모래내고가차도 ,4,3
202204,1955. 디지털입구 교차로,1,0
202204,1966. 한마을아파트 정문상가,2,0
202204,1975. 대림역 1번 출입구 밑,1,0
202204,1985. 구로도서관,9,0
202204,199. 서울 월드컵 경기장,14,5
202204,1998. 고척교 교차로,1,2
202204,2002. 노들역 1번출구,5,10
202204,2003. 사육신공원앞,4,6
202204,2007. 유한양행앞,3,4
202204,201. 진미파라곤 앞,16,16
202204,2013. 장승배기역 5번출구,3,2
202204,2015. 신대방삼거리역 6번출구쪽,0,3
202204,202. 국민일보 앞,6,10
202204,2025. 흑석역 1번출구,68,55
202204,2026. 흑석역 4번출구,7,1
202204,2027. 중앙대학교 정문 1,22,17
202204,203. 국회의사당역 3번출구 옆,2,8
202204,2032. 이수역 11번출구쪽,0,1
202204,2033. 사당동 아르테스 웨딩앞,1,0
202204,2034. 사당역 7번출구쪽,0,1
202204,2037. 동작역 5번출구 동작주차공원,13,1
202204,2038. 동작역 7번출구,0,3
202204,204. 국회의사당역 5번출구 옆,6,5
202204,2040. 비계 버스정류소,0,1
202204,205. 산업은행 앞,25,5
202204,2050. 노량진역 5번출구,1,2
202204,2054. 삼익아파트,1,2
202204,2058. 동작경찰서,5,12
202204,206. KBS 앞,18,8
202204,2069. 숭실대 입구역3번 출구 앞,1,6
202204,207. 여의나루역 1번출구 앞,233,186
202204,2070. 노량진역 2번 출구 앞,3,0
202204,2077.노들역 3번출구,40,44
202204,2078.흑석 아크로리버하임(103동),1,4
202204,2079.중앙대학교 중앙광장,10,2
202204,2080. 대방지하보도(대방동경남아너스빌아파트),1,3
202204,2082.7호선 이수역7번출구,1,0
202204,2084.e편한세상 상도노빌리티 앞,2,0
202204,209. 유진투자증권빌딩 앞,9,7
202204,2093.상도SH빌아파트 입구,1,2
202204,2094.숭실대학교(중문) ,2,1
202204,210. IFC몰,34,24
202204,2102. 봉림교 교통섬,3,3
202204,2103. 신림동 우방아파트,1,0
202204,2104. 사당역 5번출구,3,2
202204,2107. 도림천 신화교,1,15
202204,2109. 은천로입구 가로공원,0,2
202204,2111. 서울대입구역 1번출구,1,1
202204,2112. 서울대입구역 마에스트로,4,2
202204,2113. 관악동작견인차량보관소,2,0
202204,2119. 중앙동 동진빌딩,0,1
202204,2122. 낙성대로 입구,0,1
202204,2129. 낙성대 과학전시관,1,1
202204,213. KT앞,3,10
202204,2135. 신림역 5번출구,1,0
202204,2139. 서울신성초등학교,1,2
202204,214. 금융감독원 앞,10,5
202204,2140. 신림1교 교차로,1,2
202204,2145. 은천초등학교 육교,2,0
202204,215. 여의도고교 앞,14,21
202204,2159. 인헌초교,1,0
202204,2164. 관악우체국,0,1
202204,2169. 봉천역 2번출구,1,1
202204,217. NH농협은행 앞,3,1
202204,2171. 서울대입구역 5번출구,1,1
202204,2173. 당곡사거리,1,2
202204,2175. 신림동걷고싶은문화의거리입구,1,0
202204,2176. 보라매공원 보도육교,1,0
202204,2177. 신대방역 2번 출구,3,3
202204,2178. 서울대학교 정문,0,1
202204,2179. 양녕로 입구,1,1
202204,2183. 동방1교,6,6
202204,219. 롯데캐슬엠파이어 옆,8,2
202204,2195.은천교회,1,2
202204,2198.사랑의병원,0,1
202204,220. 미성아파트 A동 앞,2,12
202204,2202.청계산입구역 1번출구,0,1
202204,2203. 청계산입구역 2번출구,1,0
202204,221. 여의도초교 앞,8,11
202204,2210. 반포1동 주민센터 앞,3,0
202204,2213. 고속터미널역 5번출구 앞,1,2
202204,2214. 신반포역 2번출구 앞,10,10
202204,2215. 반포종합운동장 입구,2,1
202204,2217.아크로리버뷰 부지 앞,9,12
202204,"2219. 고속터미널역 8-1번, 8-2번 출구 사이",13,20
202204,222. 시범아파트버스정류장 옆,4,4
202204,2220. 반포본동 주민센터 앞,6,14
202204,2221. 방일초교 마을버스 정류장,1,0
202204,2222.사당역 12번출구 뒤,2,0
202204,2227.방배열린문화센터 앞,1,0
202204,223. 진주아파트상가 앞,2,0
202204,2231. 삼성타운(삼성생명) A동 맞은편,0,1
202204,2235.KT 서초지사 앞,0,1
202204,2239.교대역 6번출구,0,1
202204,224. 롯데캐슬 앞,4,3
202204,2242.양재역 11번 출구 앞,0,2
202204,2244.교육개발원입구 교차로,3,3
202204,225. 앙카라공원 앞,1,0
202204,2250. 서초유치원 맞은편,0,3
202204,2251. 더케이호텔 입구(양재2) ,3,3
202204,2252. 잔디마을 마을버스 정류장,4,3
202204,2255.시민의숲역 1번출구 옆,6,6
202204,2258.구룡사 삼거리,0,3
202204,2259. 잠원역 3번-4번 출구사이 ,0,5
202204,226. 샛강역 1번출구 앞,0,4
202204,2262. 한신16차아파트 119동 앞,47,70
202204,2263. 바우뫼문화복지회관,1,0
202204,2264. 이수역 1번출구,1,1
202204,2266. 서초역 3번출구,5,1
202204,227. 양평2나들목 보행통로 입구,5,13
202204,2271. 내방역 8번출구 앞,1,0
202204,2273. 일동제약 사거리,5,1
202204,2276. 영동1교 (양재천근린공원),5,4
202204,2277. 길마중4교 하부,2,2
202204,2279. 교대역 5번출구뒤,0,5
202204,228. 선유도역 3번출구 앞,6,5
202204,2281. 연세사랑병원신관앞,1,0
202204,2285. LH서초3단지 301동 맞은편,0,2
202204,229. 양평1 보행육교 앞,2,0
202204,2294. 두상빌딩 앞,1,1
202204,2301. 현대고등학교 건너편,12,26
202204,2302. 교보타워 버스정류장(신논현역 3번출구 후면),1,0
202204,2303. 논현역 10번출구,2,5
202204,2304. 대현그린타워,1,0
202204,2306. 압구정역 2번 출구 옆,7,11
202204,2307. 압구정 한양 3차 아파트,5,11
202204,2308. 압구정파출소 앞,10,2
202204,2309. 청담역(우리들병원 앞),1,0
202204,2310. 청담동 맥도날드 옆(위치),2,2
202204,2312. 청담역 13번 출구 앞,1,2
202204,2313. 금원빌딩 앞,9,2
202204,2314. 청담나들목입구,14,17
202204,2315. 봉은사역 5번출구 옆,3,9
202204,2317. 삼성도로공원,6,10
202204,2319. 포스코사거리 서측(수협 삼성동 지점),3,0
202204,2323. 주식회사 오뚜기 정문 앞,2,1
202204,2324. 천주교 대치 2동 교회 옆,3,0
202204,2327. 뱅뱅사거리 랜드마크타워 앞,1,1
202204,2332. 선릉역3번출구,5,3
202204,2333. 양재역 3번출구 주변,2,0
202204,2335. 3호선 매봉역 3번출구앞,2,2
202204,234. 영등포구민체육센터 앞,0,1
202204,2347. 두산건설 본사,1,0
202204,2348. 포스코사거리(기업은행),1,12
202204,2349. 역삼빌딩 앞(하나은행 옆),2,2
202204,236. 문래동자이아파트 앞,2,1
202204,2360. 도곡1동 주민센터 교차로,0,2
202204,2362. 신사동 가로수길 입구,7,7
202204,2363. 강남 을지병원 교차로,2,0
202204,2365. K+ 타워 앞,2,1
202204,2368. 도곡동 경남아파트 건너편,0,1
202204,2369. KT선릉타워,1,1
202204,2371. 한국우편사업진흥원,2,0
202204,2375. 수서역 1번출구 앞,0,1
202204,2377. 수서역 5번출구,1,2
202204,2381. 언주역 6번출구앞,0,4
202204,2384. 자곡사거리,0,1
202204,2385. 학동역,0,1
202204,2386. 크린랩 본사,2,1
202204,2387. 래미안강남힐즈 사거리,2,1
202204,2388. 강남구 도시관리공단,2,0
202204,239. 유스호스텔 앞,0,1
202204,2394. 개포래미안포레스트아파트 107동 앞,1,0
202204,2398. 더라움,1,0
202204,240. 문래역 4번출구 앞,9,12
202204,2404. 대모산입구역 4번 출구 앞,2,0
202204,2405. 청담공원앞 교차로,1,4
202204,2406. 논현동 광명빌딩 앞,8,2
202204,2407. 역삼.서초.삼성 세무서 앞 (역삼빌딩 앞),4,9
202204,2409. 역삼동 디오슈페리움 (우성아파트 사거리),0,1
202204,2410. 포스코피앤에스타워 (역삼역 3번출구 부근),2,0
202204,2413.도곡역 1번 출구,1,1
202204,2414. 도곡역 아카데미스위트 앞,1,0
202204,2417.선정릉 디캠프(D.CAMP)앞,1,1
202204,2418.봉은사역 7번 출구 ,4,8
202204,"2419.봉은사역 1,2번 출구 ",4,1
202204,242. 신길선원가와인아파트 앞,1,0
202204,2420.학여울역 사거리(LG베스트샵 앞),3,3
202204,2421. 신논현역 4번출구,1,5
202204,2422.수서동 성당 맞은편,5,4
202204,2428.롯데리아 개포점앞,1,1
202204,2429.압구정로데오역 6번출구,2,5
202204,244. 영등포삼환아파트 앞,3,2
202204,245. 삼성생명 당산사옥 앞,1,1
202204,247. 당산역 10번출구 앞,9,6
202204,248. 초원아파트 앞,31,30
202204,249. 여의도중학교 옆,58,54
202204,2502. 서초역1번출구 앞,2,0
202204,2503. 반포1동 서초빌딩 앞,2,2
202204,2504. 신사역 4번출구 뒤,1,4
202204,2505. 우성아파트사거리 (기업은행앞),1,1
202204,2509. 심산기념문화센터,2,1
202204,252. 보라매역4번출구,1,0
202204,2520.서초1교 (진흥아파트 방면),1,0
202204,2521.서초 크로바타워 앞,2,0
202204,2523.뉴코아 킴스클럽 앞,1,0
202204,2524.반포쇼핑타운 8동 앞,2,2
202204,2525.반포쇼핑타운 2동 앞,4,4
202204,2526.반포경남쇼핑 앞,6,0
202204,2527.반포중학교 앞(세화여고 맞은편),1,0
202204,2528.함지박 사거리,0,1
202204,2529.우리은행 방배동지점 앞,2,2
202204,2530.삼호3차아파트 앞,2,0
202204,2532.국립국악원 앞,0,1
202204,2533.한가람미술관 앞,1,1
202204,2537.양재역 8번출구 앞,3,0
202204,2538.사평리 공원,6,8
202204,2540.반포천 앞,0,1
202204,2542.신논현타워 앞,2,1
202204,2547.포드서초서비스센터앞,3,11
202204,2548.반포1동 자율방범초소 옆,3,2
202204,259. 대방역6번출구,1,3
202204,260. 여의도 마리나선착장 앞,5,4
202204,2601. 석촌호수 아뜰리에,13,14
202204,2606. 위례동주민센터 맞은편 근린공원,1,0
202204,2608. 송파구청,8,6
202204,2610. 송리단길,2,4
202204,2611. 송파지역자활센터 뒤,0,2
202204,2613. 잠실나들목,6,16
202204,2620. 송파나루역 4번 출구옆,4,3
202204,2621. 한성백제역 2번 출구,6,9
202204,2622. 올림픽공원역 3번출구,24,23
202204,2623.석촌동 주민센터,2,0
202204,2625.가락종합 사회복지관,3,0
202204,2632.석촌고분역 2번 출구,0,1
202204,2633.송파학사 옆,1,2
202204,2635.잠실새내역 1번출구,0,1
202204,2637. 아시아지하보도 14번 출구,2,0
202204,2639.석촌역 8번출구,1,2
202204,2641.송파역 4번출구,7,6
202204,2643.풍납중학교 측면,0,1
202204,2645.잠실나들목2(엘스아파트136동),3,0
202204,2646.레이크펠리스101동앞,1,2
202204,2647.잠실 자전거 수리센터 앞,2,0
202204,2648.헬리오시티 112동 앞,12,17
202204,2651.경찰병원역 3번출구 앞,1,1
202204,2656.풍납동 아이파크 107동 앞,3,2
202204,2658.가락몰 업무동,1,0
202204,267. 삼성화재 사옥 옆,3,7
202204,268. 그랜드컨벤션센터 앞,1,0
202204,270. 증권거래소후문교차로,0,1
202204,2707.한강아파트,0,1
202204,2708.강서한강자이타워 앞,1,2
202204,271. 샛강생태공원방문자센터 앞,3,0
202204,2715.마곡나루역 2번 출구 ,5,2
202204,2716.롯데 R&D 센터,2,0
202204,2717.LG유플러스 마곡사옥,2,1
202204,272. 당산육갑문,50,38
202204,2722.마곡 문영비지웍스,3,0
202204,2724.(재)FITI시험연구원,0,1
202204,2725.서울식물원 식물문화센터,4,7
202204,2728.마곡나루역 3번 출구,7,5
202204,2729.넥센 유니버시티 앞,0,2
202204,2730.마곡메가박스 앞,2,0
202204,274. 영등포역지하쇼핑센타 5번출구,2,3
202204,275. 신동아아파트,0,1
202204,276. 영등포로터리2,3,5
202204,278. 쌍용플레티넘오피스텔,0,3
202204,279. 영등포 푸르지오 아파트,1,2
202204,280. 양평동6차현대아파트 앞,1,0
202204,2801. 대륭포스트타워1차,3,1
202204,281. 신동아아파트 앞,1,1
202204,2816.항동지구 8단지 803동옆(주차장입구),0,1
202204,2824.미래사랑어린이공원 앞,0,1
202204,283. 아크로타워 스퀘어(영등포시장),2,0
202204,284. 센트럴 푸르지오 시티 앞,14,9
202204,287. 영등포전화국사거리 (서강어린이공원),1,1
202204,290. 당산동 SK V1 빌딩,0,1
202204,2903.월계초안아파트 1단지,0,1
202204,2904.중계3차청구아파트,0,1
202204,2909. 석계역 3번 출구,1,0
202204,291. 문래동 하이테크 시티,1,0
202204,2914.서울과학기술대학교(미래관),2,0
202204,2915.서울과학기술대학교(어학교육원),6,6
202204,2917.신창중학교 후문 맞은편 버스정류장,1,0
202204,293. 충북 미래관,2,2
202204,296.KT플라자 영등포점,3,0
202204,297.국회3문,0,2
202204,298.KBS 연구동 건너편,2,3
202204,299.여의도 순복음교회,4,4
202204,300. 정동사거리,2,3
202204,3002.벽산상암스마트큐브 ,9,4
202204,3005.마포구청 청사내,1,1
202204,3009.서교동사거리(신),10,11
202204,301. 경복궁역 7번출구 앞,3,1
202204,3010.홍대입구역 3번출구,56,33
202204,3011.경의선(노고산동),18,14
202204,3013.서울지방고용노동청 앞,2,2
202204,302. 경복궁역 4번출구 뒤,8,7
202204,303. 광화문역 1번출구 앞,1,1
202204,305. 종로구청 옆,6,1
202204,307. 서울역사박물관 앞,3,2
202204,308. 광화문 S타워 앞,2,2
202204,309. 광화문역 6번출구 옆 B,1,2
202204,310. 청계광장 옆,5,3
202204,3101. 서대문구청,1,0
202204,3102. 연희삼거리,3,0
202204,3104. e편한세상 신촌4단지 앞,0,4
202204,3107. 연희초등학교 앞,2,2
202204,3114.충정로역 3번 출구,1,0
202204,3116.신촌역 4번출구,7,8
202204,3117.이화여대 인문관 인근,5,11
202204,3119.연희 브라운스톤 아파트 앞,7,6
202204,3121.가좌삼거리,0,1
202204,3123.DMC파크뷰자이1단지 110동 앞,1,0
202204,3125.연희파크푸르지오아파트 앞,1,1
202204,3127.홍은2파출소 옆,1,0
202204,3128.동신병원 맞은편,1,1
202204,3130.가재울사거리,0,2
202204,3131.연가교 교차로,1,0
202204,3132.홍제교,0,1
202204,3134.SK리쳄블(상수도사업본부),3,0
202204,314. 국립현대미술관,7,3
202204,316. 종각역 1번출구 앞,4,4
202204,318. 광교사거리 남측,1,6
202204,320. 을지로입구역 4번출구 앞,5,5
202204,3201.당산skv1센터,0,6
202204,3204.도림고가도로 밑,1,2
202204,3205.문래현대2차,1,1
202204,321. KEB 하나금융그룹 명동사옥 옆,2,1
202204,3214.영등포 푸르지오,2,1
202204,322. 명동성당 앞,3,1
202204,3221.서울특별시 남부교육지원청,3,0
202204,324. 신세계백화점 본점 앞,2,10
202204,326. 안국역 5번출구 앞,3,9
202204,327. 낙원상가 옆,6,11
202204,328. 탑골공원 앞,4,2
202204,329. 청계2가 사거리 옆,4,1
202204,331. 을지로2가 사거리 북측,4,0
202204,3310.영락고등학교,1,2
202204,3311.서울대입구역 4번 출구,2,1
202204,332. 을지로2가 사거리 남측,2,1
202204,335. 종로3가역 15번출구 앞,1,2
202204,336. 티마크 호텔 앞,2,2
202204,337. 창경궁 입구,6,3
202204,338. 세운스퀘어 앞,2,0
202204,339. 종로4가 사거리,3,2
202204,340. 혜화동 로터리,6,0
202204,3402.이화공영주차장,1,0
202204,3404.서울특별시 중부교육지원청,2,0
202204,3406.세종로공원,1,0
202204,3407.안국동사거리(신),7,6
202204,3408.종로타워빌딩,8,0
202204,341. 혜화역 3번출구 뒤,2,3
202204,3410.종로3가역 8번출구,2,2
202204,3411.종묘,2,1
202204,3412.세운상가,3,1
202204,3414.종로5가역 4번출구,2,0
202204,3415.동대문역6번출구,2,3
202204,3416.동묘앞역 6번출구,1,0
202204,3419.국립어린이과학관,0,1
202204,342. 대학로 마로니에공원,1,6
202204,3420. 성균관대입구사거리,0,2
202204,3421.혜화역 1번출구,3,3
202204,3422.성균관대 정문,4,11
202204,3423.현대그룹(본사),1,0
202204,3425.광화문 풍림스페이스본 1단지앞,1,1
202204,343. 예일빌딩(율곡로) 앞,2,2
202204,3432.종로2가 사거리,7,3
202204,344. 성균관대 E하우스 앞,2,0
202204,345. 서울보증보험본사 앞,0,1
202204,346. 맥스타일 앞,3,1
202204,347. 동대문역사문화공원역 9번출구 앞,4,9
202204,348. 독립문역 사거리,4,2
202204,349. 사직동주민센터,3,4
202204,3500. 군자역2번출구,1,0
202204,3501. 광진구청 앞,1,0
202204,3504. 원일교회,1,4
202204,3505. 신양초교앞 교차로,4,3
202204,3506. 영동대교 북단,5,8
202204,3507. 어린이회관,1,0
202204,3508. 화양사거리,3,3
202204,3509. 세종사이버대학교,4,3
202204,351. 청운초교 앞 삼거리,1,0
202204,3510. 중곡SK아파트앞,0,1
202204,3511. 응봉역 1번출구,11,18
202204,3513. 상왕십리역 1번출구,5,2
202204,3515. 서울숲 관리사무소,51,71
202204,3518. 군자역 7번출구뒤,1,2
202204,352. 중앙고입구 삼거리,4,2
202204,3524. 세종대학교,2,0
202204,3525. 금호스포츠센터앞,1,2
202204,3528. 광진정보도서관,1,1
202204,3529. 어린이대공원정문,2,2
202204,353. 재동초교 앞 삼거리,8,8
202204,3533. 건대입구역 사거리(롯데백화점),12,16
202204,3534. 건대입구역 5번출구 뒤,6,3
202204,3536. 중앙농협(자양동),1,0
202204,354. 포르투갈 대사관 앞,5,4
202204,3541. 커먼그라운드,3,5
202204,3544.한양대역 3번 출구,12,6
202204,3545.한양대역 1번출구,10,12
202204,3548.뚝섬역 6번출구,3,6
202204,3549.건영아파트 앞,1,0
202204,355. 서울사대부속초교 앞,4,0
202204,3550.금호나들목,15,7
202204,3552.서울숲 공영주차장앞,45,45
202204,3553.마장역3번출구,1,1
202204,3557.서울숲리버뷰자이APT105동 앞,6,3
202204,3558.마장동 금호어울림APT앞,0,1
202204,3559.성동구민종합체육센터 앞,24,12
202204,356. KT혜화지사 앞,0,2
202204,3561.행당동 삼부APT후문,7,2
202204,3569.건대병원후문,13,5
202204,3570.구의역 리버비스타 오피스텔,1,4
202204,3571.화양 APT(횡단보도 옆),0,2
202204,3573.광나루안전체험관,0,2
202204,3579.광진 캠퍼스시티,1,0
202204,358. 성대입구 사거리,2,3
202204,359. 원남동사거리,7,4
202204,3600.사근빗물펌프장 건너편,14,23
202204,3604. 삼성중앙역 5번출구,0,1
202204,3606. 신사동주민센터 옆,3,3
202204,3609. 언주초등학교 입구,1,0
202204,361. 동묘앞역 1번출구 뒤,4,15
202204,3615. 서울 논현동우체국 앞,0,10
202204,362. 청계8가 사거리,3,3
202204,3627. 압구정나들목,16,17
202204,3628. 역삼1동 주민센터,0,1
202204,3629. 청담사거리(신한오피스텔빌딩 앞),0,2
202204,363. 신설동역 11번출구 뒤,1,3
202204,3630. 개포우성6차아파트 정문 앞,0,1
202204,3638. 신청담나들목,6,5
202204,3657. 서울천호동우체국,1,0
202204,3665. 고덕센트럴 아이파크상가 앞,0,3
202204,3668. 성내삼성아파트,1,0
202204,367. 독립문역 3-1번출구 ,0,2
202204,368. SK 서린빌딩 앞,3,6
202204,369. 광화문 시민열린마당,12,3
202204,3690. 강일역 4번출구,1,0
202204,370. 시청역(2호선) 9번출구 뒤,6,9
202204,371. 동대입구역 6번출구 뒤,1,3
202204,372. 약수역 3번출구 뒤,0,2
202204,374. 청구역 2번출구 앞,2,0
202204,3758. 서울남부출입국관리소,3,0
202204,3762. 마곡9단지 907동앞,0,2
202204,3769. 증미역 2번출구,1,0
202204,3778. 김포공항입구 교차로,2,2
202204,3787. 가양나들목,0,1
202204,3788. 정곡나들목,3,3
202204,3789. 염창나들목,4,2
202204,379. 서울역9번출구,2,6
202204,3794. 안양천합수부(현대3차아파트),0,2
202204,380. CJ제일제당 앞,1,0
202204,3807. 관악우체국 교차로,1,0
202204,3810. 신봉천주유소 B,0,1
202204,3812. KT관악지점,1,1
202204,3815. 광일빌딩,1,0
202204,3816. 관악 GSfresh,2,1
202204,3818. 은천교회 앞,0,1
202204,382. 약수역 10번출구 앞,4,1
202204,383. 신당역 12번 출구 뒤,2,1
202204,385. 종각역 5번출구,6,6
202204,3853. 어린이대공원역 2번출구,1,4
202204,3860. 건국대학교 정문 앞,1,2
202204,3868. 자양한강도서관,0,1
202204,387. 훈련원공원주차장 앞,13,6
202204,3879. 중랑천 뚝방길 산책로 입구,1,2
202204,388. 동성중학교 앞,0,2
202204,3881. 신자초교입구 교차로,2,4
202204,389. 을지로4가역 1번출구,1,0
202204,390. 충무로역 1번출구,2,1
202204,3904. 테크노마트 앞,3,5
202204,391. 시립미술관,0,2
202204,3910. 목양전원교회 앞 로터리,1,0
202204,3912. 삼호아파트 앞,1,0
202204,3914. 신도림쌍용플래티넘노블아파트 앞,2,1
202204,3917. 성공회대학교,0,1
202204,393. 동대문역 8번 출구,9,6
202204,3963. 에이스 하드웨어(시흥대로 396) 앞,0,1
202204,397. 종묘공영주차장 건너편,0,4
202204,399. 서울역 센트럴 자이아파트,1,2
202204,4004. 당고개입구오거리 당현천변,0,3
202204,4005. 중계2차 한화꿈에그린 101동 인근,3,0
202204,4008. 하계 어린이 공원,2,0
202204,4020. 중계동 성모빌딩 앞 ,1,0
202204,4023. 월계역 1번 출구,0,1
202204,4027. 한내 행복발전소 옆,2,2
202204,4029. 청소년수련관 후문,1,0
202204,4032. 은행사거리 성모빌딩 앞,0,1
202204,4035. 수락 행복발전소 앞,1,0
202204,4037. 물넘이교,0,1
202204,4043. 상계주공13단지 1301동,1,0
202204,4046. 경춘선 숲길,2,0
202204,405. DMC빌 앞,0,5
202204,4058. 다락원체육공원 전망대 입구,1,0
202204,4065. 창동역 1번출구 앞,2,3
202204,4077. 도봉제1교,2,2
202204,4102. 휘경1동주민센터 앞,2,1
202204,4103. 휘경sk뷰아파트 앞,3,3
202204,4104. 외대앞역 교차로,10,10
202204,4110. 용두롯데캐슬리치아파트 앞,2,0
202204,4113. 한국국방연구원 앞,1,4
202204,4116. 이문e편한세상아파트 앞,1,0
202204,4117. 휘경119안전센터 앞,0,2
202204,4121. 서울문화재단 앞,1,0
202204,4122. 청계9가교차로 앞,7,1
202204,4125. 회기역 2-①번출구,8,4
202204,413. 상암월드컵파크 3단지 후문,1,5
202204,415. DMC역 9번출구 앞,1,0
202204,4153. 흑석동효사정앞,2,4
202204,4167. 구로교 아래,1,0
202204,4169. 신대방삼거리,1,0
202204,417. DMC역 2번출구 옆,0,4
202204,4173. 중대후문 마을버스정류장,3,1
202204,4175. 대방역2번출구,0,1
202204,418. 월드컵경기장역 3번출구 옆,8,8
202204,419. 홈플러스 앞,8,5
202204,420. 서울시 공공자전거 상암센터,9,6
202204,4206. 광흥창역5번출구,3,1
202204,4207. 아만티호텔 앞,1,2
202204,4208. 스타벅스(동교동) 앞,7,3
202204,421. 마포구청 앞,10,0
202204,4210. 가좌행복주택 앞,2,2
202204,4211. 시석빌딩 앞,7,6
202204,4213. 마포구중앙도서관 정문 앞,2,0
202204,4217. 한강공원 망원나들목,63,105
202204,422. 문화비축기지,12,4
202204,4220. 신촌 청년주택,3,3
202204,4222. 서울디자인고등학교 앞,3,2
202204,4224. 서부운전면허시험장,1,0
202204,4226. 마포프레스티지자이 1,1,1
202204,4233. 코오롱아파트사거리,12,4
202204,4234. 에스테반,1,0
202204,4238. 상암한샘빌딩앞,0,2
202204,424. 롯데하이마트 (상암월드컵점) ,2,0
202204,4244. 당인리발전소 공원 앞,13,8
202204,4246. 상수역새마을금고,5,1
202204,4248. 신촌 교보빌딩,2,1
202204,4251. 공덕역 경의선숲길 커뮤니티센터,1,1
202204,426. 서울신용보증재단,2,2
202204,4262. 서대문자연사박물관 입구,5,14
202204,4267. 서대문역 2번 출구,1,0
202204,427. 성산시영아파트,2,15
202204,428. 명보사거리,0,1
202204,430. KEB하나은행 장충동지점,0,2
202204,4306. 서래공원 앞,2,2
202204,431. 청계천 영도교,2,4
202204,4313. 반포종합운동장,3,2
202204,4316. 고속터미널역 3번출구,1,0
202204,4317. 양재근린공원,1,0
202204,4327. 몽마르뜨공원입구,1,0
202204,433. 을지로입구역 2번출구,4,4
202204,"4330. 반포한강공원입구,씨티21옆",52,76
202204,435. SK 남산빌딩,2,11
202204,4353. 코오롱디지털타워 3차앞,5,3
202204,436. 이대역 5번출구,6,5
202204,4362. 행당중학교 후문,15,17
202204,437. 대흥역 1번출구,10,9
202204,4370. 서울숲IT캐슬 앞,1,6
202204,4373. 서울숲 지식산업센터,3,1
202204,438. 성산2-1 공영주차장,5,2
202204,4381. 더스페이스타워 앞,2,4
202204,4383. 푸조비즈타워 앞,0,1
202204,440. 하늘공원 입구,33,27
202204,4406. 장곡초등학교 앞,0,1
202204,441.염천교사거리,4,2
202204,4414. 안암역 3번 출구,10,12
202204,4418. 종암동 동덕여대 제2생활관 앞,0,4
202204,443.호암아트홀,1,2
202204,445.대한상공회의소,8,13
202204,4457. 아산병원 기숙사 부근,2,2
202204,4458. 가락2동주민센터 인근,1,0
202204,4464. 올림픽공원 북2문,3,8
202204,4468. 가락1동주민센터 ,4,6
202204,4472. 송파파크데일 1단지 115동 건너편,2,4
202204,4481. 올림픽공원 북2문 2,0,5
202204,4483. 잠실나들목4,8,14
202204,4484. 잠실나루역4번출구뒤,12,15
202204,4486. 홈플러스 잠실점,6,5
202204,450. 효자동 삼거리,1,1
202204,4500. 풍납나들목,0,2
202204,4508. 유원목동아파트 103동 앞,3,1
202204,4528. 양천구청역 1번출구,1,0
202204,453. 종로오가 지하쇼핑센터 14번출구,4,2
202204,4536. 양천해누리체육공원,0,1
202204,454. 종로2가 버스정류장 (종각방향),1,1
202204,455. 종로6가역 버스정류장(동대문 방향),1,2
202204,4553. 당산삼성2차아파트,2,1
202204,4557. 리버뷰신안인스빌2차 후문,0,2
202204,4559. 신길역 2번출구,2,0
202204,4561. 양평역 1번출구,0,6
202204,4563. 여의도 은하아파트,1,0
202204,4564. 63스퀘어,7,15
202204,4565. 영등포 신세계백화점,4,5
202204,4566. 대림성원상떼빌아파트,8,0
202204,4568. 영등포로터리,0,1
202204,457. 종로꽃시장 입구 옆,1,1
202204,4574. 영등포시장역 포레나영등포,2,3
202204,4579. 국회의사당 본관,2,1
202204,458. 광화문역 5번출구,5,6
202204,4582. 국회도서관,0,1
202204,4583. 의정관,1,0
202204,4585. 국회6문,0,1
202204,4589. KRX한국거래소(1),9,4
202204,4590. KRX한국거래소(2),8,5
202204,4592. 신길우성4차아파트,3,3
202204,4594. 양평교 영등포대여소,1,3
202204,4601.양평역2번출구 뒤,0,4
202204,4602. 숙명여대앞 버스정류소 주변,0,2
202204,4604. 원효로다목적체육관 앞,2,1
202204,"4605. 노들섬 다목적홀(동쪽) 숲, 앞",10,11
202204,4607. 국립중앙박물관 -용산가족공원 앞,5,4
202204,4608. 국립중앙박물관 정문 앞,0,1
202204,4609. 파크타워 104동 앞,4,1
202204,4610. 한남나인원 105동 앞,2,0
202204,4612. 한남 준 J.FSS 앞,0,4
202204,4613. 서울갤러리아 앞,6,3
202204,4615. 크라운호텔앞 버스정류소,12,22
202204,4616. 신용산지하차도 앞,0,2
202204,4617. 동원베네스트 건너편,1,1
202204,4618. 풍전아파트 건너편,2,0
202204,4619. 한강트럼프월드3차 앞,10,11
202204,4620. 삼각지역 14번 출구 앞(교통섬),5,2
202204,4621. 남산도서관 앞,4,1
202204,4622. 한강중학교 앞 버스정류장,3,3
202204,4623. 라인프랜즈이태원점 앞,4,1
202204,4627. 효창공원앞역 5번출구 옆,2,0
202204,4629. 한강초교보도육교 앞,7,9
202204,4632. 용산 푸르지오 파크타운 1단지 앞,0,3
202204,4633. 센트럴파크타워 앞,3,4
202204,4634. 이태원역 3번 출구,18,12
202204,464. 삼청동 골목,2,4
202204,466.롯데호텔,6,0
202204,467.한국은행,2,1
202204,468.웨스틴 조선호텔,8,6
202204,469.회현역 1번출구,3,2
202204,470.회현역 7번출구,2,5
202204,4705. 웰니스센터(민방위교육장 앞),4,9
202204,4707. 청계3가 사거리,6,6
202204,4708. 조계사앞사거리,1,11
202204,471.회현사거리 남측,6,12
202204,4710. 자교교회 앞,3,1
202204,4711. 올림픽기념 국민생활관 로터리,2,0
202204,472.삼일교(시그니쳐 타워),2,0
202204,473.을지로4가역 9번출구,1,2
202204,474.동대문역사문화공원역 1번출구 뒤편,13,5
202204,475.DDP 패션몰,6,1
202204,4752. 삼성사이버빌리지아파트,1,1
202204,4753. 우리은행 서소문금융센터,2,3
202204,476.광희문,15,8
202204,4762. 국제빌딩,2,0
202204,4765. 동대문디자인플라자,4,5
202204,4766. 서소문성지역사박물관,1,0
202204,4768. 서울도시건축전시관,10,6
202204,4774. 을지로입구역 8번출구,2,2
202204,4775. 을지로지하쇼핑센터,1,0
202204,4776. 신세계면세점,4,5
202204,4777. 약수동 주민센터,0,2
202204,4778. 대신파이낸스센터,1,3
202204,4782. 서소문역사공원,1,2
202204,4785. 롯데시티호텔,0,2
202204,479.동대입구역 3번 출구,3,0
202204,4791. 명동역9번 출구,12,19
202204,4792. 퇴계로4가 교차로(중구청),6,5
202204,4793. 동대문역사문화공원역 5번출구,3,1
202204,4794. 서울역 서부교차로(3),1,2
202204,4796. 부산은행,2,4
202204,4797. KG타워 앞,14,20
202204,4798. 황학동롯데캐슬,2,2
202204,480.약수역 6번 출구,0,2
202204,4800. 필동 삼거리,1,2
202204,4801. 충정로역 2호선(엘리베이터 앞),1,0
202204,483.남산타운아파트 버스정류장,1,0
202204,484.도동삼거리,1,1
202204,485.서울역5번출구,7,2
202204,4852. 서울복합물류 게이트 1,4,2
202204,4856. 올림픽공원 서1문 앞,8,3
202204,4857. 올림픽공원 장미광장,0,1
202204,4859. 잠실나루 나들목,14,7
202204,4862. 성내교 남단,0,4
202204,4863. 잠실나들목5,6,1
202204,4864. 송파사거리,5,4
202204,4865. 한성백제역 1번출구 뒤,0,1
202204,4867. 가락대림아파트 앞,0,2
202204,4868. 석촌호수 서호 남단,7,7
202204,4869. 잠실나들목6,2,4
202204,487.신석초교앞 교차로 교통섬,5,3
202204,4870. 몽촌토성역 3번 출구,6,2
202204,4874. 탄천1교 하부보도,1,1
202204,4884. H비즈니스파크,1,0
202204,4888. 둔촌오륜역 2번출구,1,0
202204,4891. 위례포레샤인17단지 위례대로 방면,4,2
202204,4901.KT&G타워 옆(상상마당 대치아트홀),5,4
202204,4902. 구역삼세무서 교차로,1,0
202204,492.성산시영아파트 후문,3,3
202204,493.홍대입구역 6번출구,13,18
202204,494.신수동주민센터,1,2
202204,495.염리초등학교 앞,1,1
202204,497.합정동주민센터 앞,5,8
202204,498.연남동주민센터 앞,4,8
202204,500. 어린이대공원역 3번출구 앞,1,1
202204,501. 광진구의회 앞,3,0
202204,502. 뚝섬유원지역 1번출구 앞,87,90
202204,506. 금호 어울림 아파트 앞,3,2
202204,5064. 양천향교역8번출구,1,0
202204,5065. 허준박물관삼거리,4,4
202204,5066. 아망떼마곡전시장,0,2
202204,5073. 우장산역 헤링턴타워 앞,1,0
202204,508. 성수아카데미타워 앞,2,1
202204,509. 이마트 버스정류소 옆,7,2
202204,510. 서울숲 남문 버스정류소 옆,17,40
202204,511. 서울숲역 5번 출구 옆,14,16
202204,512. 뚝섬역 1번 출구 옆,3,5
202204,513. 뚝섬역 5번 출구 정류소 옆,1,0
202204,514. 성수사거리 버스정류장 앞,1,1
202204,515. 광양중학교 앞,3,2
202204,516. 광진메디칼 앞,3,3
202204,518. 청계천 박물관 앞,1,1
202204,519. 양지사거리,2,0
202204,520. 상왕십리역 4번 출구 앞,0,2
202204,521. 왕십리역 11번 출구 앞,2,3
202204,522. 금호역 1번출구 앞,0,1
202204,525. 한양대병원사거리,11,7
202204,529. 장한평역 8번 출구 앞,4,3
202204,530. 청계벽산아파트 앞,0,1
202204,533. 금남시장 교차로,3,4
202204,534. 금호사거리,4,0
202204,536. 행당역 2번출구 앞,0,1
202204,537. 한양대후문역 부근,3,2
202204,538. 답십리역 8번출구 앞,2,0
202204,539. 군자교교차로,1,1
202204,542. 강변역 4번출구 뒤,0,2
202204,543. 구의공원(테크노마트 앞),3,3
202204,544. 광남중학교,3,5
202204,548. 자양나들목,2,8
202204,550. 서울시설공단 앞,1,5
202204,552. 대림아크로리버 앞,2,1
202204,553. 중곡 성원아파트 앞,1,2
202204,556. 달맞이공원,4,2
202204,557. 도선동 주민센터 앞,1,0
202204,559. 왕십리역 4번 출구 건너편,0,1
202204,561. 서울숲역 2번출구 앞,7,6
202204,562. 군자지하보도 앞,2,4
202204,564. 금호역 3번출구,0,1
202204,565. 옥수역 3번출구,17,15
202204,567. 성수역 2번출구 앞,3,0
202204,568. 청계8가사거리 부근,2,1
202204,569. 응봉현대아파트 정류소,0,5
202204,571. 어린이대공원역6번출구,3,5
202204,573. 구의문주차장 앞,0,1
202204,574. 아차산역4번출구,2,1
202204,575. 대원중고교 입구(대하빌딩),3,0
202204,576. 광나루역 3번 출구,1,2
202204,577. 광진청소년수련관,3,2
202204,582. 경일중학교 앞,1,6
202204,584. 광진광장 교통섬,0,2
202204,585. 성수2가1동 공영주차장 인근,1,7
202204,5851. 도림천 건널목 위,0,2
202204,586. 마장동 주민센터,1,1
202204,587. 유니베라 앞,3,2
202204,588. 뚝섬 유원지역,11,3
202204,589. 성수역3번출구,9,8
202204,590. 건국대학교 (입학정보관),4,3
202204,592. 건국대학교 학생회관,5,1
202204,593.자양중앙나들목,4,4
202204,605. 신설동역8번출구,3,3
202204,606. 휘경공고앞,1,1
202204,609. 제기2교,12,6
202204,612. 시립동부병원 앞 사거리,1,1
202204,613. 신설동역 10번출구 앞,7,1
202204,614. 용두동 사거리,2,1
202204,615. 용두동 래미안허브리츠아파트 앞,3,2
202204,616. 서울시립대 앞,0,1
202204,622. 전농사거리 교통섬,2,3
202204,623. 서울시립대 정문 앞,3,2
202204,625. 답십리초등학교 앞(현대시장 옆),1,1
202204,626. 군자교 서측 녹지대,3,1
202204,627. 장안동삼거리 교통섬,0,1
202204,628. 휘봉고등학교 앞,1,1
202204,630. 동대문구 보건소,0,1
202204,631. 답십리역 1번출구,1,2
202204,633. 청량리 기업은행 앞,1,0
202204,634. 외국어대 정문 앞,11,18
202204,635. 시조사 앞 (청량고정문 옆),5,2
202204,636. 세종대왕기념관 교차로,2,2
202204,637. KAIST 경영대학 앞,2,1
202204,638. 서울시립대 정보기술관,13,12
202204,639. 서울시립대 후문,5,11
202204,641. 용두역 4번출구,6,5
202204,642. 신답역 사거리,0,1
202204,643. 동대문구민체육센터 (육교아래),4,7
202204,646. 장한평역 1번출구,1,2
202204,648. 장안동위더스빌옆,4,4
202204,660. 동의보감타워,5,1
202204,661. 경희대학교 청운관,1,0
202204,663. 외대앞역 4번출구,3,0
202204,664. 서울시립대 건설공학관,7,5
202204,667.청량차도 육교 밑,0,1
202204,669.청계한신휴플러스앞 삼거리,3,3
202204,671.대광빌딩,0,1
202204,672.대광고등학교,5,7
202204,673.안암골벽산아파트(후문),1,0
202204,674.고대앞사거리 교통섬,29,9
202204,677.청량리역 4번 5번출구 사이,0,1
202204,680.꿈마루어린이도서관 앞,1,2
202204,701. 목동사거리 부근,1,1
202204,703. 오목교역 7번출구 앞,0,2
202204,740. 으뜸공원,0,1
202204,742. 등촌역 5번 출구 뒤,1,0
202204,749. 이대목동병원보도육교,0,1
202204,752. 성원2차 아파트,0,1
202204,755. 목동1단지아파트 상가 앞,0,2
202204,768.목동5단지아파트 501동,1,0
202204,771.목동아파트 703동 앞,1,0
202204,776.목마공원,1,0
202204,780.신정교 하부,1,0
202204,788.양천구청역 2번출구 옆,1,0
202204,792.목동트라팰리스 웨스턴에비뉴,0,1
202204,800. 목월공원 앞,0,1
202204,802. 한강진역 2번 출구 앞,5,1
202204,803. 한남초교 앞 보도육교,1,2
202204,805. 문배어린이공원 앞,7,2
202204,806. 전자랜드 본관 앞,4,2
202204,807. 서울역 12번 출구 앞,17,11
202204,808. 서빙고동 금호맨션 앞,3,5
202204,809. 한남 유수지 복개주차장,13,2
202204,810. 이태원지하보도,19,10
202204,811. 녹사평역1번출구,18,16
202204,812. 용산전쟁기념관,8,5
202204,813. 삼각지역 3번출구,12,2
202204,815. LIG강촌아파트 103동앞,19,26
202204,816. 신용산역 6번출구 앞,9,2
202204,817. 삼각지역 4번출구 앞,3,0
202204,818. 숙명여대 입구 교차로,3,2
202204,819. 선린인터넷 고등학교,8,5
202204,820. 청파동입구 교차로,5,1
202204,822. 이촌1동 마을공원,2,4
202204,825. 서빙고동 주민센터 앞,44,56
202204,826. 서울역 서부교차로2,2,2
202204,827. 국군복지단,2,0
202204,828. 숙대입구역 8번,3,4
202204,829. 베르가모앞,23,21
202204,831. 이태원관광특구입구,6,1
202204,832. 이촌1동 주민센터 뒤,18,7
202204,834. 효창공원앞역 3번출구 뒤,0,3
202204,835. 남영역 건너편,1,7
202204,836. 현대자동차서비스 앞,6,8
202204,837. 한남나들목 입구,16,15
202204,838. 숙대입구역 4번출구,11,6
202204,839. 보광동 삼성리버빌아파트 앞,11,14
202204,840. 용산 파크타워 앞,6,6
202204,841. 신용산역 1번 출구,4,3
202204,843. 녹사평역 광장,4,2
202204,844. 이촌2동 동원베네스트 아파트 앞,2,5
202204,845. 용산 선인상가,1,0
202204,846. 용산중학교,20,21
202204,847. 국방부민원실옆,1,1
202204,848. 삼각지12번 출구,2,5
202204,849. 삼각지 자이아파트,15,1
202204,850. KCC용산월츠타워 ,6,6
202204,852.청암자이APT(103동),2,5
202204,853.용산역 맞은편,15,12
202204,857. 현대 안성타워,2,3
202204,858.녹사평역3번 출구,4,11
202204,859.남산공원 야외식물원 앞,2,0
202204,860.LG한강 자이아파트 앞,13,15
202204,863.이촌역2번 출구,5,1
202204,864.순천향대학병원(한남오거리),6,11
202204,865.하얏트호텔 앞,4,2
202204,866.브라운스톤 남산아파트,0,3
202204,867.서빙고역 광장(1번출구),3,1
202204,869.노들섬 동측 앞,5,5
202204,870.노들섬 서측 앞,32,24
202204,905. 구파발역 2번출구,1,0
202204,906. 연신내역 5번출구,1,0
202204,907. CJ 드림시티,2,1
202204,914. 새절역 2번출구,3,2
202204,915. 증산역 4번출구,0,1
202204,919. 서울혁신파크,2,0
202204,921. 신도고등학교,1,0
202204,922. 연신내역 4번출구,0,2
202204,948. 디지털미디어 시티역 4번출구(DMC역),0,2
202204,962. 은평뉴타운 힐데스하임,0,1
202204,989. 신응교(가좌로) 앞,1,1
202204,993.은평뉴타운 은뜨락아파트앞,0,1
202204,9980. 에이텍,1,1
202205,1002. 해공공원(천호동),1,1
202205,1004. 삼성광나루아파트 버스정류장,3,5
202205,1008. 암사역 3번출구(국민은행앞),4,6
202205,1009. 천호역4번출구(현대백화점),2,2
202205,1010. 강동세무서,1,0
202205,1011. LIGA 아파트 앞,0,2
202205,1013. 강동구청역 1번 출입구,0,1
202205,1019. 다성이즈빌아파트(호원대 대각선 맞은편),3,1
202205,102. 망원역 1번출구 앞,17,12
202205,1022. 길동 사거리(초소앞),0,2
202205,1024.  강동구청 앞,1,0
202205,1028. 포레스 주상복합 빌딩,1,1
202205,103. 망원역 2번출구 앞,7,6
202205,1031. 올림픽로 836(아리수로),1,1
202205,1035. 고덕역 4번출구,0,2
202205,104. 합정역 1번출구 앞,14,11
202205,1041. 묘곡초등학교,2,0
202205,1047. 강동 한신휴플러스,0,2
202205,105. 합정역 5번출구 앞,6,9
202205,1050.  둔촌역 3번 출입구,6,5
202205,1053. 동명근린공원 진입로 (아리수로),1,0
202205,106. 합정역 7번출구 앞,32,51
202205,107. 신한은행 서교동지점,9,2
202205,1070.(시립)고덕평생학습관,0,1
202205,1072.고덕역 5번출구,2,0
202205,1076. 천동초교입구사거리 버스정류장(십자성마을 방면),1,0
202205,108. 서교동 사거리,48,45
202205,1080.엘웨딩,0,1
202205,1082.중앙보훈병원역3번출구,1,0
202205,1084. 윤선생빌딩(JYP사옥),0,3
202205,1088.풍납사거리(강동),0,2
202205,109. 제일빌딩 앞,10,13
202205,1090.상일동역 2번출구 앞,1,1
202205,1102. 방화사거리 마을버스 버스정류장,0,2
202205,1108. 공항시장역 2번출구 뒤,2,2
202205,1109. 공항시장역 4번출구,1,0
202205,111. 상수역 2번출구 앞,13,22
202205,1112. 마곡엠밸리4단지 정문,0,1
202205,1113. 서남환경공원 버스정류장,1,1
202205,1118. 증미역 3번출구뒤(등촌두산위브센티움오피스텔),4,5
202205,1119. 염창동 한마음아파트 앞,2,0
202205,112. 극동방송국 앞,18,16
202205,1120. 대림경동아파트앞,1,0
202205,1121. 가양레포츠센터 앞,0,1
202205,1122. 황금내근린공원,4,5
202205,1124. 발산역 6번 출구 뒤,3,2
202205,1125. 명덕고교입구(영종빌딩),3,0
202205,113. 홍대입구역 2번출구 앞,44,30
202205,1131. 꿈돌이공원 앞,0,1
202205,1139. 용문사 버스정류장,0,1
202205,114. 홍대입구역 8번출구 앞,40,30
202205,115. 마스타 빌딩 앞,12,8
202205,1151. 마곡역1번출구,2,2
202205,"1153. 발산역 1번, 9번 인근 대여소",5,5
202205,1155. 기쁜우리복지관,1,0
202205,1157. 강서구청,0,1
202205,1158. 가양역 8번출구,5,2
202205,116. 일진아이윌아파트 옆,7,2
202205,1160. 양천향교역 7번출구앞,1,4
202205,1161. 강서면허시험장 앞,0,1
202205,117. 홍은사거리,5,4
202205,1172. 가양3동 주민센터,1,1
202205,1173. 강서구청사거리(SH타워),5,3
202205,118. 광흥창역 2번출구 앞,5,0
202205,1181. 농수산식품공사 (강서지사),1,0
202205,119. 서강나루 공원,21,19
202205,"1191. 마곡역 버스정류장(마곡나루역1번출구, 웰튼병원 방면)",1,1
202205,1193. 마곡센트럴타워 1차,0,1
202205,1195. 코오롱One&Only타워,2,2
202205,1197. 엠펠리체 호텔 건너편,7,3
202205,1199. 우장산역 3번출구,0,1
202205,120. 신수동 사거리,2,2
202205,1201. 가락시장역 3번 출구,2,1
202205,1203. 밀리아나2빌딩 앞,2,0
202205,1205. 종합운동장역 4번출구,4,9
202205,1206. 9호선종합운동장역 9번출구,0,1
202205,1207. 마천중앙시장,0,1
202205,1209. 잠실나루역 (2번 출구 쪽),6,2
202205,121. 마포소방서 앞,3,0
202205,1210. 롯데월드타워(잠실역2번출구 쪽),25,17
202205,1211. 방이삼거리,9,2
202205,1212. 송파역 2번 출구앞,1,1
202205,1215. 올림픽공원역 1번출구 앞,2,2
202205,1218. 방이역 4번출구,3,2
202205,122. 신성기사식당 앞,2,1
202205,1221. 삼전역 4번출구,0,1
202205,1222. 잠실새내역 5번 출구 뒤,5,5
202205,1224. 아시아지하보도 2번 출구,11,6
202205,1228. 마천사거리 ,0,1
202205,123. 문화촌 공원,7,3
202205,1230. 송파중학교 정문,0,1
202205,1231. 잠실역 6번출구,9,26
202205,1232. 잠실주공 521동 건너편,2,5
202205,124. 서강대 정문 건너편,2,14
202205,1245. 문정 법조단지9,1,0
202205,1247. 문정 법조단지11,1,0
202205,1248. 방이초등학교,4,6
202205,1249. 아주중학교건너편,2,1
202205,125. 서강대 남문 옆,5,10
202205,1251. 석촌역 2번출구,3,1
202205,1256. 문정현대아파트 교차로,1,0
202205,1257. 가락시장역 사거리,0,1
202205,126. 서강대 후문 옆,13,23
202205,1260. 방이동 한양3차아파트 옆,1,0
202205,1264. 천호역 10번 출구 앞,3,5
202205,1267. 올림픽공원 남2문 앞,1,3
202205,1268. 몽촌토성역 1번출구 옆,22,21
202205,1269. 리센츠아파트 ,4,1
202205,127. 현대벤처빌 앞,3,0
202205,1274. 영파여고 앞,0,1
202205,1278. 송파구청 교차로,4,7
202205,128. 신촌역(2호선) 1번출구 옆,16,8
202205,1280. 송파파크데일 2단지입구 앞 주차장,1,0
202205,1282. 송파소방서 맞은편(성내4교),0,1
202205,1283. 오금공원 사거리,1,0
202205,1286. 위례중앙푸르지오 1단지 앞,0,1
202205,129. 신촌역(2호선) 6번출구 옆,4,5
202205,1291. 서울체육고등학교 앞,1,2
202205,1293. 석촌호수 서호 사거리,3,3
202205,1295. 잠실역 8번출구,9,10
202205,1296. 석촌호수교차로 (송파나루근린공원 앞),0,1
202205,1297. 석촌호수교차로(동호 팔각정 앞),6,2
202205,130. 신촌역(2호선) 7번출구 앞,22,16
202205,1305. 성북구청,3,0
202205,1306. 한성대입구역2번출구,7,4
202205,1308. 안암로터리 버스정류장 앞,14,16
202205,1315. 고려사대부속중고 정문,1,10
202205,1318. 길음역 3번출구 뒤,0,1
202205,1319. 종암사거리 분수대,1,0
202205,1321. 국민은행 종암동지점 앞,11,9
202205,1323. 월곡역 입구 육교 밑,2,0
202205,1326. 상월곡역 1번출구,1,0
202205,1327. 상월곡역 3번출구,5,0
202205,1328. 월곡역 3번출구,0,1
202205,133. 해담는다리,1,0
202205,1332. 석계역 5번출구 건너편,1,1
202205,1334. 석관동주민센터 앞,1,1
202205,1336. 성북3교 위,0,2
202205,1337. 돈암성당 옆,27,26
202205,1338. 용문2교 옆,2,4
202205,1339. 삼성전자서비스 성북센터,1,1
202205,134. 연세로 명물길,15,17
202205,1343. 한성대7번출구 앞,0,1
202205,1344. 아리랑시네센터 앞,1,3
202205,135. 명물길 원형무대 앞,11,6
202205,1351. 안암2교 옆,3,4
202205,1354. 고려대학교 2번출구,23,11
202205,1355. 보문2교,9,14
202205,1359. 장위뉴타운 꿈에 숲 코오롱 하늘채 앞,0,2
202205,1362. 보문역6번출구 앞,2,0
202205,1363. 보문4교 인근,7,6
202205,1366. 일신초등학교 옆,1,1
202205,1367. 길음문화복합미디어센터,1,0
202205,1368. 성신여대입구 교차로,6,1
202205,1369. 미아사거리,1,1
202205,137. 신촌기차역입구 교차로,5,5
202205,1372. KEB은행 고대점,7,7
202205,1375. 생명의 전화 종합복지관 앞 교차로,0,1
202205,1377. 한국과학기술연구원 북문,1,0
202205,138. 신촌동 제1공영주차장 앞,3,3
202205,1381.석계역 4번출구 뒤,1,3
202205,1384.성신여대입구역 5번출구,3,0
202205,1385.성신여대입구역 3번출구 앞,2,2
202205,1386.동선고가차도 초입,1,1
202205,139. 연세대 정문 건너편,2,3
202205,1390.석관래미안아트리치,1,1
202205,1394.길음뉴타운 래미안9단지,0,2
202205,140. 이화여대 후문,14,9
202205,1401. 극동늘푸른아파트,0,2
202205,1403. 중화빌딩 앞 (동부시장),0,2
202205,141. 연대 대운동장 옆,1,0
202205,1413. 봉화산역 5번출구 뒤,0,1
202205,142. 아현역 4번출구 앞,0,2
202205,1427. 용마산역 1번출구,0,1
202205,143. 공덕역 2번출구,4,1
202205,1433. 중화역 2번출구,1,1
202205,144. 공덕역 8번출구,11,4
202205,1442. 중랑구 중소기업 창업센터,0,1
202205,1447. 면목역 3번출구,1,0
202205,1449. 상봉역 1번출구,1,0
202205,1451. 중랑세무서,5,2
202205,1452. 겸재교 진입부,3,1
202205,146. 마포역 2번출구 뒤,11,10
202205,1462.동부시장 북문 앞,1,1
202205,1464.중화역 4번출구,0,1
202205,147. 마포역 4번출구 뒤,14,11
202205,1479.면목 홈플러스 2 ,1,1
202205,148. 용강동 주민센터 앞,9,4
202205,1480. 용마지구대 옆,1,0
202205,150. 서강대역 2번출구 앞,7,8
202205,1503. 이디야 커피 수유역점 앞,2,3
202205,1512. 강북중학교 앞,8,14
202205,1519. 세븐일레븐 수유장미원점 앞,1,0
202205,1520. 성실교회,1,1
202205,153. 성산2교 사거리,7,1
202205,1531. 미아사거리 1번 출구,0,3
202205,1535. 효성인텔리안 앞,11,10
202205,1538. 솔밭공원역,2,0
202205,154. 마포구청역 ,4,9
202205,1546. 송천동우체국,1,0
202205,1548. 북서울 꿈의숲 서문,1,0
202205,1551.4.19탑 앞,0,1
202205,156. 서울서부지방법원 앞,1,0
202205,1564.4.19민주묘지역 1번출구,4,5
202205,1565.대한병원앞,5,1
202205,1569.수유역2번출구,1,1
202205,157. 애오개역 4번출구 앞,4,0
202205,1574.송중초등학교 옆,1,0
202205,159. 이대역 4번 출구,6,6
202205,160. 북아현동 가구거리,3,1
202205,1601. 석계역 문화광장 내 자전거 보관소,1,2
202205,1608. 공릉역 1번 출구 앞,1,0
202205,161. 무악재역1번 출구,3,1
202205,1611. 과기대 입구(우),4,4
202205,162. 봉원고가차도 밑,10,2
202205,1625. 상계역(4번출구),2,0
202205,163. 명지전문대학교 정문 앞,0,1
202205,1630. 수연빌딩 앞,0,1
202205,1635. 상계3.4동 주민센터 대여소,0,1
202205,1637. KT 전화국 버스정류장 옆,1,5
202205,1643. 태릉입구역 8번출구,7,6
202205,1646. 삼육대 입구,3,1
202205,1650. 중계근린공원내,1,1
202205,1653. 노원역1번출구,0,3
202205,1654. 당고개입구 오거리,3,1
202205,1657. 노원구청 ,0,1
202205,166. 가재울 초등학교,2,0
202205,1662. 노원역7번출구,1,1
202205,1663. 동해문화예술관앞,7,6
202205,1668. 중계역 6번출구,1,1
202205,1674. 서울북부고용센터앞,0,1
202205,1679. 삼육대 도서관,1,1
202205,1684. 태릉입구역 5번출구,1,0
202205,170. DMC파크뷰자이아파트 302동 앞,2,3
202205,1708. 보건소사거리(다비치안경창동점),2,3
202205,171. 임광빌딩 앞,4,0
202205,1720. 도봉구청 옆(중랑천변),2,0
202205,1721. 창동역 2번출구 ,1,1
202205,173. 서대문역 8번출구 앞,2,1
202205,1741. 제일강산수산입구,0,2
202205,1742. 북한산 코오롱 하늘채,11,7
202205,175. 홍연2교옆,16,16
202205,1751. 창원초등학교 교차로,1,0
202205,1765.쌍문역 1번 출구(양산부인과 빌딩),0,1
202205,179. 가좌역 4번출구 앞,1,1
202205,180. 충정로역 7번출구 아래,2,0
202205,181. 망원초록길 입구,18,23
202205,1816. 금천폭포공원 앞,1,0
202205,182. 망원2빗물펌프장 앞,29,14
202205,1824. 독산근린공원 입구,1,1
202205,183. 하늘채코오롱아파트 건너편,8,3
202205,1833. 독산역 1번출구 앞 자전거보관소,0,1
202205,1834. 월드메르디앙 벤처센터 2차,1,0
202205,184. 7번가피자 서교망원점,5,6
202205,185. 마포 신수공원 앞,10,7
202205,186. 월드컵공원,14,14
202205,1861.IBK기업은행 석수역 지점 앞,2,0
202205,188. 홍은동 정원여중 입구,0,2
202205,1904. 도림천역 1번 출구 앞,0,1
202205,1906. 신도림역 1번 출구 앞,11,4
202205,191. 서우빌딩,0,1
202205,1911. 구로디지털단지역 앞,5,2
202205,1914. 대림역4번출구,1,0
202205,192. 연서어린이공원,1,0
202205,1925. 동양미래대학교 정문 옆,0,1
202205,1928. 고척스카이돔구장 광장,0,1
202205,195. 모래내고가차도 ,0,1
202205,1952. 천왕연지타운2단지 앞,0,2
202205,1955. 디지털입구 교차로,1,0
202205,1959. 구로구의회 앞,0,1
202205,1960. 구로거리공원 동측(신도림역 방면),0,1
202205,1962. 가리봉동주민센터,1,1
202205,1975. 대림역 1번 출입구 밑,1,1
202205,198. 충정2교,1,2
202205,1985. 구로도서관,3,0
202205,199. 서울 월드컵 경기장,17,11
202205,1991. 오류동역 맞은편,1,0
202205,1996. 구일역 1번 출입구 앞,1,1
202205,2000. 신도림4차 e편한세상 아파트 1109동 앞,1,0
202205,2002. 노들역 1번출구,14,27
202205,2003. 사육신공원앞,6,4
202205,2007. 유한양행앞,3,0
202205,2009. 보라매역 8번출구,0,1
202205,201. 진미파라곤 앞,5,6
202205,2013. 장승배기역 5번출구,1,1
202205,202. 국민일보 앞,19,16
202205,2020. 장승배기역2번출구뒷편쪽,0,1
202205,2024. 상도역 1번출구,1,0
202205,2025. 흑석역 1번출구,47,37
202205,2026. 흑석역 4번출구,9,0
202205,2027. 중앙대학교 정문 1,24,25
202205,203. 국회의사당역 3번출구 옆,2,7
202205,2032. 이수역 11번출구쪽,2,1
202205,2034. 사당역 7번출구쪽,0,2
202205,2037. 동작역 5번출구 동작주차공원,18,7
202205,2038. 동작역 7번출구,0,3
202205,204. 국회의사당역 5번출구 옆,6,0
202205,2040. 비계 버스정류소,0,1
202205,2048. 삼일초등학교 인근,1,0
202205,205. 산업은행 앞,5,4
202205,2050. 노량진역 5번출구,6,4
202205,2054. 삼익아파트,2,1
202205,2058. 동작경찰서,10,5
202205,206. KBS 앞,4,6
202205,2069. 숭실대 입구역3번 출구 앞,0,3
202205,207. 여의나루역 1번출구 앞,231,198
202205,2070. 노량진역 2번 출구 앞,1,11
202205,2077.노들역 3번출구,33,43
202205,2079.중앙대학교 중앙광장,0,5
202205,2080. 대방지하보도(대방동경남아너스빌아파트),2,5
202205,2082.7호선 이수역7번출구,2,0
202205,2084.e편한세상 상도노빌리티 앞,1,0
202205,2085.강남중학교 앞,1,0
202205,2086.삼일수영장 앞,1,0
202205,209. 유진투자증권빌딩 앞,11,6
202205,2094.숭실대학교(중문) ,1,0
202205,210. IFC몰,32,27
202205,2102. 봉림교 교통섬,14,7
202205,2103. 신림동 우방아파트,2,1
202205,2104. 사당역 5번출구,2,0
202205,2107. 도림천 신화교,3,8
202205,2111. 서울대입구역 1번출구,2,1
202205,2112. 서울대입구역 마에스트로,3,2
202205,2116. 에이스에이존빌딩,1,1
202205,2122. 낙성대로 입구,0,1
202205,2128. 관악구청교차로,0,2
202205,2129. 낙성대 과학전시관,1,1
202205,213. KT앞,10,8
202205,2135. 신림역 5번출구,2,1
202205,2139. 서울신성초등학교,3,0
202205,214. 금융감독원 앞,1,3
202205,2140. 신림1교 교차로,2,1
202205,2143. 서울산업정보학교,3,0
202205,2148. 낙성대역 3번출구 뒤,1,1
202205,215. 여의도고교 앞,16,17
202205,2156. 신림푸르지오아파트,2,1
202205,2164. 관악우체국,1,1
202205,2167. 낙성대역 1번출구,0,1
202205,2169. 봉천역 2번출구,1,3
202205,217. NH농협은행 앞,2,0
202205,2171. 서울대입구역 5번출구,0,1
202205,2172. 나들목공원,1,1
202205,2173. 당곡사거리,1,3
202205,2176. 보라매공원 보도육교,3,3
202205,2177. 신대방역 2번 출구,4,4
202205,2178. 서울대학교 정문,3,5
202205,2183. 동방1교,5,15
202205,2185. 대학동 고시촌,1,0
202205,219. 롯데캐슬엠파이어 옆,7,6
202205,2190.도원맨션,1,1
202205,2191.대학동주민센터 ,1,0
202205,2195.은천교회,1,0
202205,220. 미성아파트 A동 앞,3,1
202205,2202.청계산입구역 1번출구,0,1
202205,2203. 청계산입구역 2번출구,1,0
202205,2207. 내곡파출소 뒤 정자,0,1
202205,221. 여의도초교 앞,9,8
202205,2211. 서초구립반포도서관 앞,1,2
202205,2212.서초현대4차아파트 201동 맞은편,1,0
202205,2213. 고속터미널역 5번출구 앞,3,3
202205,2214. 신반포역 2번출구 앞,14,12
202205,2215. 반포종합운동장 입구,1,1
202205,2217.아크로리버뷰 부지 앞,39,31
202205,"2219. 고속터미널역 8-1번, 8-2번 출구 사이",51,31
202205,222. 시범아파트버스정류장 옆,3,4
202205,2220. 반포본동 주민센터 앞,6,25
202205,2221. 방일초교 마을버스 정류장,1,0
202205,2222.사당역 12번출구 뒤,0,1
202205,2225.백석예술대학교 제3캠퍼스 앞,0,1
202205,2227.방배열린문화센터 앞,2,1
202205,2228.뒷벌공원 옆,0,2
202205,223. 진주아파트상가 앞,2,0
202205,2230.이수역 4번 출구,0,2
202205,2231. 삼성타운(삼성생명) A동 맞은편,5,5
202205,2233. 서초신동아1차아파트 옆,5,4
202205,2237.서울남부터미널 대합실 입구,0,3
202205,2239.교대역 6번출구,0,4
202205,224. 롯데캐슬 앞,2,1
202205,2241.양재전화국 사거리,1,1
202205,2242.양재역 11번 출구 앞,2,1
202205,2244.교육개발원입구 교차로,4,3
202205,2247.섬들근린공원,1,2
202205,225. 앙카라공원 앞,3,3
202205,2250. 서초유치원 맞은편,2,5
202205,2251. 더케이호텔 입구(양재2) ,2,5
202205,2252. 잔디마을 마을버스 정류장,5,2
202205,2255.시민의숲역 1번출구 옆,9,10
202205,2256.양재동 꽃시장 입구,2,1
202205,2259. 잠원역 3번-4번 출구사이 ,6,2
202205,226. 샛강역 1번출구 앞,1,4
202205,2262. 한신16차아파트 119동 앞,111,111
202205,2264. 이수역 1번출구,0,1
202205,2265. 이수고가차도 남단,1,3
202205,2266. 서초역 3번출구,1,0
202205,2268. 서초4동주민센터 ,3,2
202205,2269. 주홍교 하부,1,3
202205,227. 양평2나들목 보행통로 입구,6,10
202205,2270. 서초포레스타 7단지,1,0
202205,2271. 내방역 8번출구 앞,3,3
202205,2272. 교대입구 교차로,1,0
202205,2273. 일동제약 사거리,1,2
202205,2274. 양재시민의숲역 3번출구,1,3
202205,2275. 염곡치안센터 건너편,1,4
202205,2276. 영동1교 (양재천근린공원),1,0
202205,2277. 길마중4교 하부,7,0
202205,2279. 교대역 5번출구뒤,4,1
202205,228. 선유도역 3번출구 앞,9,6
202205,2283. 그룹한빌딩옆,3,2
202205,2285. LH서초3단지 301동 맞은편,3,1
202205,229. 양평1 보행육교 앞,6,4
202205,2293. SPC 앞,1,0
202205,2297. 남부터미널역 1번출구,1,0
202205,2298. 래미안서초스위트앞,0,2
202205,230. 영등포구청역 1번출구,1,2
202205,2301. 현대고등학교 건너편,38,39
202205,2302. 교보타워 버스정류장(신논현역 3번출구 후면),6,3
202205,2303. 논현역 10번출구,7,3
202205,2305. MCM 본사 직영점 앞,2,2
202205,2306. 압구정역 2번 출구 옆,9,10
202205,2307. 압구정 한양 3차 아파트,2,2
202205,2308. 압구정파출소 앞,5,10
202205,2309. 청담역(우리들병원 앞),3,1
202205,2310. 청담동 맥도날드 옆(위치),2,4
202205,2311. 학동로 래미안 아파트 앞,1,0
202205,2312. 청담역 13번 출구 앞,6,5
202205,2313. 금원빌딩 앞,15,6
202205,2314. 청담나들목입구,2,5
202205,2315. 봉은사역 5번출구 옆,5,6
202205,2317. 삼성도로공원,3,9
202205,2318. 삼성중앙역4번출구(문화센터더 리빌),2,0
202205,2319. 포스코사거리 서측(수협 삼성동 지점),0,2
202205,232. 양평우림 이비즈센타 앞,0,1
202205,2323. 주식회사 오뚜기 정문 앞,1,3
202205,2324. 천주교 대치 2동 교회 옆,1,1
202205,2325. 대치삼성아파트 앞 교차로,2,0
202205,2327. 뱅뱅사거리 랜드마크타워 앞,1,0
202205,2328. 르네상스 호텔 사거리 역삼지하보도 7번출구 앞,3,2
202205,233. 양평1동 YP센터 앞,2,2
202205,2332. 선릉역3번출구,1,4
202205,2333. 양재역 3번출구 주변,5,3
202205,2335. 3호선 매봉역 3번출구앞,5,1
202205,2337. 대모산입구역 2번출구 앞,1,0
202205,2340. 삼호물산버스정류장(23370) 옆,2,4
202205,2342. 대청역 1번출구  뒤,1,0
202205,2343. 세곡사거리 대왕파출소 앞,0,1
202205,2344. 리엔파크 2단지 앞,2,1
202205,2347. 두산건설 본사,0,2
202205,2348. 포스코사거리(기업은행),2,5
202205,2349. 역삼빌딩 앞(하나은행 옆),3,0
202205,2350. 래미안그레이튼102동앞,2,0
202205,2353. 강남구청역 2번출구 뒤,6,5
202205,2354. 청담역 2번출구,1,1
202205,2357. 르네상스호텔사거리 역삼지하보도 3번출구 앞 (더 오번 빌딩 명동칼국수 앞),1,0
202205,2358. 구룡초사거리 (현대아파트10동 앞 ),1,0
202205,236. 문래동자이아파트 앞,8,4
202205,2362. 신사동 가로수길 입구,9,13
202205,2363. 강남 을지병원 교차로,3,1
202205,2364. 도산공원교차로,4,5
202205,2365. K+ 타워 앞,4,7
202205,2368. 도곡동 경남아파트 건너편,0,1
202205,2369. KT선릉타워,4,0
202205,2371. 한국우편사업진흥원,2,0
202205,2372. 대치역 사거리,2,0
202205,2373. 개포동역 사거리,2,0
202205,2377. 수서역 5번출구,5,1
202205,2380. 삼성동베이직하우스앞,1,0
202205,2381. 언주역 6번출구앞,0,1
202205,2382. 역삼동 sk뷰 501동앞,0,1
202205,2383. 보금자리정원,1,1
202205,2385. 학동역,1,3
202205,2386. 크린랩 본사,2,3
202205,2387. 래미안강남힐즈 사거리,0,1
202205,2396. 영동3교 북단(우성캐릭터 앞 보도),0,3
202205,240. 문래역 4번출구 앞,3,11
202205,2405. 청담공원앞 교차로,3,1
202205,2406. 논현동 광명빌딩 앞,7,5
202205,2407. 역삼.서초.삼성 세무서 앞 (역삼빌딩 앞),5,6
202205,2409. 역삼동 디오슈페리움 (우성아파트 사거리),1,0
202205,2410. 포스코피앤에스타워 (역삼역 3번출구 부근),0,1
202205,2413.도곡역 1번 출구,0,1
202205,2414. 도곡역 아카데미스위트 앞,2,0
202205,2415.한티역 롯데백화점 앞,1,4
202205,2418.봉은사역 7번 출구 ,8,9
202205,"2419.봉은사역 1,2번 출구 ",9,6
202205,2421. 신논현역 4번출구,4,2
202205,2427.개포고등학교 정문앞,1,1
202205,2429.압구정로데오역 6번출구,9,3
202205,243. 이앤씨드림타워 앞,3,0
202205,2430.강남파이낸스센터앞(역삼역2번출구),2,10
202205,244. 영등포삼환아파트 앞,2,1
202205,245. 삼성생명 당산사옥 앞,1,1
202205,247. 당산역 10번출구 앞,4,10
202205,248. 초원아파트 앞,15,23
202205,249. 여의도중학교 옆,50,81
202205,2502. 서초역1번출구 앞,1,1
202205,2503. 반포1동 서초빌딩 앞,2,0
202205,2504. 신사역 4번출구 뒤,8,8
202205,2505. 우성아파트사거리 (기업은행앞),3,5
202205,2506. LG유플러스 (방배사옥),0,1
202205,2508. 양재이스타빌 앞,1,2
202205,2509. 심산기념문화센터,2,1
202205,2511. 이수역 6번출구 앞,3,1
202205,2515.서초초등학교 후문,6,5
202205,2516.본마을 노인복지센터 앞,1,1
202205,2517.서초3교(효령로69길 방면),0,1
202205,2519.서초2교(사임당로 방면),1,0
202205,252. 보라매역4번출구,1,1
202205,2523.뉴코아 킴스클럽 앞,2,2
202205,2524.반포쇼핑타운 8동 앞,3,6
202205,2525.반포쇼핑타운 2동 앞,35,69
202205,2526.반포경남쇼핑 앞,7,9
202205,2527.반포중학교 앞(세화여고 맞은편),1,12
202205,2528.함지박 사거리,1,1
202205,2529.우리은행 방배동지점 앞,4,1
202205,2535.신반포역 3번출구 뒤,1,2
202205,2537.양재역 8번출구 앞,0,1
202205,2538.사평리 공원,16,8
202205,2540.반포천 앞,3,2
202205,2541.옛골 입구,2,0
202205,2542.신논현타워 앞,1,6
202205,2547.포드서초서비스센터앞,19,20
202205,258. 신길역3번출구,3,1
202205,259. 대방역6번출구,2,2
202205,260. 여의도 마리나선착장 앞,6,7
202205,2601. 석촌호수 아뜰리에,1,0
202205,2604. 풍납토성 서성벽터A,3,1
202205,2605. 복정역 1번 출구 앞,2,2
202205,2608. 송파구청,12,10
202205,2610. 송리단길,3,3
202205,2611. 송파지역자활센터 뒤,0,1
202205,2612. 문정·가락 대여소 앞,1,0
202205,2613. 잠실나들목,17,25
202205,2615. 테라타워2,1,0
202205,2618. 삼전역 1번출구,2,0
202205,2620. 송파나루역 4번 출구옆,2,4
202205,2621. 한성백제역 2번 출구,22,16
202205,2622. 올림픽공원역 3번출구,25,26
202205,2627.문정시영아파트 5동 앞 공원,0,1
202205,2628.문정역 1번출구,3,2
202205,263. 근로자회관 사거리,1,1
202205,2631.배명고등학교,0,1
202205,2633.송파학사 옆,1,0
202205,2635.잠실새내역 1번출구,3,1
202205,2637. 아시아지하보도 14번 출구,4,2
202205,2638.쌍용아파트,1,1
202205,2639.석촌역 8번출구,0,2
202205,2641.송파역 4번출구,3,1
202205,2643.풍납중학교 측면,1,1
202205,2645.잠실나들목2(엘스아파트136동),1,1
202205,2646.레이크펠리스101동앞,0,1
202205,2647.잠실 자전거 수리센터 앞,4,5
202205,2648.헬리오시티 112동 앞,2,2
202205,265. 영등포유통상가 사거리,1,0
202205,2651.경찰병원역 3번출구 앞,0,3
202205,2653.올림픽공원사거리(선수촌아파트),2,0
202205,2656.풍납동 아이파크 107동 앞,1,0
202205,2658.가락몰 업무동,1,0
202205,266. 영등포청과시장 사거리,0,2
202205,267. 삼성화재 사옥 옆,3,8
202205,268. 그랜드컨벤션센터 앞,3,1
202205,2701. 마곡나루역 5번출구 뒤편,3,3
202205,2704.홈플러스(강서점),4,4
202205,2708.강서한강자이타워 앞,4,5
202205,271. 샛강생태공원방문자센터 앞,1,2
202205,2713.우장초등학교 앞,6,3
202205,2715.마곡나루역 2번 출구 ,4,7
202205,2717.LG유플러스 마곡사옥,1,0
202205,2719.마곡문화공원,0,1
202205,272. 당산육갑문,46,41
202205,2720.힐스테이트에코,3,3
202205,2721.등촌1-10단지 교차로,1,3
202205,2722.마곡 문영비지웍스,4,3
202205,2723.마곡 필네이처,0,1
202205,2725.서울식물원 식물문화센터,1,0
202205,2727.서울식물원 잔디마당 앞,0,1
202205,2728.마곡나루역 3번 출구,4,4
202205,2729.넥센 유니버시티 앞,1,1
202205,2730.마곡메가박스 앞,2,1
202205,2737.까치산역 3번 출구,1,2
202205,274. 영등포역지하쇼핑센타 5번출구,14,13
202205,2740.마곡레포츠센터,5,0
202205,276. 영등포로터리2,2,8
202205,278. 쌍용플레티넘오피스텔,0,2
202205,2807.항동지구 1단지 105동 앞,1,1
202205,281. 신동아아파트 앞,2,0
202205,2824.미래사랑어린이공원 앞,3,2
202205,283. 아크로타워 스퀘어(영등포시장),3,1
202205,284. 센트럴 푸르지오 시티 앞,12,6
202205,286. 우성아파트 교차로,1,0
202205,287. 영등포전화국사거리 (서강어린이공원),3,2
202205,2908. 광운대학교 중앙도서관,1,1
202205,2909. 석계역 3번 출구,2,2
202205,291. 문래동 하이테크 시티,0,1
202205,2912.대진고등학교,1,1
202205,2915.서울과학기술대학교(어학교육원),12,9
202205,2919.등나무 근린공원(시립북서울미술관 앞) ,2,0
202205,293. 충북 미래관,1,2
202205,296.KT플라자 영등포점,2,1
202205,297.국회3문,7,10
202205,299.여의도 순복음교회,11,14
202205,300. 정동사거리,17,8
202205,3002.벽산상암스마트큐브 ,9,11
202205,3006. 상암월드컵파크5단지(상암중학교),1,1
202205,3007.MBC 앞,1,0
202205,3009.서교동사거리(신),24,30
202205,301. 경복궁역 7번출구 앞,12,4
202205,3010.홍대입구역 3번출구,59,48
202205,3011.경의선(노고산동),12,8
202205,3013.서울지방고용노동청 앞,7,9
202205,302. 경복궁역 4번출구 뒤,18,23
202205,303. 광화문역 1번출구 앞,0,3
202205,305. 종로구청 옆,5,1
202205,307. 서울역사박물관 앞,3,6
202205,308. 광화문 S타워 앞,4,5
202205,309. 광화문역 6번출구 옆 B,8,5
202205,310. 청계광장 옆,15,7
202205,3100. 북성초교,3,4
202205,3101. 서대문구청,8,9
202205,3102. 연희삼거리,1,0
202205,3103. 홍제삼거리 북측,0,1
202205,3104. e편한세상 신촌4단지 앞,0,1
202205,3107. 연희초등학교 앞,2,1
202205,3113.독립문역사거리,2,1
202205,3114.충정로역 3번 출구,0,1
202205,3116.신촌역 4번출구,7,14
202205,3117.이화여대 인문관 인근,3,14
202205,3119.연희 브라운스톤 아파트 앞,5,8
202205,3120.DMC엘가아파트 앞,2,3
202205,3123.DMC파크뷰자이1단지 110동 앞,6,5
202205,3125.연희파크푸르지오아파트 앞,0,1
202205,3127.홍은2파출소 옆,2,0
202205,3128.동신병원 맞은편,2,2
202205,3130.가재울사거리,0,1
202205,3131.연가교 교차로,3,2
202205,314. 국립현대미술관,10,15
202205,316. 종각역 1번출구 앞,10,11
202205,318. 광교사거리 남측,5,4
202205,320. 을지로입구역 4번출구 앞,9,7
202205,3201.당산skv1센터,2,5
202205,3205.문래현대2차,2,3
202205,3206.문래동 주민센터,1,0
202205,3207.양남사거리1,1,1
202205,321. KEB 하나금융그룹 명동사옥 옆,9,5
202205,322. 명동성당 앞,16,3
202205,3221.서울특별시 남부교육지원청,1,0
202205,324. 신세계백화점 본점 앞,8,12
202205,326. 안국역 5번출구 앞,5,2
202205,327. 낙원상가 옆,15,8
202205,328. 탑골공원 앞,15,5
202205,329. 청계2가 사거리 옆,8,2
202205,331. 을지로2가 사거리 북측,1,1
202205,332. 을지로2가 사거리 남측,0,2
202205,334. 종로3가역 2번출구 뒤,3,2
202205,335. 종로3가역 15번출구 앞,0,1
202205,336. 티마크 호텔 앞,3,7
202205,337. 창경궁 입구,9,5
202205,338. 세운스퀘어 앞,7,4
202205,339. 종로4가 사거리,9,5
202205,3401.창신두산아파트,1,1
202205,3405.파크팰리스,3,0
202205,3407.안국동사거리(신),15,18
202205,3408.종로타워빌딩,1,10
202205,341. 혜화역 3번출구 뒤,3,3
202205,3410.종로3가역 8번출구,4,19
202205,3411.종묘,9,5
202205,3412.세운상가,3,4
202205,3413.종로플레이스,4,2
202205,3414.종로5가역 4번출구,3,8
202205,3415.동대문역6번출구,7,4
202205,3416.동묘앞역 6번출구,2,0
202205,3417.창신3동주민센터,3,1
202205,3419.국립어린이과학관,0,2
202205,342. 대학로 마로니에공원,8,6
202205,3420. 성균관대입구사거리,5,3
202205,3421.혜화역 1번출구,6,4
202205,3422.성균관대 정문,15,14
202205,3423.현대그룹(본사),1,3
202205,3425.광화문 풍림스페이스본 1단지앞,3,2
202205,3426.독립문역 2번출구 뒤,1,2
202205,3428.서울미술관,0,1
202205,343. 예일빌딩(율곡로) 앞,0,1
202205,3432.종로2가 사거리,6,6
202205,344. 성균관대 E하우스 앞,3,1
202205,346. 맥스타일 앞,4,21
202205,347. 동대문역사문화공원역 9번출구 앞,14,13
202205,348. 독립문역 사거리,4,2
202205,349. 사직동주민센터,4,4
202205,3500. 군자역2번출구,5,3
202205,3501. 광진구청 앞,3,3
202205,3502. 중곡역 1번출구,3,5
202205,3504. 원일교회,1,0
202205,3505. 신양초교앞 교차로,1,0
202205,3506. 영동대교 북단,3,1
202205,3507. 어린이회관,2,1
202205,3508. 화양사거리,0,1
202205,3509. 세종사이버대학교,4,2
202205,351. 청운초교 앞 삼거리,0,2
202205,3511. 응봉역 1번출구,16,16
202205,3513. 상왕십리역 1번출구,3,7
202205,3515. 서울숲 관리사무소,55,59
202205,3517. 용마사거리,3,0
202205,3518. 군자역 7번출구뒤,2,8
202205,352. 중앙고입구 삼거리,0,2
202205,3520. 광진경찰서,1,0
202205,3521. 현대홈타운 뒷길,1,1
202205,3525. 금호스포츠센터앞,2,4
202205,3528. 광진정보도서관,1,0
202205,3529. 어린이대공원정문,2,1
202205,353. 재동초교 앞 삼거리,6,6
202205,3533. 건대입구역 사거리(롯데백화점),12,12
202205,3534. 건대입구역 5번출구 뒤,9,7
202205,3536. 중앙농협(자양동),1,0
202205,3539. 서원마을,2,2
202205,354. 포르투갈 대사관 앞,11,1
202205,3541. 커먼그라운드,11,7
202205,3544.한양대역 3번 출구,16,21
202205,3545.한양대역 1번출구,5,6
202205,3547.상왕십리역 6번 출입구,1,0
202205,3548.뚝섬역 6번출구,10,8
202205,3549.건영아파트 앞,0,3
202205,355. 서울사대부속초교 앞,2,2
202205,3550.금호나들목,11,6
202205,3552.서울숲 공영주차장앞,44,54
202205,3553.마장역3번출구,1,0
202205,3557.서울숲리버뷰자이APT105동 앞,2,1
202205,3558.마장동 금호어울림APT앞,3,2
202205,3559.성동구민종합체육센터 앞,25,14
202205,356. KT혜화지사 앞,1,1
202205,3569.건대병원후문,18,10
202205,3570.구의역 리버비스타 오피스텔,3,3
202205,3571.화양 APT(횡단보도 옆),1,2
202205,3573.광나루안전체험관,4,3
202205,3579.광진 캠퍼스시티,0,1
202205,358. 성대입구 사거리,3,3
202205,3581.광진광장,2,6
202205,3582.화양동 우체국,1,1
202205,3588.세종대학교(영실관),1,1
202205,359. 원남동사거리,4,4
202205,3600.사근빗물펌프장 건너편,34,36
202205,3604. 삼성중앙역 5번출구,3,2
202205,3606. 신사동주민센터 옆,15,10
202205,361. 동묘앞역 1번출구 뒤,20,16
202205,3614. 은마아파트 입구 사거리,1,1
202205,3615. 서울 논현동우체국 앞,1,2
202205,3618. 서울율현초교 삼거리,1,0
202205,362. 청계8가 사거리,4,3
202205,3627. 압구정나들목,12,28
202205,3629. 청담사거리(신한오피스텔빌딩 앞),3,4
202205,363. 신설동역 11번출구 뒤,4,0
202205,3634. 국악고교 앞 교차로,1,0
202205,3638. 신청담나들목,8,7
202205,3647. 구룡역 1번 출구,0,2
202205,3649. 구룡역 5번 출구,0,1
202205,3664. 맥도날드 서울둔촌DT점 앞,1,1
202205,367. 독립문역 3-1번출구 ,2,5
202205,368. SK 서린빌딩 앞,5,12
202205,3684. 고덕자이(105동 앞),1,0
202205,369. 광화문 시민열린마당,15,12
202205,3690. 강일역 4번출구,0,1
202205,3692. 둔촌오륜역 1번 출구,0,1
202205,370. 시청역(2호선) 9번출구 뒤,10,2
202205,3707. 드래곤타워 앞,1,0
202205,371. 동대입구역 6번출구 뒤,3,8
202205,3711. 월계2교 교차로,0,1
202205,372. 약수역 3번출구 뒤,1,1
202205,3758. 서울남부출입국관리소,1,1
202205,3759. 이대서울병원,1,1
202205,3762. 마곡9단지 907동앞,1,0
202205,3769. 증미역 2번출구,10,4
202205,3778. 김포공항입구 교차로,0,3
202205,3780. 등촌서광아파트,1,5
202205,3782. 겸재정선미술관,0,2
202205,3783. 마곡금호어울림아파트,1,1
202205,3784. 벽산아파트,1,1
202205,3786. 강서힐스테이트 상가 앞,1,0
202205,3788. 정곡나들목,3,3
202205,3789. 염창나들목,5,10
202205,379. 서울역9번출구,8,9
202205,3794. 안양천합수부(현대3차아파트),1,4
202205,3796. 송정역 3번출구 앞,1,1
202205,3798. 그랜드아이파크아파트 앞,3,3
202205,3799. 국립항공박물관,1,0
202205,380. CJ제일제당 앞,5,1
202205,3806. 낙성대 교수아파트,1,0
202205,3807. 관악우체국 교차로,0,1
202205,3811.신사로입구,1,1
202205,3813. 낙성대역 5번출구,1,0
202205,3814. 난곡사거리 ,1,1
202205,3815. 광일빌딩,1,1
202205,3816. 관악 GSfresh,1,0
202205,3818. 은천교회 앞,0,1
202205,382. 약수역 10번출구 앞,0,1
202205,383. 신당역 12번 출구 뒤,3,2
202205,384. 종로학원본원 ,4,0
202205,385. 종각역 5번출구,10,4
202205,3853. 어린이대공원역 2번출구,2,1
202205,3860. 건국대학교 정문 앞,0,1
202205,387. 훈련원공원주차장 앞,6,8
202205,3879. 중랑천 뚝방길 산책로 입구,0,3
202205,388. 동성중학교 앞,3,0
202205,3880. 홍련봉 공원,0,1
202205,3881. 신자초교입구 교차로,2,0
202205,3882. 자양2동 주민센터,0,1
202205,389. 을지로4가역 1번출구,0,1
202205,390. 충무로역 1번출구,8,12
202205,3904. 테크노마트 앞,4,5
202205,3907. 신도림7차e편한세상아파트 806동 앞,1,1
202205,391. 시립미술관,5,0
202205,3914. 신도림쌍용플래티넘노블아파트 앞,2,1
202205,3917. 성공회대학교,11,12
202205,393. 동대문역 8번 출구,4,10
202205,395. 경희궁 자이 2단지,4,0
202205,3956. 대륭테크노타운21차 앞,1,1
202205,397. 종묘공영주차장 건너편,3,3
202205,398. 을지로3가역 3번출구,11,11
202205,399. 서울역 센트럴 자이아파트,4,5
202205,4004. 당고개입구오거리 당현천변,0,2
202205,4005. 중계2차 한화꿈에그린 101동 인근,1,1
202205,4008. 하계 어린이 공원,1,1
202205,4017. 월계 청백1단지 아파트 정류장,2,0
202205,4024. 꿈의숲 SK뷰 아파트,2,1
202205,4027. 한내 행복발전소 옆,2,0
202205,4029. 청소년수련관 후문,0,1
202205,4041. 공릉역3번출구,2,0
202205,405. DMC빌 앞,14,18
202205,4065. 창동역 1번출구 앞,1,0
202205,4077. 도봉제1교,1,1
202205,408. LG CNS앞,2,0
202205,4102. 휘경1동주민센터 앞,2,1
202205,4103. 휘경sk뷰아파트 앞,2,0
202205,4104. 외대앞역 교차로,15,18
202205,4108. 답십리파크자이아파트 앞,0,1
202205,411. DMC홍보관,0,2
202205,4110. 용두롯데캐슬리치아파트 앞,0,1
202205,4113. 한국국방연구원 앞,5,4
202205,4121. 서울문화재단 앞,3,3
202205,4122. 청계9가교차로 앞,3,1
202205,4125. 회기역 2-①번출구,6,5
202205,413. 상암월드컵파크 3단지 후문,2,2
202205,414. 상암동주민센터 옆,0,1
202205,415. DMC역 9번출구 앞,2,2
202205,417. DMC역 2번출구 옆,4,2
202205,4173. 중대후문 마을버스정류장,1,0
202205,4175. 대방역2번출구,3,0
202205,418. 월드컵경기장역 3번출구 옆,14,11
202205,419. 홈플러스 앞,6,5
202205,420. 서울시 공공자전거 상암센터,11,10
202205,4202. 프런트원(공덕역4번출구 앞),2,0
202205,4206. 광흥창역5번출구,6,3
202205,4207. 아만티호텔 앞,4,2
202205,4208. 스타벅스(동교동) 앞,9,2
202205,421. 마포구청 앞,3,8
202205,4210. 가좌행복주택 앞,1,0
202205,4211. 시석빌딩 앞,10,4
202205,4212. 한화오벨리스크 앞,1,0
202205,4213. 마포구중앙도서관 정문 앞,3,4
202205,4216. 망원정 앞,9,6
202205,4217. 한강공원 망원나들목,67,79
202205,4218. 디지털매직스페이스,2,1
202205,422. 문화비축기지,9,8
202205,4220. 신촌 청년주택,8,4
202205,4222. 서울디자인고등학교 앞,2,2
202205,4224. 서부운전면허시험장,10,4
202205,4226. 마포프레스티지자이 1,2,1
202205,4233. 코오롱아파트사거리,22,4
202205,4238. 상암한샘빌딩앞,0,1
202205,424. 롯데하이마트 (상암월드컵점) ,1,0
202205,4244. 당인리발전소 공원 앞,15,12
202205,4246. 상수역새마을금고,6,2
202205,4247. 서울서부지방법원등기국앞,0,1
202205,4248. 신촌 교보빌딩,4,0
202205,4251. 공덕역 경의선숲길 커뮤니티센터,0,2
202205,4255. 래미안 루센티아 아파트 108동 앞,1,1
202205,426. 서울신용보증재단,2,2
202205,4262. 서대문자연사박물관 입구,4,9
202205,4264. 홍남교 버스정류장,1,2
202205,4265. 안산초등학교 앞,0,1
202205,4267. 서대문역 2번 출구,6,5
202205,427. 성산시영아파트,2,1
202205,428. 명보사거리,3,4
202205,429. 송도병원,0,1
202205,430. KEB하나은행 장충동지점,4,0
202205,4303. 매헌역 2번출구앞광역버스 정류장앞(22-297),3,3
202205,4305. 서일스포츠센터,0,1
202205,4306. 서래공원 앞,0,1
202205,4307. 고투몰 gate 15옆,0,2
202205,431. 청계천 영도교,9,15
202205,4310. 염곡동(염통골) 입구,1,0
202205,4314. 탑성마을 버스정거장 옆,1,0
202205,4315. 이투스교육 앞,0,1
202205,4316. 고속터미널역 3번출구,3,0
202205,4318. 방배역 2번 출구,1,1
202205,4319. 삼성전자R&D어린이집 뒤,2,2
202205,432. 마포중앙도서관,1,0
202205,4320. 신영체르니 아파트,4,0
202205,4327. 몽마르뜨공원입구,2,0
202205,4329. SC제일은행 양재동지점 앞,1,1
202205,433. 을지로입구역 2번출구,17,12
202205,"4330. 반포한강공원입구,씨티21옆",13,0
202205,435. SK 남산빌딩,2,2
202205,4353. 코오롱디지털타워 3차앞,2,0
202205,436. 이대역 5번출구,6,6
202205,4362. 행당중학교 후문,9,12
202205,4363. 신금호역 2번출구 앞,0,1
202205,4367. kt 행당빌딩 앞,4,2
202205,437. 대흥역 1번출구,8,7
202205,4370. 서울숲IT캐슬 앞,5,4
202205,4373. 서울숲 지식산업센터,1,4
202205,4377. 우영테크노센터 앞,5,4
202205,438. 성산2-1 공영주차장,8,7
202205,4381. 더스페이스타워 앞,4,6
202205,4382. 페코텍글로벌허브빌딩 앞,2,1
202205,439. 마포어린이공원,9,31
202205,440. 하늘공원 입구,33,29
202205,4408. 돌곶이역 앞,1,3
202205,4414. 안암역 3번 출구,5,4
202205,442.서울역 서부,2,2
202205,443.호암아트홀,1,5
202205,445.대한상공회의소,10,10
202205,4452. 삼성SDS,3,2
202205,4453. 위례중앙푸르지오 201동 앞,1,2
202205,4457. 아산병원 기숙사 부근,1,6
202205,446. 상명대입구,5,0
202205,4460. 올림픽훼미리아파트 112동 앞,1,4
202205,4464. 올림픽공원 북2문,13,4
202205,4465. 건영아파트앞 사거리,3,6
202205,4472. 송파파크데일 1단지 115동 건너편,1,4
202205,4474. 가락현대 1차 11동 앞,0,1
202205,4479. 문정중학교,1,0
202205,4480. 가락시장 남1문 사거리,0,1
202205,4481. 올림픽공원 북2문 2,11,3
202205,4483. 잠실나들목4,12,15
202205,4484. 잠실나루역4번출구뒤,5,7
202205,4485. 잠실나루역 고가하부,3,0
202205,4486. 홈플러스 잠실점,1,1
202205,449. 일성아파트,2,1
202205,4491. 장지역 1번출구,3,3
202205,4497. 아시아선수촌아파트 교차로,1,0
202205,450. 효자동 삼거리,2,3
202205,4500. 풍납나들목,0,7
202205,4507. 신정제일시장,1,1
202205,451. 청와대앞길,1,0
202205,4512. 목동13_14단지 사거리,1,0
202205,4515. 동문굿모닝탑,1,2
202205,452. 동대문 종합시장 버스정류장,2,2
202205,4526. 목동아파트2단지 222동 앞,1,0
202205,453. 종로오가 지하쇼핑센터 14번출구,14,11
202205,454. 종로2가 버스정류장 (종각방향),4,2
202205,455. 종로6가역 버스정류장(동대문 방향),2,2
202205,4553. 당산삼성2차아파트,2,1
202205,4555. 대림우성2차아파트,1,0
202205,4556. 리버뷰신안인스빌1차 후문,3,0
202205,4557. 리버뷰신안인스빌2차 후문,0,1
202205,4559. 신길역 2번출구,3,6
202205,456. 숭인2동 주민센터 입구,4,1
202205,4561. 양평역 1번출구,0,6
202205,4563. 여의도 은하아파트,2,1
202205,4564. 63스퀘어,9,22
202205,4565. 영등포 신세계백화점,6,12
202205,4566. 대림성원상떼빌아파트,8,0
202205,4568. 영등포로터리,0,3
202205,457. 종로꽃시장 입구 옆,3,1
202205,4571. 문래동롯데캐슬아파트,3,1
202205,458. 광화문역 5번출구,17,17
202205,4585. 국회6문,1,1
202205,4588.양남사거리2,2,2
202205,4589. KRX한국거래소(1),1,2
202205,4590. KRX한국거래소(2),0,6
202205,4594. 양평교 영등포대여소,0,2
202205,4598. 오목교 동측 지하보도,0,1
202205,4600. 영등포구 총괄 우체국,0,1
202205,4601.양평역2번출구 뒤,0,1
202205,4602. 숙명여대앞 버스정류소 주변,1,2
202205,"4605. 노들섬 다목적홀(동쪽) 숲, 앞",4,7
202205,4607. 국립중앙박물관 -용산가족공원 앞,9,14
202205,4608. 국립중앙박물관 정문 앞,3,4
202205,4609. 파크타워 104동 앞,2,0
202205,461. 서울지방경찰청,3,0
202205,4610. 한남나인원 105동 앞,9,3
202205,4612. 한남 준 J.FSS 앞,5,0
202205,4613. 서울갤러리아 앞,1,4
202205,4615. 크라운호텔앞 버스정류소,16,21
202205,4616. 신용산지하차도 앞,1,1
202205,4618. 풍전아파트 건너편,3,11
202205,4619. 한강트럼프월드3차 앞,15,20
202205,4620. 삼각지역 14번 출구 앞(교통섬),4,6
202205,4621. 남산도서관 앞,5,1
202205,4622. 한강중학교 앞 버스정류장,6,11
202205,4623. 라인프랜즈이태원점 앞,3,2
202205,4625. 용산공원갤러리앞,0,3
202205,4627. 효창공원앞역 5번출구 옆,0,2
202205,4629. 한강초교보도육교 앞,11,10
202205,4633. 센트럴파크타워 앞,11,6
202205,4634. 이태원역 3번 출구,18,30
202205,464. 삼청동 골목,8,7
202205,466.롯데호텔,11,2
202205,"4663. 불광역3,6호선 버스정류장(동명여고 방면)",1,0
202205,4665. 응암역3번 출구(서부경찰서 방면),0,1
202205,467.한국은행,4,2
202205,468.웨스틴 조선호텔,8,11
202205,469.회현역 1번출구,2,6
202205,470.회현역 7번출구,4,4
202205,4703. 쌍용아파트2단지 정문,0,1
202205,4705. 웰니스센터(민방위교육장 앞),4,14
202205,4707. 청계3가 사거리,0,5
202205,4708. 조계사앞사거리,2,3
202205,471.회현사거리 남측,11,8
202205,4710. 자교교회 앞,0,1
202205,4711. 올림픽기념 국민생활관 로터리,1,0
202205,4713. 현대 뜨레비앙 아파트 앞,17,6
202205,4715. 돈의문 박물관 마을,0,2
202205,472.삼일교(시그니쳐 타워),13,4
202205,473.을지로4가역 9번출구,9,5
202205,474.동대문역사문화공원역 1번출구 뒤편,24,12
202205,475.DDP 패션몰,8,11
202205,4752. 삼성사이버빌리지아파트,1,0
202205,4753. 우리은행 서소문금융센터,3,4
202205,476.광희문,8,6
202205,4760. 서울역 7번출구,3,1
202205,4761. 탐앤탐스 을지로3가점,1,2
202205,4762. 국제빌딩,3,8
202205,4765. 동대문디자인플라자,5,21
202205,4768. 서울도시건축전시관,5,6
202205,4774. 을지로입구역 8번출구,2,5
202205,4775. 을지로지하쇼핑센터,4,4
202205,4776. 신세계면세점,8,14
202205,4777. 약수동 주민센터,3,3
202205,4778. 대신파이낸스센터,9,1
202205,4781. 브라운스위트레지던스,4,2
202205,4784. 중부경찰서앞 사거리,2,0
202205,4785. 롯데시티호텔,4,10
202205,479.동대입구역 3번 출구,0,1
202205,4791. 명동역9번 출구,16,39
202205,4792. 퇴계로4가 교차로(중구청),19,24
202205,4793. 동대문역사문화공원역 5번출구,6,1
202205,4794. 서울역 서부교차로(3),4,1
202205,4796. 부산은행,9,4
202205,4797. KG타워 앞,12,25
202205,4798. 황학동롯데캐슬,1,7
202205,480.약수역 6번 출구,3,2
202205,4800. 필동 삼거리,3,0
202205,4801. 충정로역 2호선(엘리베이터 앞),0,1
202205,481.신당역 10번 출구,6,0
202205,4811. 한양수자인아파트 앞,1,0
202205,483.남산타운아파트 버스정류장,3,2
202205,484.도동삼거리,1,0
202205,485.서울역5번출구,5,4
202205,4853. 송파 안전체험교육관,1,0
202205,4854. 가락시장역 2번 출구,2,0
202205,4856. 올림픽공원 서1문 앞,0,3
202205,4857. 올림픽공원 장미광장,4,3
202205,4859. 잠실나루 나들목,4,8
202205,486. 평창동주민센터 앞,1,1
202205,4862. 성내교 남단,0,3
202205,4863. 잠실나들목5,4,4
202205,4864. 송파사거리,3,0
202205,4865. 한성백제역 1번출구 뒤,5,2
202205,4868. 석촌호수 서호 남단,1,2
202205,4869. 잠실나들목6,3,6
202205,487.신석초교앞 교차로 교통섬,13,9
202205,4870. 몽촌토성역 3번 출구,7,9
202205,4874. 탄천1교 하부보도,0,2
202205,4879. 마천청소년센터,1,0
202205,488.푸르메병원,2,1
202205,4884. H비즈니스파크,0,1
202205,4891. 위례포레샤인17단지 위례대로 방면,4,2
202205,4892. 성내유수지 체육공원,3,2
202205,4895. 위례포레샤인15단지 상가,1,1
202205,4897. 잠실주공5단지1,1,0
202205,490.가온문화공원,2,0
202205,4901.KT&G타워 옆(상상마당 대치아트홀),7,7
202205,4902. 구역삼세무서 교차로,1,0
202205,492.성산시영아파트 후문,4,3
202205,493.홍대입구역 6번출구,34,31
202205,495.염리초등학교 앞,1,2
202205,497.합정동주민센터 앞,2,3
202205,498.연남동주민센터 앞,22,17
202205,500. 어린이대공원역 3번출구 앞,0,1
202205,501. 광진구의회 앞,6,5
202205,502. 뚝섬유원지역 1번출구 앞,97,96
202205,505. 자양사거리 광진아크로텔 앞,0,2
202205,5052. 마곡역 7번출구,0,1
202205,506. 금호 어울림 아파트 앞,0,2
202205,5061. 우장산동 가곡어린이공원앞,1,1
202205,5065. 허준박물관삼거리,1,1
202205,5073. 우장산역 헤링턴타워 앞,4,1
202205,509. 이마트 버스정류소 옆,4,3
202205,510. 서울숲 남문 버스정류소 옆,33,34
202205,511. 서울숲역 5번 출구 옆,18,14
202205,512. 뚝섬역 1번 출구 옆,8,4
202205,513. 뚝섬역 5번 출구 정류소 옆,2,3
202205,514. 성수사거리 버스정류장 앞,2,0
202205,516. 광진메디칼 앞,2,0
202205,518. 청계천 박물관 앞,1,1
202205,519. 양지사거리,2,1
202205,520. 상왕십리역 4번 출구 앞,2,0
202205,521. 왕십리역 11번 출구 앞,1,1
202205,523. 옥수동성당 옆,0,2
202205,524. 래미안금호하이리버 아파트 102동 옆,3,0
202205,525. 한양대병원사거리,8,19
202205,529. 장한평역 8번 출구 앞,4,0
202205,530. 청계벽산아파트 앞,1,0
202205,534. 금호사거리,1,2
202205,535. 응봉삼거리,2,0
202205,536. 행당역 2번출구 앞,2,0
202205,537. 한양대후문역 부근,4,6
202205,538. 답십리역 8번출구 앞,1,0
202205,539. 군자교교차로,0,1
202205,540. 군자역 7번출구 베스트샵 앞,2,0
202205,542. 강변역 4번출구 뒤,4,7
202205,543. 구의공원(테크노마트 앞),3,1
202205,544. 광남중학교,2,3
202205,546. 잠실대교북단 교차로,0,3
202205,548. 자양나들목,6,12
202205,549. 아차산역 3번출구,1,1
202205,550. 서울시설공단 앞,5,1
202205,551. 구의삼성쉐르빌 앞,3,5
202205,553. 중곡 성원아파트 앞,2,3
202205,555. 구의3동주민센터,3,1
202205,556. 달맞이공원,3,3
202205,557. 도선동 주민센터 앞,0,1
202205,558. 성동광진 교육지원청 앞,1,1
202205,559. 왕십리역 4번 출구 건너편,4,6
202205,560. 비전교회 앞,3,5
202205,561. 서울숲역 2번출구 앞,9,7
202205,562. 군자지하보도 앞,1,0
202205,563. 성동세무서 건너편,1,0
202205,565. 옥수역 3번출구,41,35
202205,567. 성수역 2번출구 앞,4,2
202205,568. 청계8가사거리 부근,3,1
202205,569. 응봉현대아파트 정류소,2,0
202205,572. 국립정신 건강센터 앞,3,0
202205,573. 구의문주차장 앞,1,1
202205,574. 아차산역4번출구,5,4
202205,575. 대원중고교 입구(대하빌딩),0,3
202205,5751. 송파여성축구장,0,1
202205,576. 광나루역 3번 출구,1,2
202205,577. 광진청소년수련관,2,4
202205,579. 마장역 4번출구,1,0
202205,582. 경일중학교 앞,1,3
202205,584. 광진광장 교통섬,0,3
202205,585. 성수2가1동 공영주차장 인근,9,11
202205,5851. 도림천 건널목 위,0,1
202205,5853. 여의도역2번출구 앞,0,2
202205,586. 마장동 주민센터,3,1
202205,587. 유니베라 앞,3,2
202205,588. 뚝섬 유원지역,8,2
202205,589. 성수역3번출구,5,11
202205,590. 건국대학교 (입학정보관),5,0
202205,591. 건국대학교 (행정관),3,0
202205,592. 건국대학교 학생회관,10,7
202205,593.자양중앙나들목,0,1
202205,605. 신설동역8번출구,0,1
202205,609. 제기2교,5,5
202205,612. 시립동부병원 앞 사거리,2,2
202205,613. 신설동역 10번출구 앞,3,3
202205,614. 용두동 사거리,3,3
202205,615. 용두동 래미안허브리츠아파트 앞,1,1
202205,622. 전농사거리 교통섬,1,3
202205,623. 서울시립대 정문 앞,1,1
202205,624. 전농동 동아아파트 앞,2,0
202205,625. 답십리초등학교 앞(현대시장 옆),1,1
202205,626. 군자교 서측 녹지대,1,1
202205,630. 동대문구 보건소,1,3
202205,631. 답십리역 1번출구,6,1
202205,633. 청량리 기업은행 앞,1,2
202205,634. 외국어대 정문 앞,39,42
202205,635. 시조사 앞 (청량고정문 옆),5,5
202205,637. KAIST 경영대학 앞,4,6
202205,638. 서울시립대 정보기술관,6,0
202205,639. 서울시립대 후문,1,0
202205,640. 청량리역 2번출구,3,0
202205,641. 용두역 4번출구,8,10
202205,642. 신답역 사거리,2,2
202205,643. 동대문구민체육센터 (육교아래),1,2
202205,646. 장한평역 1번출구,3,5
202205,647. 신이문역 1번출구,2,1
202205,648. 장안동위더스빌옆,1,2
202205,650. 중랑교사거리,8,7
202205,656. 영휘원 교차로,4,1
202205,657. 동대문롯데캐슬아파트 앞,1,0
202205,659. 제기역1번출구,2,0
202205,660. 동의보감타워,0,1
202205,661. 경희대학교 청운관,2,7
202205,664. 서울시립대 건설공학관,1,0
202205,665.이문동 쌍용아파트 정문,0,2
202205,666.이문대성유니드아파트 앞,3,2
202205,667.청량차도 육교 밑,1,0
202205,668.서울축산농협(장안지점),0,2
202205,669.청계한신휴플러스앞 삼거리,6,2
202205,670.삼육서울병원 버스정류장,0,2
202205,672.대광고등학교,3,1
202205,673.안암골벽산아파트(후문),4,0
202205,674.고대앞사거리 교통섬,29,19
202205,676.FITI시험연구원 앞,5,1
202205,677.청량리역 4번 5번출구 사이,3,9
202205,680.꿈마루어린이도서관 앞,11,16
202205,703. 오목교역 7번출구 앞,0,1
202205,708. 서울출입국관리사무소 앞,3,0
202205,716.신정6동 주민센터 인근,0,1
202205,723. SBS방송국,2,1
202205,731. 서울시 도로환경관리센터,0,1
202205,735. 영도초등학교,0,1
202205,742. 등촌역 5번 출구 뒤,2,1
202205,744. 신목동역 2번 출구,1,3
202205,748. 목동운동장,0,1
202205,749. 이대목동병원보도육교,3,6
202205,752. 성원2차 아파트,0,2
202205,755. 목동1단지아파트 상가 앞,2,2
202205,756. 목동주차장,2,0
202205,758. 한사랑교회 앞,1,3
202205,764. 목동청소년수련관,2,0
202205,765. 오목교역 3번출구,1,3
202205,767.신정숲속마을아파트,1,1
202205,769.CBS방송국 앞,1,1
202205,770.목동역5번출구 교통정보센터 앞,1,1
202205,774.등촌역 4번 출구 ,1,0
202205,779. 신정1동 주민센터 앞,8,5
202205,780.신정교 하부,2,0
202205,781.신정보도육교 아래,1,0
202205,791.현대하이페리온,2,2
202205,794.양천문화회관,7,4
202205,800. 목월공원 앞,3,1
202205,802. 한강진역 2번 출구 앞,5,9
202205,803. 한남초교 앞 보도육교,6,6
202205,805. 문배어린이공원 앞,3,2
202205,806. 전자랜드 본관 앞,5,1
202205,807. 서울역 12번 출구 앞,9,9
202205,808. 서빙고동 금호맨션 앞,6,5
202205,809. 한남 유수지 복개주차장,12,8
202205,810. 이태원지하보도,16,17
202205,811. 녹사평역1번출구,3,8
202205,812. 용산전쟁기념관,4,6
202205,813. 삼각지역 3번출구,10,1
202205,815. LIG강촌아파트 103동앞,18,18
202205,816. 신용산역 6번출구 앞,7,2
202205,817. 삼각지역 4번출구 앞,5,0
202205,818. 숙명여대 입구 교차로,1,5
202205,819. 선린인터넷 고등학교,2,5
202205,820. 청파동입구 교차로,4,4
202205,822. 이촌1동 마을공원,2,1
202205,823. 효창동주민센터 앞,0,1
202205,825. 서빙고동 주민센터 앞,64,73
202205,826. 서울역 서부교차로2,2,4
202205,828. 숙대입구역 8번,0,2
202205,829. 베르가모앞,12,21
202205,831. 이태원관광특구입구,6,8
202205,832. 이촌1동 주민센터 뒤,7,17
202205,834. 효창공원앞역 3번출구 뒤,3,0
202205,835. 남영역 건너편,5,6
202205,836. 현대자동차서비스 앞,5,16
202205,837. 한남나들목 입구,44,33
202205,838. 숙대입구역 4번출구,15,6
202205,839. 보광동 삼성리버빌아파트 앞,19,32
202205,840. 용산 파크타워 앞,3,9
202205,841. 신용산역 1번 출구,4,5
202205,843. 녹사평역 광장,10,18
202205,844. 이촌2동 동원베네스트 아파트 앞,5,5
202205,845. 용산 선인상가,2,2
202205,846. 용산중학교,3,5
202205,848. 삼각지12번 출구,9,8
202205,849. 삼각지 자이아파트,1,2
202205,850. KCC용산월츠타워 ,5,5
202205,851.효창 푸르지오 앞,1,0
202205,852.청암자이APT(103동),2,8
202205,853.용산역 맞은편,21,20
202205,854.HID 유족동지회 앞,7,1
202205,855.이촌역5번출구 앞,5,0
202205,857. 현대 안성타워,16,4
202205,858.녹사평역3번 출구,2,5
202205,859.남산공원 야외식물원 앞,3,0
202205,860.LG한강 자이아파트 앞,14,15
202205,863.이촌역2번 출구,10,8
202205,864.순천향대학병원(한남오거리),22,13
202205,866.브라운스톤 남산아파트,3,2
202205,867.서빙고역 광장(1번출구),5,3
202205,869.노들섬 동측 앞,11,5
202205,870.노들섬 서측 앞,18,37
202205,905. 구파발역 2번출구,1,0
202205,906. 연신내역 5번출구,1,0
202205,907. CJ 드림시티,2,2
202205,908. 구산역 4번출구,0,1
202205,914. 새절역 2번출구,7,8
202205,917. 녹번역 3번출구,1,1
202205,924. 메뚜기다리,0,1
202205,928. 은평역사한옥박물관,1,1
202205,948. 디지털미디어 시티역 4번출구(DMC역),1,0
202205,949. 연신내역 1번 출구 ,0,1
202205,954. 은평뉴타운구파발9단지,1,1
202205,956. 응암시장교차로,0,2
202205,958. 본 서부병원 버스정류장(은평 세무서 방면),1,1
202205,961. 불광역 9번 출구,2,0
202205,967. 서울혁신파크2,8,0
202205,972. 수색역,5,3
202205,985. 은평세무서 버스정류장(은평구청 방면),1,0
202205,989. 신응교(가좌로) 앞,2,0
202205,991.흥국사 정류장,1,0
202205,993.은평뉴타운 은뜨락아파트앞,1,0
202205,995.은평다목적체육관,0,1
202205,996.응암역2번출구 국민은행 앞,2,3
202205,상담센터,1,0
202206,1001. 광진교 남단 사거리(천호공원 방면),0,1
202206,1008. 암사역 3번출구(국민은행앞),1,0
202206,1009. 천호역4번출구(현대백화점),1,7
202206,1019. 다성이즈빌아파트(호원대 대각선 맞은편),3,7
202206,102. 망원역 1번출구 앞,11,4
202206,1024.  강동구청 앞,2,1
202206,1028. 포레스 주상복합 빌딩,3,0
202206,1029. 성내어울터,1,1
202206,103. 망원역 2번출구 앞,17,3
202206,1030. 미호 플랜트 앞,1,1
202206,1031. 올림픽로 836(아리수로),2,2
202206,1035. 고덕역 4번출구,1,0
202206,1039. 고덕초등학교,1,1
202206,104. 합정역 1번출구 앞,8,14
202206,1041. 묘곡초등학교,2,0
202206,1044. 굽은다리역,1,0
202206,105. 합정역 5번출구 앞,11,7
202206,1053. 동명근린공원 진입로 (아리수로),3,2
202206,1059. 래미안 강동팰리스(102동),1,0
202206,106. 합정역 7번출구 앞,33,31
202206,107. 신한은행 서교동지점,23,7
202206,1076. 천동초교입구사거리 버스정류장(십자성마을 방면),3,3
202206,1078.둔촌사거리,4,2
202206,108. 서교동 사거리,24,19
202206,1080.엘웨딩,1,1
202206,1083.광문고교사거리(아이파크),0,2
202206,1084. 윤선생빌딩(JYP사옥),2,4
202206,1086.래미안 솔베뉴(구천면로),1,1
202206,1088.풍납사거리(강동),9,4
202206,109. 제일빌딩 앞,4,11
202206,1106. 신방화사거리,1,2
202206,1108. 공항시장역 2번출구 뒤,2,2
202206,111. 상수역 2번출구 앞,14,22
202206,1111. 마곡엠밸리6_7단지 마곡중학교,2,1
202206,1113. 서남환경공원 버스정류장,2,1
202206,1118. 증미역 3번출구뒤(등촌두산위브센티움오피스텔),3,5
202206,112. 극동방송국 앞,25,23
202206,1120. 대림경동아파트앞,1,1
202206,1121. 가양레포츠센터 앞,3,3
202206,1122. 황금내근린공원,2,3
202206,1124. 발산역 6번 출구 뒤,9,11
202206,1129. 화곡역 1번 출구 앞,1,0
202206,113. 홍대입구역 2번출구 앞,36,30
202206,1132. 등촌역 7번출구,0,1
202206,1135. 강서구의회,0,2
202206,1136. 등촌2파출소,1,0
202206,114. 홍대입구역 8번출구 앞,28,30
202206,1140. 목동사거리 버스정류장,1,0
202206,1149. 신방화역환승주차장,1,1
202206,115. 마스타 빌딩 앞,8,12
202206,1150. 송정역 1번출구,1,0
202206,1151. 마곡역1번출구,3,0
202206,"1153. 발산역 1번, 9번 인근 대여소",7,14
202206,1158. 가양역 8번출구,4,2
202206,116. 일진아이윌아파트 옆,0,1
202206,1160. 양천향교역 7번출구앞,5,3
202206,1166. 강서구립등빛도서관,1,0
202206,1169. 염창역 1번 출구,1,0
202206,117. 홍은사거리,0,5
202206,1170. 강서구보건소,1,2
202206,1171. 염창동 새마을금고 건너편,1,0
202206,1172. 가양3동 주민센터,1,1
202206,1173. 강서구청사거리(SH타워),2,3
202206,1174. 강서구청사거리(부민병원),2,2
202206,118. 광흥창역 2번출구 앞,6,0
202206,1180. 마곡엠밸리 15단지(1502동) 건너편,1,0
202206,1184. 마곡13단지,1,1
202206,119. 서강나루 공원,11,8
202206,1190. 마곡역 교차로(2번출구),0,1
202206,"1191. 마곡역 버스정류장(마곡나루역1번출구, 웰튼병원 방면)",1,0
202206,1193. 마곡센트럴타워 1차,1,1
202206,1197. 엠펠리체 호텔 건너편,8,8
202206,1199. 우장산역 3번출구,1,1
202206,120. 신수동 사거리,1,1
202206,1201. 가락시장역 3번 출구,2,1
202206,1205. 종합운동장역 4번출구,4,10
202206,1206. 9호선종합운동장역 9번출구,5,6
202206,1207. 마천중앙시장,0,1
202206,1208. 풍납현대아파트쉼터,0,2
202206,1209. 잠실나루역 (2번 출구 쪽),4,1
202206,121. 마포소방서 앞,1,6
202206,1210. 롯데월드타워(잠실역2번출구 쪽),25,11
202206,1211. 방이삼거리,6,9
202206,1214. 오금역 7번 출구 인근,1,0
202206,1215. 올림픽공원역 1번출구 앞,1,1
202206,1218. 방이역 4번출구,1,2
202206,1220. 잠실근린공원,2,4
202206,1221. 삼전역 4번출구,8,7
202206,1222. 잠실새내역 5번 출구 뒤,6,6
202206,1224. 아시아지하보도 2번 출구,3,2
202206,1226. 잠실4동 주민센터 옆,3,0
202206,1228. 마천사거리 ,0,1
202206,123. 문화촌 공원,1,1
202206,1231. 잠실역 6번출구,1,13
202206,1232. 잠실주공 521동 건너편,10,3
202206,1233. 잠실3거리(갤러리아팰리스),1,2
202206,1235. 잠실트리지움310동 옆,6,6
202206,124. 서강대 정문 건너편,1,1
202206,1243. 문정 법조단지7,2,2
202206,1244. 문정 법조단지8,2,3
202206,1245. 문정 법조단지9,3,1
202206,1247. 문정 법조단지11,1,0
202206,1248. 방이초등학교,2,0
202206,125. 서강대 남문 옆,13,16
202206,1251. 석촌역 2번출구,1,1
202206,1253. 오금역 3번 출구 뒤,0,1
202206,1257. 가락시장역 사거리,1,0
202206,126. 서강대 후문 옆,16,15
202206,1264. 천호역 10번 출구 앞,2,3
202206,1266. 문정동 글샘 공원,2,1
202206,1267. 올림픽공원 남2문 앞,5,6
202206,1268. 몽촌토성역 1번출구 옆,8,17
202206,1269. 리센츠아파트 ,3,3
202206,127. 현대벤처빌 앞,1,0
202206,1274. 영파여고 앞,1,0
202206,1278. 송파구청 교차로,3,6
202206,128. 신촌역(2호선) 1번출구 옆,10,22
202206,1286. 위례중앙푸르지오 1단지 앞,1,0
202206,1287. 위례아이파크 101동 맞은편,1,1
202206,1289. 풍납토성 서성벽터B,0,1
202206,129. 신촌역(2호선) 6번출구 옆,6,13
202206,1291. 서울체육고등학교 앞,2,4
202206,1293. 석촌호수 서호 사거리,2,2
202206,1295. 잠실역 8번출구,18,22
202206,1296. 석촌호수교차로 (송파나루근린공원 앞),1,1
202206,1297. 석촌호수교차로(동호 팔각정 앞),4,12
202206,130. 신촌역(2호선) 7번출구 앞,13,20
202206,1305. 성북구청,0,2
202206,1306. 한성대입구역2번출구,2,2
202206,1308. 안암로터리 버스정류장 앞,13,15
202206,1314. 정릉꿈에그린1단지 201동 앞,2,2
202206,1315. 고려사대부속중고 정문,1,2
202206,1316. 고려사대부속중고 건너편 ,2,3
202206,1318. 길음역 3번출구 뒤,0,2
202206,1321. 국민은행 종암동지점 앞,8,9
202206,1323. 월곡역 입구 육교 밑,1,1
202206,1326. 상월곡역 1번출구,4,0
202206,1327. 상월곡역 3번출구,1,0
202206,1328. 월곡역 3번출구,1,0
202206,1332. 석계역 5번출구 건너편,1,0
202206,1333. 석관초등학교 앞,1,0
202206,1334. 석관동주민센터 앞,1,0
202206,1336. 성북3교 위,0,1
202206,1337. 돈암성당 옆,2,7
202206,1338. 용문2교 옆,5,3
202206,134. 연세로 명물길,17,21
202206,1343. 한성대7번출구 앞,1,0
202206,1344. 아리랑시네센터 앞,0,1
202206,1348. 성북제일새마을금고 본점 앞,0,1
202206,135. 명물길 원형무대 앞,9,5
202206,1351. 안암2교 옆,4,3
202206,1352. e 편한세상 보문아파트 내,0,2
202206,1353. 금호어울림센터힐 내,1,0
202206,1354. 고려대학교 2번출구,9,5
202206,1355. 보문2교,3,4
202206,1357. 북한산보국문역,0,1
202206,1358. 정릉도서관 앞,0,1
202206,1359. 장위뉴타운 꿈에 숲 코오롱 하늘채 앞,2,2
202206,1360. 정릉역,0,2
202206,1362. 보문역6번출구 앞,5,2
202206,1363. 보문4교 인근,1,1
202206,1365. 선잠단지 앞,0,2
202206,1368. 성신여대입구 교차로,3,0
202206,137. 신촌기차역입구 교차로,7,4
202206,1372. KEB은행 고대점,13,3
202206,1373. 성북구보건소 건너편,2,2
202206,1375. 생명의 전화 종합복지관 앞 교차로,4,2
202206,1377. 한국과학기술연구원 북문,2,0
202206,138. 신촌동 제1공영주차장 앞,11,9
202206,1381.석계역 4번출구 뒤,0,1
202206,1390.석관래미안아트리치,1,0
202206,140. 이화여대 후문,12,18
202206,1402. 금란주차장 앞,0,2
202206,141. 연대 대운동장 옆,1,2
202206,1414. 사가정역 2번출구,0,3
202206,142. 아현역 4번출구 앞,3,6
202206,143. 공덕역 2번출구,6,4
202206,144. 공덕역 8번출구,6,10
202206,1442. 중랑구 중소기업 창업센터,0,1
202206,1448. 코스트코 상봉점,1,0
202206,1452. 겸재교 진입부,0,4
202206,1458. 상봉터미널2,1,0
202206,146. 마포역 2번출구 뒤,7,13
202206,1461.동양엔파트 앞,0,1
202206,1466.두산대림아파트 삼거리,1,1
202206,147. 마포역 4번출구 뒤,9,15
202206,1471.동양쇼핑 정류소 앞,1,1
202206,148. 용강동 주민센터 앞,3,4
202206,1480. 용마지구대 옆,1,0
202206,150. 서강대역 2번출구 앞,11,2
202206,1503. 이디야 커피 수유역점 앞,1,3
202206,1504. 다이소 삼양시장점,1,1
202206,1512. 강북중학교 앞,1,5
202206,1520. 성실교회,1,0
202206,1526. 수유동 채선당앞,0,1
202206,153. 성산2교 사거리,2,3
202206,1530. 광산사거리,1,0
202206,1531. 미아사거리 1번 출구,1,0
202206,1535. 효성인텔리안 앞,6,4
202206,1537. 북한산 우이역,1,2
202206,1538. 솔밭공원역,1,0
202206,154. 마포구청역 ,8,11
202206,1552. 강북구청사거리(던킨도너츠 앞),1,0
202206,156. 서울서부지방법원 앞,1,2
202206,1565.대한병원앞,1,0
202206,157. 애오개역 4번출구 앞,13,6
202206,159. 이대역 4번 출구,1,5
202206,160. 북아현동 가구거리,1,4
202206,1601. 석계역 문화광장 내 자전거 보관소,0,1
202206,1605. 헬스케어,4,1
202206,1608. 공릉역 1번 출구 앞,1,0
202206,1611. 과기대 입구(우),1,3
202206,162. 봉원고가차도 밑,10,5
202206,1625. 상계역(4번출구),3,0
202206,1636. 상계주공2단지 버스정류장 옆,0,2
202206,1640. 한내근린공원 북측,4,5
202206,1642. 서울여대 남문,2,2
202206,1643. 태릉입구역 8번출구,2,6
202206,1650. 중계근린공원내,1,1
202206,1653. 노원역1번출구,0,2
202206,1663. 동해문화예술관앞,2,0
202206,1669. 중계역 3번출구,0,1
202206,1671. 인덕대학교,0,1
202206,1674. 서울북부고용센터앞,1,1
202206,1677. 육군사관학교  앞,2,1
202206,1684. 태릉입구역 5번출구,1,0
202206,1697.상계주공2단지 219동,2,1
202206,170. DMC파크뷰자이아파트 302동 앞,3,1
202206,1703. 도봉산광역환승센터앞 ,1,0
202206,1705. 도봉구청 정문앞,1,2
202206,1706. 기업은행 앞,1,0
202206,1708. 보건소사거리(다비치안경창동점),3,0
202206,171. 임광빌딩 앞,4,0
202206,1715. 서울특별시교육청도봉도서관,0,1
202206,1720. 도봉구청 옆(중랑천변),1,1
202206,1727. 서울도봉초등학교인근,1,0
202206,173. 서대문역 8번출구 앞,1,1
202206,1730. 도봉산역 교차로 앞,0,1
202206,1734. 쌍문현대1차아파트 108동 앞,0,1
202206,1741. 제일강산수산입구,2,1
202206,1742. 북한산 코오롱 하늘채,6,5
202206,1744.KT방학지사 앞,0,2
202206,1746. 다이소방학점 앞,1,1
202206,1748. 피자헛 앞(도봉병원 옆),2,0
202206,175. 홍연2교옆,8,6
202206,1754. 창동시장입구 사거리,3,2
202206,1757.솔밭공원역 1번출구 앞,2,0
202206,176. 명지대학교 도서관,3,7
202206,1775.신원리베르텔 앞,2,0
202206,179. 가좌역 4번출구 앞,3,0
202206,180. 충정로역 7번출구 아래,2,3
202206,181. 망원초록길 입구,20,16
202206,1812. 갑을그레이트밸리 앞,0,1
202206,182. 망원2빗물펌프장 앞,17,22
202206,1827. 독산보도육교 앞 자전거 보관소,1,1
202206,1829. 홈플러스 금천점 앞,2,5
202206,183. 하늘채코오롱아파트 건너편,7,4
202206,1831. 메이퀸웨딩컨벤션 앞,2,2
202206,1834. 월드메르디앙 벤처센터 2차,1,0
202206,184. 7번가피자 서교망원점,8,4
202206,1845. 롯데캐슬골드파크1차 서문,3,3
202206,1846. 롯데캐슬골드파크1차 동문,2,2
202206,185. 마포 신수공원 앞,9,8
202206,1858. 500번·507번 버스 종점 앞,2,3
202206,186. 월드컵공원,14,11
202206,1867.대륭포스트타워6차 앞,1,2
202206,1869.롯데캐슬골드파크3차 301동 앞,1,0
202206,188. 홍은동 정원여중 입구,1,1
202206,1906. 신도림역 1번 출구 앞,3,5
202206,1911. 구로디지털단지역 앞,9,5
202206,1914. 대림역4번출구,1,1
202206,1920. 서울미래초등학교 사거리,2,0
202206,1925. 동양미래대학교 정문 옆,0,1
202206,1928. 고척스카이돔구장 광장,2,2
202206,1930. 개봉지구대 개봉치안센터,1,1
202206,194. 증산교 앞,0,3
202206,1941. 오류동역 2번출구,0,1
202206,1946. 구로역 광장,1,0
202206,195. 모래내고가차도 ,1,0
202206,1955. 디지털입구 교차로,1,1
202206,1958. 강서수도사업소민원센터,1,1
202206,1959. 구로구의회 앞,1,1
202206,1961. 신도림테크노근린공원,2,3
202206,1975. 대림역 1번 출입구 밑,2,1
202206,1983. 구로동롯데아파트,0,1
202206,1985. 구로도서관,3,0
202206,1986. 태평양물산빌딩,0,1
202206,199. 서울 월드컵 경기장,5,1
202206,1996. 구일역 1번 출입구 앞,3,5
202206,1998. 고척교 교차로,1,0
202206,2000. 신도림4차 e편한세상 아파트 1109동 앞,1,2
202206,2002. 노들역 1번출구,13,18
202206,2003. 사육신공원앞,0,2
202206,2007. 유한양행앞,1,1
202206,201. 진미파라곤 앞,0,5
202206,2012. 대림사거리(동작상떼빌아파트),1,0
202206,202. 국민일보 앞,21,17
202206,2020. 장승배기역2번출구뒷편쪽,1,0
202206,2025. 흑석역 1번출구,44,32
202206,2026. 흑석역 4번출구,2,1
202206,2027. 중앙대학교 정문 1,3,13
202206,203. 국회의사당역 3번출구 옆,0,7
202206,2033. 사당동 아르테스 웨딩앞,1,0
202206,2034. 사당역 7번출구쪽,0,2
202206,2037. 동작역 5번출구 동작주차공원,7,6
202206,2038. 동작역 7번출구,1,0
202206,204. 국회의사당역 5번출구 옆,2,2
202206,2040. 비계 버스정류소,2,0
202206,205. 산업은행 앞,15,7
202206,2050. 노량진역 5번출구,5,1
202206,2054. 삼익아파트,5,5
202206,2058. 동작경찰서,8,5
202206,206. KBS 앞,0,4
202206,2061. 한강 현대아파트 건너편,3,0
202206,2067. 보라매역?동작세무서 버스정류장(강남중학교방면),1,0
202206,2069. 숭실대 입구역3번 출구 앞,1,0
202206,207. 여의나루역 1번출구 앞,212,183
202206,2070. 노량진역 2번 출구 앞,3,2
202206,2077.노들역 3번출구,27,26
202206,2078.흑석 아크로리버하임(103동),5,3
202206,2079.중앙대학교 중앙광장,0,3
202206,2080. 대방지하보도(대방동경남아너스빌아파트),4,3
202206,2082.7호선 이수역7번출구,1,0
202206,2085.강남중학교 앞,4,2
202206,209. 유진투자증권빌딩 앞,17,7
202206,210. IFC몰,17,14
202206,2102. 봉림교 교통섬,17,16
202206,2103. 신림동 우방아파트,1,1
202206,2104. 사당역 5번출구,2,2
202206,2107. 도림천 신화교,9,8
202206,2111. 서울대입구역 1번출구,6,2
202206,2112. 서울대입구역 마에스트로,0,2
202206,2116. 에이스에이존빌딩,0,1
202206,2122. 낙성대로 입구,1,1
202206,2129. 낙성대 과학전시관,0,2
202206,213. KT앞,17,24
202206,2130. 영어마을 관악캠프,1,0
202206,2139. 서울신성초등학교,6,1
202206,214. 금융감독원 앞,8,0
202206,2140. 신림1교 교차로,0,3
202206,2143. 서울산업정보학교,5,2
202206,215. 여의도고교 앞,23,15
202206,2164. 관악우체국,3,1
202206,2167. 낙성대역 1번출구,0,3
202206,2169. 봉천역 2번출구,0,1
202206,217. NH농협은행 앞,4,4
202206,2171. 서울대입구역 5번출구,2,4
202206,2172. 나들목공원,4,2
202206,2174. 삼성디지털프라자관악점,1,0
202206,2175. 신림동걷고싶은문화의거리입구,0,1
202206,2176. 보라매공원 보도육교,0,2
202206,2177. 신대방역 2번 출구,6,6
202206,2178. 서울대학교 정문,0,5
202206,2179. 양녕로 입구,1,0
202206,2183. 동방1교,3,2
202206,2185. 대학동 고시촌,1,1
202206,219. 롯데캐슬엠파이어 옆,5,6
202206,2190.도원맨션,0,1
202206,2191.대학동주민센터 ,2,0
202206,2196. 봉천역 3번출구,1,0
202206,2198.사랑의병원,3,1
202206,220. 미성아파트 A동 앞,3,3
202206,2202.청계산입구역 1번출구,2,1
202206,221. 여의도초교 앞,8,10
202206,2211. 서초구립반포도서관 앞,2,0
202206,2213. 고속터미널역 5번출구 앞,3,3
202206,2214. 신반포역 2번출구 앞,1,5
202206,2215. 반포종합운동장 입구,2,2
202206,2217.아크로리버뷰 부지 앞,26,37
202206,"2219. 고속터미널역 8-1번, 8-2번 출구 사이",18,18
202206,222. 시범아파트버스정류장 옆,4,2
202206,2220. 반포본동 주민센터 앞,9,8
202206,2222.사당역 12번출구 뒤,1,2
202206,2227.방배열린문화센터 앞,1,0
202206,223. 진주아파트상가 앞,2,0
202206,2230.이수역 4번 출구,2,2
202206,2231. 삼성타운(삼성생명) A동 맞은편,3,3
202206,2237.서울남부터미널 대합실 입구,1,2
202206,2239.교대역 6번출구,1,1
202206,224. 롯데캐슬 앞,5,3
202206,2242.양재역 11번 출구 앞,1,0
202206,2244.교육개발원입구 교차로,2,1
202206,2247.섬들근린공원,2,1
202206,225. 앙카라공원 앞,6,6
202206,2250. 서초유치원 맞은편,5,1
202206,2251. 더케이호텔 입구(양재2) ,0,4
202206,2252. 잔디마을 마을버스 정류장,3,4
202206,2255.시민의숲역 1번출구 옆,6,2
202206,2256.양재동 꽃시장 입구,1,0
202206,2259. 잠원역 3번-4번 출구사이 ,8,3
202206,226. 샛강역 1번출구 앞,1,5
202206,2262. 한신16차아파트 119동 앞,55,98
202206,2266. 서초역 3번출구,1,0
202206,2269. 주홍교 하부,0,1
202206,227. 양평2나들목 보행통로 입구,0,5
202206,2270. 서초포레스타 7단지,1,0
202206,2271. 내방역 8번출구 앞,4,4
202206,2272. 교대입구 교차로,0,1
202206,2274. 양재시민의숲역 3번출구,0,1
202206,2276. 영동1교 (양재천근린공원),1,0
202206,2277. 길마중4교 하부,1,4
202206,2279. 교대역 5번출구뒤,1,2
202206,228. 선유도역 3번출구 앞,5,8
202206,2280. 서울서초고용센터앞,1,0
202206,2282. 방배래미안아트힐 101동앞,1,1
202206,229. 양평1 보행육교 앞,6,2
202206,2293. SPC 앞,0,1
202206,2297. 남부터미널역 1번출구,0,1
202206,2299. 한전아트센터 앞,0,1
202206,230. 영등포구청역 1번출구,2,3
202206,2301. 현대고등학교 건너편,33,45
202206,2302. 교보타워 버스정류장(신논현역 3번출구 후면),6,2
202206,2303. 논현역 10번출구,4,6
202206,2305. MCM 본사 직영점 앞,0,2
202206,2306. 압구정역 2번 출구 옆,12,12
202206,2307. 압구정 한양 3차 아파트,3,5
202206,2308. 압구정파출소 앞,8,10
202206,2310. 청담동 맥도날드 옆(위치),1,2
202206,2312. 청담역 13번 출구 앞,2,2
202206,2313. 금원빌딩 앞,3,6
202206,2314. 청담나들목입구,3,3
202206,2315. 봉은사역 5번출구 옆,6,7
202206,2317. 삼성도로공원,5,12
202206,2318. 삼성중앙역4번출구(문화센터더 리빌),4,0
202206,232. 양평우림 이비즈센타 앞,1,0
202206,2321. 학여울역 사거리,4,0
202206,2323. 주식회사 오뚜기 정문 앞,1,1
202206,2324. 천주교 대치 2동 교회 옆,1,1
202206,2327. 뱅뱅사거리 랜드마크타워 앞,1,1
202206,2328. 르네상스 호텔 사거리 역삼지하보도 7번출구 앞,0,1
202206,2331. 동영문화센터앞,1,0
202206,2332. 선릉역3번출구,0,2
202206,2333. 양재역 3번출구 주변,1,0
202206,2335. 3호선 매봉역 3번출구앞,3,1
202206,2337. 대모산입구역 2번출구 앞,2,0
202206,2340. 삼호물산버스정류장(23370) 옆,0,1
202206,2342. 대청역 1번출구  뒤,1,2
202206,2348. 포스코사거리(기업은행),6,3
202206,2353. 강남구청역 2번출구 뒤,1,1
202206,2354. 청담역 2번출구,1,4
202206,2356. 강남구청,1,0
202206,2357. 르네상스호텔사거리 역삼지하보도 3번출구 앞 (더 오번 빌딩 명동칼국수 앞),1,0
202206,236. 문래동자이아파트 앞,0,2
202206,2362. 신사동 가로수길 입구,10,2
202206,2363. 강남 을지병원 교차로,4,4
202206,2364. 도산공원교차로,4,7
202206,2365. K+ 타워 앞,4,5
202206,2369. KT선릉타워,5,1
202206,2371. 한국우편사업진흥원,0,1
202206,2372. 대치역 사거리,0,1
202206,2373. 개포동역 사거리,4,1
202206,2376. 수서역 6번출구 앞,1,1
202206,2377. 수서역 5번출구,2,0
202206,2380. 삼성동베이직하우스앞,1,1
202206,2382. 역삼동 sk뷰 501동앞,0,1
202206,2384. 자곡사거리,0,2
202206,2385. 학동역,3,1
202206,2387. 래미안강남힐즈 사거리,1,1
202206,2388. 강남구 도시관리공단,2,0
202206,2389. 경기여자고등학교 후문 (삼성로3길 입구),0,2
202206,2396. 영동3교 북단(우성캐릭터 앞 보도),1,0
202206,240. 문래역 4번출구 앞,1,2
202206,2404. 대모산입구역 4번 출구 앞,1,0
202206,2405. 청담공원앞 교차로,4,3
202206,2406. 논현동 광명빌딩 앞,1,2
202206,2407. 역삼.서초.삼성 세무서 앞 (역삼빌딩 앞),6,2
202206,241. 신길우성1차아파트 앞 공원,3,3
202206,2410. 포스코피앤에스타워 (역삼역 3번출구 부근),1,1
202206,2413.도곡역 1번 출구,12,13
202206,2414. 도곡역 아카데미스위트 앞,0,1
202206,2416.한티역 6번 출구,0,1
202206,2418.봉은사역 7번 출구 ,20,3
202206,"2419.봉은사역 1,2번 출구 ",6,10
202206,2420.학여울역 사거리(LG베스트샵 앞),4,8
202206,2423.영희초교 사거리(래미안개포루체하임),1,0
202206,2425.세곡동 사거리(대왕초등학교 정류장),0,1
202206,2429.압구정로데오역 6번출구,5,8
202206,243. 이앤씨드림타워 앞,1,2
202206,2431.대치역 7번출구,3,0
202206,247. 당산역 10번출구 앞,17,15
202206,248. 초원아파트 앞,3,18
202206,249. 여의도중학교 옆,38,31
202206,250. 대림아파트 사거리,1,0
202206,2503. 반포1동 서초빌딩 앞,2,2
202206,2504. 신사역 4번출구 뒤,1,5
202206,2505. 우성아파트사거리 (기업은행앞),7,4
202206,2509. 심산기념문화센터,3,1
202206,2511. 이수역 6번출구 앞,1,1
202206,2515.서초초등학교 후문,4,1
202206,252. 보라매역4번출구,0,1
202206,2520.서초1교 (진흥아파트 방면),0,2
202206,2521.서초 크로바타워 앞,1,0
202206,2523.뉴코아 킴스클럽 앞,0,1
202206,2524.반포쇼핑타운 8동 앞,4,1
202206,2525.반포쇼핑타운 2동 앞,52,76
202206,2526.반포경남쇼핑 앞,3,11
202206,2527.반포중학교 앞(세화여고 맞은편),6,15
202206,2528.함지박 사거리,0,1
202206,2529.우리은행 방배동지점 앞,2,1
202206,2530.삼호3차아파트 앞,2,0
202206,2538.사평리 공원,12,9
202206,254. 도림신협 앞,2,4
202206,2540.반포천 앞,2,3
202206,2542.신논현타워 앞,1,1
202206,2547.포드서초서비스센터앞,6,9
202206,2548.반포1동 자율방범초소 옆,3,1
202206,256. 동아에코빌입구,1,0
202206,258. 신길역3번출구,2,1
202206,259. 대방역6번출구,2,3
202206,260. 여의도 마리나선착장 앞,11,14
202206,2601. 석촌호수 아뜰리에,3,3
202206,2605. 복정역 1번 출구 앞,1,1
202206,2608. 송파구청,22,15
202206,2610. 송리단길,8,2
202206,2613. 잠실나들목,14,11
202206,2615. 테라타워2,1,2
202206,2618. 삼전역 1번출구,2,0
202206,2619. 석촌고분역 4번출구,3,4
202206,262. 영문초등학교 사거리,3,6
202206,2620. 송파나루역 4번 출구옆,6,4
202206,2621. 한성백제역 2번 출구,23,13
202206,2622. 올림픽공원역 3번출구,42,39
202206,263. 근로자회관 사거리,1,1
202206,2630.서울방이동 고분군,0,1
202206,2632.석촌고분역 2번 출구,1,0
202206,2635.잠실새내역 1번출구,6,2
202206,2637. 아시아지하보도 14번 출구,2,0
202206,2638.쌍용아파트,3,1
202206,2639.석촌역 8번출구,0,3
202206,2641.송파역 4번출구,2,3
202206,2643.풍납중학교 측면,0,1
202206,2644. 성내5교,1,0
202206,2645.잠실나들목2(엘스아파트136동),1,0
202206,2646.레이크펠리스101동앞,7,8
202206,2647.잠실 자전거 수리센터 앞,7,2
202206,2648.헬리오시티 112동 앞,4,6
202206,2649.오금공원사거리2,1,0
202206,265. 영등포유통상가 사거리,0,1
202206,2653.올림픽공원사거리(선수촌아파트),2,0
202206,267. 삼성화재 사옥 옆,2,6
202206,268. 그랜드컨벤션센터 앞,1,0
202206,2701. 마곡나루역 5번출구 뒤편,1,0
202206,2704.홈플러스(강서점),3,5
202206,2708.강서한강자이타워 앞,1,3
202206,2709.강변아파트 310동 앞,0,1
202206,271. 샛강생태공원방문자센터 앞,3,4
202206,2710.라이품 공영주차장 앞,1,2
202206,2715.마곡나루역 2번 출구 ,15,13
202206,2716.롯데 R&D 센터,1,0
202206,2717.LG유플러스 마곡사옥,2,2
202206,2719.마곡문화공원,4,3
202206,272. 당산육갑문,37,36
202206,2721.등촌1-10단지 교차로,0,1
202206,2722.마곡 문영비지웍스,1,0
202206,2723.마곡 필네이처,0,1
202206,2724.(재)FITI시험연구원,0,1
202206,2725.서울식물원 식물문화센터,4,0
202206,2727.서울식물원 잔디마당 앞,3,1
202206,2728.마곡나루역 3번 출구,5,8
202206,2729.넥센 유니버시티 앞,0,1
202206,2733.마곡13단지 정문 앞,2,0
202206,2739.수명산파크1단지교차로,1,1
202206,274. 영등포역지하쇼핑센타 5번출구,16,5
202206,2740.마곡레포츠센터,2,1
202206,275. 신동아아파트,1,1
202206,276. 영등포로터리2,8,6
202206,278. 쌍용플레티넘오피스텔,5,2
202206,279. 영등포 푸르지오 아파트,0,2
202206,280. 양평동6차현대아파트 앞,0,2
202206,2801. 대륭포스트타워1차,1,1
202206,281. 신동아아파트 앞,2,1
202206,2819.하늘숲초등학교 앞,1,0
202206,2824.미래사랑어린이공원 앞,2,2
202206,283. 아크로타워 스퀘어(영등포시장),3,0
202206,284. 센트럴 푸르지오 시티 앞,1,2
202206,286. 우성아파트 교차로,4,0
202206,287. 영등포전화국사거리 (서강어린이공원),3,4
202206,289. 대림3동사거리,1,1
202206,2909. 석계역 3번 출구,0,1
202206,291. 문래동 하이테크 시티,1,0
202206,2910.도깨비시장,0,5
202206,2915.서울과학기술대학교(어학교육원),4,0
202206,2919.등나무 근린공원(시립북서울미술관 앞) ,3,0
202206,2921.중계역 2번출구,1,1
202206,293. 충북 미래관,3,3
202206,297.국회3문,2,0
202206,298.KBS 연구동 건너편,3,1
202206,299.여의도 순복음교회,3,18
202206,300. 정동사거리,12,8
202206,3002.벽산상암스마트큐브 ,4,3
202206,3005.마포구청 청사내,0,1
202206,3006. 상암월드컵파크5단지(상암중학교),1,1
202206,3007.MBC 앞,1,0
202206,3009.서교동사거리(신),17,24
202206,301. 경복궁역 7번출구 앞,5,2
202206,3010.홍대입구역 3번출구,45,35
202206,3011.경의선(노고산동),13,19
202206,3013.서울지방고용노동청 앞,5,5
202206,302. 경복궁역 4번출구 뒤,21,10
202206,303. 광화문역 1번출구 앞,4,3
202206,307. 서울역사박물관 앞,4,2
202206,308. 광화문 S타워 앞,7,3
202206,309. 광화문역 6번출구 옆 B,0,1
202206,310. 청계광장 옆,2,6
202206,3100. 북성초교,2,4
202206,3101. 서대문구청,3,2
202206,3102. 연희삼거리,3,0
202206,3103. 홍제삼거리 북측,2,0
202206,3104. e편한세상 신촌4단지 앞,5,0
202206,3107. 연희초등학교 앞,0,1
202206,3110.홍은 현대아이파크 아파트 202동 앞,1,2
202206,3113.독립문역사거리,1,1
202206,3114.충정로역 3번 출구,0,2
202206,3116.신촌역 4번출구,2,3
202206,3117.이화여대 인문관 인근,12,14
202206,3119.연희 브라운스톤 아파트 앞,8,5
202206,3125.연희파크푸르지오아파트 앞,6,4
202206,3127.홍은2파출소 옆,1,0
202206,3128.동신병원 맞은편,2,0
202206,3131.연가교 교차로,1,0
202206,3132.홍제교,1,0
202206,3134.SK리쳄블(상수도사업본부),2,2
202206,314. 국립현대미술관,14,10
202206,316. 종각역 1번출구 앞,16,7
202206,318. 광교사거리 남측,3,7
202206,320. 을지로입구역 4번출구 앞,12,14
202206,3201.당산skv1센터,1,1
202206,3202.당산롯데캐슬프레스티지,1,0
202206,3204.도림고가도로 밑,1,0
202206,3206.문래동 주민센터,1,0
202206,321. KEB 하나금융그룹 명동사옥 옆,10,12
202206,3215.강변삼성래미안,1,0
202206,3219.영등포역 1번출구,1,0
202206,322. 명동성당 앞,4,9
202206,3221.서울특별시 남부교육지원청,1,1
202206,324. 신세계백화점 본점 앞,15,9
202206,326. 안국역 5번출구 앞,6,7
202206,327. 낙원상가 옆,9,11
202206,328. 탑골공원 앞,8,7
202206,329. 청계2가 사거리 옆,10,9
202206,331. 을지로2가 사거리 북측,10,4
202206,3311.서울대입구역 4번 출구,2,2
202206,332. 을지로2가 사거리 남측,2,3
202206,334. 종로3가역 2번출구 뒤,0,1
202206,335. 종로3가역 15번출구 앞,3,1
202206,336. 티마크 호텔 앞,9,12
202206,337. 창경궁 입구,6,8
202206,338. 세운스퀘어 앞,1,0
202206,339. 종로4가 사거리,2,4
202206,340. 혜화동 로터리,1,1
202206,3402.이화공영주차장,0,2
202206,3404.서울특별시 중부교육지원청,1,0
202206,3405.파크팰리스,1,0
202206,3407.안국동사거리(신),19,19
202206,3408.종로타워빌딩,9,9
202206,341. 혜화역 3번출구 뒤,3,1
202206,3410.종로3가역 8번출구,8,7
202206,3411.종묘,8,6
202206,3412.세운상가,3,2
202206,3413.종로플레이스,2,2
202206,3414.종로5가역 4번출구,3,12
202206,3415.동대문역6번출구,7,3
202206,3416.동묘앞역 6번출구,4,6
202206,3419.국립어린이과학관,2,1
202206,342. 대학로 마로니에공원,5,3
202206,3420. 성균관대입구사거리,5,0
202206,3422.성균관대 정문,9,9
202206,3423.현대그룹(본사),1,1
202206,3426.독립문역 2번출구 뒤,0,1
202206,3432.종로2가 사거리,5,8
202206,344. 성균관대 E하우스 앞,4,6
202206,345. 서울보증보험본사 앞,2,0
202206,346. 맥스타일 앞,6,12
202206,347. 동대문역사문화공원역 9번출구 앞,8,12
202206,348. 독립문역 사거리,0,2
202206,349. 사직동주민센터,1,1
202206,3501. 광진구청 앞,1,1
202206,3502. 중곡역 1번출구,1,1
202206,3504. 원일교회,4,1
202206,3505. 신양초교앞 교차로,3,3
202206,3506. 영동대교 북단,2,1
202206,3508. 화양사거리,0,1
202206,3509. 세종사이버대학교,0,3
202206,3510. 중곡SK아파트앞,1,0
202206,3511. 응봉역 1번출구,17,17
202206,3513. 상왕십리역 1번출구,2,5
202206,3514. 왕십리교회옆,6,4
202206,3515. 서울숲 관리사무소,59,39
202206,3518. 군자역 7번출구뒤,7,8
202206,352. 중앙고입구 삼거리,1,3
202206,3520. 광진경찰서,1,0
202206,3521. 현대홈타운 뒷길,1,0
202206,3525. 금호스포츠센터앞,0,1
202206,3528. 광진정보도서관,3,2
202206,3529. 어린이대공원정문,1,1
202206,353. 재동초교 앞 삼거리,12,9
202206,3533. 건대입구역 사거리(롯데백화점),11,16
202206,3534. 건대입구역 5번출구 뒤,4,2
202206,3539. 서원마을,1,1
202206,354. 포르투갈 대사관 앞,2,8
202206,3541. 커먼그라운드,6,16
202206,3542. 래미안 구의파크 스위트,5,4
202206,3544.한양대역 3번 출구,4,8
202206,3545.한양대역 1번출구,1,4
202206,3547.상왕십리역 6번 출입구,0,1
202206,3548.뚝섬역 6번출구,3,4
202206,3549.건영아파트 앞,1,1
202206,355. 서울사대부속초교 앞,2,0
202206,3550.금호나들목,3,4
202206,3552.서울숲 공영주차장앞,22,30
202206,3553.마장역3번출구,1,0
202206,3557.서울숲리버뷰자이APT105동 앞,2,0
202206,3558.마장동 금호어울림APT앞,2,0
202206,3559.성동구민종합체육센터 앞,26,10
202206,356. KT혜화지사 앞,1,0
202206,3561.행당동 삼부APT후문,2,1
202206,3564.나루마당,1,0
202206,3569.건대병원후문,15,8
202206,3570.구의역 리버비스타 오피스텔,3,2
202206,3573.광나루안전체험관,5,3
202206,3579.광진 캠퍼스시티,1,1
202206,358. 성대입구 사거리,2,1
202206,3581.광진광장,1,0
202206,3586.군자역 비채온 오피스텔,0,1
202206,3587.우성식품 앞,0,1
202206,359. 원남동사거리,0,7
202206,3600.사근빗물펌프장 건너편,20,16
202206,3604. 삼성중앙역 5번출구,2,1
202206,3606. 신사동주민센터 옆,9,4
202206,361. 동묘앞역 1번출구 뒤,15,18
202206,3615. 서울 논현동우체국 앞,2,0
202206,3616. 역삼중학교 앞(체육관 방향),1,0
202206,3618. 서울율현초교 삼거리,6,4
202206,362. 청계8가 사거리,4,3
202206,3620. 청담역 11번 출구,3,0
202206,3627. 압구정나들목,17,16
202206,3628. 역삼1동 주민센터,1,0
202206,3629. 청담사거리(신한오피스텔빌딩 앞),1,6
202206,363. 신설동역 11번출구 뒤,4,2
202206,3638. 신청담나들목,1,0
202206,3646. 선정릉역 4번 출구,1,2
202206,3653. 강동리버스트4단지아파트 404동 앞,0,7
202206,3657. 서울천호동우체국,0,1
202206,3664. 맥도날드 서울둔촌DT점 앞,4,0
202206,3671. 둔촌동역교차로,0,1
202206,3672. 고덕중학교 후문,0,2
202206,3673. 강동리버스트6단지,2,0
202206,3674. 강동리버스트7단지,0,2
202206,368. SK 서린빌딩 앞,6,6
202206,3680. 강동역3번출구,0,5
202206,3689. 강일역 3번출구,0,2
202206,369. 광화문 시민열린마당,13,5
202206,3691. 둔촌역 2번출구,2,0
202206,370. 시청역(2호선) 9번출구 뒤,10,10
202206,371. 동대입구역 6번출구 뒤,10,7
202206,372. 약수역 3번출구 뒤,0,9
202206,374. 청구역 2번출구 앞,1,1
202206,3753. 공항중학교 버스정류장,1,1
202206,3759. 이대서울병원,2,0
202206,3760. 발산역 8번 출구,1,0
202206,3761. 나이아가라관광호텔,2,0
202206,3769. 증미역 2번출구,0,2
202206,3778. 김포공항입구 교차로,8,8
202206,3780. 등촌서광아파트,3,6
202206,3783. 마곡금호어울림아파트,2,1
202206,3784. 벽산아파트,1,2
202206,3787. 가양나들목,2,6
202206,3788. 정곡나들목,12,15
202206,3789. 염창나들목,3,2
202206,379. 서울역9번출구,2,7
202206,3793. 더리브골드타워,1,0
202206,3794. 안양천합수부(현대3차아파트),0,1
202206,3795. 공항신성빌딩 앞,1,2
202206,3796. 송정역 3번출구 앞,1,2
202206,3798. 그랜드아이파크아파트 앞,1,3
202206,380. CJ제일제당 앞,4,2
202206,3803. 남서울중학교,1,3
202206,3804. 낙성대공원,0,1
202206,381. 장충체육관,2,0
202206,3810. 신봉천주유소 B,2,2
202206,3811.신사로입구,4,2
202206,3812. KT관악지점,4,0
202206,3814. 난곡사거리 ,1,0
202206,3815. 광일빌딩,0,1
202206,3818. 은천교회 앞,1,4
202206,382. 약수역 10번출구 앞,6,4
202206,383. 신당역 12번 출구 뒤,9,4
202206,385. 종각역 5번출구,7,6
202206,3860. 건국대학교 정문 앞,0,1
202206,3865. 이튼타워리버 2차,2,0
202206,387. 훈련원공원주차장 앞,21,17
202206,3873. 동서울우편집중국 앞,1,0
202206,388. 동성중학교 앞,0,1
202206,3880. 홍련봉 공원,0,1
202206,3881. 신자초교입구 교차로,3,9
202206,3886.광진구 민방위교육센터,0,2
202206,389. 을지로4가역 1번출구,4,0
202206,390. 충무로역 1번출구,8,13
202206,3904. 테크노마트 앞,5,5
202206,3907. 신도림7차e편한세상아파트 806동 앞,2,0
202206,391. 시립미술관,0,2
202206,3914. 신도림쌍용플래티넘노블아파트 앞,3,2
202206,3917. 성공회대학교,2,5
202206,393. 동대문역 8번 출구,20,12
202206,395. 경희궁 자이 2단지,1,1
202206,3958. 롯데캐슬2차 마을버스 정류장(18804) 뒤편,1,0
202206,3959. 시흥사거리(시흥동 994-3 앞),0,1
202206,397. 종묘공영주차장 건너편,2,4
202206,3975.현대시티아울렛 가산,6,6
202206,3977. 말미사거리,2,1
202206,398. 을지로3가역 3번출구,13,8
202206,399. 서울역 센트럴 자이아파트,3,0
202206,400. 상암한화오벨리스크 1차 앞,1,0
202206,4011. 월계 센트럴 아이파크,0,2
202206,4013. 중계 롯데마트,1,1
202206,4026. 상계주공1단지아파트,1,0
202206,4027. 한내 행복발전소 옆,0,1
202206,4028. 한일유앤아이아파트 105동 인근,1,1
202206,403. 부엉이공원 앞,1,0
202206,405. DMC빌 앞,33,31
202206,4054. KT프라자도봉점 맞은편,1,1
202206,4058. 다락원체육공원 전망대 입구,2,0
202206,406. 상암월드컵파크 7단지 앞,2,3
202206,407. 마포구 육아종합지원센터,1,0
202206,408. LG CNS앞,1,1
202206,409. 누리꿈스퀘어 옆,1,2
202206,4102. 휘경1동주민센터 앞,2,2
202206,4103. 휘경sk뷰아파트 앞,5,2
202206,4104. 외대앞역 교차로,9,12
202206,4105. 서울교통공사사거리 교통섬,1,1
202206,4110. 용두롯데캐슬리치아파트 앞,3,2
202206,4113. 한국국방연구원 앞,12,12
202206,4114. 휘경여중고삼거리,2,0
202206,4117. 휘경119안전센터 앞,1,0
202206,412. DMC산학협력연구센터 앞,2,0
202206,4121. 서울문화재단 앞,2,2
202206,4122. 청계9가교차로 앞,2,1
202206,4123. 배봉초교 교차로,0,1
202206,4125. 회기역 2-①번출구,2,5
202206,413. 상암월드컵파크 3단지 후문,0,1
202206,415. DMC역 9번출구 앞,16,22
202206,4153. 흑석동효사정앞,0,4
202206,416. 상암월드컵파크 1단지 교차로,1,4
202206,4167. 구로교 아래,16,16
202206,4169. 신대방삼거리,0,1
202206,417. DMC역 2번출구 옆,2,0
202206,4171. 우성아파트 앞,0,2
202206,4173. 중대후문 마을버스정류장,0,1
202206,4175. 대방역2번출구,2,3
202206,4177. 롯데캐슬 101동 앞,0,1
202206,4178. 이수성결교회 옆,1,0
202206,418. 월드컵경기장역 3번출구 옆,6,8
202206,419. 홈플러스 앞,18,27
202206,420. 서울시 공공자전거 상암센터,5,2
202206,4202. 프런트원(공덕역4번출구 앞),1,1
202206,4206. 광흥창역5번출구,8,5
202206,4207. 아만티호텔 앞,5,5
202206,4208. 스타벅스(동교동) 앞,3,2
202206,421. 마포구청 앞,3,4
202206,4211. 시석빌딩 앞,3,2
202206,4213. 마포구중앙도서관 정문 앞,5,2
202206,4216. 망원정 앞,10,5
202206,4217. 한강공원 망원나들목,67,38
202206,4218. 디지털매직스페이스,2,2
202206,422. 문화비축기지,3,3
202206,4220. 신촌 청년주택,7,3
202206,4221. 솔리스타오피스텔(공덕동주민센터),0,2
202206,4222. 서울디자인고등학교 앞,4,5
202206,4224. 서부운전면허시험장,1,2
202206,4226. 마포프레스티지자이 1,1,0
202206,4233. 코오롱아파트사거리,15,5
202206,4234. 에스테반,1,3
202206,4238. 상암한샘빌딩앞,0,1
202206,4239. 성산2동 주민센터 ,0,1
202206,424. 롯데하이마트 (상암월드컵점) ,0,1
202206,4244. 당인리발전소 공원 앞,13,13
202206,4246. 상수역새마을금고,4,2
202206,4248. 신촌 교보빌딩,0,2
202206,4251. 공덕역 경의선숲길 커뮤니티센터,0,1
202206,4255. 래미안 루센티아 아파트 108동 앞,1,1
202206,426. 서울신용보증재단,0,1
202206,4264. 홍남교 버스정류장,2,2
202206,4267. 서대문역 2번 출구,0,3
202206,4269. 연희IC 남측,1,0
202206,430. KEB하나은행 장충동지점,4,0
202206,4304. 서울고앞,1,1
202206,4306. 서래공원 앞,4,1
202206,431. 청계천 영도교,4,3
202206,4313. 반포종합운동장,6,5
202206,4316. 고속터미널역 3번출구,1,0
202206,4318. 방배역 2번 출구,1,0
202206,4319. 삼성전자R&D어린이집 뒤,0,1
202206,4329. SC제일은행 양재동지점 앞,0,1
202206,433. 을지로입구역 2번출구,6,6
202206,435. SK 남산빌딩,3,4
202206,4353. 코오롱디지털타워 3차앞,0,5
202206,436. 이대역 5번출구,6,7
202206,4360. 르노삼성자동차 성수사업소 앞,0,4
202206,4362. 행당중학교 후문,11,18
202206,437. 대흥역 1번출구,3,3
202206,4370. 서울숲IT캐슬 앞,1,1
202206,4377. 우영테크노센터 앞,2,1
202206,438. 성산2-1 공영주차장,1,2
202206,4381. 더스페이스타워 앞,1,2
202206,4382. 페코텍글로벌허브빌딩 앞,2,1
202206,4383. 푸조비즈타워 앞,1,0
202206,439. 마포어린이공원,14,20
202206,440. 하늘공원 입구,1,4
202206,441.염천교사거리,4,5
202206,4414. 안암역 3번 출구,8,7
202206,4415. 미아초교버스승강장,0,3
202206,4418. 종암동 동덕여대 제2생활관 앞,2,0
202206,442.서울역 서부,1,1
202206,443.호암아트홀,3,4
202206,445.대한상공회의소,8,10
202206,4452. 삼성SDS,2,0
202206,4457. 아산병원 기숙사 부근,6,1
202206,446. 상명대입구,3,4
202206,4460. 올림픽훼미리아파트 112동 앞,1,9
202206,4461. 한양3차아파트 3동 앞,1,0
202206,4464. 올림픽공원 북2문,8,4
202206,4465. 건영아파트앞 사거리,1,0
202206,4467. 한림연예예술고등학교,0,2
202206,4472. 송파파크데일 1단지 115동 건너편,1,0
202206,4474. 가락현대 1차 11동 앞,1,1
202206,4480. 가락시장 남1문 사거리,0,1
202206,4481. 올림픽공원 북2문 2,4,4
202206,4483. 잠실나들목4,7,8
202206,4484. 잠실나루역4번출구뒤,6,8
202206,4485. 잠실나루역 고가하부,0,2
202206,4486. 홈플러스 잠실점,2,0
202206,449. 일성아파트,2,0
202206,4491. 장지역 1번출구,0,1
202206,4496. 잠실 파크리오 120동 앞,4,0
202206,4499. 세양청마루 101동 앞,2,1
202206,450. 효자동 삼거리,4,2
202206,4500. 풍납나들목,1,1
202206,4508. 유원목동아파트 103동 앞,1,0
202206,4509. 서울영상고교 입구,1,0
202206,451. 청와대앞길,2,3
202206,4514. 목동성당 앞,1,1
202206,4515. 동문굿모닝탑,2,3
202206,452. 동대문 종합시장 버스정류장,7,8
202206,4526. 목동아파트2단지 222동 앞,1,0
202206,453. 종로오가 지하쇼핑센터 14번출구,7,11
202206,454. 종로2가 버스정류장 (종각방향),3,2
202206,455. 종로6가역 버스정류장(동대문 방향),1,5
202206,4553. 당산삼성2차아파트,1,0
202206,4556. 리버뷰신안인스빌1차 후문,2,0
202206,4557. 리버뷰신안인스빌2차 후문,5,1
202206,4559. 신길역 2번출구,8,8
202206,4561. 양평역 1번출구,4,0
202206,4563. 여의도 은하아파트,2,0
202206,4564. 63스퀘어,22,20
202206,4565. 영등포 신세계백화점,14,10
202206,4567. 한림대학교 강남성심병원 신관,1,1
202206,4568. 영등포로터리,2,3
202206,457. 종로꽃시장 입구 옆,5,3
202206,4571. 문래동롯데캐슬아파트,1,0
202206,4573. 두산위브아파트,0,1
202206,4574. 영등포시장역 포레나영등포,2,0
202206,4576.보라매sk뷰 108동 앞,0,2
202206,458. 광화문역 5번출구,16,12
202206,4585. 국회6문,2,5
202206,4589. KRX한국거래소(1),4,2
202206,4590. KRX한국거래소(2),5,1
202206,4594. 양평교 영등포대여소,1,3
202206,4599. 대림우성아파트 사거리,1,0
202206,4601.양평역2번출구 뒤,1,1
202206,4602. 숙명여대앞 버스정류소 주변,0,2
202206,4603. 한강GS에클라트 건너편 교통섬,0,3
202206,4604. 원효로다목적체육관 앞,1,0
202206,"4605. 노들섬 다목적홀(동쪽) 숲, 앞",2,5
202206,4607. 국립중앙박물관 -용산가족공원 앞,4,6
202206,4608. 국립중앙박물관 정문 앞,4,2
202206,4609. 파크타워 104동 앞,7,7
202206,461. 서울지방경찰청,1,0
202206,4610. 한남나인원 105동 앞,3,4
202206,4611. 국제루터교회 앞,1,0
202206,4612. 한남 준 J.FSS 앞,2,3
202206,4613. 서울갤러리아 앞,1,1
202206,4615. 크라운호텔앞 버스정류소,7,11
202206,4616. 신용산지하차도 앞,1,0
202206,4617. 동원베네스트 건너편,0,2
202206,4618. 풍전아파트 건너편,4,2
202206,4619. 한강트럼프월드3차 앞,23,40
202206,4620. 삼각지역 14번 출구 앞(교통섬),2,1
202206,4621. 남산도서관 앞,1,1
202206,4622. 한강중학교 앞 버스정류장,3,7
202206,4623. 라인프랜즈이태원점 앞,1,4
202206,4627. 효창공원앞역 5번출구 옆,3,0
202206,4629. 한강초교보도육교 앞,10,11
202206,4632. 용산 푸르지오 파크타운 1단지 앞,0,6
202206,4633. 센트럴파크타워 앞,11,2
202206,4634. 이태원역 3번 출구,13,8
202206,4636. 용산구꿈나무종합타운 앞,2,0
202206,4637. 용산시티파크 101동 앞,2,2
202206,4638. 청파동삼거리 앞,1,0
202206,4639. 동빙고근린공원,5,12
202206,464. 삼청동 골목,5,4
202206,465. 삼청공원 앞,1,1
202206,4658. 녹번역1번출구앞,0,3
202206,466.롯데호텔,0,1
202206,4665. 응암역3번 출구(서부경찰서 방면),2,0
202206,468.웨스틴 조선호텔,6,10
202206,469.회현역 1번출구,2,3
202206,470.회현역 7번출구,13,4
202206,4702. 평창동 주민센터,1,1
202206,4703. 쌍용아파트2단지 정문,1,1
202206,4705. 웰니스센터(민방위교육장 앞),7,13
202206,4707. 청계3가 사거리,4,5
202206,4708. 조계사앞사거리,4,4
202206,471.회현사거리 남측,9,14
202206,4710. 자교교회 앞,2,1
202206,4713. 현대 뜨레비앙 아파트 앞,5,6
202206,4715. 돈의문 박물관 마을,0,1
202206,4718. 광화문역 6번출구 옆 A,2,0
202206,472.삼일교(시그니쳐 타워),16,6
202206,473.을지로4가역 9번출구,6,2
202206,474.동대문역사문화공원역 1번출구 뒤편,20,13
202206,475.DDP 패션몰,10,5
202206,4753. 우리은행 서소문금융센터,7,2
202206,476.광희문,2,2
202206,4760. 서울역 7번출구,1,1
202206,4761. 탐앤탐스 을지로3가점,5,0
202206,4762. 국제빌딩,4,5
202206,4765. 동대문디자인플라자,20,22
202206,4766. 서소문성지역사박물관,1,1
202206,4768. 서울도시건축전시관,14,7
202206,477.앰배서더 호텔 주변,0,1
202206,4772. 중앙일보,4,0
202206,4774. 을지로입구역 8번출구,3,12
202206,4775. 을지로지하쇼핑센터,5,4
202206,4776. 신세계면세점,5,6
202206,4777. 약수동 주민센터,2,2
202206,4778. 대신파이낸스센터,4,6
202206,4781. 브라운스위트레지던스,3,0
202206,4782. 서소문역사공원,1,0
202206,4784. 중부경찰서앞 사거리,5,2
202206,4785. 롯데시티호텔,10,12
202206,479.동대입구역 3번 출구,8,9
202206,4791. 명동역9번 출구,21,28
202206,4792. 퇴계로4가 교차로(중구청),12,17
202206,4793. 동대문역사문화공원역 5번출구,10,4
202206,4794. 서울역 서부교차로(3),3,1
202206,4796. 부산은행,7,8
202206,4797. KG타워 앞,16,23
202206,4798. 황학동롯데캐슬,7,4
202206,480.약수역 6번 출구,1,2
202206,4800. 필동 삼거리,5,0
202206,4801. 충정로역 2호선(엘리베이터 앞),0,2
202206,481.신당역 10번 출구,4,6
202206,483.남산타운아파트 버스정류장,1,0
202206,485.서울역5번출구,10,11
202206,4854. 가락시장역 2번 출구,4,1
202206,4856. 올림픽공원 서1문 앞,27,32
202206,4857. 올림픽공원 장미광장,1,2
202206,4859. 잠실나루 나들목,1,12
202206,4862. 성내교 남단,5,11
202206,4863. 잠실나들목5,1,3
202206,4864. 송파사거리,2,3
202206,4865. 한성백제역 1번출구 뒤,1,5
202206,4868. 석촌호수 서호 남단,3,3
202206,4869. 잠실나들목6,2,4
202206,487.신석초교앞 교차로 교통섬,3,1
202206,4870. 몽촌토성역 3번 출구,24,24
202206,4871. 오금동 대림아파트 정문,3,0
202206,4873. 개롱역사거리 2번 출구,1,0
202206,4876. 삼전동주민센터 앞,1,0
202206,488.푸르메병원,1,1
202206,4881. 거여동사거리 송파둘레길 입구,1,1
202206,489.구룡근린공원,2,0
202206,4892. 성내유수지 체육공원,0,2
202206,4897. 잠실주공5단지1,2,0
202206,490.가온문화공원,1,1
202206,4901.KT&G타워 옆(상상마당 대치아트홀),1,6
202206,4902. 구역삼세무서 교차로,0,1
202206,4903. 신사스퀘어,4,3
202206,4905. 강남경찰서,4,0
202206,4906. 섬유센터 앞,4,4
202206,4907. 극동스포츠 앞,1,1
202206,492.성산시영아파트 후문,1,1
202206,493.홍대입구역 6번출구,33,31
202206,494.신수동주민센터,1,0
202206,495.염리초등학교 앞,5,2
202206,497.합정동주민센터 앞,3,8
202206,498.연남동주민센터 앞,15,23
202206,501. 광진구의회 앞,0,2
202206,502. 뚝섬유원지역 1번출구 앞,78,70
202206,505. 자양사거리 광진아크로텔 앞,1,2
202206,5052. 마곡역 7번출구,0,2
202206,5063. 서남환경공원(방화동도시개발2단지방향),1,1
202206,5066. 아망떼마곡전시장,0,1
202206,507. 성수아이에스비즈타워 앞,0,2
202206,5073. 우장산역 헤링턴타워 앞,3,1
202206,5078. 왈도강서캠퍼스 앞,0,3
202206,508. 성수아카데미타워 앞,1,3
202206,509. 이마트 버스정류소 옆,6,3
202206,510. 서울숲 남문 버스정류소 옆,8,18
202206,511. 서울숲역 5번 출구 옆,9,8
202206,512. 뚝섬역 1번 출구 옆,4,5
202206,513. 뚝섬역 5번 출구 정류소 옆,2,1
202206,514. 성수사거리 버스정류장 앞,4,1
202206,515. 광양중학교 앞,0,1
202206,516. 광진메디칼 앞,1,0
202206,518. 청계천 박물관 앞,5,3
202206,519. 양지사거리,1,0
202206,522. 금호역 1번출구 앞,1,1
202206,525. 한양대병원사거리,10,8
202206,526. 용답토속공원 앞,0,2
202206,529. 장한평역 8번 출구 앞,3,2
202206,530. 청계벽산아파트 앞,0,1
202206,5301. 상계주공1단지 버스정류장 옆(대원빌딩 앞),1,0
202206,533. 금남시장 교차로,0,1
202206,536. 행당역 2번출구 앞,0,1
202206,537. 한양대후문역 부근,5,9
202206,539. 군자교교차로,0,2
202206,540. 군자역 7번출구 베스트샵 앞,1,0
202206,542. 강변역 4번출구 뒤,2,1
202206,543. 구의공원(테크노마트 앞),1,2
202206,544. 광남중학교,3,6
202206,548. 자양나들목,8,3
202206,549. 아차산역 3번출구,0,1
202206,550. 서울시설공단 앞,4,2
202206,551. 구의삼성쉐르빌 앞,3,3
202206,552. 대림아크로리버 앞,4,0
202206,553. 중곡 성원아파트 앞,0,1
202206,555. 구의3동주민센터,1,0
202206,556. 달맞이공원,1,5
202206,559. 왕십리역 4번 출구 건너편,2,5
202206,560. 비전교회 앞,3,2
202206,561. 서울숲역 2번출구 앞,5,8
202206,563. 성동세무서 건너편,2,1
202206,565. 옥수역 3번출구,26,31
202206,567. 성수역 2번출구 앞,11,1
202206,568. 청계8가사거리 부근,2,2
202206,569. 응봉현대아파트 정류소,3,1
202206,571. 어린이대공원역6번출구,1,3
202206,574. 아차산역4번출구,4,5
202206,5751. 송파여성축구장,2,5
202206,5752. 풍납백제문화공원 옆 인근,1,1
202206,576. 광나루역 3번 출구,1,1
202206,577. 광진청소년수련관,2,2
202206,578. 성동세무서 부근,2,9
202206,582. 경일중학교 앞,2,1
202206,583. 청계천 생태교실 앞,8,9
202206,585. 성수2가1동 공영주차장 인근,20,13
202206,5853. 여의도역2번출구 앞,2,0
202206,5854. 신한금융투자 앞,14,19
202206,5855. 하이투자증권 앞,2,0
202206,586. 마장동 주민센터,3,0
202206,587. 유니베라 앞,12,3
202206,588. 뚝섬 유원지역,6,4
202206,589. 성수역3번출구,5,6
202206,590. 건국대학교 (입학정보관),1,0
202206,592. 건국대학교 학생회관,2,2
202206,593.자양중앙나들목,8,6
202206,601. 용신동주민센터,2,0
202206,605. 신설동역8번출구,2,3
202206,609. 제기2교,14,7
202206,612. 시립동부병원 앞 사거리,1,0
202206,613. 신설동역 10번출구 앞,1,6
202206,614. 용두동 사거리,1,0
202206,615. 용두동 래미안허브리츠아파트 앞,3,1
202206,622. 전농사거리 교통섬,1,2
202206,623. 서울시립대 정문 앞,2,2
202206,625. 답십리초등학교 앞(현대시장 옆),2,2
202206,626. 군자교 서측 녹지대,4,4
202206,627. 장안동삼거리 교통섬,0,1
202206,631. 답십리역 1번출구,2,1
202206,633. 청량리 기업은행 앞,11,8
202206,634. 외국어대 정문 앞,25,15
202206,635. 시조사 앞 (청량고정문 옆),1,2
202206,637. KAIST 경영대학 앞,2,2
202206,638. 서울시립대 정보기술관,4,0
202206,639. 서울시립대 후문,2,3
202206,641. 용두역 4번출구,4,3
202206,642. 신답역 사거리,1,1
202206,643. 동대문구민체육센터 (육교아래),2,1
202206,646. 장한평역 1번출구,47,35
202206,647. 신이문역 1번출구,3,0
202206,648. 장안동위더스빌옆,3,7
202206,657. 동대문롯데캐슬아파트 앞,0,1
202206,659. 제기역1번출구,0,1
202206,660. 동의보감타워,2,1
202206,661. 경희대학교 청운관,1,4
202206,663. 외대앞역 4번출구,4,2
202206,664. 서울시립대 건설공학관,5,2
202206,665.이문동 쌍용아파트 정문,1,0
202206,666.이문대성유니드아파트 앞,1,0
202206,670.삼육서울병원 버스정류장,3,1
202206,672.대광고등학교,1,2
202206,673.안암골벽산아파트(후문),5,0
202206,674.고대앞사거리 교통섬,12,27
202206,676.FITI시험연구원 앞,2,2
202206,677.청량리역 4번 5번출구 사이,2,5
202206,680.꿈마루어린이도서관 앞,9,5
202206,700. KB국민은행 염창역 지점 앞,1,0
202206,703. 오목교역 7번출구 앞,2,2
202206,708. 서울출입국관리사무소 앞,6,3
202206,713. 양서중학교 옆,1,1
202206,723. SBS방송국,2,0
202206,726. 목동3단지 시내버스정류장,0,1
202206,731. 서울시 도로환경관리센터,1,2
202206,734. 신트리공원 입구,1,1
202206,742. 등촌역 5번 출구 뒤,3,0
202206,748. 목동운동장,1,1
202206,752. 성원2차 아파트,0,1
202206,754. 목동1단지아파트 118동 앞,0,1
202206,756. 목동주차장,1,0
202206,762. 오목로 무중력지대 앞,1,1
202206,764. 목동청소년수련관,2,0
202206,765. 오목교역 3번출구,1,2
202206,766. 신목동역 3번출구,2,1
202206,769.CBS방송국 앞,0,2
202206,771.목동아파트 703동 앞,1,1
202206,776.목마공원,1,0
202206,779. 신정1동 주민센터 앞,2,1
202206,781.신정보도육교 아래,1,1
202206,793.목동5단지아파트 534동,1,0
202206,796.목동아파트 14단지 B상가 앞,0,1
202206,800. 목월공원 앞,0,2
202206,802. 한강진역 2번 출구 앞,0,2
202206,803. 한남초교 앞 보도육교,1,2
202206,805. 문배어린이공원 앞,2,1
202206,806. 전자랜드 본관 앞,8,5
202206,807. 서울역 12번 출구 앞,4,6
202206,808. 서빙고동 금호맨션 앞,8,5
202206,809. 한남 유수지 복개주차장,14,7
202206,810. 이태원지하보도,19,11
202206,811. 녹사평역1번출구,3,13
202206,812. 용산전쟁기념관,7,10
202206,813. 삼각지역 3번출구,3,1
202206,815. LIG강촌아파트 103동앞,4,7
202206,816. 신용산역 6번출구 앞,3,3
202206,817. 삼각지역 4번출구 앞,5,2
202206,818. 숙명여대 입구 교차로,5,9
202206,819. 선린인터넷 고등학교,2,4
202206,820. 청파동입구 교차로,5,1
202206,822. 이촌1동 마을공원,6,0
202206,825. 서빙고동 주민센터 앞,49,72
202206,826. 서울역 서부교차로2,6,11
202206,827. 국군복지단,1,0
202206,828. 숙대입구역 8번,4,4
202206,829. 베르가모앞,12,13
202206,830. 청암자이아파트앞,2,0
202206,831. 이태원관광특구입구,0,4
202206,832. 이촌1동 주민센터 뒤,11,8
202206,834. 효창공원앞역 3번출구 뒤,6,2
202206,835. 남영역 건너편,1,1
202206,836. 현대자동차서비스 앞,6,6
202206,837. 한남나들목 입구,30,28
202206,838. 숙대입구역 4번출구,9,4
202206,839. 보광동 삼성리버빌아파트 앞,15,21
202206,840. 용산 파크타워 앞,7,8
202206,841. 신용산역 1번 출구,2,3
202206,843. 녹사평역 광장,8,9
202206,845. 용산 선인상가,1,1
202206,846. 용산중학교,4,4
202206,848. 삼각지12번 출구,5,2
202206,849. 삼각지 자이아파트,1,5
202206,850. KCC용산월츠타워 ,4,6
202206,852.청암자이APT(103동),0,3
202206,853.용산역 맞은편,19,12
202206,854.HID 유족동지회 앞,2,5
202206,855.이촌역5번출구 앞,4,0
202206,857. 현대 안성타워,5,4
202206,858.녹사평역3번 출구,4,2
202206,860.LG한강 자이아파트 앞,20,12
202206,863.이촌역2번 출구,5,3
202206,864.순천향대학병원(한남오거리),11,11
202206,866.브라운스톤 남산아파트,3,0
202206,867.서빙고역 광장(1번출구),1,5
202206,869.노들섬 동측 앞,1,1
202206,870.노들섬 서측 앞,31,15
202206,900. 은평예술회관,1,2
202206,905. 구파발역 2번출구,1,0
202206,907. CJ 드림시티,14,12
202206,911. 은평평화공원(역촌역4번출구),1,0
202206,914. 새절역 2번출구,1,2
202206,915. 증산역 4번출구,1,1
202206,937. 상림마을 롯데캐슬2단지 옆,1,1
202206,939. 은평구청 교차로,3,0
202206,948. 디지털미디어 시티역 4번출구(DMC역),1,1
202206,954. 은평뉴타운구파발9단지,0,2
202206,961. 불광역 9번 출구,0,1
202206,962. 은평뉴타운 힐데스하임,1,0
202206,982. 녹번초등학교(서오릉로),2,2
202206,989. 신응교(가좌로) 앞,1,1
202206,991.흥국사 정류장,3,0
202206,996.응암역2번출구 국민은행 앞,1,0
202206,상담센터,1,0
